state,county_fips,county_name,year,median_household_income,income_source,acs_data_status
DE,10001,Kent County,2015,54976,ACS 2015 5-year B19013,available
DE,10001,Kent County,2016,55184,ACS 2016 5-year B19013,available
DE,10001,Kent County,2017,57647,ACS 2017 5-year B19013,available
DE,10001,Kent County,2018,58775,ACS 2018 5-year B19013,available
DE,10001,Kent County,2019,60910,ACS 2019 5-year B19013,available
DE,10001,Kent County,2020,60117,ACS 2020 5-year B19013,available
DE,10001,Kent County,2021,63715,ACS 2021 5-year B19013,available
DE,10001,Kent County,2022,69278,ACS 2022 5-year B19013,available
DE,10001,Kent County,2023,72872,ACS 2023 5-year B19013,available
DE,10001,Kent County,2024,74477,ACS 2024 5-year B19013,available
DE,10003,New Castle County,2015,65476,ACS 2015 5-year B19013,available
DE,10003,New Castle County,2016,66283,ACS 2016 5-year B19013,available
DE,10003,New Castle County,2017,68336,ACS 2017 5-year B19013,available
DE,10003,New Castle County,2018,70996,ACS 2018 5-year B19013,available
DE,10003,New Castle County,2019,73892,ACS 2019 5-year B19013,available
DE,10003,New Castle County,2020,75275,ACS 2020 5-year B19013,available
DE,10003,New Castle County,2021,78428,ACS 2021 5-year B19013,available
DE,10003,New Castle County,2022,85309,ACS 2022 5-year B19013,available
DE,10003,New Castle County,2023,89901,ACS 2023 5-year B19013,available
DE,10003,New Castle County,2024,91166,ACS 2024 5-year B19013,available
DE,10005,Sussex County,2015,53751,ACS 2015 5-year B19013,available
DE,10005,Sussex County,2016,54218,ACS 2016 5-year B19013,available
DE,10005,Sussex County,2017,57901,ACS 2017 5-year B19013,available
DE,10005,Sussex County,2018,60853,ACS 2018 5-year B19013,available
DE,10005,Sussex County,2019,63162,ACS 2019 5-year B19013,available
DE,10005,Sussex County,2020,64905,ACS 2020 5-year B19013,available
DE,10005,Sussex County,2021,68886,ACS 2021 5-year B19013,available
DE,10005,Sussex County,2022,75406,ACS 2022 5-year B19013,available
DE,10005,Sussex County,2023,78162,ACS 2023 5-year B19013,available
DE,10005,Sussex County,2024,81497,ACS 2024 5-year B19013,available
FL,12001,Alachua County,2015,43073,ACS 2015 5-year B19013,available
FL,12001,Alachua County,2016,44702,ACS 2016 5-year B19013,available
FL,12001,Alachua County,2017,45478,ACS 2017 5-year B19013,available
FL,12001,Alachua County,2018,49078,ACS 2018 5-year B19013,available
FL,12001,Alachua County,2019,49689,ACS 2019 5-year B19013,available
FL,12001,Alachua County,2020,50089,ACS 2020 5-year B19013,available
FL,12001,Alachua County,2021,53314,ACS 2021 5-year B19013,available
FL,12001,Alachua County,2022,57566,ACS 2022 5-year B19013,available
FL,12001,Alachua County,2023,59659,ACS 2023 5-year B19013,available
FL,12001,Alachua County,2024,61949,ACS 2024 5-year B19013,available
FL,12003,Baker County,2015,47121,ACS 2015 5-year B19013,available
FL,12003,Baker County,2016,53327,ACS 2016 5-year B19013,available
FL,12003,Baker County,2017,59506,ACS 2017 5-year B19013,available
FL,12003,Baker County,2018,61769,ACS 2018 5-year B19013,available
FL,12003,Baker County,2019,63275,ACS 2019 5-year B19013,available
FL,12003,Baker County,2020,62299,ACS 2020 5-year B19013,available
FL,12003,Baker County,2021,63860,ACS 2021 5-year B19013,available
FL,12003,Baker County,2022,67872,ACS 2022 5-year B19013,available
FL,12003,Baker County,2023,70833,ACS 2023 5-year B19013,available
FL,12003,Baker County,2024,79836,ACS 2024 5-year B19013,available
FL,12005,Bay County,2015,47368,ACS 2015 5-year B19013,available
FL,12005,Bay County,2016,48577,ACS 2016 5-year B19013,available
FL,12005,Bay County,2017,50283,ACS 2017 5-year B19013,available
FL,12005,Bay County,2018,51829,ACS 2018 5-year B19013,available
FL,12005,Bay County,2019,54316,ACS 2019 5-year B19013,available
FL,12005,Bay County,2020,56483,ACS 2020 5-year B19013,available
FL,12005,Bay County,2021,60473,ACS 2021 5-year B19013,available
FL,12005,Bay County,2022,65999,ACS 2022 5-year B19013,available
FL,12005,Bay County,2023,70188,ACS 2023 5-year B19013,available
FL,12005,Bay County,2024,73533,ACS 2024 5-year B19013,available
FL,12007,Bradford County,2015,41606,ACS 2015 5-year B19013,available
FL,12007,Bradford County,2016,43373,ACS 2016 5-year B19013,available
FL,12007,Bradford County,2017,46106,ACS 2017 5-year B19013,available
FL,12007,Bradford County,2018,46197,ACS 2018 5-year B19013,available
FL,12007,Bradford County,2019,45921,ACS 2019 5-year B19013,available
FL,12007,Bradford County,2020,43580,ACS 2020 5-year B19013,available
FL,12007,Bradford County,2021,48803,ACS 2021 5-year B19013,available
FL,12007,Bradford County,2022,54759,ACS 2022 5-year B19013,available
FL,12007,Bradford County,2023,59740,ACS 2023 5-year B19013,available
FL,12007,Bradford County,2024,63050,ACS 2024 5-year B19013,available
FL,12009,Brevard County,2015,48925,ACS 2015 5-year B19013,available
FL,12009,Brevard County,2016,49914,ACS 2016 5-year B19013,available
FL,12009,Brevard County,2017,51536,ACS 2017 5-year B19013,available
FL,12009,Brevard County,2018,54359,ACS 2018 5-year B19013,available
FL,12009,Brevard County,2019,56775,ACS 2019 5-year B19013,available
FL,12009,Brevard County,2020,59359,ACS 2020 5-year B19013,available
FL,12009,Brevard County,2021,63632,ACS 2021 5-year B19013,available
FL,12009,Brevard County,2022,71308,ACS 2022 5-year B19013,available
FL,12009,Brevard County,2023,75817,ACS 2023 5-year B19013,available
FL,12009,Brevard County,2024,78476,ACS 2024 5-year B19013,available
FL,12011,Broward County,2015,51968,ACS 2015 5-year B19013,available
FL,12011,Broward County,2016,52954,ACS 2016 5-year B19013,available
FL,12011,Broward County,2017,54895,ACS 2017 5-year B19013,available
FL,12011,Broward County,2018,57333,ACS 2018 5-year B19013,available
FL,12011,Broward County,2019,59547,ACS 2019 5-year B19013,available
FL,12011,Broward County,2020,60922,ACS 2020 5-year B19013,available
FL,12011,Broward County,2021,64522,ACS 2021 5-year B19013,available
FL,12011,Broward County,2022,70331,ACS 2022 5-year B19013,available
FL,12011,Broward County,2023,74534,ACS 2023 5-year B19013,available
FL,12011,Broward County,2024,77633,ACS 2024 5-year B19013,available
FL,12013,Calhoun County,2015,34510,ACS 2015 5-year B19013,available
FL,12013,Calhoun County,2016,37089,ACS 2016 5-year B19013,available
FL,12013,Calhoun County,2017,36237,ACS 2017 5-year B19013,available
FL,12013,Calhoun County,2018,38609,ACS 2018 5-year B19013,available
FL,12013,Calhoun County,2019,38568,ACS 2019 5-year B19013,available
FL,12013,Calhoun County,2020,38037,ACS 2020 5-year B19013,available
FL,12013,Calhoun County,2021,38098,ACS 2021 5-year B19013,available
FL,12013,Calhoun County,2022,41526,ACS 2022 5-year B19013,available
FL,12013,Calhoun County,2023,46901,ACS 2023 5-year B19013,available
FL,12013,Calhoun County,2024,50517,ACS 2024 5-year B19013,available
FL,12015,Charlotte County,2015,44244,ACS 2015 5-year B19013,available
FL,12015,Charlotte County,2016,44865,ACS 2016 5-year B19013,available
FL,12015,Charlotte County,2017,46511,ACS 2017 5-year B19013,available
FL,12015,Charlotte County,2018,49225,ACS 2018 5-year B19013,available
FL,12015,Charlotte County,2019,51499,ACS 2019 5-year B19013,available
FL,12015,Charlotte County,2020,52724,ACS 2020 5-year B19013,available
FL,12015,Charlotte County,2021,57887,ACS 2021 5-year B19013,available
FL,12015,Charlotte County,2022,62164,ACS 2022 5-year B19013,available
FL,12015,Charlotte County,2023,66154,ACS 2023 5-year B19013,available
FL,12015,Charlotte County,2024,69952,ACS 2024 5-year B19013,available
FL,12017,Citrus County,2015,38312,ACS 2015 5-year B19013,available
FL,12017,Citrus County,2016,39054,ACS 2016 5-year B19013,available
FL,12017,Citrus County,2017,40574,ACS 2017 5-year B19013,available
FL,12017,Citrus County,2018,41424,ACS 2018 5-year B19013,available
FL,12017,Citrus County,2019,44237,ACS 2019 5-year B19013,available
FL,12017,Citrus County,2020,45689,ACS 2020 5-year B19013,available
FL,12017,Citrus County,2021,48664,ACS 2021 5-year B19013,available
FL,12017,Citrus County,2022,52569,ACS 2022 5-year B19013,available
FL,12017,Citrus County,2023,55355,ACS 2023 5-year B19013,available
FL,12017,Citrus County,2024,56546,ACS 2024 5-year B19013,available
FL,12019,Clay County,2015,58290,ACS 2015 5-year B19013,available
FL,12019,Clay County,2016,59179,ACS 2016 5-year B19013,available
FL,12019,Clay County,2017,61971,ACS 2017 5-year B19013,available
FL,12019,Clay County,2018,62653,ACS 2018 5-year B19013,available
FL,12019,Clay County,2019,65740,ACS 2019 5-year B19013,available
FL,12019,Clay County,2020,68657,ACS 2020 5-year B19013,available
FL,12019,Clay County,2021,74059,ACS 2021 5-year B19013,available
FL,12019,Clay County,2022,82242,ACS 2022 5-year B19013,available
FL,12019,Clay County,2023,86094,ACS 2023 5-year B19013,available
FL,12019,Clay County,2024,87820,ACS 2024 5-year B19013,available
FL,12021,Collier County,2015,57452,ACS 2015 5-year B19013,available
FL,12021,Collier County,2016,59783,ACS 2016 5-year B19013,available
FL,12021,Collier County,2017,62407,ACS 2017 5-year B19013,available
FL,12021,Collier County,2018,65675,ACS 2018 5-year B19013,available
FL,12021,Collier County,2019,69653,ACS 2019 5-year B19013,available
FL,12021,Collier County,2020,70217,ACS 2020 5-year B19013,available
FL,12021,Collier County,2021,75543,ACS 2021 5-year B19013,available
FL,12021,Collier County,2022,82011,ACS 2022 5-year B19013,available
FL,12021,Collier County,2023,86173,ACS 2023 5-year B19013,available
FL,12021,Collier County,2024,90045,ACS 2024 5-year B19013,available
FL,12023,Columbia County,2015,41926,ACS 2015 5-year B19013,available
FL,12023,Columbia County,2016,42848,ACS 2016 5-year B19013,available
FL,12023,Columbia County,2017,43504,ACS 2017 5-year B19013,available
FL,12023,Columbia County,2018,44491,ACS 2018 5-year B19013,available
FL,12023,Columbia County,2019,46494,ACS 2019 5-year B19013,available
FL,12023,Columbia County,2020,44818,ACS 2020 5-year B19013,available
FL,12023,Columbia County,2021,47750,ACS 2021 5-year B19013,available
FL,12023,Columbia County,2022,53501,ACS 2022 5-year B19013,available
FL,12023,Columbia County,2023,55070,ACS 2023 5-year B19013,available
FL,12023,Columbia County,2024,59205,ACS 2024 5-year B19013,available
FL,12027,DeSoto County,2015,35165,ACS 2015 5-year B19013,available
FL,12027,DeSoto County,2016,35513,ACS 2016 5-year B19013,available
FL,12027,DeSoto County,2017,35435,ACS 2017 5-year B19013,available
FL,12027,DeSoto County,2018,35057,ACS 2018 5-year B19013,available
FL,12027,DeSoto County,2019,35438,ACS 2019 5-year B19013,available
FL,12027,DeSoto County,2020,36360,ACS 2020 5-year B19013,available
FL,12027,DeSoto County,2021,39945,ACS 2021 5-year B19013,available
FL,12027,DeSoto County,2022,45000,ACS 2022 5-year B19013,available
FL,12027,DeSoto County,2023,50868,ACS 2023 5-year B19013,available
FL,12027,DeSoto County,2024,54417,ACS 2024 5-year B19013,available
FL,12029,Dixie County,2015,36292,ACS 2015 5-year B19013,available
FL,12029,Dixie County,2016,34634,ACS 2016 5-year B19013,available
FL,12029,Dixie County,2017,35910,ACS 2017 5-year B19013,available
FL,12029,Dixie County,2018,38237,ACS 2018 5-year B19013,available
FL,12029,Dixie County,2019,39828,ACS 2019 5-year B19013,available
FL,12029,Dixie County,2020,41674,ACS 2020 5-year B19013,available
FL,12029,Dixie County,2021,44287,ACS 2021 5-year B19013,available
FL,12029,Dixie County,2022,45057,ACS 2022 5-year B19013,available
FL,12029,Dixie County,2023,47655,ACS 2023 5-year B19013,available
FL,12029,Dixie County,2024,50110,ACS 2024 5-year B19013,available
FL,12031,Duval County,2015,47690,ACS 2015 5-year B19013,available
FL,12031,Duval County,2016,49196,ACS 2016 5-year B19013,available
FL,12031,Duval County,2017,51296,ACS 2017 5-year B19013,available
FL,12031,Duval County,2018,53473,ACS 2018 5-year B19013,available
FL,12031,Duval County,2019,55807,ACS 2019 5-year B19013,available
FL,12031,Duval County,2020,56769,ACS 2020 5-year B19013,available
FL,12031,Duval County,2021,59541,ACS 2021 5-year B19013,available
FL,12031,Duval County,2022,65579,ACS 2022 5-year B19013,available
FL,12031,Duval County,2023,68447,ACS 2023 5-year B19013,available
FL,12031,Duval County,2024,71277,ACS 2024 5-year B19013,available
FL,12033,Escambia County,2015,45390,ACS 2015 5-year B19013,available
FL,12033,Escambia County,2016,46117,ACS 2016 5-year B19013,available
FL,12033,Escambia County,2017,47361,ACS 2017 5-year B19013,available
FL,12033,Escambia County,2018,49286,ACS 2018 5-year B19013,available
FL,12033,Escambia County,2019,50915,ACS 2019 5-year B19013,available
FL,12033,Escambia County,2020,53023,ACS 2020 5-year B19013,available
FL,12033,Escambia County,2021,56605,ACS 2021 5-year B19013,available
FL,12033,Escambia County,2022,61642,ACS 2022 5-year B19013,available
FL,12033,Escambia County,2023,65715,ACS 2023 5-year B19013,available
FL,12033,Escambia County,2024,67500,ACS 2024 5-year B19013,available
FL,12035,Flagler County,2015,47866,ACS 2015 5-year B19013,available
FL,12035,Flagler County,2016,48898,ACS 2016 5-year B19013,available
FL,12035,Flagler County,2017,51049,ACS 2017 5-year B19013,available
FL,12035,Flagler County,2018,53872,ACS 2018 5-year B19013,available
FL,12035,Flagler County,2019,54514,ACS 2019 5-year B19013,available
FL,12035,Flagler County,2020,57536,ACS 2020 5-year B19013,available
FL,12035,Flagler County,2021,62305,ACS 2021 5-year B19013,available
FL,12035,Flagler County,2022,69251,ACS 2022 5-year B19013,available
FL,12035,Flagler County,2023,72923,ACS 2023 5-year B19013,available
FL,12035,Flagler County,2024,77363,ACS 2024 5-year B19013,available
FL,12037,Franklin County,2015,40401,ACS 2015 5-year B19013,available
FL,12037,Franklin County,2016,40301,ACS 2016 5-year B19013,available
FL,12037,Franklin County,2017,41267,ACS 2017 5-year B19013,available
FL,12037,Franklin County,2018,42855,ACS 2018 5-year B19013,available
FL,12037,Franklin County,2019,46643,ACS 2019 5-year B19013,available
FL,12037,Franklin County,2020,48814,ACS 2020 5-year B19013,available
FL,12037,Franklin County,2021,52679,ACS 2021 5-year B19013,available
FL,12037,Franklin County,2022,58107,ACS 2022 5-year B19013,available
FL,12037,Franklin County,2023,62734,ACS 2023 5-year B19013,available
FL,12037,Franklin County,2024,64105,ACS 2024 5-year B19013,available
FL,12039,Gadsden County,2015,35567,ACS 2015 5-year B19013,available
FL,12039,Gadsden County,2016,38533,ACS 2016 5-year B19013,available
FL,12039,Gadsden County,2017,39830,ACS 2017 5-year B19013,available
FL,12039,Gadsden County,2018,40922,ACS 2018 5-year B19013,available
FL,12039,Gadsden County,2019,41401,ACS 2019 5-year B19013,available
FL,12039,Gadsden County,2020,41135,ACS 2020 5-year B19013,available
FL,12039,Gadsden County,2021,42661,ACS 2021 5-year B19013,available
FL,12039,Gadsden County,2022,45721,ACS 2022 5-year B19013,available
FL,12039,Gadsden County,2023,46047,ACS 2023 5-year B19013,available
FL,12039,Gadsden County,2024,48801,ACS 2024 5-year B19013,available
FL,12041,Gilchrist County,2015,40623,ACS 2015 5-year B19013,available
FL,12041,Gilchrist County,2016,40881,ACS 2016 5-year B19013,available
FL,12041,Gilchrist County,2017,42934,ACS 2017 5-year B19013,available
FL,12041,Gilchrist County,2018,42357,ACS 2018 5-year B19013,available
FL,12041,Gilchrist County,2019,43640,ACS 2019 5-year B19013,available
FL,12041,Gilchrist County,2020,47381,ACS 2020 5-year B19013,available
FL,12041,Gilchrist County,2021,50983,ACS 2021 5-year B19013,available
FL,12041,Gilchrist County,2022,56823,ACS 2022 5-year B19013,available
FL,12041,Gilchrist County,2023,61070,ACS 2023 5-year B19013,available
FL,12041,Gilchrist County,2024,63523,ACS 2024 5-year B19013,available
FL,12043,Glades County,2015,34877,ACS 2015 5-year B19013,available
FL,12043,Glades County,2016,34143,ACS 2016 5-year B19013,available
FL,12043,Glades County,2017,37385,ACS 2017 5-year B19013,available
FL,12043,Glades County,2018,39879,ACS 2018 5-year B19013,available
FL,12043,Glades County,2019,40977,ACS 2019 5-year B19013,available
FL,12043,Glades County,2020,39709,ACS 2020 5-year B19013,available
FL,12043,Glades County,2021,38088,ACS 2021 5-year B19013,available
FL,12043,Glades County,2022,37221,ACS 2022 5-year B19013,available
FL,12043,Glades County,2023,38905,ACS 2023 5-year B19013,available
FL,12043,Glades County,2024,45870,ACS 2024 5-year B19013,available
FL,12045,Gulf County,2015,41788,ACS 2015 5-year B19013,available
FL,12045,Gulf County,2016,40822,ACS 2016 5-year B19013,available
FL,12045,Gulf County,2017,44647,ACS 2017 5-year B19013,available
FL,12045,Gulf County,2018,44291,ACS 2018 5-year B19013,available
FL,12045,Gulf County,2019,47712,ACS 2019 5-year B19013,available
FL,12045,Gulf County,2020,50640,ACS 2020 5-year B19013,available
FL,12045,Gulf County,2021,53812,ACS 2021 5-year B19013,available
FL,12045,Gulf County,2022,56250,ACS 2022 5-year B19013,available
FL,12045,Gulf County,2023,67361,ACS 2023 5-year B19013,available
FL,12045,Gulf County,2024,61179,ACS 2024 5-year B19013,available
FL,12047,Hamilton County,2015,35048,ACS 2015 5-year B19013,available
FL,12047,Hamilton County,2016,38980,ACS 2016 5-year B19013,available
FL,12047,Hamilton County,2017,36209,ACS 2017 5-year B19013,available
FL,12047,Hamilton County,2018,34583,ACS 2018 5-year B19013,available
FL,12047,Hamilton County,2019,38569,ACS 2019 5-year B19013,available
FL,12047,Hamilton County,2020,38300,ACS 2020 5-year B19013,available
FL,12047,Hamilton County,2021,39346,ACS 2021 5-year B19013,available
FL,12047,Hamilton County,2022,47668,ACS 2022 5-year B19013,available
FL,12047,Hamilton County,2023,47696,ACS 2023 5-year B19013,available
FL,12047,Hamilton County,2024,50144,ACS 2024 5-year B19013,available
FL,12049,Hardee County,2015,35457,ACS 2015 5-year B19013,available
FL,12049,Hardee County,2016,36222,ACS 2016 5-year B19013,available
FL,12049,Hardee County,2017,39063,ACS 2017 5-year B19013,available
FL,12049,Hardee County,2018,37594,ACS 2018 5-year B19013,available
FL,12049,Hardee County,2019,38682,ACS 2019 5-year B19013,available
FL,12049,Hardee County,2020,40165,ACS 2020 5-year B19013,available
FL,12049,Hardee County,2021,41395,ACS 2021 5-year B19013,available
FL,12049,Hardee County,2022,44665,ACS 2022 5-year B19013,available
FL,12049,Hardee County,2023,54231,ACS 2023 5-year B19013,available
FL,12049,Hardee County,2024,60489,ACS 2024 5-year B19013,available
FL,12051,Hendry County,2015,36771,ACS 2015 5-year B19013,available
FL,12051,Hendry County,2016,37552,ACS 2016 5-year B19013,available
FL,12051,Hendry County,2017,37966,ACS 2017 5-year B19013,available
FL,12051,Hendry County,2018,40728,ACS 2018 5-year B19013,available
FL,12051,Hendry County,2019,40820,ACS 2019 5-year B19013,available
FL,12051,Hendry County,2020,36978,ACS 2020 5-year B19013,available
FL,12051,Hendry County,2021,38843,ACS 2021 5-year B19013,available
FL,12051,Hendry County,2022,49259,ACS 2022 5-year B19013,available
FL,12051,Hendry County,2023,53044,ACS 2023 5-year B19013,available
FL,12051,Hendry County,2024,56393,ACS 2024 5-year B19013,available
FL,12053,Hernando County,2015,40945,ACS 2015 5-year B19013,available
FL,12053,Hernando County,2016,42274,ACS 2016 5-year B19013,available
FL,12053,Hernando County,2017,44324,ACS 2017 5-year B19013,available
FL,12053,Hernando County,2018,46030,ACS 2018 5-year B19013,available
FL,12053,Hernando County,2019,48812,ACS 2019 5-year B19013,available
FL,12053,Hernando County,2020,50280,ACS 2020 5-year B19013,available
FL,12053,Hernando County,2021,53301,ACS 2021 5-year B19013,available
FL,12053,Hernando County,2022,59202,ACS 2022 5-year B19013,available
FL,12053,Hernando County,2023,63193,ACS 2023 5-year B19013,available
FL,12053,Hernando County,2024,66058,ACS 2024 5-year B19013,available
FL,12055,Highlands County,2015,35093,ACS 2015 5-year B19013,available
FL,12055,Highlands County,2016,35865,ACS 2016 5-year B19013,available
FL,12055,Highlands County,2017,36374,ACS 2017 5-year B19013,available
FL,12055,Highlands County,2018,37314,ACS 2018 5-year B19013,available
FL,12055,Highlands County,2019,40942,ACS 2019 5-year B19013,available
FL,12055,Highlands County,2020,43708,ACS 2020 5-year B19013,available
FL,12055,Highlands County,2021,46895,ACS 2021 5-year B19013,available
FL,12055,Highlands County,2022,53679,ACS 2022 5-year B19013,available
FL,12055,Highlands County,2023,55581,ACS 2023 5-year B19013,available
FL,12055,Highlands County,2024,54897,ACS 2024 5-year B19013,available
FL,12057,Hillsborough County,2015,50579,ACS 2015 5-year B19013,available
FL,12057,Hillsborough County,2016,51681,ACS 2016 5-year B19013,available
FL,12057,Hillsborough County,2017,53742,ACS 2017 5-year B19013,available
FL,12057,Hillsborough County,2018,56137,ACS 2018 5-year B19013,available
FL,12057,Hillsborough County,2019,58884,ACS 2019 5-year B19013,available
FL,12057,Hillsborough County,2020,60566,ACS 2020 5-year B19013,available
FL,12057,Hillsborough County,2021,64164,ACS 2021 5-year B19013,available
FL,12057,Hillsborough County,2022,70612,ACS 2022 5-year B19013,available
FL,12057,Hillsborough County,2023,75011,ACS 2023 5-year B19013,available
FL,12057,Hillsborough County,2024,79540,ACS 2024 5-year B19013,available
FL,12059,Holmes County,2015,35020,ACS 2015 5-year B19013,available
FL,12059,Holmes County,2016,37437,ACS 2016 5-year B19013,available
FL,12059,Holmes County,2017,37474,ACS 2017 5-year B19013,available
FL,12059,Holmes County,2018,38608,ACS 2018 5-year B19013,available
FL,12059,Holmes County,2019,39102,ACS 2019 5-year B19013,available
FL,12059,Holmes County,2020,39215,ACS 2020 5-year B19013,available
FL,12059,Holmes County,2021,41809,ACS 2021 5-year B19013,available
FL,12059,Holmes County,2022,46063,ACS 2022 5-year B19013,available
FL,12059,Holmes County,2023,48236,ACS 2023 5-year B19013,available
FL,12059,Holmes County,2024,49343,ACS 2024 5-year B19013,available
FL,12061,Indian River County,2015,45798,ACS 2015 5-year B19013,available
FL,12061,Indian River County,2016,47446,ACS 2016 5-year B19013,available
FL,12061,Indian River County,2017,49009,ACS 2017 5-year B19013,available
FL,12061,Indian River County,2018,52336,ACS 2018 5-year B19013,available
FL,12061,Indian River County,2019,54740,ACS 2019 5-year B19013,available
FL,12061,Indian River County,2020,57945,ACS 2020 5-year B19013,available
FL,12061,Indian River County,2021,61594,ACS 2021 5-year B19013,available
FL,12061,Indian River County,2022,67543,ACS 2022 5-year B19013,available
FL,12061,Indian River County,2023,71049,ACS 2023 5-year B19013,available
FL,12061,Indian River County,2024,73491,ACS 2024 5-year B19013,available
FL,12063,Jackson County,2015,35098,ACS 2015 5-year B19013,available
FL,12063,Jackson County,2016,35470,ACS 2016 5-year B19013,available
FL,12063,Jackson County,2017,36944,ACS 2017 5-year B19013,available
FL,12063,Jackson County,2018,39002,ACS 2018 5-year B19013,available
FL,12063,Jackson County,2019,39872,ACS 2019 5-year B19013,available
FL,12063,Jackson County,2020,40754,ACS 2020 5-year B19013,available
FL,12063,Jackson County,2021,43416,ACS 2021 5-year B19013,available
FL,12063,Jackson County,2022,46144,ACS 2022 5-year B19013,available
FL,12063,Jackson County,2023,47327,ACS 2023 5-year B19013,available
FL,12063,Jackson County,2024,49149,ACS 2024 5-year B19013,available
FL,12065,Jefferson County,2015,43355,ACS 2015 5-year B19013,available
FL,12065,Jefferson County,2016,41696,ACS 2016 5-year B19013,available
FL,12065,Jefferson County,2017,47599,ACS 2017 5-year B19013,available
FL,12065,Jefferson County,2018,48173,ACS 2018 5-year B19013,available
FL,12065,Jefferson County,2019,47240,ACS 2019 5-year B19013,available
FL,12065,Jefferson County,2020,49081,ACS 2020 5-year B19013,available
FL,12065,Jefferson County,2021,53080,ACS 2021 5-year B19013,available
FL,12065,Jefferson County,2022,51573,ACS 2022 5-year B19013,available
FL,12065,Jefferson County,2023,56984,ACS 2023 5-year B19013,available
FL,12065,Jefferson County,2024,61212,ACS 2024 5-year B19013,available
FL,12067,Lafayette County,2015,35864,ACS 2015 5-year B19013,available
FL,12067,Lafayette County,2016,36236,ACS 2016 5-year B19013,available
FL,12067,Lafayette County,2017,41512,ACS 2017 5-year B19013,available
FL,12067,Lafayette County,2018,39543,ACS 2018 5-year B19013,available
FL,12067,Lafayette County,2019,50165,ACS 2019 5-year B19013,available
FL,12067,Lafayette County,2020,51734,ACS 2020 5-year B19013,available
FL,12067,Lafayette County,2021,56458,ACS 2021 5-year B19013,available
FL,12067,Lafayette County,2022,57852,ACS 2022 5-year B19013,available
FL,12067,Lafayette County,2023,60692,ACS 2023 5-year B19013,available
FL,12067,Lafayette County,2024,62757,ACS 2024 5-year B19013,available
FL,12069,Lake County,2015,46403,ACS 2015 5-year B19013,available
FL,12069,Lake County,2016,47141,ACS 2016 5-year B19013,available
FL,12069,Lake County,2017,49734,ACS 2017 5-year B19013,available
FL,12069,Lake County,2018,51884,ACS 2018 5-year B19013,available
FL,12069,Lake County,2019,54513,ACS 2019 5-year B19013,available
FL,12069,Lake County,2020,55792,ACS 2020 5-year B19013,available
FL,12069,Lake County,2021,60013,ACS 2021 5-year B19013,available
FL,12069,Lake County,2022,66239,ACS 2022 5-year B19013,available
FL,12069,Lake County,2023,69956,ACS 2023 5-year B19013,available
FL,12069,Lake County,2024,73161,ACS 2024 5-year B19013,available
FL,12071,Lee County,2015,48537,ACS 2015 5-year B19013,available
FL,12071,Lee County,2016,50390,ACS 2016 5-year B19013,available
FL,12071,Lee County,2017,52052,ACS 2017 5-year B19013,available
FL,12071,Lee County,2018,54691,ACS 2018 5-year B19013,available
FL,12071,Lee County,2019,57832,ACS 2019 5-year B19013,available
FL,12071,Lee County,2020,59608,ACS 2020 5-year B19013,available
FL,12071,Lee County,2021,63235,ACS 2021 5-year B19013,available
FL,12071,Lee County,2022,69368,ACS 2022 5-year B19013,available
FL,12071,Lee County,2023,73099,ACS 2023 5-year B19013,available
FL,12071,Lee County,2024,76107,ACS 2024 5-year B19013,available
FL,12073,Leon County,2015,46745,ACS 2015 5-year B19013,available
FL,12073,Leon County,2016,48248,ACS 2016 5-year B19013,available
FL,12073,Leon County,2017,49941,ACS 2017 5-year B19013,available
FL,12073,Leon County,2018,51201,ACS 2018 5-year B19013,available
FL,12073,Leon County,2019,53106,ACS 2019 5-year B19013,available
FL,12073,Leon County,2020,54675,ACS 2020 5-year B19013,available
FL,12073,Leon County,2021,57359,ACS 2021 5-year B19013,available
FL,12073,Leon County,2022,61317,ACS 2022 5-year B19013,available
FL,12073,Leon County,2023,65074,ACS 2023 5-year B19013,available
FL,12073,Leon County,2024,66287,ACS 2024 5-year B19013,available
FL,12075,Levy County,2015,35782,ACS 2015 5-year B19013,available
FL,12075,Levy County,2016,35480,ACS 2016 5-year B19013,available
FL,12075,Levy County,2017,36554,ACS 2017 5-year B19013,available
FL,12075,Levy County,2018,37634,ACS 2018 5-year B19013,available
FL,12075,Levy County,2019,37326,ACS 2019 5-year B19013,available
FL,12075,Levy County,2020,38951,ACS 2020 5-year B19013,available
FL,12075,Levy County,2021,43029,ACS 2021 5-year B19013,available
FL,12075,Levy County,2022,49933,ACS 2022 5-year B19013,available
FL,12075,Levy County,2023,53805,ACS 2023 5-year B19013,available
FL,12075,Levy County,2024,56750,ACS 2024 5-year B19013,available
FL,12077,Liberty County,2015,39406,ACS 2015 5-year B19013,available
FL,12077,Liberty County,2016,37917,ACS 2016 5-year B19013,available
FL,12077,Liberty County,2017,36741,ACS 2017 5-year B19013,available
FL,12077,Liberty County,2018,37363,ACS 2018 5-year B19013,available
FL,12077,Liberty County,2019,38015,ACS 2019 5-year B19013,available
FL,12077,Liberty County,2020,39121,ACS 2020 5-year B19013,available
FL,12077,Liberty County,2021,42438,ACS 2021 5-year B19013,available
FL,12077,Liberty County,2022,51723,ACS 2022 5-year B19013,available
FL,12077,Liberty County,2023,53824,ACS 2023 5-year B19013,available
FL,12077,Liberty County,2024,58671,ACS 2024 5-year B19013,available
FL,12079,Madison County,2015,32164,ACS 2015 5-year B19013,available
FL,12079,Madison County,2016,29806,ACS 2016 5-year B19013,available
FL,12079,Madison County,2017,31816,ACS 2017 5-year B19013,available
FL,12079,Madison County,2018,35509,ACS 2018 5-year B19013,available
FL,12079,Madison County,2019,37037,ACS 2019 5-year B19013,available
FL,12079,Madison County,2020,35240,ACS 2020 5-year B19013,available
FL,12079,Madison County,2021,39503,ACS 2021 5-year B19013,available
FL,12079,Madison County,2022,43386,ACS 2022 5-year B19013,available
FL,12079,Madison County,2023,48176,ACS 2023 5-year B19013,available
FL,12079,Madison County,2024,48485,ACS 2024 5-year B19013,available
FL,12081,Manatee County,2015,49675,ACS 2015 5-year B19013,available
FL,12081,Manatee County,2016,51483,ACS 2016 5-year B19013,available
FL,12081,Manatee County,2017,53408,ACS 2017 5-year B19013,available
FL,12081,Manatee County,2018,56036,ACS 2018 5-year B19013,available
FL,12081,Manatee County,2019,59009,ACS 2019 5-year B19013,available
FL,12081,Manatee County,2020,59963,ACS 2020 5-year B19013,available
FL,12081,Manatee County,2021,64964,ACS 2021 5-year B19013,available
FL,12081,Manatee County,2022,71385,ACS 2022 5-year B19013,available
FL,12081,Manatee County,2023,75792,ACS 2023 5-year B19013,available
FL,12081,Manatee County,2024,78457,ACS 2024 5-year B19013,available
FL,12083,Marion County,2015,39459,ACS 2015 5-year B19013,available
FL,12083,Marion County,2016,40295,ACS 2016 5-year B19013,available
FL,12083,Marion County,2017,41964,ACS 2017 5-year B19013,available
FL,12083,Marion County,2018,43361,ACS 2018 5-year B19013,available
FL,12083,Marion County,2019,45371,ACS 2019 5-year B19013,available
FL,12083,Marion County,2020,46587,ACS 2020 5-year B19013,available
FL,12083,Marion County,2021,50808,ACS 2021 5-year B19013,available
FL,12083,Marion County,2022,55265,ACS 2022 5-year B19013,available
FL,12083,Marion County,2023,58535,ACS 2023 5-year B19013,available
FL,12083,Marion County,2024,61010,ACS 2024 5-year B19013,available
FL,12085,Martin County,2015,51593,ACS 2015 5-year B19013,available
FL,12085,Martin County,2016,52622,ACS 2016 5-year B19013,available
FL,12085,Martin County,2017,55588,ACS 2017 5-year B19013,available
FL,12085,Martin County,2018,57959,ACS 2018 5-year B19013,available
FL,12085,Martin County,2019,61133,ACS 2019 5-year B19013,available
FL,12085,Martin County,2020,65821,ACS 2020 5-year B19013,available
FL,12085,Martin County,2021,69769,ACS 2021 5-year B19013,available
FL,12085,Martin County,2022,77894,ACS 2022 5-year B19013,available
FL,12085,Martin County,2023,80701,ACS 2023 5-year B19013,available
FL,12085,Martin County,2024,82943,ACS 2024 5-year B19013,available
FL,12086,Miami-Dade County,2015,43129,ACS 2015 5-year B19013,available
FL,12086,Miami-Dade County,2016,44224,ACS 2016 5-year B19013,available
FL,12086,Miami-Dade County,2017,46338,ACS 2017 5-year B19013,available
FL,12086,Miami-Dade County,2018,48982,ACS 2018 5-year B19013,available
FL,12086,Miami-Dade County,2019,51347,ACS 2019 5-year B19013,available
FL,12086,Miami-Dade County,2020,53975,ACS 2020 5-year B19013,available
FL,12086,Miami-Dade County,2021,57815,ACS 2021 5-year B19013,available
FL,12086,Miami-Dade County,2022,64215,ACS 2022 5-year B19013,available
FL,12086,Miami-Dade County,2023,68694,ACS 2023 5-year B19013,available
FL,12086,Miami-Dade County,2024,71753,ACS 2024 5-year B19013,available
FL,12087,Monroe County,2015,57290,ACS 2015 5-year B19013,available
FL,12087,Monroe County,2016,60303,ACS 2016 5-year B19013,available
FL,12087,Monroe County,2017,63030,ACS 2017 5-year B19013,available
FL,12087,Monroe County,2018,67023,ACS 2018 5-year B19013,available
FL,12087,Monroe County,2019,70033,ACS 2019 5-year B19013,available
FL,12087,Monroe County,2020,72012,ACS 2020 5-year B19013,available
FL,12087,Monroe County,2021,73153,ACS 2021 5-year B19013,available
FL,12087,Monroe County,2022,80111,ACS 2022 5-year B19013,available
FL,12087,Monroe County,2023,82430,ACS 2023 5-year B19013,available
FL,12087,Monroe County,2024,87738,ACS 2024 5-year B19013,available
FL,12089,Nassau County,2015,54116,ACS 2015 5-year B19013,available
FL,12089,Nassau County,2016,59196,ACS 2016 5-year B19013,available
FL,12089,Nassau County,2017,64294,ACS 2017 5-year B19013,available
FL,12089,Nassau County,2018,66297,ACS 2018 5-year B19013,available
FL,12089,Nassau County,2019,69943,ACS 2019 5-year B19013,available
FL,12089,Nassau County,2020,72998,ACS 2020 5-year B19013,available
FL,12089,Nassau County,2021,77504,ACS 2021 5-year B19013,available
FL,12089,Nassau County,2022,84085,ACS 2022 5-year B19013,available
FL,12089,Nassau County,2023,88900,ACS 2023 5-year B19013,available
FL,12089,Nassau County,2024,89804,ACS 2024 5-year B19013,available
FL,12091,Okaloosa County,2015,55880,ACS 2015 5-year B19013,available
FL,12091,Okaloosa County,2016,57655,ACS 2016 5-year B19013,available
FL,12091,Okaloosa County,2017,59955,ACS 2017 5-year B19013,available
FL,12091,Okaloosa County,2018,62048,ACS 2018 5-year B19013,available
FL,12091,Okaloosa County,2019,63412,ACS 2019 5-year B19013,available
FL,12091,Okaloosa County,2020,64373,ACS 2020 5-year B19013,available
FL,12091,Okaloosa County,2021,67390,ACS 2021 5-year B19013,available
FL,12091,Okaloosa County,2022,73988,ACS 2022 5-year B19013,available
FL,12091,Okaloosa County,2023,79097,ACS 2023 5-year B19013,available
FL,12091,Okaloosa County,2024,81998,ACS 2024 5-year B19013,available
FL,12093,Okeechobee County,2015,35405,ACS 2015 5-year B19013,available
FL,12093,Okeechobee County,2016,36415,ACS 2016 5-year B19013,available
FL,12093,Okeechobee County,2017,39059,ACS 2017 5-year B19013,available
FL,12093,Okeechobee County,2018,40367,ACS 2018 5-year B19013,available
FL,12093,Okeechobee County,2019,41760,ACS 2019 5-year B19013,available
FL,12093,Okeechobee County,2020,46097,ACS 2020 5-year B19013,available
FL,12093,Okeechobee County,2021,47020,ACS 2021 5-year B19013,available
FL,12093,Okeechobee County,2022,50476,ACS 2022 5-year B19013,available
FL,12093,Okeechobee County,2023,52288,ACS 2023 5-year B19013,available
FL,12093,Okeechobee County,2024,57984,ACS 2024 5-year B19013,available
FL,12095,Orange County,2015,47943,ACS 2015 5-year B19013,available
FL,12095,Orange County,2016,49391,ACS 2016 5-year B19013,available
FL,12095,Orange County,2017,51586,ACS 2017 5-year B19013,available
FL,12095,Orange County,2018,54335,ACS 2018 5-year B19013,available
FL,12095,Orange County,2019,58254,ACS 2019 5-year B19013,available
FL,12095,Orange County,2020,61416,ACS 2020 5-year B19013,available
FL,12095,Orange County,2021,65784,ACS 2021 5-year B19013,available
FL,12095,Orange County,2022,72629,ACS 2022 5-year B19013,available
FL,12095,Orange County,2023,77011,ACS 2023 5-year B19013,available
FL,12095,Orange County,2024,79719,ACS 2024 5-year B19013,available
FL,12097,Osceola County,2015,44254,ACS 2015 5-year B19013,available
FL,12097,Osceola County,2016,45536,ACS 2016 5-year B19013,available
FL,12097,Osceola County,2017,47343,ACS 2017 5-year B19013,available
FL,12097,Osceola County,2018,50063,ACS 2018 5-year B19013,available
FL,12097,Osceola County,2019,52279,ACS 2019 5-year B19013,available
FL,12097,Osceola County,2020,55538,ACS 2020 5-year B19013,available
FL,12097,Osceola County,2021,58513,ACS 2021 5-year B19013,available
FL,12097,Osceola County,2022,64312,ACS 2022 5-year B19013,available
FL,12097,Osceola County,2023,68711,ACS 2023 5-year B19013,available
FL,12097,Osceola County,2024,72637,ACS 2024 5-year B19013,available
FL,12099,Palm Beach County,2015,53363,ACS 2015 5-year B19013,available
FL,12099,Palm Beach County,2016,55277,ACS 2016 5-year B19013,available
FL,12099,Palm Beach County,2017,57256,ACS 2017 5-year B19013,available
FL,12099,Palm Beach County,2018,59943,ACS 2018 5-year B19013,available
FL,12099,Palm Beach County,2019,63299,ACS 2019 5-year B19013,available
FL,12099,Palm Beach County,2020,65015,ACS 2020 5-year B19013,available
FL,12099,Palm Beach County,2021,68874,ACS 2021 5-year B19013,available
FL,12099,Palm Beach County,2022,76066,ACS 2022 5-year B19013,available
FL,12099,Palm Beach County,2023,81115,ACS 2023 5-year B19013,available
FL,12099,Palm Beach County,2024,83581,ACS 2024 5-year B19013,available
FL,12101,Pasco County,2015,45064,ACS 2015 5-year B19013,available
FL,12101,Pasco County,2016,46010,ACS 2016 5-year B19013,available
FL,12101,Pasco County,2017,48289,ACS 2017 5-year B19013,available
FL,12101,Pasco County,2018,50417,ACS 2018 5-year B19013,available
FL,12101,Pasco County,2019,52828,ACS 2019 5-year B19013,available
FL,12101,Pasco County,2020,53431,ACS 2020 5-year B19013,available
FL,12101,Pasco County,2021,58084,ACS 2021 5-year B19013,available
FL,12101,Pasco County,2022,63187,ACS 2022 5-year B19013,available
FL,12101,Pasco County,2023,67384,ACS 2023 5-year B19013,available
FL,12101,Pasco County,2024,70492,ACS 2024 5-year B19013,available
FL,12103,Pinellas County,2015,45819,ACS 2015 5-year B19013,available
FL,12103,Pinellas County,2016,47090,ACS 2016 5-year B19013,available
FL,12103,Pinellas County,2017,48968,ACS 2017 5-year B19013,available
FL,12103,Pinellas County,2018,51454,ACS 2018 5-year B19013,available
FL,12103,Pinellas County,2019,54090,ACS 2019 5-year B19013,available
FL,12103,Pinellas County,2020,56419,ACS 2020 5-year B19013,available
FL,12103,Pinellas County,2021,60451,ACS 2021 5-year B19013,available
FL,12103,Pinellas County,2022,66406,ACS 2022 5-year B19013,available
FL,12103,Pinellas County,2023,70293,ACS 2023 5-year B19013,available
FL,12103,Pinellas County,2024,72646,ACS 2024 5-year B19013,available
FL,12105,Polk County,2015,43162,ACS 2015 5-year B19013,available
FL,12105,Polk County,2016,44146,ACS 2016 5-year B19013,available
FL,12105,Polk County,2017,45988,ACS 2017 5-year B19013,available
FL,12105,Polk County,2018,48500,ACS 2018 5-year B19013,available
FL,12105,Polk County,2019,50584,ACS 2019 5-year B19013,available
FL,12105,Polk County,2020,51535,ACS 2020 5-year B19013,available
FL,12105,Polk County,2021,55099,ACS 2021 5-year B19013,available
FL,12105,Polk County,2022,60901,ACS 2022 5-year B19013,available
FL,12105,Polk County,2023,63644,ACS 2023 5-year B19013,available
FL,12105,Polk County,2024,65978,ACS 2024 5-year B19013,available
FL,12107,Putnam County,2015,31715,ACS 2015 5-year B19013,available
FL,12107,Putnam County,2016,33003,ACS 2016 5-year B19013,available
FL,12107,Putnam County,2017,33619,ACS 2017 5-year B19013,available
FL,12107,Putnam County,2018,35649,ACS 2018 5-year B19013,available
FL,12107,Putnam County,2019,37670,ACS 2019 5-year B19013,available
FL,12107,Putnam County,2020,40068,ACS 2020 5-year B19013,available
FL,12107,Putnam County,2021,39975,ACS 2021 5-year B19013,available
FL,12107,Putnam County,2022,44852,ACS 2022 5-year B19013,available
FL,12107,Putnam County,2023,47256,ACS 2023 5-year B19013,available
FL,12107,Putnam County,2024,47934,ACS 2024 5-year B19013,available
FL,12109,St. Johns County,2015,66194,ACS 2015 5-year B19013,available
FL,12109,St. Johns County,2016,69523,ACS 2016 5-year B19013,available
FL,12109,St. Johns County,2017,73640,ACS 2017 5-year B19013,available
FL,12109,St. Johns County,2018,77323,ACS 2018 5-year B19013,available
FL,12109,St. Johns County,2019,82252,ACS 2019 5-year B19013,available
FL,12109,St. Johns County,2020,83803,ACS 2020 5-year B19013,available
FL,12109,St. Johns County,2021,88794,ACS 2021 5-year B19013,available
FL,12109,St. Johns County,2022,100020,ACS 2022 5-year B19013,available
FL,12109,St. Johns County,2023,106169,ACS 2023 5-year B19013,available
FL,12109,St. Johns County,2024,109839,ACS 2024 5-year B19013,available
FL,12111,St. Lucie County,2015,43459,ACS 2015 5-year B19013,available
FL,12111,St. Lucie County,2016,44140,ACS 2016 5-year B19013,available
FL,12111,St. Lucie County,2017,47132,ACS 2017 5-year B19013,available
FL,12111,St. Lucie County,2018,49373,ACS 2018 5-year B19013,available
FL,12111,St. Lucie County,2019,52322,ACS 2019 5-year B19013,available
FL,12111,St. Lucie County,2020,55237,ACS 2020 5-year B19013,available
FL,12111,St. Lucie County,2021,59807,ACS 2021 5-year B19013,available
FL,12111,St. Lucie County,2022,66154,ACS 2022 5-year B19013,available
FL,12111,St. Lucie County,2023,69027,ACS 2023 5-year B19013,available
FL,12111,St. Lucie County,2024,71457,ACS 2024 5-year B19013,available
FL,12113,Santa Rosa County,2015,58923,ACS 2015 5-year B19013,available
FL,12113,Santa Rosa County,2016,60652,ACS 2016 5-year B19013,available
FL,12113,Santa Rosa County,2017,62731,ACS 2017 5-year B19013,available
FL,12113,Santa Rosa County,2018,66242,ACS 2018 5-year B19013,available
FL,12113,Santa Rosa County,2019,67949,ACS 2019 5-year B19013,available
FL,12113,Santa Rosa County,2020,70663,ACS 2020 5-year B19013,available
FL,12113,Santa Rosa County,2021,77260,ACS 2021 5-year B19013,available
FL,12113,Santa Rosa County,2022,84715,ACS 2022 5-year B19013,available
FL,12113,Santa Rosa County,2023,88968,ACS 2023 5-year B19013,available
FL,12113,Santa Rosa County,2024,91922,ACS 2024 5-year B19013,available
FL,12115,Sarasota County,2015,51766,ACS 2015 5-year B19013,available
FL,12115,Sarasota County,2016,52796,ACS 2016 5-year B19013,available
FL,12115,Sarasota County,2017,55236,ACS 2017 5-year B19013,available
FL,12115,Sarasota County,2018,58644,ACS 2018 5-year B19013,available
FL,12115,Sarasota County,2019,62236,ACS 2019 5-year B19013,available
FL,12115,Sarasota County,2020,64644,ACS 2020 5-year B19013,available
FL,12115,Sarasota County,2021,69490,ACS 2021 5-year B19013,available
FL,12115,Sarasota County,2022,77213,ACS 2022 5-year B19013,available
FL,12115,Sarasota County,2023,80633,ACS 2023 5-year B19013,available
FL,12115,Sarasota County,2024,83416,ACS 2024 5-year B19013,available
FL,12117,Seminole County,2015,57010,ACS 2015 5-year B19013,available
FL,12117,Seminole County,2016,58538,ACS 2016 5-year B19013,available
FL,12117,Seminole County,2017,60739,ACS 2017 5-year B19013,available
FL,12117,Seminole County,2018,63760,ACS 2018 5-year B19013,available
FL,12117,Seminole County,2019,66768,ACS 2019 5-year B19013,available
FL,12117,Seminole County,2020,70297,ACS 2020 5-year B19013,available
FL,12117,Seminole County,2021,73002,ACS 2021 5-year B19013,available
FL,12117,Seminole County,2022,79490,ACS 2022 5-year B19013,available
FL,12117,Seminole County,2023,83030,ACS 2023 5-year B19013,available
FL,12117,Seminole County,2024,85761,ACS 2024 5-year B19013,available
FL,12119,Sumter County,2015,50350,ACS 2015 5-year B19013,available
FL,12119,Sumter County,2016,52594,ACS 2016 5-year B19013,available
FL,12119,Sumter County,2017,54771,ACS 2017 5-year B19013,available
FL,12119,Sumter County,2018,55228,ACS 2018 5-year B19013,available
FL,12119,Sumter County,2019,57226,ACS 2019 5-year B19013,available
FL,12119,Sumter County,2020,59618,ACS 2020 5-year B19013,available
FL,12119,Sumter County,2021,63323,ACS 2021 5-year B19013,available
FL,12119,Sumter County,2022,70105,ACS 2022 5-year B19013,available
FL,12119,Sumter County,2023,73297,ACS 2023 5-year B19013,available
FL,12119,Sumter County,2024,76508,ACS 2024 5-year B19013,available
FL,12121,Suwannee County,2015,36289,ACS 2015 5-year B19013,available
FL,12121,Suwannee County,2016,37796,ACS 2016 5-year B19013,available
FL,12121,Suwannee County,2017,40600,ACS 2017 5-year B19013,available
FL,12121,Suwannee County,2018,42686,ACS 2018 5-year B19013,available
FL,12121,Suwannee County,2019,47839,ACS 2019 5-year B19013,available
FL,12121,Suwannee County,2020,46280,ACS 2020 5-year B19013,available
FL,12121,Suwannee County,2021,47218,ACS 2021 5-year B19013,available
FL,12121,Suwannee County,2022,49729,ACS 2022 5-year B19013,available
FL,12121,Suwannee County,2023,55479,ACS 2023 5-year B19013,available
FL,12121,Suwannee County,2024,56658,ACS 2024 5-year B19013,available
FL,12123,Taylor County,2015,36181,ACS 2015 5-year B19013,available
FL,12123,Taylor County,2016,36195,ACS 2016 5-year B19013,available
FL,12123,Taylor County,2017,37188,ACS 2017 5-year B19013,available
FL,12123,Taylor County,2018,36934,ACS 2018 5-year B19013,available
FL,12123,Taylor County,2019,40306,ACS 2019 5-year B19013,available
FL,12123,Taylor County,2020,38295,ACS 2020 5-year B19013,available
FL,12123,Taylor County,2021,43563,ACS 2021 5-year B19013,available
FL,12123,Taylor County,2022,46239,ACS 2022 5-year B19013,available
FL,12123,Taylor County,2023,44985,ACS 2023 5-year B19013,available
FL,12123,Taylor County,2024,49073,ACS 2024 5-year B19013,available
FL,12125,Union County,2015,39163,ACS 2015 5-year B19013,available
FL,12125,Union County,2016,37778,ACS 2016 5-year B19013,available
FL,12125,Union County,2017,37460,ACS 2017 5-year B19013,available
FL,12125,Union County,2018,41770,ACS 2018 5-year B19013,available
FL,12125,Union County,2019,44270,ACS 2019 5-year B19013,available
FL,12125,Union County,2020,55139,ACS 2020 5-year B19013,available
FL,12125,Union County,2021,55463,ACS 2021 5-year B19013,available
FL,12125,Union County,2022,64043,ACS 2022 5-year B19013,available
FL,12125,Union County,2023,64922,ACS 2023 5-year B19013,available
FL,12125,Union County,2024,64146,ACS 2024 5-year B19013,available
FL,12127,Volusia County,2015,41117,ACS 2015 5-year B19013,available
FL,12127,Volusia County,2016,42240,ACS 2016 5-year B19013,available
FL,12127,Volusia County,2017,43838,ACS 2017 5-year B19013,available
FL,12127,Volusia County,2018,46760,ACS 2018 5-year B19013,available
FL,12127,Volusia County,2019,49494,ACS 2019 5-year B19013,available
FL,12127,Volusia County,2020,52407,ACS 2020 5-year B19013,available
FL,12127,Volusia County,2021,56786,ACS 2021 5-year B19013,available
FL,12127,Volusia County,2022,63075,ACS 2022 5-year B19013,available
FL,12127,Volusia County,2023,66581,ACS 2023 5-year B19013,available
FL,12127,Volusia County,2024,70044,ACS 2024 5-year B19013,available
FL,12129,Wakulla County,2015,50340,ACS 2015 5-year B19013,available
FL,12129,Wakulla County,2016,54078,ACS 2016 5-year B19013,available
FL,12129,Wakulla County,2017,57866,ACS 2017 5-year B19013,available
FL,12129,Wakulla County,2018,62778,ACS 2018 5-year B19013,available
FL,12129,Wakulla County,2019,61410,ACS 2019 5-year B19013,available
FL,12129,Wakulla County,2020,67480,ACS 2020 5-year B19013,available
FL,12129,Wakulla County,2021,72941,ACS 2021 5-year B19013,available
FL,12129,Wakulla County,2022,72035,ACS 2022 5-year B19013,available
FL,12129,Wakulla County,2023,74183,ACS 2023 5-year B19013,available
FL,12129,Wakulla County,2024,81895,ACS 2024 5-year B19013,available
FL,12131,Walton County,2015,44966,ACS 2015 5-year B19013,available
FL,12131,Walton County,2016,46910,ACS 2016 5-year B19013,available
FL,12131,Walton County,2017,50619,ACS 2017 5-year B19013,available
FL,12131,Walton County,2018,53785,ACS 2018 5-year B19013,available
FL,12131,Walton County,2019,58093,ACS 2019 5-year B19013,available
FL,12131,Walton County,2020,67390,ACS 2020 5-year B19013,available
FL,12131,Walton County,2021,68111,ACS 2021 5-year B19013,available
FL,12131,Walton County,2022,74832,ACS 2022 5-year B19013,available
FL,12131,Walton County,2023,79281,ACS 2023 5-year B19013,available
FL,12131,Walton County,2024,81986,ACS 2024 5-year B19013,available
FL,12133,Washington County,2015,38970,ACS 2015 5-year B19013,available
FL,12133,Washington County,2016,38330,ACS 2016 5-year B19013,available
FL,12133,Washington County,2017,36989,ACS 2017 5-year B19013,available
FL,12133,Washington County,2018,37188,ACS 2018 5-year B19013,available
FL,12133,Washington County,2019,37022,ACS 2019 5-year B19013,available
FL,12133,Washington County,2020,37260,ACS 2020 5-year B19013,available
FL,12133,Washington County,2021,41806,ACS 2021 5-year B19013,available
FL,12133,Washington County,2022,47536,ACS 2022 5-year B19013,available
FL,12133,Washington County,2023,52723,ACS 2023 5-year B19013,available
FL,12133,Washington County,2024,58210,ACS 2024 5-year B19013,available
GA,13001,Appling County,2015,37135,ACS 2015 5-year B19013,available
GA,13001,Appling County,2016,37388,ACS 2016 5-year B19013,available
GA,13001,Appling County,2017,37089,ACS 2017 5-year B19013,available
GA,13001,Appling County,2018,39561,ACS 2018 5-year B19013,available
GA,13001,Appling County,2019,40304,ACS 2019 5-year B19013,available
GA,13001,Appling County,2020,37924,ACS 2020 5-year B19013,available
GA,13001,Appling County,2021,39588,ACS 2021 5-year B19013,available
GA,13001,Appling County,2022,43268,ACS 2022 5-year B19013,available
GA,13001,Appling County,2023,43728,ACS 2023 5-year B19013,available
GA,13001,Appling County,2024,46651,ACS 2024 5-year B19013,available
GA,13003,Atkinson County,2015,30933,ACS 2015 5-year B19013,available
GA,13003,Atkinson County,2016,31296,ACS 2016 5-year B19013,available
GA,13003,Atkinson County,2017,33063,ACS 2017 5-year B19013,available
GA,13003,Atkinson County,2018,34877,ACS 2018 5-year B19013,available
GA,13003,Atkinson County,2019,37197,ACS 2019 5-year B19013,available
GA,13003,Atkinson County,2020,35703,ACS 2020 5-year B19013,available
GA,13003,Atkinson County,2021,35741,ACS 2021 5-year B19013,available
GA,13003,Atkinson County,2022,38007,ACS 2022 5-year B19013,available
GA,13003,Atkinson County,2023,38438,ACS 2023 5-year B19013,available
GA,13003,Atkinson County,2024,42347,ACS 2024 5-year B19013,available
GA,13005,Bacon County,2015,37162,ACS 2015 5-year B19013,available
GA,13005,Bacon County,2016,37303,ACS 2016 5-year B19013,available
GA,13005,Bacon County,2017,38824,ACS 2017 5-year B19013,available
GA,13005,Bacon County,2018,36964,ACS 2018 5-year B19013,available
GA,13005,Bacon County,2019,37519,ACS 2019 5-year B19013,available
GA,13005,Bacon County,2020,36692,ACS 2020 5-year B19013,available
GA,13005,Bacon County,2021,40391,ACS 2021 5-year B19013,available
GA,13005,Bacon County,2022,43938,ACS 2022 5-year B19013,available
GA,13005,Bacon County,2023,50310,ACS 2023 5-year B19013,available
GA,13005,Bacon County,2024,44694,ACS 2024 5-year B19013,available
GA,13007,Baker County,2015,44297,ACS 2015 5-year B19013,available
GA,13007,Baker County,2016,45903,ACS 2016 5-year B19013,available
GA,13007,Baker County,2017,43867,ACS 2017 5-year B19013,available
GA,13007,Baker County,2018,37188,ACS 2018 5-year B19013,available
GA,13007,Baker County,2019,32917,ACS 2019 5-year B19013,available
GA,13007,Baker County,2020,34034,ACS 2020 5-year B19013,available
GA,13007,Baker County,2021,33417,ACS 2021 5-year B19013,available
GA,13007,Baker County,2022,45417,ACS 2022 5-year B19013,available
GA,13007,Baker County,2023,44405,ACS 2023 5-year B19013,available
GA,13007,Baker County,2024,46012,ACS 2024 5-year B19013,available
GA,13009,Baldwin County,2015,32460,ACS 2015 5-year B19013,available
GA,13009,Baldwin County,2016,34595,ACS 2016 5-year B19013,available
GA,13009,Baldwin County,2017,37008,ACS 2017 5-year B19013,available
GA,13009,Baldwin County,2018,39426,ACS 2018 5-year B19013,available
GA,13009,Baldwin County,2019,43672,ACS 2019 5-year B19013,available
GA,13009,Baldwin County,2020,46250,ACS 2020 5-year B19013,available
GA,13009,Baldwin County,2021,50413,ACS 2021 5-year B19013,available
GA,13009,Baldwin County,2022,54699,ACS 2022 5-year B19013,available
GA,13009,Baldwin County,2023,55413,ACS 2023 5-year B19013,available
GA,13009,Baldwin County,2024,54403,ACS 2024 5-year B19013,available
GA,13011,Banks County,2015,41472,ACS 2015 5-year B19013,available
GA,13011,Banks County,2016,40721,ACS 2016 5-year B19013,available
GA,13011,Banks County,2017,42182,ACS 2017 5-year B19013,available
GA,13011,Banks County,2018,45373,ACS 2018 5-year B19013,available
GA,13011,Banks County,2019,47811,ACS 2019 5-year B19013,available
GA,13011,Banks County,2020,50912,ACS 2020 5-year B19013,available
GA,13011,Banks County,2021,57893,ACS 2021 5-year B19013,available
GA,13011,Banks County,2022,69096,ACS 2022 5-year B19013,available
GA,13011,Banks County,2023,68830,ACS 2023 5-year B19013,available
GA,13011,Banks County,2024,77063,ACS 2024 5-year B19013,available
GA,13013,Barrow County,2015,52012,ACS 2015 5-year B19013,available
GA,13013,Barrow County,2016,53133,ACS 2016 5-year B19013,available
GA,13013,Barrow County,2017,56119,ACS 2017 5-year B19013,available
GA,13013,Barrow County,2018,57348,ACS 2018 5-year B19013,available
GA,13013,Barrow County,2019,62345,ACS 2019 5-year B19013,available
GA,13013,Barrow County,2020,62990,ACS 2020 5-year B19013,available
GA,13013,Barrow County,2021,68365,ACS 2021 5-year B19013,available
GA,13013,Barrow County,2022,75053,ACS 2022 5-year B19013,available
GA,13013,Barrow County,2023,77477,ACS 2023 5-year B19013,available
GA,13013,Barrow County,2024,80653,ACS 2024 5-year B19013,available
GA,13015,Bartow County,2015,48893,ACS 2015 5-year B19013,available
GA,13015,Bartow County,2016,50565,ACS 2016 5-year B19013,available
GA,13015,Bartow County,2017,52393,ACS 2017 5-year B19013,available
GA,13015,Bartow County,2018,55452,ACS 2018 5-year B19013,available
GA,13015,Bartow County,2019,57423,ACS 2019 5-year B19013,available
GA,13015,Bartow County,2020,61226,ACS 2020 5-year B19013,available
GA,13015,Bartow County,2021,65559,ACS 2021 5-year B19013,available
GA,13015,Bartow County,2022,74812,ACS 2022 5-year B19013,available
GA,13015,Bartow County,2023,79431,ACS 2023 5-year B19013,available
GA,13015,Bartow County,2024,82243,ACS 2024 5-year B19013,available
GA,13017,Ben Hill County,2015,29994,ACS 2015 5-year B19013,available
GA,13017,Ben Hill County,2016,29510,ACS 2016 5-year B19013,available
GA,13017,Ben Hill County,2017,32344,ACS 2017 5-year B19013,available
GA,13017,Ben Hill County,2018,32705,ACS 2018 5-year B19013,available
GA,13017,Ben Hill County,2019,32229,ACS 2019 5-year B19013,available
GA,13017,Ben Hill County,2020,32077,ACS 2020 5-year B19013,available
GA,13017,Ben Hill County,2021,34455,ACS 2021 5-year B19013,available
GA,13017,Ben Hill County,2022,38255,ACS 2022 5-year B19013,available
GA,13017,Ben Hill County,2023,39081,ACS 2023 5-year B19013,available
GA,13017,Ben Hill County,2024,41758,ACS 2024 5-year B19013,available
GA,13019,Berrien County,2015,31835,ACS 2015 5-year B19013,available
GA,13019,Berrien County,2016,35740,ACS 2016 5-year B19013,available
GA,13019,Berrien County,2017,38297,ACS 2017 5-year B19013,available
GA,13019,Berrien County,2018,37163,ACS 2018 5-year B19013,available
GA,13019,Berrien County,2019,40415,ACS 2019 5-year B19013,available
GA,13019,Berrien County,2020,42089,ACS 2020 5-year B19013,available
GA,13019,Berrien County,2021,44907,ACS 2021 5-year B19013,available
GA,13019,Berrien County,2022,48670,ACS 2022 5-year B19013,available
GA,13019,Berrien County,2023,50414,ACS 2023 5-year B19013,available
GA,13019,Berrien County,2024,52876,ACS 2024 5-year B19013,available
GA,13021,Bibb County,2015,36519,ACS 2015 5-year B19013,available
GA,13021,Bibb County,2016,37108,ACS 2016 5-year B19013,available
GA,13021,Bibb County,2017,38183,ACS 2017 5-year B19013,available
GA,13021,Bibb County,2018,39931,ACS 2018 5-year B19013,available
GA,13021,Bibb County,2019,41334,ACS 2019 5-year B19013,available
GA,13021,Bibb County,2020,41317,ACS 2020 5-year B19013,available
GA,13021,Bibb County,2021,43862,ACS 2021 5-year B19013,available
GA,13021,Bibb County,2022,48897,ACS 2022 5-year B19013,available
GA,13021,Bibb County,2023,50747,ACS 2023 5-year B19013,available
GA,13021,Bibb County,2024,51234,ACS 2024 5-year B19013,available
GA,13023,Bleckley County,2015,38991,ACS 2015 5-year B19013,available
GA,13023,Bleckley County,2016,37060,ACS 2016 5-year B19013,available
GA,13023,Bleckley County,2017,40688,ACS 2017 5-year B19013,available
GA,13023,Bleckley County,2018,45029,ACS 2018 5-year B19013,available
GA,13023,Bleckley County,2019,48174,ACS 2019 5-year B19013,available
GA,13023,Bleckley County,2020,46992,ACS 2020 5-year B19013,available
GA,13023,Bleckley County,2021,48786,ACS 2021 5-year B19013,available
GA,13023,Bleckley County,2022,56021,ACS 2022 5-year B19013,available
GA,13023,Bleckley County,2023,53005,ACS 2023 5-year B19013,available
GA,13023,Bleckley County,2024,62008,ACS 2024 5-year B19013,available
GA,13025,Brantley County,2015,37206,ACS 2015 5-year B19013,available
GA,13025,Brantley County,2016,36837,ACS 2016 5-year B19013,available
GA,13025,Brantley County,2017,36812,ACS 2017 5-year B19013,available
GA,13025,Brantley County,2018,37031,ACS 2018 5-year B19013,available
GA,13025,Brantley County,2019,38857,ACS 2019 5-year B19013,available
GA,13025,Brantley County,2020,34679,ACS 2020 5-year B19013,available
GA,13025,Brantley County,2021,38211,ACS 2021 5-year B19013,available
GA,13025,Brantley County,2022,40166,ACS 2022 5-year B19013,available
GA,13025,Brantley County,2023,47801,ACS 2023 5-year B19013,available
GA,13025,Brantley County,2024,58239,ACS 2024 5-year B19013,available
GA,13027,Brooks County,2015,32663,ACS 2015 5-year B19013,available
GA,13027,Brooks County,2016,34547,ACS 2016 5-year B19013,available
GA,13027,Brooks County,2017,34890,ACS 2017 5-year B19013,available
GA,13027,Brooks County,2018,34322,ACS 2018 5-year B19013,available
GA,13027,Brooks County,2019,38285,ACS 2019 5-year B19013,available
GA,13027,Brooks County,2020,37516,ACS 2020 5-year B19013,available
GA,13027,Brooks County,2021,39770,ACS 2021 5-year B19013,available
GA,13027,Brooks County,2022,42263,ACS 2022 5-year B19013,available
GA,13027,Brooks County,2023,47656,ACS 2023 5-year B19013,available
GA,13027,Brooks County,2024,46807,ACS 2024 5-year B19013,available
GA,13029,Bryan County,2015,63327,ACS 2015 5-year B19013,available
GA,13029,Bryan County,2016,65862,ACS 2016 5-year B19013,available
GA,13029,Bryan County,2017,68589,ACS 2017 5-year B19013,available
GA,13029,Bryan County,2018,71322,ACS 2018 5-year B19013,available
GA,13029,Bryan County,2019,72624,ACS 2019 5-year B19013,available
GA,13029,Bryan County,2020,76121,ACS 2020 5-year B19013,available
GA,13029,Bryan County,2021,81032,ACS 2021 5-year B19013,available
GA,13029,Bryan County,2022,90627,ACS 2022 5-year B19013,available
GA,13029,Bryan County,2023,94234,ACS 2023 5-year B19013,available
GA,13029,Bryan County,2024,103408,ACS 2024 5-year B19013,available
GA,13031,Bulloch County,2015,36032,ACS 2015 5-year B19013,available
GA,13031,Bulloch County,2016,37125,ACS 2016 5-year B19013,available
GA,13031,Bulloch County,2017,39305,ACS 2017 5-year B19013,available
GA,13031,Bulloch County,2018,41789,ACS 2018 5-year B19013,available
GA,13031,Bulloch County,2019,45550,ACS 2019 5-year B19013,available
GA,13031,Bulloch County,2020,48786,ACS 2020 5-year B19013,available
GA,13031,Bulloch County,2021,50583,ACS 2021 5-year B19013,available
GA,13031,Bulloch County,2022,53675,ACS 2022 5-year B19013,available
GA,13031,Bulloch County,2023,56832,ACS 2023 5-year B19013,available
GA,13031,Bulloch County,2024,58810,ACS 2024 5-year B19013,available
GA,13033,Burke County,2015,33641,ACS 2015 5-year B19013,available
GA,13033,Burke County,2016,34589,ACS 2016 5-year B19013,available
GA,13033,Burke County,2017,38707,ACS 2017 5-year B19013,available
GA,13033,Burke County,2018,42773,ACS 2018 5-year B19013,available
GA,13033,Burke County,2019,44151,ACS 2019 5-year B19013,available
GA,13033,Burke County,2020,45699,ACS 2020 5-year B19013,available
GA,13033,Burke County,2021,47837,ACS 2021 5-year B19013,available
GA,13033,Burke County,2022,50321,ACS 2022 5-year B19013,available
GA,13033,Burke County,2023,50739,ACS 2023 5-year B19013,available
GA,13033,Burke County,2024,53014,ACS 2024 5-year B19013,available
GA,13035,Butts County,2015,41667,ACS 2015 5-year B19013,available
GA,13035,Butts County,2016,40753,ACS 2016 5-year B19013,available
GA,13035,Butts County,2017,39655,ACS 2017 5-year B19013,available
GA,13035,Butts County,2018,41845,ACS 2018 5-year B19013,available
GA,13035,Butts County,2019,43471,ACS 2019 5-year B19013,available
GA,13035,Butts County,2020,48282,ACS 2020 5-year B19013,available
GA,13035,Butts County,2021,53613,ACS 2021 5-year B19013,available
GA,13035,Butts County,2022,60076,ACS 2022 5-year B19013,available
GA,13035,Butts County,2023,59221,ACS 2023 5-year B19013,available
GA,13035,Butts County,2024,69241,ACS 2024 5-year B19013,available
GA,13037,Calhoun County,2015,25513,ACS 2015 5-year B19013,available
GA,13037,Calhoun County,2016,28200,ACS 2016 5-year B19013,available
GA,13037,Calhoun County,2017,29617,ACS 2017 5-year B19013,available
GA,13037,Calhoun County,2018,31725,ACS 2018 5-year B19013,available
GA,13037,Calhoun County,2019,34167,ACS 2019 5-year B19013,available
GA,13037,Calhoun County,2020,41962,ACS 2020 5-year B19013,available
GA,13037,Calhoun County,2021,43549,ACS 2021 5-year B19013,available
GA,13037,Calhoun County,2022,48663,ACS 2022 5-year B19013,available
GA,13037,Calhoun County,2023,55714,ACS 2023 5-year B19013,available
GA,13037,Calhoun County,2024,46940,ACS 2024 5-year B19013,available
GA,13039,Camden County,2015,52473,ACS 2015 5-year B19013,available
GA,13039,Camden County,2016,53327,ACS 2016 5-year B19013,available
GA,13039,Camden County,2017,53687,ACS 2017 5-year B19013,available
GA,13039,Camden County,2018,56397,ACS 2018 5-year B19013,available
GA,13039,Camden County,2019,56951,ACS 2019 5-year B19013,available
GA,13039,Camden County,2020,60594,ACS 2020 5-year B19013,available
GA,13039,Camden County,2021,61636,ACS 2021 5-year B19013,available
GA,13039,Camden County,2022,68104,ACS 2022 5-year B19013,available
GA,13039,Camden County,2023,72399,ACS 2023 5-year B19013,available
GA,13039,Camden County,2024,74378,ACS 2024 5-year B19013,available
GA,13043,Candler County,2015,30185,ACS 2015 5-year B19013,available
GA,13043,Candler County,2016,33379,ACS 2016 5-year B19013,available
GA,13043,Candler County,2017,33125,ACS 2017 5-year B19013,available
GA,13043,Candler County,2018,32937,ACS 2018 5-year B19013,available
GA,13043,Candler County,2019,33736,ACS 2019 5-year B19013,available
GA,13043,Candler County,2020,36955,ACS 2020 5-year B19013,available
GA,13043,Candler County,2021,36763,ACS 2021 5-year B19013,available
GA,13043,Candler County,2022,45519,ACS 2022 5-year B19013,available
GA,13043,Candler County,2023,50431,ACS 2023 5-year B19013,available
GA,13043,Candler County,2024,49581,ACS 2024 5-year B19013,available
GA,13045,Carroll County,2015,43586,ACS 2015 5-year B19013,available
GA,13045,Carroll County,2016,45486,ACS 2016 5-year B19013,available
GA,13045,Carroll County,2017,46844,ACS 2017 5-year B19013,available
GA,13045,Carroll County,2018,49608,ACS 2018 5-year B19013,available
GA,13045,Carroll County,2019,53737,ACS 2019 5-year B19013,available
GA,13045,Carroll County,2020,59197,ACS 2020 5-year B19013,available
GA,13045,Carroll County,2021,62498,ACS 2021 5-year B19013,available
GA,13045,Carroll County,2022,66895,ACS 2022 5-year B19013,available
GA,13045,Carroll County,2023,72327,ACS 2023 5-year B19013,available
GA,13045,Carroll County,2024,73714,ACS 2024 5-year B19013,available
GA,13047,Catoosa County,2015,50876,ACS 2015 5-year B19013,available
GA,13047,Catoosa County,2016,52265,ACS 2016 5-year B19013,available
GA,13047,Catoosa County,2017,54537,ACS 2017 5-year B19013,available
GA,13047,Catoosa County,2018,55125,ACS 2018 5-year B19013,available
GA,13047,Catoosa County,2019,56235,ACS 2019 5-year B19013,available
GA,13047,Catoosa County,2020,58932,ACS 2020 5-year B19013,available
GA,13047,Catoosa County,2021,62669,ACS 2021 5-year B19013,available
GA,13047,Catoosa County,2022,68896,ACS 2022 5-year B19013,available
GA,13047,Catoosa County,2023,72425,ACS 2023 5-year B19013,available
GA,13047,Catoosa County,2024,74639,ACS 2024 5-year B19013,available
GA,13049,Charlton County,2015,42778,ACS 2015 5-year B19013,available
GA,13049,Charlton County,2016,43871,ACS 2016 5-year B19013,available
GA,13049,Charlton County,2017,43257,ACS 2017 5-year B19013,available
GA,13049,Charlton County,2018,40283,ACS 2018 5-year B19013,available
GA,13049,Charlton County,2019,41961,ACS 2019 5-year B19013,available
GA,13049,Charlton County,2020,42743,ACS 2020 5-year B19013,available
GA,13049,Charlton County,2021,45494,ACS 2021 5-year B19013,available
GA,13049,Charlton County,2022,45770,ACS 2022 5-year B19013,available
GA,13049,Charlton County,2023,48534,ACS 2023 5-year B19013,available
GA,13049,Charlton County,2024,61276,ACS 2024 5-year B19013,available
GA,13051,Chatham County,2015,47218,ACS 2015 5-year B19013,available
GA,13051,Chatham County,2016,49596,ACS 2016 5-year B19013,available
GA,13051,Chatham County,2017,52215,ACS 2017 5-year B19013,available
GA,13051,Chatham County,2018,54911,ACS 2018 5-year B19013,available
GA,13051,Chatham County,2019,56842,ACS 2019 5-year B19013,available
GA,13051,Chatham County,2020,57739,ACS 2020 5-year B19013,available
GA,13051,Chatham County,2021,61064,ACS 2021 5-year B19013,available
GA,13051,Chatham County,2022,66171,ACS 2022 5-year B19013,available
GA,13051,Chatham County,2023,69575,ACS 2023 5-year B19013,available
GA,13051,Chatham County,2024,71097,ACS 2024 5-year B19013,available
GA,13053,Chattahoochee County,2015,43378,ACS 2015 5-year B19013,available
GA,13053,Chattahoochee County,2016,43929,ACS 2016 5-year B19013,available
GA,13053,Chattahoochee County,2017,46096,ACS 2017 5-year B19013,available
GA,13053,Chattahoochee County,2018,46453,ACS 2018 5-year B19013,available
GA,13053,Chattahoochee County,2019,47096,ACS 2019 5-year B19013,available
GA,13053,Chattahoochee County,2020,45700,ACS 2020 5-year B19013,available
GA,13053,Chattahoochee County,2021,50018,ACS 2021 5-year B19013,available
GA,13053,Chattahoochee County,2022,52943,ACS 2022 5-year B19013,available
GA,13053,Chattahoochee County,2023,59221,ACS 2023 5-year B19013,available
GA,13053,Chattahoochee County,2024,61042,ACS 2024 5-year B19013,available
GA,13055,Chattooga County,2015,32913,ACS 2015 5-year B19013,available
GA,13055,Chattooga County,2016,35245,ACS 2016 5-year B19013,available
GA,13055,Chattooga County,2017,35718,ACS 2017 5-year B19013,available
GA,13055,Chattooga County,2018,36107,ACS 2018 5-year B19013,available
GA,13055,Chattooga County,2019,36807,ACS 2019 5-year B19013,available
GA,13055,Chattooga County,2020,37351,ACS 2020 5-year B19013,available
GA,13055,Chattooga County,2021,37946,ACS 2021 5-year B19013,available
GA,13055,Chattooga County,2022,43556,ACS 2022 5-year B19013,available
GA,13055,Chattooga County,2023,47785,ACS 2023 5-year B19013,available
GA,13055,Chattooga County,2024,50285,ACS 2024 5-year B19013,available
GA,13057,Cherokee County,2015,68926,ACS 2015 5-year B19013,available
GA,13057,Cherokee County,2016,72586,ACS 2016 5-year B19013,available
GA,13057,Cherokee County,2017,75477,ACS 2017 5-year B19013,available
GA,13057,Cherokee County,2018,79670,ACS 2018 5-year B19013,available
GA,13057,Cherokee County,2019,82740,ACS 2019 5-year B19013,available
GA,13057,Cherokee County,2020,84817,ACS 2020 5-year B19013,available
GA,13057,Cherokee County,2021,90681,ACS 2021 5-year B19013,available
GA,13057,Cherokee County,2022,100824,ACS 2022 5-year B19013,available
GA,13057,Cherokee County,2023,105442,ACS 2023 5-year B19013,available
GA,13057,Cherokee County,2024,108115,ACS 2024 5-year B19013,available
GA,13059,Clarke County,2015,32162,ACS 2015 5-year B19013,available
GA,13059,Clarke County,2016,33116,ACS 2016 5-year B19013,available
GA,13059,Clarke County,2017,34557,ACS 2017 5-year B19013,available
GA,13059,Clarke County,2018,36889,ACS 2018 5-year B19013,available
GA,13059,Clarke County,2019,38623,ACS 2019 5-year B19013,available
GA,13059,Clarke County,2020,40363,ACS 2020 5-year B19013,available
GA,13059,Clarke County,2021,44070,ACS 2021 5-year B19013,available
GA,13059,Clarke County,2022,48692,ACS 2022 5-year B19013,available
GA,13059,Clarke County,2023,52267,ACS 2023 5-year B19013,available
GA,13059,Clarke County,2024,53625,ACS 2024 5-year B19013,available
GA,13061,Clay County,2015,20438,ACS 2015 5-year B19013,available
GA,13061,Clay County,2016,22120,ACS 2016 5-year B19013,available
GA,13061,Clay County,2017,23315,ACS 2017 5-year B19013,available
GA,13061,Clay County,2018,25000,ACS 2018 5-year B19013,available
GA,13061,Clay County,2019,22325,ACS 2019 5-year B19013,available
GA,13061,Clay County,2020,32434,ACS 2020 5-year B19013,available
GA,13061,Clay County,2021,35893,ACS 2021 5-year B19013,available
GA,13061,Clay County,2022,43264,ACS 2022 5-year B19013,available
GA,13061,Clay County,2023,48715,ACS 2023 5-year B19013,available
GA,13061,Clay County,2024,49147,ACS 2024 5-year B19013,available
GA,13063,Clayton County,2015,40938,ACS 2015 5-year B19013,available
GA,13063,Clayton County,2016,42470,ACS 2016 5-year B19013,available
GA,13063,Clayton County,2017,44106,ACS 2017 5-year B19013,available
GA,13063,Clayton County,2018,45778,ACS 2018 5-year B19013,available
GA,13063,Clayton County,2019,47864,ACS 2019 5-year B19013,available
GA,13063,Clayton County,2020,49460,ACS 2020 5-year B19013,available
GA,13063,Clayton County,2021,51945,ACS 2021 5-year B19013,available
GA,13063,Clayton County,2022,56207,ACS 2022 5-year B19013,available
GA,13063,Clayton County,2023,58507,ACS 2023 5-year B19013,available
GA,13063,Clayton County,2024,59806,ACS 2024 5-year B19013,available
GA,13065,Clinch County,2015,24015,ACS 2015 5-year B19013,available
GA,13065,Clinch County,2016,24848,ACS 2016 5-year B19013,available
GA,13065,Clinch County,2017,21838,ACS 2017 5-year B19013,available
GA,13065,Clinch County,2018,25236,ACS 2018 5-year B19013,available
GA,13065,Clinch County,2019,27658,ACS 2019 5-year B19013,available
GA,13065,Clinch County,2020,38844,ACS 2020 5-year B19013,available
GA,13065,Clinch County,2021,47750,ACS 2021 5-year B19013,available
GA,13065,Clinch County,2022,53350,ACS 2022 5-year B19013,available
GA,13065,Clinch County,2023,55549,ACS 2023 5-year B19013,available
GA,13065,Clinch County,2024,45847,ACS 2024 5-year B19013,available
GA,13067,Cobb County,2015,65873,ACS 2015 5-year B19013,available
GA,13067,Cobb County,2016,68818,ACS 2016 5-year B19013,available
GA,13067,Cobb County,2017,72004,ACS 2017 5-year B19013,available
GA,13067,Cobb County,2018,75153,ACS 2018 5-year B19013,available
GA,13067,Cobb County,2019,77932,ACS 2019 5-year B19013,available
GA,13067,Cobb County,2020,80830,ACS 2020 5-year B19013,available
GA,13067,Cobb County,2021,86013,ACS 2021 5-year B19013,available
GA,13067,Cobb County,2022,94244,ACS 2022 5-year B19013,available
GA,13067,Cobb County,2023,98712,ACS 2023 5-year B19013,available
GA,13067,Cobb County,2024,102738,ACS 2024 5-year B19013,available
GA,13069,Coffee County,2015,33965,ACS 2015 5-year B19013,available
GA,13069,Coffee County,2016,34536,ACS 2016 5-year B19013,available
GA,13069,Coffee County,2017,36572,ACS 2017 5-year B19013,available
GA,13069,Coffee County,2018,38266,ACS 2018 5-year B19013,available
GA,13069,Coffee County,2019,40859,ACS 2019 5-year B19013,available
GA,13069,Coffee County,2020,42526,ACS 2020 5-year B19013,available
GA,13069,Coffee County,2021,44450,ACS 2021 5-year B19013,available
GA,13069,Coffee County,2022,48398,ACS 2022 5-year B19013,available
GA,13069,Coffee County,2023,50175,ACS 2023 5-year B19013,available
GA,13069,Coffee County,2024,50683,ACS 2024 5-year B19013,available
GA,13071,Colquitt County,2015,32409,ACS 2015 5-year B19013,available
GA,13071,Colquitt County,2016,33968,ACS 2016 5-year B19013,available
GA,13071,Colquitt County,2017,34503,ACS 2017 5-year B19013,available
GA,13071,Colquitt County,2018,35472,ACS 2018 5-year B19013,available
GA,13071,Colquitt County,2019,36435,ACS 2019 5-year B19013,available
GA,13071,Colquitt County,2020,36799,ACS 2020 5-year B19013,available
GA,13071,Colquitt County,2021,41623,ACS 2021 5-year B19013,available
GA,13071,Colquitt County,2022,47235,ACS 2022 5-year B19013,available
GA,13071,Colquitt County,2023,49691,ACS 2023 5-year B19013,available
GA,13071,Colquitt County,2024,49341,ACS 2024 5-year B19013,available
GA,13073,Columbia County,2015,71021,ACS 2015 5-year B19013,available
GA,13073,Columbia County,2016,71962,ACS 2016 5-year B19013,available
GA,13073,Columbia County,2017,74162,ACS 2017 5-year B19013,available
GA,13073,Columbia County,2018,76938,ACS 2018 5-year B19013,available
GA,13073,Columbia County,2019,82339,ACS 2019 5-year B19013,available
GA,13073,Columbia County,2020,82251,ACS 2020 5-year B19013,available
GA,13073,Columbia County,2021,85928,ACS 2021 5-year B19013,available
GA,13073,Columbia County,2022,92571,ACS 2022 5-year B19013,available
GA,13073,Columbia County,2023,96122,ACS 2023 5-year B19013,available
GA,13073,Columbia County,2024,95592,ACS 2024 5-year B19013,available
GA,13075,Cook County,2015,35683,ACS 2015 5-year B19013,available
GA,13075,Cook County,2016,35199,ACS 2016 5-year B19013,available
GA,13075,Cook County,2017,35539,ACS 2017 5-year B19013,available
GA,13075,Cook County,2018,38408,ACS 2018 5-year B19013,available
GA,13075,Cook County,2019,41854,ACS 2019 5-year B19013,available
GA,13075,Cook County,2020,40943,ACS 2020 5-year B19013,available
GA,13075,Cook County,2021,45702,ACS 2021 5-year B19013,available
GA,13075,Cook County,2022,46706,ACS 2022 5-year B19013,available
GA,13075,Cook County,2023,50133,ACS 2023 5-year B19013,available
GA,13075,Cook County,2024,53651,ACS 2024 5-year B19013,available
GA,13077,Coweta County,2015,62461,ACS 2015 5-year B19013,available
GA,13077,Coweta County,2016,65244,ACS 2016 5-year B19013,available
GA,13077,Coweta County,2017,67570,ACS 2017 5-year B19013,available
GA,13077,Coweta County,2018,70717,ACS 2018 5-year B19013,available
GA,13077,Coweta County,2019,75913,ACS 2019 5-year B19013,available
GA,13077,Coweta County,2020,79795,ACS 2020 5-year B19013,available
GA,13077,Coweta County,2021,83486,ACS 2021 5-year B19013,available
GA,13077,Coweta County,2022,90031,ACS 2022 5-year B19013,available
GA,13077,Coweta County,2023,94142,ACS 2023 5-year B19013,available
GA,13077,Coweta County,2024,95548,ACS 2024 5-year B19013,available
GA,13079,Crawford County,2015,41825,ACS 2015 5-year B19013,available
GA,13079,Crawford County,2016,40459,ACS 2016 5-year B19013,available
GA,13079,Crawford County,2017,41032,ACS 2017 5-year B19013,available
GA,13079,Crawford County,2018,43257,ACS 2018 5-year B19013,available
GA,13079,Crawford County,2019,46283,ACS 2019 5-year B19013,available
GA,13079,Crawford County,2020,47917,ACS 2020 5-year B19013,available
GA,13079,Crawford County,2021,53132,ACS 2021 5-year B19013,available
GA,13079,Crawford County,2022,56948,ACS 2022 5-year B19013,available
GA,13079,Crawford County,2023,60905,ACS 2023 5-year B19013,available
GA,13079,Crawford County,2024,67116,ACS 2024 5-year B19013,available
GA,13081,Crisp County,2015,31615,ACS 2015 5-year B19013,available
GA,13081,Crisp County,2016,31672,ACS 2016 5-year B19013,available
GA,13081,Crisp County,2017,33194,ACS 2017 5-year B19013,available
GA,13081,Crisp County,2018,35096,ACS 2018 5-year B19013,available
GA,13081,Crisp County,2019,36042,ACS 2019 5-year B19013,available
GA,13081,Crisp County,2020,38272,ACS 2020 5-year B19013,available
GA,13081,Crisp County,2021,41605,ACS 2021 5-year B19013,available
GA,13081,Crisp County,2022,47463,ACS 2022 5-year B19013,available
GA,13081,Crisp County,2023,42745,ACS 2023 5-year B19013,available
GA,13081,Crisp County,2024,45105,ACS 2024 5-year B19013,available
GA,13083,Dade County,2015,46434,ACS 2015 5-year B19013,available
GA,13083,Dade County,2016,43463,ACS 2016 5-year B19013,available
GA,13083,Dade County,2017,43163,ACS 2017 5-year B19013,available
GA,13083,Dade County,2018,44471,ACS 2018 5-year B19013,available
GA,13083,Dade County,2019,42581,ACS 2019 5-year B19013,available
GA,13083,Dade County,2020,40384,ACS 2020 5-year B19013,available
GA,13083,Dade County,2021,47675,ACS 2021 5-year B19013,available
GA,13083,Dade County,2022,59531,ACS 2022 5-year B19013,available
GA,13083,Dade County,2023,58936,ACS 2023 5-year B19013,available
GA,13083,Dade County,2024,64568,ACS 2024 5-year B19013,available
GA,13085,Dawson County,2015,56943,ACS 2015 5-year B19013,available
GA,13085,Dawson County,2016,59265,ACS 2016 5-year B19013,available
GA,13085,Dawson County,2017,62284,ACS 2017 5-year B19013,available
GA,13085,Dawson County,2018,65805,ACS 2018 5-year B19013,available
GA,13085,Dawson County,2019,66281,ACS 2019 5-year B19013,available
GA,13085,Dawson County,2020,72260,ACS 2020 5-year B19013,available
GA,13085,Dawson County,2021,77630,ACS 2021 5-year B19013,available
GA,13085,Dawson County,2022,84516,ACS 2022 5-year B19013,available
GA,13085,Dawson County,2023,88986,ACS 2023 5-year B19013,available
GA,13085,Dawson County,2024,92991,ACS 2024 5-year B19013,available
GA,13087,Decatur County,2015,31284,ACS 2015 5-year B19013,available
GA,13087,Decatur County,2016,33514,ACS 2016 5-year B19013,available
GA,13087,Decatur County,2017,36934,ACS 2017 5-year B19013,available
GA,13087,Decatur County,2018,39148,ACS 2018 5-year B19013,available
GA,13087,Decatur County,2019,41481,ACS 2019 5-year B19013,available
GA,13087,Decatur County,2020,40567,ACS 2020 5-year B19013,available
GA,13087,Decatur County,2021,45134,ACS 2021 5-year B19013,available
GA,13087,Decatur County,2022,47383,ACS 2022 5-year B19013,available
GA,13087,Decatur County,2023,50485,ACS 2023 5-year B19013,available
GA,13087,Decatur County,2024,53317,ACS 2024 5-year B19013,available
GA,13089,DeKalb County,2015,51376,ACS 2015 5-year B19013,available
GA,13089,DeKalb County,2016,52623,ACS 2016 5-year B19013,available
GA,13089,DeKalb County,2017,55876,ACS 2017 5-year B19013,available
GA,13089,DeKalb County,2018,59280,ACS 2018 5-year B19013,available
GA,13089,DeKalb County,2019,62399,ACS 2019 5-year B19013,available
GA,13089,DeKalb County,2020,65116,ACS 2020 5-year B19013,available
GA,13089,DeKalb County,2021,69423,ACS 2021 5-year B19013,available
GA,13089,DeKalb County,2022,76044,ACS 2022 5-year B19013,available
GA,13089,DeKalb County,2023,77683,ACS 2023 5-year B19013,available
GA,13089,DeKalb County,2024,80644,ACS 2024 5-year B19013,available
GA,13091,Dodge County,2015,34271,ACS 2015 5-year B19013,available
GA,13091,Dodge County,2016,35544,ACS 2016 5-year B19013,available
GA,13091,Dodge County,2017,35290,ACS 2017 5-year B19013,available
GA,13091,Dodge County,2018,35757,ACS 2018 5-year B19013,available
GA,13091,Dodge County,2019,39302,ACS 2019 5-year B19013,available
GA,13091,Dodge County,2020,42211,ACS 2020 5-year B19013,available
GA,13091,Dodge County,2021,41362,ACS 2021 5-year B19013,available
GA,13091,Dodge County,2022,46091,ACS 2022 5-year B19013,available
GA,13091,Dodge County,2023,50152,ACS 2023 5-year B19013,available
GA,13091,Dodge County,2024,51587,ACS 2024 5-year B19013,available
GA,13093,Dooly County,2015,28696,ACS 2015 5-year B19013,available
GA,13093,Dooly County,2016,33319,ACS 2016 5-year B19013,available
GA,13093,Dooly County,2017,33389,ACS 2017 5-year B19013,available
GA,13093,Dooly County,2018,35629,ACS 2018 5-year B19013,available
GA,13093,Dooly County,2019,37340,ACS 2019 5-year B19013,available
GA,13093,Dooly County,2020,48039,ACS 2020 5-year B19013,available
GA,13093,Dooly County,2021,39641,ACS 2021 5-year B19013,available
GA,13093,Dooly County,2022,54109,ACS 2022 5-year B19013,available
GA,13093,Dooly County,2023,56545,ACS 2023 5-year B19013,available
GA,13093,Dooly County,2024,60987,ACS 2024 5-year B19013,available
GA,13095,Dougherty County,2015,32084,ACS 2015 5-year B19013,available
GA,13095,Dougherty County,2016,33605,ACS 2016 5-year B19013,available
GA,13095,Dougherty County,2017,34541,ACS 2017 5-year B19013,available
GA,13095,Dougherty County,2018,37633,ACS 2018 5-year B19013,available
GA,13095,Dougherty County,2019,39584,ACS 2019 5-year B19013,available
GA,13095,Dougherty County,2020,40947,ACS 2020 5-year B19013,available
GA,13095,Dougherty County,2021,42225,ACS 2021 5-year B19013,available
GA,13095,Dougherty County,2022,45640,ACS 2022 5-year B19013,available
GA,13095,Dougherty County,2023,46784,ACS 2023 5-year B19013,available
GA,13095,Dougherty County,2024,49044,ACS 2024 5-year B19013,available
GA,13097,Douglas County,2015,53881,ACS 2015 5-year B19013,available
GA,13097,Douglas County,2016,57384,ACS 2016 5-year B19013,available
GA,13097,Douglas County,2017,59333,ACS 2017 5-year B19013,available
GA,13097,Douglas County,2018,62147,ACS 2018 5-year B19013,available
GA,13097,Douglas County,2019,63835,ACS 2019 5-year B19013,available
GA,13097,Douglas County,2020,67651,ACS 2020 5-year B19013,available
GA,13097,Douglas County,2021,67731,ACS 2021 5-year B19013,available
GA,13097,Douglas County,2022,76930,ACS 2022 5-year B19013,available
GA,13097,Douglas County,2023,80764,ACS 2023 5-year B19013,available
GA,13097,Douglas County,2024,82984,ACS 2024 5-year B19013,available
GA,13099,Early County,2015,31680,ACS 2015 5-year B19013,available
GA,13099,Early County,2016,28599,ACS 2016 5-year B19013,available
GA,13099,Early County,2017,29493,ACS 2017 5-year B19013,available
GA,13099,Early County,2018,31567,ACS 2018 5-year B19013,available
GA,13099,Early County,2019,30640,ACS 2019 5-year B19013,available
GA,13099,Early County,2020,34811,ACS 2020 5-year B19013,available
GA,13099,Early County,2021,39665,ACS 2021 5-year B19013,available
GA,13099,Early County,2022,48355,ACS 2022 5-year B19013,available
GA,13099,Early County,2023,53750,ACS 2023 5-year B19013,available
GA,13099,Early County,2024,54083,ACS 2024 5-year B19013,available
GA,13101,Echols County,2015,32959,ACS 2015 5-year B19013,available
GA,13101,Echols County,2016,35354,ACS 2016 5-year B19013,available
GA,13101,Echols County,2017,34315,ACS 2017 5-year B19013,available
GA,13101,Echols County,2018,34447,ACS 2018 5-year B19013,available
GA,13101,Echols County,2019,39494,ACS 2019 5-year B19013,available
GA,13101,Echols County,2020,44454,ACS 2020 5-year B19013,available
GA,13101,Echols County,2021,45151,ACS 2021 5-year B19013,available
GA,13101,Echols County,2022,61184,ACS 2022 5-year B19013,available
GA,13101,Echols County,2023,61723,ACS 2023 5-year B19013,available
GA,13101,Echols County,2024,59489,ACS 2024 5-year B19013,available
GA,13103,Effingham County,2015,63100,ACS 2015 5-year B19013,available
GA,13103,Effingham County,2016,62820,ACS 2016 5-year B19013,available
GA,13103,Effingham County,2017,64279,ACS 2017 5-year B19013,available
GA,13103,Effingham County,2018,65153,ACS 2018 5-year B19013,available
GA,13103,Effingham County,2019,66822,ACS 2019 5-year B19013,available
GA,13103,Effingham County,2020,67050,ACS 2020 5-year B19013,available
GA,13103,Effingham County,2021,72279,ACS 2021 5-year B19013,available
GA,13103,Effingham County,2022,79474,ACS 2022 5-year B19013,available
GA,13103,Effingham County,2023,85465,ACS 2023 5-year B19013,available
GA,13103,Effingham County,2024,88438,ACS 2024 5-year B19013,available
GA,13105,Elbert County,2015,35388,ACS 2015 5-year B19013,available
GA,13105,Elbert County,2016,35739,ACS 2016 5-year B19013,available
GA,13105,Elbert County,2017,35207,ACS 2017 5-year B19013,available
GA,13105,Elbert County,2018,37943,ACS 2018 5-year B19013,available
GA,13105,Elbert County,2019,38678,ACS 2019 5-year B19013,available
GA,13105,Elbert County,2020,39323,ACS 2020 5-year B19013,available
GA,13105,Elbert County,2021,39904,ACS 2021 5-year B19013,available
GA,13105,Elbert County,2022,48190,ACS 2022 5-year B19013,available
GA,13105,Elbert County,2023,49727,ACS 2023 5-year B19013,available
GA,13105,Elbert County,2024,58450,ACS 2024 5-year B19013,available
GA,13107,Emanuel County,2015,32229,ACS 2015 5-year B19013,available
GA,13107,Emanuel County,2016,31522,ACS 2016 5-year B19013,available
GA,13107,Emanuel County,2017,33089,ACS 2017 5-year B19013,available
GA,13107,Emanuel County,2018,34946,ACS 2018 5-year B19013,available
GA,13107,Emanuel County,2019,37453,ACS 2019 5-year B19013,available
GA,13107,Emanuel County,2020,38423,ACS 2020 5-year B19013,available
GA,13107,Emanuel County,2021,42880,ACS 2021 5-year B19013,available
GA,13107,Emanuel County,2022,47905,ACS 2022 5-year B19013,available
GA,13107,Emanuel County,2023,50053,ACS 2023 5-year B19013,available
GA,13107,Emanuel County,2024,52772,ACS 2024 5-year B19013,available
GA,13109,Evans County,2015,37865,ACS 2015 5-year B19013,available
GA,13109,Evans County,2016,40594,ACS 2016 5-year B19013,available
GA,13109,Evans County,2017,38736,ACS 2017 5-year B19013,available
GA,13109,Evans County,2018,39701,ACS 2018 5-year B19013,available
GA,13109,Evans County,2019,42607,ACS 2019 5-year B19013,available
GA,13109,Evans County,2020,46392,ACS 2020 5-year B19013,available
GA,13109,Evans County,2021,49325,ACS 2021 5-year B19013,available
GA,13109,Evans County,2022,55222,ACS 2022 5-year B19013,available
GA,13109,Evans County,2023,53908,ACS 2023 5-year B19013,available
GA,13109,Evans County,2024,53259,ACS 2024 5-year B19013,available
GA,13111,Fannin County,2015,37049,ACS 2015 5-year B19013,available
GA,13111,Fannin County,2016,39011,ACS 2016 5-year B19013,available
GA,13111,Fannin County,2017,43344,ACS 2017 5-year B19013,available
GA,13111,Fannin County,2018,45647,ACS 2018 5-year B19013,available
GA,13111,Fannin County,2019,47997,ACS 2019 5-year B19013,available
GA,13111,Fannin County,2020,46028,ACS 2020 5-year B19013,available
GA,13111,Fannin County,2021,49810,ACS 2021 5-year B19013,available
GA,13111,Fannin County,2022,54857,ACS 2022 5-year B19013,available
GA,13111,Fannin County,2023,58073,ACS 2023 5-year B19013,available
GA,13111,Fannin County,2024,57073,ACS 2024 5-year B19013,available
GA,13113,Fayette County,2015,79066,ACS 2015 5-year B19013,available
GA,13113,Fayette County,2016,81689,ACS 2016 5-year B19013,available
GA,13113,Fayette County,2017,84861,ACS 2017 5-year B19013,available
GA,13113,Fayette County,2018,87272,ACS 2018 5-year B19013,available
GA,13113,Fayette County,2019,90145,ACS 2019 5-year B19013,available
GA,13113,Fayette County,2020,93777,ACS 2020 5-year B19013,available
GA,13113,Fayette County,2021,96084,ACS 2021 5-year B19013,available
GA,13113,Fayette County,2022,105910,ACS 2022 5-year B19013,available
GA,13113,Fayette County,2023,108986,ACS 2023 5-year B19013,available
GA,13113,Fayette County,2024,111978,ACS 2024 5-year B19013,available
GA,13115,Floyd County,2015,41549,ACS 2015 5-year B19013,available
GA,13115,Floyd County,2016,42955,ACS 2016 5-year B19013,available
GA,13115,Floyd County,2017,46096,ACS 2017 5-year B19013,available
GA,13115,Floyd County,2018,46367,ACS 2018 5-year B19013,available
GA,13115,Floyd County,2019,48336,ACS 2019 5-year B19013,available
GA,13115,Floyd County,2020,50657,ACS 2020 5-year B19013,available
GA,13115,Floyd County,2021,52388,ACS 2021 5-year B19013,available
GA,13115,Floyd County,2022,57868,ACS 2022 5-year B19013,available
GA,13115,Floyd County,2023,62540,ACS 2023 5-year B19013,available
GA,13115,Floyd County,2024,65565,ACS 2024 5-year B19013,available
GA,13117,Forsyth County,2015,88816,ACS 2015 5-year B19013,available
GA,13117,Forsyth County,2016,91842,ACS 2016 5-year B19013,available
GA,13117,Forsyth County,2017,96445,ACS 2017 5-year B19013,available
GA,13117,Forsyth County,2018,101743,ACS 2018 5-year B19013,available
GA,13117,Forsyth County,2019,107218,ACS 2019 5-year B19013,available
GA,13117,Forsyth County,2020,112834,ACS 2020 5-year B19013,available
GA,13117,Forsyth County,2021,120999,ACS 2021 5-year B19013,available
GA,13117,Forsyth County,2022,131660,ACS 2022 5-year B19013,available
GA,13117,Forsyth County,2023,138000,ACS 2023 5-year B19013,available
GA,13117,Forsyth County,2024,143784,ACS 2024 5-year B19013,available
GA,13119,Franklin County,2015,33816,ACS 2015 5-year B19013,available
GA,13119,Franklin County,2016,37298,ACS 2016 5-year B19013,available
GA,13119,Franklin County,2017,39246,ACS 2017 5-year B19013,available
GA,13119,Franklin County,2018,40198,ACS 2018 5-year B19013,available
GA,13119,Franklin County,2019,42488,ACS 2019 5-year B19013,available
GA,13119,Franklin County,2020,47821,ACS 2020 5-year B19013,available
GA,13119,Franklin County,2021,49636,ACS 2021 5-year B19013,available
GA,13119,Franklin County,2022,52597,ACS 2022 5-year B19013,available
GA,13119,Franklin County,2023,52264,ACS 2023 5-year B19013,available
GA,13119,Franklin County,2024,53046,ACS 2024 5-year B19013,available
GA,13121,Fulton County,2015,57207,ACS 2015 5-year B19013,available
GA,13121,Fulton County,2016,58851,ACS 2016 5-year B19013,available
GA,13121,Fulton County,2017,61336,ACS 2017 5-year B19013,available
GA,13121,Fulton County,2018,64787,ACS 2018 5-year B19013,available
GA,13121,Fulton County,2019,69673,ACS 2019 5-year B19013,available
GA,13121,Fulton County,2020,72741,ACS 2020 5-year B19013,available
GA,13121,Fulton County,2021,77635,ACS 2021 5-year B19013,available
GA,13121,Fulton County,2022,86267,ACS 2022 5-year B19013,available
GA,13121,Fulton County,2023,91490,ACS 2023 5-year B19013,available
GA,13121,Fulton County,2024,95292,ACS 2024 5-year B19013,available
GA,13123,Gilmer County,2015,40228,ACS 2015 5-year B19013,available
GA,13123,Gilmer County,2016,43775,ACS 2016 5-year B19013,available
GA,13123,Gilmer County,2017,46211,ACS 2017 5-year B19013,available
GA,13123,Gilmer County,2018,49389,ACS 2018 5-year B19013,available
GA,13123,Gilmer County,2019,52625,ACS 2019 5-year B19013,available
GA,13123,Gilmer County,2020,57376,ACS 2020 5-year B19013,available
GA,13123,Gilmer County,2021,60504,ACS 2021 5-year B19013,available
GA,13123,Gilmer County,2022,70334,ACS 2022 5-year B19013,available
GA,13123,Gilmer County,2023,72542,ACS 2023 5-year B19013,available
GA,13123,Gilmer County,2024,74499,ACS 2024 5-year B19013,available
GA,13125,Glascock County,2015,40759,ACS 2015 5-year B19013,available
GA,13125,Glascock County,2016,43884,ACS 2016 5-year B19013,available
GA,13125,Glascock County,2017,45273,ACS 2017 5-year B19013,available
GA,13125,Glascock County,2018,41686,ACS 2018 5-year B19013,available
GA,13125,Glascock County,2019,45000,ACS 2019 5-year B19013,available
GA,13125,Glascock County,2020,46500,ACS 2020 5-year B19013,available
GA,13125,Glascock County,2021,53125,ACS 2021 5-year B19013,available
GA,13125,Glascock County,2022,60469,ACS 2022 5-year B19013,available
GA,13125,Glascock County,2023,55250,ACS 2023 5-year B19013,available
GA,13125,Glascock County,2024,54934,ACS 2024 5-year B19013,available
GA,13127,Glynn County,2015,45918,ACS 2015 5-year B19013,available
GA,13127,Glynn County,2016,46475,ACS 2016 5-year B19013,available
GA,13127,Glynn County,2017,47546,ACS 2017 5-year B19013,available
GA,13127,Glynn County,2018,50672,ACS 2018 5-year B19013,available
GA,13127,Glynn County,2019,52977,ACS 2019 5-year B19013,available
GA,13127,Glynn County,2020,56952,ACS 2020 5-year B19013,available
GA,13127,Glynn County,2021,60775,ACS 2021 5-year B19013,available
GA,13127,Glynn County,2022,65970,ACS 2022 5-year B19013,available
GA,13127,Glynn County,2023,68546,ACS 2023 5-year B19013,available
GA,13127,Glynn County,2024,69799,ACS 2024 5-year B19013,available
GA,13129,Gordon County,2015,41612,ACS 2015 5-year B19013,available
GA,13129,Gordon County,2016,41390,ACS 2016 5-year B19013,available
GA,13129,Gordon County,2017,43452,ACS 2017 5-year B19013,available
GA,13129,Gordon County,2018,44313,ACS 2018 5-year B19013,available
GA,13129,Gordon County,2019,45865,ACS 2019 5-year B19013,available
GA,13129,Gordon County,2020,48662,ACS 2020 5-year B19013,available
GA,13129,Gordon County,2021,50520,ACS 2021 5-year B19013,available
GA,13129,Gordon County,2022,57555,ACS 2022 5-year B19013,available
GA,13129,Gordon County,2023,61997,ACS 2023 5-year B19013,available
GA,13129,Gordon County,2024,63650,ACS 2024 5-year B19013,available
GA,13131,Grady County,2015,34187,ACS 2015 5-year B19013,available
GA,13131,Grady County,2016,35518,ACS 2016 5-year B19013,available
GA,13131,Grady County,2017,39462,ACS 2017 5-year B19013,available
GA,13131,Grady County,2018,42348,ACS 2018 5-year B19013,available
GA,13131,Grady County,2019,43531,ACS 2019 5-year B19013,available
GA,13131,Grady County,2020,48047,ACS 2020 5-year B19013,available
GA,13131,Grady County,2021,47721,ACS 2021 5-year B19013,available
GA,13131,Grady County,2022,51929,ACS 2022 5-year B19013,available
GA,13131,Grady County,2023,54312,ACS 2023 5-year B19013,available
GA,13131,Grady County,2024,58980,ACS 2024 5-year B19013,available
GA,13133,Greene County,2015,42408,ACS 2015 5-year B19013,available
GA,13133,Greene County,2016,44299,ACS 2016 5-year B19013,available
GA,13133,Greene County,2017,45069,ACS 2017 5-year B19013,available
GA,13133,Greene County,2018,49755,ACS 2018 5-year B19013,available
GA,13133,Greene County,2019,52129,ACS 2019 5-year B19013,available
GA,13133,Greene County,2020,57880,ACS 2020 5-year B19013,available
GA,13133,Greene County,2021,65759,ACS 2021 5-year B19013,available
GA,13133,Greene County,2022,77527,ACS 2022 5-year B19013,available
GA,13133,Greene County,2023,84530,ACS 2023 5-year B19013,available
GA,13133,Greene County,2024,86272,ACS 2024 5-year B19013,available
GA,13135,Gwinnett County,2015,60289,ACS 2015 5-year B19013,available
GA,13135,Gwinnett County,2016,61865,ACS 2016 5-year B19013,available
GA,13135,Gwinnett County,2017,64496,ACS 2017 5-year B19013,available
GA,13135,Gwinnett County,2018,67769,ACS 2018 5-year B19013,available
GA,13135,Gwinnett County,2019,71026,ACS 2019 5-year B19013,available
GA,13135,Gwinnett County,2020,72787,ACS 2020 5-year B19013,available
GA,13135,Gwinnett County,2021,75853,ACS 2021 5-year B19013,available
GA,13135,Gwinnett County,2022,82296,ACS 2022 5-year B19013,available
GA,13135,Gwinnett County,2023,84823,ACS 2023 5-year B19013,available
GA,13135,Gwinnett County,2024,87890,ACS 2024 5-year B19013,available
GA,13137,Habersham County,2015,40907,ACS 2015 5-year B19013,available
GA,13137,Habersham County,2016,41600,ACS 2016 5-year B19013,available
GA,13137,Habersham County,2017,44474,ACS 2017 5-year B19013,available
GA,13137,Habersham County,2018,49140,ACS 2018 5-year B19013,available
GA,13137,Habersham County,2019,50563,ACS 2019 5-year B19013,available
GA,13137,Habersham County,2020,54147,ACS 2020 5-year B19013,available
GA,13137,Habersham County,2021,56680,ACS 2021 5-year B19013,available
GA,13137,Habersham County,2022,61292,ACS 2022 5-year B19013,available
GA,13137,Habersham County,2023,65622,ACS 2023 5-year B19013,available
GA,13137,Habersham County,2024,67309,ACS 2024 5-year B19013,available
GA,13139,Hall County,2015,51202,ACS 2015 5-year B19013,available
GA,13139,Hall County,2016,51902,ACS 2016 5-year B19013,available
GA,13139,Hall County,2017,55622,ACS 2017 5-year B19013,available
GA,13139,Hall County,2018,59898,ACS 2018 5-year B19013,available
GA,13139,Hall County,2019,62984,ACS 2019 5-year B19013,available
GA,13139,Hall County,2020,63651,ACS 2020 5-year B19013,available
GA,13139,Hall County,2021,67571,ACS 2021 5-year B19013,available
GA,13139,Hall County,2022,74153,ACS 2022 5-year B19013,available
GA,13139,Hall County,2023,77430,ACS 2023 5-year B19013,available
GA,13139,Hall County,2024,80901,ACS 2024 5-year B19013,available
GA,13141,Hancock County,2015,24925,ACS 2015 5-year B19013,available
GA,13141,Hancock County,2016,26386,ACS 2016 5-year B19013,available
GA,13141,Hancock County,2017,29268,ACS 2017 5-year B19013,available
GA,13141,Hancock County,2018,31984,ACS 2018 5-year B19013,available
GA,13141,Hancock County,2019,31860,ACS 2019 5-year B19013,available
GA,13141,Hancock County,2020,32914,ACS 2020 5-year B19013,available
GA,13141,Hancock County,2021,33946,ACS 2021 5-year B19013,available
GA,13141,Hancock County,2022,31767,ACS 2022 5-year B19013,available
GA,13141,Hancock County,2023,33182,ACS 2023 5-year B19013,available
GA,13141,Hancock County,2024,40082,ACS 2024 5-year B19013,available
GA,13143,Haralson County,2015,41910,ACS 2015 5-year B19013,available
GA,13143,Haralson County,2016,42281,ACS 2016 5-year B19013,available
GA,13143,Haralson County,2017,43663,ACS 2017 5-year B19013,available
GA,13143,Haralson County,2018,46353,ACS 2018 5-year B19013,available
GA,13143,Haralson County,2019,48550,ACS 2019 5-year B19013,available
GA,13143,Haralson County,2020,52021,ACS 2020 5-year B19013,available
GA,13143,Haralson County,2021,57752,ACS 2021 5-year B19013,available
GA,13143,Haralson County,2022,65940,ACS 2022 5-year B19013,available
GA,13143,Haralson County,2023,65016,ACS 2023 5-year B19013,available
GA,13143,Haralson County,2024,72127,ACS 2024 5-year B19013,available
GA,13145,Harris County,2015,63824,ACS 2015 5-year B19013,available
GA,13145,Harris County,2016,65336,ACS 2016 5-year B19013,available
GA,13145,Harris County,2017,69539,ACS 2017 5-year B19013,available
GA,13145,Harris County,2018,74261,ACS 2018 5-year B19013,available
GA,13145,Harris County,2019,76319,ACS 2019 5-year B19013,available
GA,13145,Harris County,2020,79860,ACS 2020 5-year B19013,available
GA,13145,Harris County,2021,82244,ACS 2021 5-year B19013,available
GA,13145,Harris County,2022,85936,ACS 2022 5-year B19013,available
GA,13145,Harris County,2023,89184,ACS 2023 5-year B19013,available
GA,13145,Harris County,2024,97302,ACS 2024 5-year B19013,available
GA,13147,Hart County,2015,37653,ACS 2015 5-year B19013,available
GA,13147,Hart County,2016,37983,ACS 2016 5-year B19013,available
GA,13147,Hart County,2017,41216,ACS 2017 5-year B19013,available
GA,13147,Hart County,2018,41358,ACS 2018 5-year B19013,available
GA,13147,Hart County,2019,43204,ACS 2019 5-year B19013,available
GA,13147,Hart County,2020,45874,ACS 2020 5-year B19013,available
GA,13147,Hart County,2021,54506,ACS 2021 5-year B19013,available
GA,13147,Hart County,2022,61765,ACS 2022 5-year B19013,available
GA,13147,Hart County,2023,57241,ACS 2023 5-year B19013,available
GA,13147,Hart County,2024,59385,ACS 2024 5-year B19013,available
GA,13149,Heard County,2015,41525,ACS 2015 5-year B19013,available
GA,13149,Heard County,2016,44185,ACS 2016 5-year B19013,available
GA,13149,Heard County,2017,44897,ACS 2017 5-year B19013,available
GA,13149,Heard County,2018,48094,ACS 2018 5-year B19013,available
GA,13149,Heard County,2019,51358,ACS 2019 5-year B19013,available
GA,13149,Heard County,2020,50583,ACS 2020 5-year B19013,available
GA,13149,Heard County,2021,55635,ACS 2021 5-year B19013,available
GA,13149,Heard County,2022,62965,ACS 2022 5-year B19013,available
GA,13149,Heard County,2023,62907,ACS 2023 5-year B19013,available
GA,13149,Heard County,2024,65868,ACS 2024 5-year B19013,available
GA,13151,Henry County,2015,60424,ACS 2015 5-year B19013,available
GA,13151,Henry County,2016,62561,ACS 2016 5-year B19013,available
GA,13151,Henry County,2017,64752,ACS 2017 5-year B19013,available
GA,13151,Henry County,2018,68609,ACS 2018 5-year B19013,available
GA,13151,Henry County,2019,71288,ACS 2019 5-year B19013,available
GA,13151,Henry County,2020,71110,ACS 2020 5-year B19013,available
GA,13151,Henry County,2021,73491,ACS 2021 5-year B19013,available
GA,13151,Henry County,2022,79663,ACS 2022 5-year B19013,available
GA,13151,Henry County,2023,81612,ACS 2023 5-year B19013,available
GA,13151,Henry County,2024,83146,ACS 2024 5-year B19013,available
GA,13153,Houston County,2015,53270,ACS 2015 5-year B19013,available
GA,13153,Houston County,2016,55480,ACS 2016 5-year B19013,available
GA,13153,Houston County,2017,55965,ACS 2017 5-year B19013,available
GA,13153,Houston County,2018,58770,ACS 2018 5-year B19013,available
GA,13153,Houston County,2019,61723,ACS 2019 5-year B19013,available
GA,13153,Houston County,2020,65870,ACS 2020 5-year B19013,available
GA,13153,Houston County,2021,70313,ACS 2021 5-year B19013,available
GA,13153,Houston County,2022,76968,ACS 2022 5-year B19013,available
GA,13153,Houston County,2023,80743,ACS 2023 5-year B19013,available
GA,13153,Houston County,2024,80698,ACS 2024 5-year B19013,available
GA,13155,Irwin County,2015,34156,ACS 2015 5-year B19013,available
GA,13155,Irwin County,2016,29846,ACS 2016 5-year B19013,available
GA,13155,Irwin County,2017,34677,ACS 2017 5-year B19013,available
GA,13155,Irwin County,2018,32339,ACS 2018 5-year B19013,available
GA,13155,Irwin County,2019,37736,ACS 2019 5-year B19013,available
GA,13155,Irwin County,2020,41484,ACS 2020 5-year B19013,available
GA,13155,Irwin County,2021,42312,ACS 2021 5-year B19013,available
GA,13155,Irwin County,2022,46383,ACS 2022 5-year B19013,available
GA,13155,Irwin County,2023,53915,ACS 2023 5-year B19013,available
GA,13155,Irwin County,2024,51384,ACS 2024 5-year B19013,available
GA,13157,Jackson County,2015,53379,ACS 2015 5-year B19013,available
GA,13157,Jackson County,2016,54246,ACS 2016 5-year B19013,available
GA,13157,Jackson County,2017,57999,ACS 2017 5-year B19013,available
GA,13157,Jackson County,2018,62495,ACS 2018 5-year B19013,available
GA,13157,Jackson County,2019,65385,ACS 2019 5-year B19013,available
GA,13157,Jackson County,2020,68307,ACS 2020 5-year B19013,available
GA,13157,Jackson County,2021,73455,ACS 2021 5-year B19013,available
GA,13157,Jackson County,2022,82056,ACS 2022 5-year B19013,available
GA,13157,Jackson County,2023,85012,ACS 2023 5-year B19013,available
GA,13157,Jackson County,2024,89544,ACS 2024 5-year B19013,available
GA,13159,Jasper County,2015,42368,ACS 2015 5-year B19013,available
GA,13159,Jasper County,2016,41434,ACS 2016 5-year B19013,available
GA,13159,Jasper County,2017,42067,ACS 2017 5-year B19013,available
GA,13159,Jasper County,2018,43284,ACS 2018 5-year B19013,available
GA,13159,Jasper County,2019,51250,ACS 2019 5-year B19013,available
GA,13159,Jasper County,2020,52409,ACS 2020 5-year B19013,available
GA,13159,Jasper County,2021,52322,ACS 2021 5-year B19013,available
GA,13159,Jasper County,2022,57374,ACS 2022 5-year B19013,available
GA,13159,Jasper County,2023,59574,ACS 2023 5-year B19013,available
GA,13159,Jasper County,2024,60134,ACS 2024 5-year B19013,available
GA,13161,Jeff Davis County,2015,36385,ACS 2015 5-year B19013,available
GA,13161,Jeff Davis County,2016,36566,ACS 2016 5-year B19013,available
GA,13161,Jeff Davis County,2017,37267,ACS 2017 5-year B19013,available
GA,13161,Jeff Davis County,2018,36531,ACS 2018 5-year B19013,available
GA,13161,Jeff Davis County,2019,36669,ACS 2019 5-year B19013,available
GA,13161,Jeff Davis County,2020,36987,ACS 2020 5-year B19013,available
GA,13161,Jeff Davis County,2021,39668,ACS 2021 5-year B19013,available
GA,13161,Jeff Davis County,2022,41780,ACS 2022 5-year B19013,available
GA,13161,Jeff Davis County,2023,40879,ACS 2023 5-year B19013,available
GA,13161,Jeff Davis County,2024,40283,ACS 2024 5-year B19013,available
GA,13163,Jefferson County,2015,26557,ACS 2015 5-year B19013,available
GA,13163,Jefferson County,2016,28417,ACS 2016 5-year B19013,available
GA,13163,Jefferson County,2017,29640,ACS 2017 5-year B19013,available
GA,13163,Jefferson County,2018,34300,ACS 2018 5-year B19013,available
GA,13163,Jefferson County,2019,33944,ACS 2019 5-year B19013,available
GA,13163,Jefferson County,2020,37009,ACS 2020 5-year B19013,available
GA,13163,Jefferson County,2021,42238,ACS 2021 5-year B19013,available
GA,13163,Jefferson County,2022,46865,ACS 2022 5-year B19013,available
GA,13163,Jefferson County,2023,46561,ACS 2023 5-year B19013,available
GA,13163,Jefferson County,2024,53014,ACS 2024 5-year B19013,available
GA,13165,Jenkins County,2015,24604,ACS 2015 5-year B19013,available
GA,13165,Jenkins County,2016,27398,ACS 2016 5-year B19013,available
GA,13165,Jenkins County,2017,27197,ACS 2017 5-year B19013,available
GA,13165,Jenkins County,2018,27311,ACS 2018 5-year B19013,available
GA,13165,Jenkins County,2019,27375,ACS 2019 5-year B19013,available
GA,13165,Jenkins County,2020,25712,ACS 2020 5-year B19013,available
GA,13165,Jenkins County,2021,29061,ACS 2021 5-year B19013,available
GA,13165,Jenkins County,2022,31463,ACS 2022 5-year B19013,available
GA,13165,Jenkins County,2023,36906,ACS 2023 5-year B19013,available
GA,13165,Jenkins County,2024,44389,ACS 2024 5-year B19013,available
GA,13167,Johnson County,2015,34438,ACS 2015 5-year B19013,available
GA,13167,Johnson County,2016,32685,ACS 2016 5-year B19013,available
GA,13167,Johnson County,2017,36423,ACS 2017 5-year B19013,available
GA,13167,Johnson County,2018,39813,ACS 2018 5-year B19013,available
GA,13167,Johnson County,2019,42446,ACS 2019 5-year B19013,available
GA,13167,Johnson County,2020,42421,ACS 2020 5-year B19013,available
GA,13167,Johnson County,2021,46292,ACS 2021 5-year B19013,available
GA,13167,Johnson County,2022,47796,ACS 2022 5-year B19013,available
GA,13167,Johnson County,2023,54183,ACS 2023 5-year B19013,available
GA,13167,Johnson County,2024,51028,ACS 2024 5-year B19013,available
GA,13169,Jones County,2015,51857,ACS 2015 5-year B19013,available
GA,13169,Jones County,2016,54020,ACS 2016 5-year B19013,available
GA,13169,Jones County,2017,55110,ACS 2017 5-year B19013,available
GA,13169,Jones County,2018,53155,ACS 2018 5-year B19013,available
GA,13169,Jones County,2019,56020,ACS 2019 5-year B19013,available
GA,13169,Jones County,2020,63046,ACS 2020 5-year B19013,available
GA,13169,Jones County,2021,61701,ACS 2021 5-year B19013,available
GA,13169,Jones County,2022,66288,ACS 2022 5-year B19013,available
GA,13169,Jones County,2023,68259,ACS 2023 5-year B19013,available
GA,13169,Jones County,2024,75500,ACS 2024 5-year B19013,available
GA,13171,Lamar County,2015,40344,ACS 2015 5-year B19013,available
GA,13171,Lamar County,2016,40364,ACS 2016 5-year B19013,available
GA,13171,Lamar County,2017,41157,ACS 2017 5-year B19013,available
GA,13171,Lamar County,2018,41464,ACS 2018 5-year B19013,available
GA,13171,Lamar County,2019,44846,ACS 2019 5-year B19013,available
GA,13171,Lamar County,2020,50088,ACS 2020 5-year B19013,available
GA,13171,Lamar County,2021,53802,ACS 2021 5-year B19013,available
GA,13171,Lamar County,2022,64966,ACS 2022 5-year B19013,available
GA,13171,Lamar County,2023,68457,ACS 2023 5-year B19013,available
GA,13171,Lamar County,2024,67062,ACS 2024 5-year B19013,available
GA,13173,Lanier County,2015,37605,ACS 2015 5-year B19013,available
GA,13173,Lanier County,2016,31682,ACS 2016 5-year B19013,available
GA,13173,Lanier County,2017,31109,ACS 2017 5-year B19013,available
GA,13173,Lanier County,2018,39104,ACS 2018 5-year B19013,available
GA,13173,Lanier County,2019,40986,ACS 2019 5-year B19013,available
GA,13173,Lanier County,2020,32158,ACS 2020 5-year B19013,available
GA,13173,Lanier County,2021,33956,ACS 2021 5-year B19013,available
GA,13173,Lanier County,2022,39971,ACS 2022 5-year B19013,available
GA,13173,Lanier County,2023,44361,ACS 2023 5-year B19013,available
GA,13173,Lanier County,2024,47186,ACS 2024 5-year B19013,available
GA,13175,Laurens County,2015,32356,ACS 2015 5-year B19013,available
GA,13175,Laurens County,2016,33632,ACS 2016 5-year B19013,available
GA,13175,Laurens County,2017,35202,ACS 2017 5-year B19013,available
GA,13175,Laurens County,2018,37369,ACS 2018 5-year B19013,available
GA,13175,Laurens County,2019,39120,ACS 2019 5-year B19013,available
GA,13175,Laurens County,2020,39476,ACS 2020 5-year B19013,available
GA,13175,Laurens County,2021,42315,ACS 2021 5-year B19013,available
GA,13175,Laurens County,2022,46776,ACS 2022 5-year B19013,available
GA,13175,Laurens County,2023,49705,ACS 2023 5-year B19013,available
GA,13175,Laurens County,2024,55010,ACS 2024 5-year B19013,available
GA,13177,Lee County,2015,61537,ACS 2015 5-year B19013,available
GA,13177,Lee County,2016,62797,ACS 2016 5-year B19013,available
GA,13177,Lee County,2017,65018,ACS 2017 5-year B19013,available
GA,13177,Lee County,2018,65420,ACS 2018 5-year B19013,available
GA,13177,Lee County,2019,69280,ACS 2019 5-year B19013,available
GA,13177,Lee County,2020,68338,ACS 2020 5-year B19013,available
GA,13177,Lee County,2021,74935,ACS 2021 5-year B19013,available
GA,13177,Lee County,2022,83632,ACS 2022 5-year B19013,available
GA,13177,Lee County,2023,88024,ACS 2023 5-year B19013,available
GA,13177,Lee County,2024,89168,ACS 2024 5-year B19013,available
GA,13179,Liberty County,2015,42201,ACS 2015 5-year B19013,available
GA,13179,Liberty County,2016,42484,ACS 2016 5-year B19013,available
GA,13179,Liberty County,2017,43493,ACS 2017 5-year B19013,available
GA,13179,Liberty County,2018,45959,ACS 2018 5-year B19013,available
GA,13179,Liberty County,2019,48007,ACS 2019 5-year B19013,available
GA,13179,Liberty County,2020,50411,ACS 2020 5-year B19013,available
GA,13179,Liberty County,2021,50617,ACS 2021 5-year B19013,available
GA,13179,Liberty County,2022,55149,ACS 2022 5-year B19013,available
GA,13179,Liberty County,2023,59013,ACS 2023 5-year B19013,available
GA,13179,Liberty County,2024,60456,ACS 2024 5-year B19013,available
GA,13181,Lincoln County,2015,34243,ACS 2015 5-year B19013,available
GA,13181,Lincoln County,2016,34720,ACS 2016 5-year B19013,available
GA,13181,Lincoln County,2017,37711,ACS 2017 5-year B19013,available
GA,13181,Lincoln County,2018,41014,ACS 2018 5-year B19013,available
GA,13181,Lincoln County,2019,39742,ACS 2019 5-year B19013,available
GA,13181,Lincoln County,2020,42036,ACS 2020 5-year B19013,available
GA,13181,Lincoln County,2021,44087,ACS 2021 5-year B19013,available
GA,13181,Lincoln County,2022,50754,ACS 2022 5-year B19013,available
GA,13181,Lincoln County,2023,50688,ACS 2023 5-year B19013,available
GA,13181,Lincoln County,2024,56907,ACS 2024 5-year B19013,available
GA,13183,Long County,2015,48863,ACS 2015 5-year B19013,available
GA,13183,Long County,2016,50848,ACS 2016 5-year B19013,available
GA,13183,Long County,2017,53083,ACS 2017 5-year B19013,available
GA,13183,Long County,2018,55439,ACS 2018 5-year B19013,available
GA,13183,Long County,2019,54605,ACS 2019 5-year B19013,available
GA,13183,Long County,2020,52099,ACS 2020 5-year B19013,available
GA,13183,Long County,2021,52742,ACS 2021 5-year B19013,available
GA,13183,Long County,2022,56819,ACS 2022 5-year B19013,available
GA,13183,Long County,2023,64747,ACS 2023 5-year B19013,available
GA,13183,Long County,2024,68808,ACS 2024 5-year B19013,available
GA,13185,Lowndes County,2015,36834,ACS 2015 5-year B19013,available
GA,13185,Lowndes County,2016,38915,ACS 2016 5-year B19013,available
GA,13185,Lowndes County,2017,39911,ACS 2017 5-year B19013,available
GA,13185,Lowndes County,2018,41390,ACS 2018 5-year B19013,available
GA,13185,Lowndes County,2019,42441,ACS 2019 5-year B19013,available
GA,13185,Lowndes County,2020,46113,ACS 2020 5-year B19013,available
GA,13185,Lowndes County,2021,48703,ACS 2021 5-year B19013,available
GA,13185,Lowndes County,2022,52821,ACS 2022 5-year B19013,available
GA,13185,Lowndes County,2023,55887,ACS 2023 5-year B19013,available
GA,13185,Lowndes County,2024,58541,ACS 2024 5-year B19013,available
GA,13187,Lumpkin County,2015,43804,ACS 2015 5-year B19013,available
GA,13187,Lumpkin County,2016,40634,ACS 2016 5-year B19013,available
GA,13187,Lumpkin County,2017,43039,ACS 2017 5-year B19013,available
GA,13187,Lumpkin County,2018,47488,ACS 2018 5-year B19013,available
GA,13187,Lumpkin County,2019,51790,ACS 2019 5-year B19013,available
GA,13187,Lumpkin County,2020,52872,ACS 2020 5-year B19013,available
GA,13187,Lumpkin County,2021,64179,ACS 2021 5-year B19013,available
GA,13187,Lumpkin County,2022,67592,ACS 2022 5-year B19013,available
GA,13187,Lumpkin County,2023,72388,ACS 2023 5-year B19013,available
GA,13187,Lumpkin County,2024,77448,ACS 2024 5-year B19013,available
GA,13189,McDuffie County,2015,36656,ACS 2015 5-year B19013,available
GA,13189,McDuffie County,2016,37021,ACS 2016 5-year B19013,available
GA,13189,McDuffie County,2017,40469,ACS 2017 5-year B19013,available
GA,13189,McDuffie County,2018,39199,ACS 2018 5-year B19013,available
GA,13189,McDuffie County,2019,43468,ACS 2019 5-year B19013,available
GA,13189,McDuffie County,2020,47327,ACS 2020 5-year B19013,available
GA,13189,McDuffie County,2021,50721,ACS 2021 5-year B19013,available
GA,13189,McDuffie County,2022,54752,ACS 2022 5-year B19013,available
GA,13189,McDuffie County,2023,54058,ACS 2023 5-year B19013,available
GA,13189,McDuffie County,2024,56733,ACS 2024 5-year B19013,available
GA,13191,McIntosh County,2015,42988,ACS 2015 5-year B19013,available
GA,13191,McIntosh County,2016,45248,ACS 2016 5-year B19013,available
GA,13191,McIntosh County,2017,43285,ACS 2017 5-year B19013,available
GA,13191,McIntosh County,2018,47114,ACS 2018 5-year B19013,available
GA,13191,McIntosh County,2019,49504,ACS 2019 5-year B19013,available
GA,13191,McIntosh County,2020,56262,ACS 2020 5-year B19013,available
GA,13191,McIntosh County,2021,49951,ACS 2021 5-year B19013,available
GA,13191,McIntosh County,2022,51262,ACS 2022 5-year B19013,available
GA,13191,McIntosh County,2023,50348,ACS 2023 5-year B19013,available
GA,13191,McIntosh County,2024,50273,ACS 2024 5-year B19013,available
GA,13193,Macon County,2015,28684,ACS 2015 5-year B19013,available
GA,13193,Macon County,2016,28285,ACS 2016 5-year B19013,available
GA,13193,Macon County,2017,30851,ACS 2017 5-year B19013,available
GA,13193,Macon County,2018,31999,ACS 2018 5-year B19013,available
GA,13193,Macon County,2019,32161,ACS 2019 5-year B19013,available
GA,13193,Macon County,2020,31910,ACS 2020 5-year B19013,available
GA,13193,Macon County,2021,33163,ACS 2021 5-year B19013,available
GA,13193,Macon County,2022,33960,ACS 2022 5-year B19013,available
GA,13193,Macon County,2023,37177,ACS 2023 5-year B19013,available
GA,13193,Macon County,2024,41031,ACS 2024 5-year B19013,available
GA,13195,Madison County,2015,41912,ACS 2015 5-year B19013,available
GA,13195,Madison County,2016,45063,ACS 2016 5-year B19013,available
GA,13195,Madison County,2017,47653,ACS 2017 5-year B19013,available
GA,13195,Madison County,2018,51701,ACS 2018 5-year B19013,available
GA,13195,Madison County,2019,52500,ACS 2019 5-year B19013,available
GA,13195,Madison County,2020,51142,ACS 2020 5-year B19013,available
GA,13195,Madison County,2021,51854,ACS 2021 5-year B19013,available
GA,13195,Madison County,2022,53626,ACS 2022 5-year B19013,available
GA,13195,Madison County,2023,58784,ACS 2023 5-year B19013,available
GA,13195,Madison County,2024,61963,ACS 2024 5-year B19013,available
GA,13197,Marion County,2015,36242,ACS 2015 5-year B19013,available
GA,13197,Marion County,2016,35484,ACS 2016 5-year B19013,available
GA,13197,Marion County,2017,39015,ACS 2017 5-year B19013,available
GA,13197,Marion County,2018,44309,ACS 2018 5-year B19013,available
GA,13197,Marion County,2019,44643,ACS 2019 5-year B19013,available
GA,13197,Marion County,2020,52450,ACS 2020 5-year B19013,available
GA,13197,Marion County,2021,47250,ACS 2021 5-year B19013,available
GA,13197,Marion County,2022,48836,ACS 2022 5-year B19013,available
GA,13197,Marion County,2023,50484,ACS 2023 5-year B19013,available
GA,13197,Marion County,2024,51667,ACS 2024 5-year B19013,available
GA,13199,Meriwether County,2015,35832,ACS 2015 5-year B19013,available
GA,13199,Meriwether County,2016,34989,ACS 2016 5-year B19013,available
GA,13199,Meriwether County,2017,36368,ACS 2017 5-year B19013,available
GA,13199,Meriwether County,2018,36351,ACS 2018 5-year B19013,available
GA,13199,Meriwether County,2019,37121,ACS 2019 5-year B19013,available
GA,13199,Meriwether County,2020,40769,ACS 2020 5-year B19013,available
GA,13199,Meriwether County,2021,46789,ACS 2021 5-year B19013,available
GA,13199,Meriwether County,2022,52392,ACS 2022 5-year B19013,available
GA,13199,Meriwether County,2023,56458,ACS 2023 5-year B19013,available
GA,13199,Meriwether County,2024,57340,ACS 2024 5-year B19013,available
GA,13201,Miller County,2015,33983,ACS 2015 5-year B19013,available
GA,13201,Miller County,2016,36463,ACS 2016 5-year B19013,available
GA,13201,Miller County,2017,37255,ACS 2017 5-year B19013,available
GA,13201,Miller County,2018,42927,ACS 2018 5-year B19013,available
GA,13201,Miller County,2019,44542,ACS 2019 5-year B19013,available
GA,13201,Miller County,2020,49771,ACS 2020 5-year B19013,available
GA,13201,Miller County,2021,51983,ACS 2021 5-year B19013,available
GA,13201,Miller County,2022,52132,ACS 2022 5-year B19013,available
GA,13201,Miller County,2023,58407,ACS 2023 5-year B19013,available
GA,13201,Miller County,2024,51425,ACS 2024 5-year B19013,available
GA,13205,Mitchell County,2015,31915,ACS 2015 5-year B19013,available
GA,13205,Mitchell County,2016,31111,ACS 2016 5-year B19013,available
GA,13205,Mitchell County,2017,34122,ACS 2017 5-year B19013,available
GA,13205,Mitchell County,2018,37027,ACS 2018 5-year B19013,available
GA,13205,Mitchell County,2019,38116,ACS 2019 5-year B19013,available
GA,13205,Mitchell County,2020,39404,ACS 2020 5-year B19013,available
GA,13205,Mitchell County,2021,43427,ACS 2021 5-year B19013,available
GA,13205,Mitchell County,2022,45966,ACS 2022 5-year B19013,available
GA,13205,Mitchell County,2023,51908,ACS 2023 5-year B19013,available
GA,13205,Mitchell County,2024,57613,ACS 2024 5-year B19013,available
GA,13207,Monroe County,2015,48744,ACS 2015 5-year B19013,available
GA,13207,Monroe County,2016,50625,ACS 2016 5-year B19013,available
GA,13207,Monroe County,2017,50666,ACS 2017 5-year B19013,available
GA,13207,Monroe County,2018,54050,ACS 2018 5-year B19013,available
GA,13207,Monroe County,2019,54754,ACS 2019 5-year B19013,available
GA,13207,Monroe County,2020,60491,ACS 2020 5-year B19013,available
GA,13207,Monroe County,2021,67154,ACS 2021 5-year B19013,available
GA,13207,Monroe County,2022,74867,ACS 2022 5-year B19013,available
GA,13207,Monroe County,2023,82863,ACS 2023 5-year B19013,available
GA,13207,Monroe County,2024,83183,ACS 2024 5-year B19013,available
GA,13209,Montgomery County,2015,34672,ACS 2015 5-year B19013,available
GA,13209,Montgomery County,2016,38111,ACS 2016 5-year B19013,available
GA,13209,Montgomery County,2017,40308,ACS 2017 5-year B19013,available
GA,13209,Montgomery County,2018,40728,ACS 2018 5-year B19013,available
GA,13209,Montgomery County,2019,41996,ACS 2019 5-year B19013,available
GA,13209,Montgomery County,2020,45230,ACS 2020 5-year B19013,available
GA,13209,Montgomery County,2021,48717,ACS 2021 5-year B19013,available
GA,13209,Montgomery County,2022,49138,ACS 2022 5-year B19013,available
GA,13209,Montgomery County,2023,51188,ACS 2023 5-year B19013,available
GA,13209,Montgomery County,2024,51941,ACS 2024 5-year B19013,available
GA,13211,Morgan County,2015,51820,ACS 2015 5-year B19013,available
GA,13211,Morgan County,2016,54506,ACS 2016 5-year B19013,available
GA,13211,Morgan County,2017,59572,ACS 2017 5-year B19013,available
GA,13211,Morgan County,2018,62530,ACS 2018 5-year B19013,available
GA,13211,Morgan County,2019,66178,ACS 2019 5-year B19013,available
GA,13211,Morgan County,2020,68669,ACS 2020 5-year B19013,available
GA,13211,Morgan County,2021,71000,ACS 2021 5-year B19013,available
GA,13211,Morgan County,2022,81524,ACS 2022 5-year B19013,available
GA,13211,Morgan County,2023,85692,ACS 2023 5-year B19013,available
GA,13211,Morgan County,2024,78111,ACS 2024 5-year B19013,available
GA,13213,Murray County,2015,35539,ACS 2015 5-year B19013,available
GA,13213,Murray County,2016,38136,ACS 2016 5-year B19013,available
GA,13213,Murray County,2017,41617,ACS 2017 5-year B19013,available
GA,13213,Murray County,2018,45238,ACS 2018 5-year B19013,available
GA,13213,Murray County,2019,48033,ACS 2019 5-year B19013,available
GA,13213,Murray County,2020,51133,ACS 2020 5-year B19013,available
GA,13213,Murray County,2021,53821,ACS 2021 5-year B19013,available
GA,13213,Murray County,2022,60617,ACS 2022 5-year B19013,available
GA,13213,Murray County,2023,67880,ACS 2023 5-year B19013,available
GA,13213,Murray County,2024,69253,ACS 2024 5-year B19013,available
GA,13215,Muscogee County,2015,42306,ACS 2015 5-year B19013,available
GA,13215,Muscogee County,2016,42661,ACS 2016 5-year B19013,available
GA,13215,Muscogee County,2017,43239,ACS 2017 5-year B19013,available
GA,13215,Muscogee County,2018,45389,ACS 2018 5-year B19013,available
GA,13215,Muscogee County,2019,46408,ACS 2019 5-year B19013,available
GA,13215,Muscogee County,2020,47418,ACS 2020 5-year B19013,available
GA,13215,Muscogee County,2021,50542,ACS 2021 5-year B19013,available
GA,13215,Muscogee County,2022,54561,ACS 2022 5-year B19013,available
GA,13215,Muscogee County,2023,56622,ACS 2023 5-year B19013,available
GA,13215,Muscogee County,2024,58073,ACS 2024 5-year B19013,available
GA,13217,Newton County,2015,49179,ACS 2015 5-year B19013,available
GA,13217,Newton County,2016,51068,ACS 2016 5-year B19013,available
GA,13217,Newton County,2017,52784,ACS 2017 5-year B19013,available
GA,13217,Newton County,2018,53309,ACS 2018 5-year B19013,available
GA,13217,Newton County,2019,56316,ACS 2019 5-year B19013,available
GA,13217,Newton County,2020,59178,ACS 2020 5-year B19013,available
GA,13217,Newton County,2021,64767,ACS 2021 5-year B19013,available
GA,13217,Newton County,2022,70732,ACS 2022 5-year B19013,available
GA,13217,Newton County,2023,73732,ACS 2023 5-year B19013,available
GA,13217,Newton County,2024,77179,ACS 2024 5-year B19013,available
GA,13219,Oconee County,2015,72182,ACS 2015 5-year B19013,available
GA,13219,Oconee County,2016,75946,ACS 2016 5-year B19013,available
GA,13219,Oconee County,2017,77388,ACS 2017 5-year B19013,available
GA,13219,Oconee County,2018,88308,ACS 2018 5-year B19013,available
GA,13219,Oconee County,2019,90751,ACS 2019 5-year B19013,available
GA,13219,Oconee County,2020,95064,ACS 2020 5-year B19013,available
GA,13219,Oconee County,2021,106165,ACS 2021 5-year B19013,available
GA,13219,Oconee County,2022,116221,ACS 2022 5-year B19013,available
GA,13219,Oconee County,2023,115925,ACS 2023 5-year B19013,available
GA,13219,Oconee County,2024,121217,ACS 2024 5-year B19013,available
GA,13221,Oglethorpe County,2015,44226,ACS 2015 5-year B19013,available
GA,13221,Oglethorpe County,2016,44403,ACS 2016 5-year B19013,available
GA,13221,Oglethorpe County,2017,43938,ACS 2017 5-year B19013,available
GA,13221,Oglethorpe County,2018,44927,ACS 2018 5-year B19013,available
GA,13221,Oglethorpe County,2019,47120,ACS 2019 5-year B19013,available
GA,13221,Oglethorpe County,2020,52816,ACS 2020 5-year B19013,available
GA,13221,Oglethorpe County,2021,58791,ACS 2021 5-year B19013,available
GA,13221,Oglethorpe County,2022,66672,ACS 2022 5-year B19013,available
GA,13221,Oglethorpe County,2023,69784,ACS 2023 5-year B19013,available
GA,13221,Oglethorpe County,2024,75034,ACS 2024 5-year B19013,available
GA,13223,Paulding County,2015,60109,ACS 2015 5-year B19013,available
GA,13223,Paulding County,2016,60971,ACS 2016 5-year B19013,available
GA,13223,Paulding County,2017,63669,ACS 2017 5-year B19013,available
GA,13223,Paulding County,2018,66467,ACS 2018 5-year B19013,available
GA,13223,Paulding County,2019,68370,ACS 2019 5-year B19013,available
GA,13223,Paulding County,2020,74154,ACS 2020 5-year B19013,available
GA,13223,Paulding County,2021,80234,ACS 2021 5-year B19013,available
GA,13223,Paulding County,2022,89237,ACS 2022 5-year B19013,available
GA,13223,Paulding County,2023,94557,ACS 2023 5-year B19013,available
GA,13223,Paulding County,2024,98031,ACS 2024 5-year B19013,available
GA,13225,Peach County,2015,41588,ACS 2015 5-year B19013,available
GA,13225,Peach County,2016,41128,ACS 2016 5-year B19013,available
GA,13225,Peach County,2017,43645,ACS 2017 5-year B19013,available
GA,13225,Peach County,2018,42802,ACS 2018 5-year B19013,available
GA,13225,Peach County,2019,46636,ACS 2019 5-year B19013,available
GA,13225,Peach County,2020,50267,ACS 2020 5-year B19013,available
GA,13225,Peach County,2021,53215,ACS 2021 5-year B19013,available
GA,13225,Peach County,2022,60940,ACS 2022 5-year B19013,available
GA,13225,Peach County,2023,68365,ACS 2023 5-year B19013,available
GA,13225,Peach County,2024,71293,ACS 2024 5-year B19013,available
GA,13227,Pickens County,2015,54123,ACS 2015 5-year B19013,available
GA,13227,Pickens County,2016,56769,ACS 2016 5-year B19013,available
GA,13227,Pickens County,2017,61542,ACS 2017 5-year B19013,available
GA,13227,Pickens County,2018,64512,ACS 2018 5-year B19013,available
GA,13227,Pickens County,2019,67631,ACS 2019 5-year B19013,available
GA,13227,Pickens County,2020,68365,ACS 2020 5-year B19013,available
GA,13227,Pickens County,2021,71637,ACS 2021 5-year B19013,available
GA,13227,Pickens County,2022,72558,ACS 2022 5-year B19013,available
GA,13227,Pickens County,2023,75293,ACS 2023 5-year B19013,available
GA,13227,Pickens County,2024,78930,ACS 2024 5-year B19013,available
GA,13229,Pierce County,2015,40247,ACS 2015 5-year B19013,available
GA,13229,Pierce County,2016,42730,ACS 2016 5-year B19013,available
GA,13229,Pierce County,2017,39863,ACS 2017 5-year B19013,available
GA,13229,Pierce County,2018,44167,ACS 2018 5-year B19013,available
GA,13229,Pierce County,2019,42804,ACS 2019 5-year B19013,available
GA,13229,Pierce County,2020,48969,ACS 2020 5-year B19013,available
GA,13229,Pierce County,2021,50820,ACS 2021 5-year B19013,available
GA,13229,Pierce County,2022,54861,ACS 2022 5-year B19013,available
GA,13229,Pierce County,2023,56691,ACS 2023 5-year B19013,available
GA,13229,Pierce County,2024,60517,ACS 2024 5-year B19013,available
GA,13231,Pike County,2015,51338,ACS 2015 5-year B19013,available
GA,13231,Pike County,2016,50819,ACS 2016 5-year B19013,available
GA,13231,Pike County,2017,52377,ACS 2017 5-year B19013,available
GA,13231,Pike County,2018,58765,ACS 2018 5-year B19013,available
GA,13231,Pike County,2019,64878,ACS 2019 5-year B19013,available
GA,13231,Pike County,2020,68138,ACS 2020 5-year B19013,available
GA,13231,Pike County,2021,76152,ACS 2021 5-year B19013,available
GA,13231,Pike County,2022,83866,ACS 2022 5-year B19013,available
GA,13231,Pike County,2023,84184,ACS 2023 5-year B19013,available
GA,13231,Pike County,2024,86719,ACS 2024 5-year B19013,available
GA,13233,Polk County,2015,37853,ACS 2015 5-year B19013,available
GA,13233,Polk County,2016,39356,ACS 2016 5-year B19013,available
GA,13233,Polk County,2017,40652,ACS 2017 5-year B19013,available
GA,13233,Polk County,2018,43491,ACS 2018 5-year B19013,available
GA,13233,Polk County,2019,44891,ACS 2019 5-year B19013,available
GA,13233,Polk County,2020,46846,ACS 2020 5-year B19013,available
GA,13233,Polk County,2021,48958,ACS 2021 5-year B19013,available
GA,13233,Polk County,2022,51956,ACS 2022 5-year B19013,available
GA,13233,Polk County,2023,55308,ACS 2023 5-year B19013,available
GA,13233,Polk County,2024,58515,ACS 2024 5-year B19013,available
GA,13235,Pulaski County,2015,38750,ACS 2015 5-year B19013,available
GA,13235,Pulaski County,2016,38880,ACS 2016 5-year B19013,available
GA,13235,Pulaski County,2017,38750,ACS 2017 5-year B19013,available
GA,13235,Pulaski County,2018,38770,ACS 2018 5-year B19013,available
GA,13235,Pulaski County,2019,45148,ACS 2019 5-year B19013,available
GA,13235,Pulaski County,2020,42213,ACS 2020 5-year B19013,available
GA,13235,Pulaski County,2021,44946,ACS 2021 5-year B19013,available
GA,13235,Pulaski County,2022,42545,ACS 2022 5-year B19013,available
GA,13235,Pulaski County,2023,47688,ACS 2023 5-year B19013,available
GA,13235,Pulaski County,2024,50406,ACS 2024 5-year B19013,available
GA,13237,Putnam County,2015,44299,ACS 2015 5-year B19013,available
GA,13237,Putnam County,2016,45762,ACS 2016 5-year B19013,available
GA,13237,Putnam County,2017,48340,ACS 2017 5-year B19013,available
GA,13237,Putnam County,2018,51245,ACS 2018 5-year B19013,available
GA,13237,Putnam County,2019,51606,ACS 2019 5-year B19013,available
GA,13237,Putnam County,2020,52910,ACS 2020 5-year B19013,available
GA,13237,Putnam County,2021,55757,ACS 2021 5-year B19013,available
GA,13237,Putnam County,2022,60825,ACS 2022 5-year B19013,available
GA,13237,Putnam County,2023,64163,ACS 2023 5-year B19013,available
GA,13237,Putnam County,2024,72096,ACS 2024 5-year B19013,available
GA,13239,Quitman County,2015,31487,ACS 2015 5-year B19013,available
GA,13239,Quitman County,2016,29773,ACS 2016 5-year B19013,available
GA,13239,Quitman County,2017,26750,ACS 2017 5-year B19013,available
GA,13239,Quitman County,2018,30000,ACS 2018 5-year B19013,available
GA,13239,Quitman County,2019,26667,ACS 2019 5-year B19013,available
GA,13239,Quitman County,2020,34394,ACS 2020 5-year B19013,available
GA,13239,Quitman County,2021,31594,ACS 2021 5-year B19013,available
GA,13239,Quitman County,2022,38889,ACS 2022 5-year B19013,available
GA,13239,Quitman County,2023,36838,ACS 2023 5-year B19013,available
GA,13239,Quitman County,2024,40179,ACS 2024 5-year B19013,available
GA,13241,Rabun County,2015,35211,ACS 2015 5-year B19013,available
GA,13241,Rabun County,2016,38277,ACS 2016 5-year B19013,available
GA,13241,Rabun County,2017,39297,ACS 2017 5-year B19013,available
GA,13241,Rabun County,2018,40902,ACS 2018 5-year B19013,available
GA,13241,Rabun County,2019,42500,ACS 2019 5-year B19013,available
GA,13241,Rabun County,2020,44871,ACS 2020 5-year B19013,available
GA,13241,Rabun County,2021,48652,ACS 2021 5-year B19013,available
GA,13241,Rabun County,2022,57261,ACS 2022 5-year B19013,available
GA,13241,Rabun County,2023,61466,ACS 2023 5-year B19013,available
GA,13241,Rabun County,2024,67493,ACS 2024 5-year B19013,available
GA,13243,Randolph County,2015,28377,ACS 2015 5-year B19013,available
GA,13243,Randolph County,2016,30358,ACS 2016 5-year B19013,available
GA,13243,Randolph County,2017,30640,ACS 2017 5-year B19013,available
GA,13243,Randolph County,2018,30914,ACS 2018 5-year B19013,available
GA,13243,Randolph County,2019,31699,ACS 2019 5-year B19013,available
GA,13243,Randolph County,2020,29400,ACS 2020 5-year B19013,available
GA,13243,Randolph County,2021,28870,ACS 2021 5-year B19013,available
GA,13243,Randolph County,2022,24638,ACS 2022 5-year B19013,available
GA,13243,Randolph County,2023,25425,ACS 2023 5-year B19013,available
GA,13243,Randolph County,2024,28380,ACS 2024 5-year B19013,available
GA,13245,Richmond County,2015,37424,ACS 2015 5-year B19013,available
GA,13245,Richmond County,2016,38595,ACS 2016 5-year B19013,available
GA,13245,Richmond County,2017,39430,ACS 2017 5-year B19013,available
GA,13245,Richmond County,2018,40644,ACS 2018 5-year B19013,available
GA,13245,Richmond County,2019,42728,ACS 2019 5-year B19013,available
GA,13245,Richmond County,2020,43882,ACS 2020 5-year B19013,available
GA,13245,Richmond County,2021,46237,ACS 2021 5-year B19013,available
GA,13245,Richmond County,2022,50605,ACS 2022 5-year B19013,available
GA,13245,Richmond County,2023,53197,ACS 2023 5-year B19013,available
GA,13245,Richmond County,2024,55637,ACS 2024 5-year B19013,available
GA,13247,Rockdale County,2015,50455,ACS 2015 5-year B19013,available
GA,13247,Rockdale County,2016,51072,ACS 2016 5-year B19013,available
GA,13247,Rockdale County,2017,54175,ACS 2017 5-year B19013,available
GA,13247,Rockdale County,2018,57049,ACS 2018 5-year B19013,available
GA,13247,Rockdale County,2019,60189,ACS 2019 5-year B19013,available
GA,13247,Rockdale County,2020,62505,ACS 2020 5-year B19013,available
GA,13247,Rockdale County,2021,64230,ACS 2021 5-year B19013,available
GA,13247,Rockdale County,2022,68999,ACS 2022 5-year B19013,available
GA,13247,Rockdale County,2023,72349,ACS 2023 5-year B19013,available
GA,13247,Rockdale County,2024,77247,ACS 2024 5-year B19013,available
GA,13249,Schley County,2015,39375,ACS 2015 5-year B19013,available
GA,13249,Schley County,2016,41227,ACS 2016 5-year B19013,available
GA,13249,Schley County,2017,41267,ACS 2017 5-year B19013,available
GA,13249,Schley County,2018,41276,ACS 2018 5-year B19013,available
GA,13249,Schley County,2019,44448,ACS 2019 5-year B19013,available
GA,13249,Schley County,2020,49105,ACS 2020 5-year B19013,available
GA,13249,Schley County,2021,50586,ACS 2021 5-year B19013,available
GA,13249,Schley County,2022,53274,ACS 2022 5-year B19013,available
GA,13249,Schley County,2023,59647,ACS 2023 5-year B19013,available
GA,13249,Schley County,2024,56875,ACS 2024 5-year B19013,available
GA,13251,Screven County,2015,34466,ACS 2015 5-year B19013,available
GA,13251,Screven County,2016,35047,ACS 2016 5-year B19013,available
GA,13251,Screven County,2017,36556,ACS 2017 5-year B19013,available
GA,13251,Screven County,2018,37588,ACS 2018 5-year B19013,available
GA,13251,Screven County,2019,39842,ACS 2019 5-year B19013,available
GA,13251,Screven County,2020,39852,ACS 2020 5-year B19013,available
GA,13251,Screven County,2021,43167,ACS 2021 5-year B19013,available
GA,13251,Screven County,2022,49941,ACS 2022 5-year B19013,available
GA,13251,Screven County,2023,53017,ACS 2023 5-year B19013,available
GA,13251,Screven County,2024,52792,ACS 2024 5-year B19013,available
GA,13253,Seminole County,2015,34905,ACS 2015 5-year B19013,available
GA,13253,Seminole County,2016,35410,ACS 2016 5-year B19013,available
GA,13253,Seminole County,2017,33999,ACS 2017 5-year B19013,available
GA,13253,Seminole County,2018,34338,ACS 2018 5-year B19013,available
GA,13253,Seminole County,2019,33357,ACS 2019 5-year B19013,available
GA,13253,Seminole County,2020,35286,ACS 2020 5-year B19013,available
GA,13253,Seminole County,2021,40579,ACS 2021 5-year B19013,available
GA,13253,Seminole County,2022,46063,ACS 2022 5-year B19013,available
GA,13253,Seminole County,2023,49559,ACS 2023 5-year B19013,available
GA,13253,Seminole County,2024,49495,ACS 2024 5-year B19013,available
GA,13255,Spalding County,2015,40246,ACS 2015 5-year B19013,available
GA,13255,Spalding County,2016,40548,ACS 2016 5-year B19013,available
GA,13255,Spalding County,2017,42398,ACS 2017 5-year B19013,available
GA,13255,Spalding County,2018,42671,ACS 2018 5-year B19013,available
GA,13255,Spalding County,2019,47111,ACS 2019 5-year B19013,available
GA,13255,Spalding County,2020,48970,ACS 2020 5-year B19013,available
GA,13255,Spalding County,2021,51972,ACS 2021 5-year B19013,available
GA,13255,Spalding County,2022,57367,ACS 2022 5-year B19013,available
GA,13255,Spalding County,2023,60217,ACS 2023 5-year B19013,available
GA,13255,Spalding County,2024,62071,ACS 2024 5-year B19013,available
GA,13257,Stephens County,2015,40315,ACS 2015 5-year B19013,available
GA,13257,Stephens County,2016,37088,ACS 2016 5-year B19013,available
GA,13257,Stephens County,2017,39756,ACS 2017 5-year B19013,available
GA,13257,Stephens County,2018,43416,ACS 2018 5-year B19013,available
GA,13257,Stephens County,2019,47164,ACS 2019 5-year B19013,available
GA,13257,Stephens County,2020,46766,ACS 2020 5-year B19013,available
GA,13257,Stephens County,2021,50194,ACS 2021 5-year B19013,available
GA,13257,Stephens County,2022,52901,ACS 2022 5-year B19013,available
GA,13257,Stephens County,2023,52264,ACS 2023 5-year B19013,available
GA,13257,Stephens County,2024,54754,ACS 2024 5-year B19013,available
GA,13259,Stewart County,2015,21118,ACS 2015 5-year B19013,available
GA,13259,Stewart County,2016,20882,ACS 2016 5-year B19013,available
GA,13259,Stewart County,2017,22413,ACS 2017 5-year B19013,available
GA,13259,Stewart County,2018,25385,ACS 2018 5-year B19013,available
GA,13259,Stewart County,2019,29732,ACS 2019 5-year B19013,available
GA,13259,Stewart County,2020,34028,ACS 2020 5-year B19013,available
GA,13259,Stewart County,2021,39020,ACS 2021 5-year B19013,available
GA,13259,Stewart County,2022,43094,ACS 2022 5-year B19013,available
GA,13259,Stewart County,2023,35000,ACS 2023 5-year B19013,available
GA,13259,Stewart County,2024,33250,ACS 2024 5-year B19013,available
GA,13261,Sumter County,2015,32758,ACS 2015 5-year B19013,available
GA,13261,Sumter County,2016,33534,ACS 2016 5-year B19013,available
GA,13261,Sumter County,2017,34219,ACS 2017 5-year B19013,available
GA,13261,Sumter County,2018,36205,ACS 2018 5-year B19013,available
GA,13261,Sumter County,2019,36681,ACS 2019 5-year B19013,available
GA,13261,Sumter County,2020,37174,ACS 2020 5-year B19013,available
GA,13261,Sumter County,2021,36687,ACS 2021 5-year B19013,available
GA,13261,Sumter County,2022,38899,ACS 2022 5-year B19013,available
GA,13261,Sumter County,2023,41877,ACS 2023 5-year B19013,available
GA,13261,Sumter County,2024,42653,ACS 2024 5-year B19013,available
GA,13263,Talbot County,2015,34078,ACS 2015 5-year B19013,available
GA,13263,Talbot County,2016,36957,ACS 2016 5-year B19013,available
GA,13263,Talbot County,2017,37226,ACS 2017 5-year B19013,available
GA,13263,Talbot County,2018,36213,ACS 2018 5-year B19013,available
GA,13263,Talbot County,2019,38549,ACS 2019 5-year B19013,available
GA,13263,Talbot County,2020,40020,ACS 2020 5-year B19013,available
GA,13263,Talbot County,2021,40719,ACS 2021 5-year B19013,available
GA,13263,Talbot County,2022,48065,ACS 2022 5-year B19013,available
GA,13263,Talbot County,2023,45098,ACS 2023 5-year B19013,available
GA,13263,Talbot County,2024,41597,ACS 2024 5-year B19013,available
GA,13265,Taliaferro County,2015,26306,ACS 2015 5-year B19013,available
GA,13265,Taliaferro County,2016,28152,ACS 2016 5-year B19013,available
GA,13265,Taliaferro County,2017,30500,ACS 2017 5-year B19013,available
GA,13265,Taliaferro County,2018,31797,ACS 2018 5-year B19013,available
GA,13265,Taliaferro County,2019,37446,ACS 2019 5-year B19013,available
GA,13265,Taliaferro County,2020,37717,ACS 2020 5-year B19013,available
GA,13265,Taliaferro County,2021,39670,ACS 2021 5-year B19013,available
GA,13265,Taliaferro County,2022,45881,ACS 2022 5-year B19013,available
GA,13265,Taliaferro County,2023,48036,ACS 2023 5-year B19013,available
GA,13265,Taliaferro County,2024,52500,ACS 2024 5-year B19013,available
GA,13267,Tattnall County,2015,33980,ACS 2015 5-year B19013,available
GA,13267,Tattnall County,2016,35578,ACS 2016 5-year B19013,available
GA,13267,Tattnall County,2017,36355,ACS 2017 5-year B19013,available
GA,13267,Tattnall County,2018,38034,ACS 2018 5-year B19013,available
GA,13267,Tattnall County,2019,40730,ACS 2019 5-year B19013,available
GA,13267,Tattnall County,2020,44053,ACS 2020 5-year B19013,available
GA,13267,Tattnall County,2021,49977,ACS 2021 5-year B19013,available
GA,13267,Tattnall County,2022,51868,ACS 2022 5-year B19013,available
GA,13267,Tattnall County,2023,52351,ACS 2023 5-year B19013,available
GA,13267,Tattnall County,2024,50747,ACS 2024 5-year B19013,available
GA,13269,Taylor County,2015,28143,ACS 2015 5-year B19013,available
GA,13269,Taylor County,2016,27114,ACS 2016 5-year B19013,available
GA,13269,Taylor County,2017,29875,ACS 2017 5-year B19013,available
GA,13269,Taylor County,2018,33442,ACS 2018 5-year B19013,available
GA,13269,Taylor County,2019,33832,ACS 2019 5-year B19013,available
GA,13269,Taylor County,2020,28550,ACS 2020 5-year B19013,available
GA,13269,Taylor County,2021,36293,ACS 2021 5-year B19013,available
GA,13269,Taylor County,2022,40727,ACS 2022 5-year B19013,available
GA,13269,Taylor County,2023,41743,ACS 2023 5-year B19013,available
GA,13269,Taylor County,2024,41788,ACS 2024 5-year B19013,available
GA,13271,Telfair County,2015,26449,ACS 2015 5-year B19013,available
GA,13271,Telfair County,2016,27657,ACS 2016 5-year B19013,available
GA,13271,Telfair County,2017,28044,ACS 2017 5-year B19013,available
GA,13271,Telfair County,2018,30288,ACS 2018 5-year B19013,available
GA,13271,Telfair County,2019,32405,ACS 2019 5-year B19013,available
GA,13271,Telfair County,2020,32764,ACS 2020 5-year B19013,available
GA,13271,Telfair County,2021,42971,ACS 2021 5-year B19013,available
GA,13271,Telfair County,2022,41801,ACS 2022 5-year B19013,available
GA,13271,Telfair County,2023,44948,ACS 2023 5-year B19013,available
GA,13271,Telfair County,2024,50929,ACS 2024 5-year B19013,available
GA,13273,Terrell County,2015,28688,ACS 2015 5-year B19013,available
GA,13273,Terrell County,2016,30438,ACS 2016 5-year B19013,available
GA,13273,Terrell County,2017,32219,ACS 2017 5-year B19013,available
GA,13273,Terrell County,2018,38015,ACS 2018 5-year B19013,available
GA,13273,Terrell County,2019,34768,ACS 2019 5-year B19013,available
GA,13273,Terrell County,2020,35335,ACS 2020 5-year B19013,available
GA,13273,Terrell County,2021,38879,ACS 2021 5-year B19013,available
GA,13273,Terrell County,2022,43507,ACS 2022 5-year B19013,available
GA,13273,Terrell County,2023,43812,ACS 2023 5-year B19013,available
GA,13273,Terrell County,2024,46171,ACS 2024 5-year B19013,available
GA,13275,Thomas County,2015,36641,ACS 2015 5-year B19013,available
GA,13275,Thomas County,2016,38241,ACS 2016 5-year B19013,available
GA,13275,Thomas County,2017,41336,ACS 2017 5-year B19013,available
GA,13275,Thomas County,2018,40112,ACS 2018 5-year B19013,available
GA,13275,Thomas County,2019,43740,ACS 2019 5-year B19013,available
GA,13275,Thomas County,2020,47133,ACS 2020 5-year B19013,available
GA,13275,Thomas County,2021,52315,ACS 2021 5-year B19013,available
GA,13275,Thomas County,2022,55958,ACS 2022 5-year B19013,available
GA,13275,Thomas County,2023,60140,ACS 2023 5-year B19013,available
GA,13275,Thomas County,2024,60736,ACS 2024 5-year B19013,available
GA,13277,Tift County,2015,37653,ACS 2015 5-year B19013,available
GA,13277,Tift County,2016,37613,ACS 2016 5-year B19013,available
GA,13277,Tift County,2017,38728,ACS 2017 5-year B19013,available
GA,13277,Tift County,2018,42790,ACS 2018 5-year B19013,available
GA,13277,Tift County,2019,45639,ACS 2019 5-year B19013,available
GA,13277,Tift County,2020,44827,ACS 2020 5-year B19013,available
GA,13277,Tift County,2021,46245,ACS 2021 5-year B19013,available
GA,13277,Tift County,2022,52561,ACS 2022 5-year B19013,available
GA,13277,Tift County,2023,53165,ACS 2023 5-year B19013,available
GA,13277,Tift County,2024,53255,ACS 2024 5-year B19013,available
GA,13279,Toombs County,2015,33679,ACS 2015 5-year B19013,available
GA,13279,Toombs County,2016,33081,ACS 2016 5-year B19013,available
GA,13279,Toombs County,2017,35750,ACS 2017 5-year B19013,available
GA,13279,Toombs County,2018,36575,ACS 2018 5-year B19013,available
GA,13279,Toombs County,2019,40175,ACS 2019 5-year B19013,available
GA,13279,Toombs County,2020,41244,ACS 2020 5-year B19013,available
GA,13279,Toombs County,2021,42975,ACS 2021 5-year B19013,available
GA,13279,Toombs County,2022,47310,ACS 2022 5-year B19013,available
GA,13279,Toombs County,2023,54130,ACS 2023 5-year B19013,available
GA,13279,Toombs County,2024,52621,ACS 2024 5-year B19013,available
GA,13281,Towns County,2015,37000,ACS 2015 5-year B19013,available
GA,13281,Towns County,2016,39321,ACS 2016 5-year B19013,available
GA,13281,Towns County,2017,41182,ACS 2017 5-year B19013,available
GA,13281,Towns County,2018,43927,ACS 2018 5-year B19013,available
GA,13281,Towns County,2019,48219,ACS 2019 5-year B19013,available
GA,13281,Towns County,2020,51257,ACS 2020 5-year B19013,available
GA,13281,Towns County,2021,53084,ACS 2021 5-year B19013,available
GA,13281,Towns County,2022,55574,ACS 2022 5-year B19013,available
GA,13281,Towns County,2023,58400,ACS 2023 5-year B19013,available
GA,13281,Towns County,2024,59135,ACS 2024 5-year B19013,available
GA,13283,Treutlen County,2015,38596,ACS 2015 5-year B19013,available
GA,13283,Treutlen County,2016,40204,ACS 2016 5-year B19013,available
GA,13283,Treutlen County,2017,39375,ACS 2017 5-year B19013,available
GA,13283,Treutlen County,2018,37606,ACS 2018 5-year B19013,available
GA,13283,Treutlen County,2019,32241,ACS 2019 5-year B19013,available
GA,13283,Treutlen County,2020,32072,ACS 2020 5-year B19013,available
GA,13283,Treutlen County,2021,35441,ACS 2021 5-year B19013,available
GA,13283,Treutlen County,2022,38641,ACS 2022 5-year B19013,available
GA,13283,Treutlen County,2023,43750,ACS 2023 5-year B19013,available
GA,13283,Treutlen County,2024,55518,ACS 2024 5-year B19013,available
GA,13285,Troup County,2015,41489,ACS 2015 5-year B19013,available
GA,13285,Troup County,2016,42545,ACS 2016 5-year B19013,available
GA,13285,Troup County,2017,43597,ACS 2017 5-year B19013,available
GA,13285,Troup County,2018,43850,ACS 2018 5-year B19013,available
GA,13285,Troup County,2019,45649,ACS 2019 5-year B19013,available
GA,13285,Troup County,2020,46796,ACS 2020 5-year B19013,available
GA,13285,Troup County,2021,49042,ACS 2021 5-year B19013,available
GA,13285,Troup County,2022,53599,ACS 2022 5-year B19013,available
GA,13285,Troup County,2023,54905,ACS 2023 5-year B19013,available
GA,13285,Troup County,2024,56776,ACS 2024 5-year B19013,available
GA,13287,Turner County,2015,31806,ACS 2015 5-year B19013,available
GA,13287,Turner County,2016,34667,ACS 2016 5-year B19013,available
GA,13287,Turner County,2017,42622,ACS 2017 5-year B19013,available
GA,13287,Turner County,2018,38341,ACS 2018 5-year B19013,available
GA,13287,Turner County,2019,37039,ACS 2019 5-year B19013,available
GA,13287,Turner County,2020,34514,ACS 2020 5-year B19013,available
GA,13287,Turner County,2021,35828,ACS 2021 5-year B19013,available
GA,13287,Turner County,2022,39666,ACS 2022 5-year B19013,available
GA,13287,Turner County,2023,39565,ACS 2023 5-year B19013,available
GA,13287,Turner County,2024,36799,ACS 2024 5-year B19013,available
GA,13289,Twiggs County,2015,30468,ACS 2015 5-year B19013,available
GA,13289,Twiggs County,2016,31625,ACS 2016 5-year B19013,available
GA,13289,Twiggs County,2017,30629,ACS 2017 5-year B19013,available
GA,13289,Twiggs County,2018,33037,ACS 2018 5-year B19013,available
GA,13289,Twiggs County,2019,34879,ACS 2019 5-year B19013,available
GA,13289,Twiggs County,2020,43477,ACS 2020 5-year B19013,available
GA,13289,Twiggs County,2021,45824,ACS 2021 5-year B19013,available
GA,13289,Twiggs County,2022,50446,ACS 2022 5-year B19013,available
GA,13289,Twiggs County,2023,55439,ACS 2023 5-year B19013,available
GA,13289,Twiggs County,2024,56324,ACS 2024 5-year B19013,available
GA,13291,Union County,2015,40799,ACS 2015 5-year B19013,available
GA,13291,Union County,2016,41686,ACS 2016 5-year B19013,available
GA,13291,Union County,2017,42767,ACS 2017 5-year B19013,available
GA,13291,Union County,2018,44978,ACS 2018 5-year B19013,available
GA,13291,Union County,2019,50021,ACS 2019 5-year B19013,available
GA,13291,Union County,2020,49703,ACS 2020 5-year B19013,available
GA,13291,Union County,2021,52509,ACS 2021 5-year B19013,available
GA,13291,Union County,2022,59783,ACS 2022 5-year B19013,available
GA,13291,Union County,2023,65697,ACS 2023 5-year B19013,available
GA,13291,Union County,2024,66176,ACS 2024 5-year B19013,available
GA,13293,Upson County,2015,35774,ACS 2015 5-year B19013,available
GA,13293,Upson County,2016,35699,ACS 2016 5-year B19013,available
GA,13293,Upson County,2017,35375,ACS 2017 5-year B19013,available
GA,13293,Upson County,2018,36529,ACS 2018 5-year B19013,available
GA,13293,Upson County,2019,37640,ACS 2019 5-year B19013,available
GA,13293,Upson County,2020,39221,ACS 2020 5-year B19013,available
GA,13293,Upson County,2021,43257,ACS 2021 5-year B19013,available
GA,13293,Upson County,2022,48740,ACS 2022 5-year B19013,available
GA,13293,Upson County,2023,50904,ACS 2023 5-year B19013,available
GA,13293,Upson County,2024,55429,ACS 2024 5-year B19013,available
GA,13295,Walker County,2015,41632,ACS 2015 5-year B19013,available
GA,13295,Walker County,2016,41539,ACS 2016 5-year B19013,available
GA,13295,Walker County,2017,43581,ACS 2017 5-year B19013,available
GA,13295,Walker County,2018,43650,ACS 2018 5-year B19013,available
GA,13295,Walker County,2019,46157,ACS 2019 5-year B19013,available
GA,13295,Walker County,2020,46601,ACS 2020 5-year B19013,available
GA,13295,Walker County,2021,48633,ACS 2021 5-year B19013,available
GA,13295,Walker County,2022,52276,ACS 2022 5-year B19013,available
GA,13295,Walker County,2023,55887,ACS 2023 5-year B19013,available
GA,13295,Walker County,2024,59469,ACS 2024 5-year B19013,available
GA,13297,Walton County,2015,54453,ACS 2015 5-year B19013,available
GA,13297,Walton County,2016,54459,ACS 2016 5-year B19013,available
GA,13297,Walton County,2017,55876,ACS 2017 5-year B19013,available
GA,13297,Walton County,2018,58370,ACS 2018 5-year B19013,available
GA,13297,Walton County,2019,61599,ACS 2019 5-year B19013,available
GA,13297,Walton County,2020,65491,ACS 2020 5-year B19013,available
GA,13297,Walton County,2021,71692,ACS 2021 5-year B19013,available
GA,13297,Walton County,2022,79425,ACS 2022 5-year B19013,available
GA,13297,Walton County,2023,82381,ACS 2023 5-year B19013,available
GA,13297,Walton County,2024,84945,ACS 2024 5-year B19013,available
GA,13299,Ware County,2015,34909,ACS 2015 5-year B19013,available
GA,13299,Ware County,2016,34705,ACS 2016 5-year B19013,available
GA,13299,Ware County,2017,36962,ACS 2017 5-year B19013,available
GA,13299,Ware County,2018,39887,ACS 2018 5-year B19013,available
GA,13299,Ware County,2019,36869,ACS 2019 5-year B19013,available
GA,13299,Ware County,2020,37041,ACS 2020 5-year B19013,available
GA,13299,Ware County,2021,39419,ACS 2021 5-year B19013,available
GA,13299,Ware County,2022,44138,ACS 2022 5-year B19013,available
GA,13299,Ware County,2023,44833,ACS 2023 5-year B19013,available
GA,13299,Ware County,2024,47448,ACS 2024 5-year B19013,available
GA,13301,Warren County,2015,29176,ACS 2015 5-year B19013,available
GA,13301,Warren County,2016,31875,ACS 2016 5-year B19013,available
GA,13301,Warren County,2017,32860,ACS 2017 5-year B19013,available
GA,13301,Warren County,2018,34730,ACS 2018 5-year B19013,available
GA,13301,Warren County,2019,37203,ACS 2019 5-year B19013,available
GA,13301,Warren County,2020,38250,ACS 2020 5-year B19013,available
GA,13301,Warren County,2021,37309,ACS 2021 5-year B19013,available
GA,13301,Warren County,2022,45091,ACS 2022 5-year B19013,available
GA,13301,Warren County,2023,46776,ACS 2023 5-year B19013,available
GA,13301,Warren County,2024,44289,ACS 2024 5-year B19013,available
GA,13303,Washington County,2015,37932,ACS 2015 5-year B19013,available
GA,13303,Washington County,2016,37417,ACS 2016 5-year B19013,available
GA,13303,Washington County,2017,38097,ACS 2017 5-year B19013,available
GA,13303,Washington County,2018,38092,ACS 2018 5-year B19013,available
GA,13303,Washington County,2019,38068,ACS 2019 5-year B19013,available
GA,13303,Washington County,2020,36402,ACS 2020 5-year B19013,available
GA,13303,Washington County,2021,39350,ACS 2021 5-year B19013,available
GA,13303,Washington County,2022,43810,ACS 2022 5-year B19013,available
GA,13303,Washington County,2023,44009,ACS 2023 5-year B19013,available
GA,13303,Washington County,2024,46023,ACS 2024 5-year B19013,available
GA,13305,Wayne County,2015,38955,ACS 2015 5-year B19013,available
GA,13305,Wayne County,2016,39908,ACS 2016 5-year B19013,available
GA,13305,Wayne County,2017,41534,ACS 2017 5-year B19013,available
GA,13305,Wayne County,2018,44869,ACS 2018 5-year B19013,available
GA,13305,Wayne County,2019,45483,ACS 2019 5-year B19013,available
GA,13305,Wayne County,2020,45773,ACS 2020 5-year B19013,available
GA,13305,Wayne County,2021,45115,ACS 2021 5-year B19013,available
GA,13305,Wayne County,2022,49847,ACS 2022 5-year B19013,available
GA,13305,Wayne County,2023,49562,ACS 2023 5-year B19013,available
GA,13305,Wayne County,2024,53427,ACS 2024 5-year B19013,available
GA,13307,Webster County,2015,37063,ACS 2015 5-year B19013,available
GA,13307,Webster County,2016,37072,ACS 2016 5-year B19013,available
GA,13307,Webster County,2017,36658,ACS 2017 5-year B19013,available
GA,13307,Webster County,2018,35755,ACS 2018 5-year B19013,available
GA,13307,Webster County,2019,37297,ACS 2019 5-year B19013,available
GA,13307,Webster County,2020,31629,ACS 2020 5-year B19013,available
GA,13307,Webster County,2021,32083,ACS 2021 5-year B19013,available
GA,13307,Webster County,2022,35000,ACS 2022 5-year B19013,available
GA,13307,Webster County,2023,40764,ACS 2023 5-year B19013,available
GA,13307,Webster County,2024,46792,ACS 2024 5-year B19013,available
GA,13309,Wheeler County,2015,27620,ACS 2015 5-year B19013,available
GA,13309,Wheeler County,2016,27779,ACS 2016 5-year B19013,available
GA,13309,Wheeler County,2017,28490,ACS 2017 5-year B19013,available
GA,13309,Wheeler County,2018,27626,ACS 2018 5-year B19013,available
GA,13309,Wheeler County,2019,30192,ACS 2019 5-year B19013,available
GA,13309,Wheeler County,2020,28864,ACS 2020 5-year B19013,available
GA,13309,Wheeler County,2021,26776,ACS 2021 5-year B19013,available
GA,13309,Wheeler County,2022,36354,ACS 2022 5-year B19013,available
GA,13309,Wheeler County,2023,45262,ACS 2023 5-year B19013,available
GA,13309,Wheeler County,2024,40539,ACS 2024 5-year B19013,available
GA,13311,White County,2015,40888,ACS 2015 5-year B19013,available
GA,13311,White County,2016,42264,ACS 2016 5-year B19013,available
GA,13311,White County,2017,43944,ACS 2017 5-year B19013,available
GA,13311,White County,2018,46288,ACS 2018 5-year B19013,available
GA,13311,White County,2019,52493,ACS 2019 5-year B19013,available
GA,13311,White County,2020,55788,ACS 2020 5-year B19013,available
GA,13311,White County,2021,64729,ACS 2021 5-year B19013,available
GA,13311,White County,2022,66256,ACS 2022 5-year B19013,available
GA,13311,White County,2023,69747,ACS 2023 5-year B19013,available
GA,13311,White County,2024,70666,ACS 2024 5-year B19013,available
GA,13313,Whitfield County,2015,40596,ACS 2015 5-year B19013,available
GA,13313,Whitfield County,2016,41764,ACS 2016 5-year B19013,available
GA,13313,Whitfield County,2017,43871,ACS 2017 5-year B19013,available
GA,13313,Whitfield County,2018,46970,ACS 2018 5-year B19013,available
GA,13313,Whitfield County,2019,48623,ACS 2019 5-year B19013,available
GA,13313,Whitfield County,2020,50055,ACS 2020 5-year B19013,available
GA,13313,Whitfield County,2021,52439,ACS 2021 5-year B19013,available
GA,13313,Whitfield County,2022,59659,ACS 2022 5-year B19013,available
GA,13313,Whitfield County,2023,64262,ACS 2023 5-year B19013,available
GA,13313,Whitfield County,2024,67070,ACS 2024 5-year B19013,available
GA,13315,Wilcox County,2015,32043,ACS 2015 5-year B19013,available
GA,13315,Wilcox County,2016,34071,ACS 2016 5-year B19013,available
GA,13315,Wilcox County,2017,35457,ACS 2017 5-year B19013,available
GA,13315,Wilcox County,2018,36077,ACS 2018 5-year B19013,available
GA,13315,Wilcox County,2019,36964,ACS 2019 5-year B19013,available
GA,13315,Wilcox County,2020,39216,ACS 2020 5-year B19013,available
GA,13315,Wilcox County,2021,41406,ACS 2021 5-year B19013,available
GA,13315,Wilcox County,2022,46759,ACS 2022 5-year B19013,available
GA,13315,Wilcox County,2023,48036,ACS 2023 5-year B19013,available
GA,13315,Wilcox County,2024,54138,ACS 2024 5-year B19013,available
GA,13317,Wilkes County,2015,32727,ACS 2015 5-year B19013,available
GA,13317,Wilkes County,2016,33462,ACS 2016 5-year B19013,available
GA,13317,Wilkes County,2017,34234,ACS 2017 5-year B19013,available
GA,13317,Wilkes County,2018,35106,ACS 2018 5-year B19013,available
GA,13317,Wilkes County,2019,37838,ACS 2019 5-year B19013,available
GA,13317,Wilkes County,2020,36486,ACS 2020 5-year B19013,available
GA,13317,Wilkes County,2021,43859,ACS 2021 5-year B19013,available
GA,13317,Wilkes County,2022,51780,ACS 2022 5-year B19013,available
GA,13317,Wilkes County,2023,52542,ACS 2023 5-year B19013,available
GA,13317,Wilkes County,2024,52043,ACS 2024 5-year B19013,available
GA,13319,Wilkinson County,2015,38485,ACS 2015 5-year B19013,available
GA,13319,Wilkinson County,2016,38827,ACS 2016 5-year B19013,available
GA,13319,Wilkinson County,2017,38711,ACS 2017 5-year B19013,available
GA,13319,Wilkinson County,2018,37583,ACS 2018 5-year B19013,available
GA,13319,Wilkinson County,2019,38996,ACS 2019 5-year B19013,available
GA,13319,Wilkinson County,2020,36896,ACS 2020 5-year B19013,available
GA,13319,Wilkinson County,2021,34680,ACS 2021 5-year B19013,available
GA,13319,Wilkinson County,2022,40757,ACS 2022 5-year B19013,available
GA,13319,Wilkinson County,2023,46673,ACS 2023 5-year B19013,available
GA,13319,Wilkinson County,2024,45465,ACS 2024 5-year B19013,available
GA,13321,Worth County,2015,37974,ACS 2015 5-year B19013,available
GA,13321,Worth County,2016,38684,ACS 2016 5-year B19013,available
GA,13321,Worth County,2017,40369,ACS 2017 5-year B19013,available
GA,13321,Worth County,2018,46076,ACS 2018 5-year B19013,available
GA,13321,Worth County,2019,45398,ACS 2019 5-year B19013,available
GA,13321,Worth County,2020,50913,ACS 2020 5-year B19013,available
GA,13321,Worth County,2021,54791,ACS 2021 5-year B19013,available
GA,13321,Worth County,2022,56496,ACS 2022 5-year B19013,available
GA,13321,Worth County,2023,57201,ACS 2023 5-year B19013,available
GA,13321,Worth County,2024,58694,ACS 2024 5-year B19013,available
MD,24001,Allegany County,2015,40551,ACS 2015 5-year B19013,available
MD,24001,Allegany County,2016,41559,ACS 2016 5-year B19013,available
MD,24001,Allegany County,2017,42771,ACS 2017 5-year B19013,available
MD,24001,Allegany County,2018,44065,ACS 2018 5-year B19013,available
MD,24001,Allegany County,2019,45893,ACS 2019 5-year B19013,available
MD,24001,Allegany County,2020,49449,ACS 2020 5-year B19013,available
MD,24001,Allegany County,2021,51090,ACS 2021 5-year B19013,available
MD,24001,Allegany County,2022,55248,ACS 2022 5-year B19013,available
MD,24001,Allegany County,2023,57393,ACS 2023 5-year B19013,available
MD,24001,Allegany County,2024,59603,ACS 2024 5-year B19013,available
MD,24003,Anne Arundel County,2015,89860,ACS 2015 5-year B19013,available
MD,24003,Anne Arundel County,2016,91918,ACS 2016 5-year B19013,available
MD,24003,Anne Arundel County,2017,94502,ACS 2017 5-year B19013,available
MD,24003,Anne Arundel County,2018,97810,ACS 2018 5-year B19013,available
MD,24003,Anne Arundel County,2019,100798,ACS 2019 5-year B19013,available
MD,24003,Anne Arundel County,2020,103225,ACS 2020 5-year B19013,available
MD,24003,Anne Arundel County,2021,108048,ACS 2021 5-year B19013,available
MD,24003,Anne Arundel County,2022,116009,ACS 2022 5-year B19013,available
MD,24003,Anne Arundel County,2023,120324,ACS 2023 5-year B19013,available
MD,24003,Anne Arundel County,2024,124911,ACS 2024 5-year B19013,available
MD,24005,Baltimore County,2015,67095,ACS 2015 5-year B19013,available
MD,24005,Baltimore County,2016,68989,ACS 2016 5-year B19013,available
MD,24005,Baltimore County,2017,71810,ACS 2017 5-year B19013,available
MD,24005,Baltimore County,2018,74127,ACS 2018 5-year B19013,available
MD,24005,Baltimore County,2019,76866,ACS 2019 5-year B19013,available
MD,24005,Baltimore County,2020,78724,ACS 2020 5-year B19013,available
MD,24005,Baltimore County,2021,81846,ACS 2021 5-year B19013,available
MD,24005,Baltimore County,2022,88157,ACS 2022 5-year B19013,available
MD,24005,Baltimore County,2023,90904,ACS 2023 5-year B19013,available
MD,24005,Baltimore County,2024,91768,ACS 2024 5-year B19013,available
MD,24009,Calvert County,2015,95828,ACS 2015 5-year B19013,available
MD,24009,Calvert County,2016,96808,ACS 2016 5-year B19013,available
MD,24009,Calvert County,2017,100350,ACS 2017 5-year B19013,available
MD,24009,Calvert County,2018,104301,ACS 2018 5-year B19013,available
MD,24009,Calvert County,2019,109313,ACS 2019 5-year B19013,available
MD,24009,Calvert County,2020,112696,ACS 2020 5-year B19013,available
MD,24009,Calvert County,2021,120295,ACS 2021 5-year B19013,available
MD,24009,Calvert County,2022,128078,ACS 2022 5-year B19013,available
MD,24009,Calvert County,2023,132059,ACS 2023 5-year B19013,available
MD,24009,Calvert County,2024,133922,ACS 2024 5-year B19013,available
MD,24011,Caroline County,2015,52465,ACS 2015 5-year B19013,available
MD,24011,Caroline County,2016,50830,ACS 2016 5-year B19013,available
MD,24011,Caroline County,2017,52469,ACS 2017 5-year B19013,available
MD,24011,Caroline County,2018,54956,ACS 2018 5-year B19013,available
MD,24011,Caroline County,2019,58638,ACS 2019 5-year B19013,available
MD,24011,Caroline County,2020,59042,ACS 2020 5-year B19013,available
MD,24011,Caroline County,2021,63027,ACS 2021 5-year B19013,available
MD,24011,Caroline County,2022,65326,ACS 2022 5-year B19013,available
MD,24011,Caroline County,2023,66368,ACS 2023 5-year B19013,available
MD,24011,Caroline County,2024,68457,ACS 2024 5-year B19013,available
MD,24013,Carroll County,2015,85385,ACS 2015 5-year B19013,available
MD,24013,Carroll County,2016,87060,ACS 2016 5-year B19013,available
MD,24013,Carroll County,2017,90510,ACS 2017 5-year B19013,available
MD,24013,Carroll County,2018,93363,ACS 2018 5-year B19013,available
MD,24013,Carroll County,2019,96769,ACS 2019 5-year B19013,available
MD,24013,Carroll County,2020,99569,ACS 2020 5-year B19013,available
MD,24013,Carroll County,2021,104708,ACS 2021 5-year B19013,available
MD,24013,Carroll County,2022,111672,ACS 2022 5-year B19013,available
MD,24013,Carroll County,2023,115876,ACS 2023 5-year B19013,available
MD,24013,Carroll County,2024,118211,ACS 2024 5-year B19013,available
MD,24015,Cecil County,2015,66396,ACS 2015 5-year B19013,available
MD,24015,Cecil County,2016,67938,ACS 2016 5-year B19013,available
MD,24015,Cecil County,2017,70516,ACS 2017 5-year B19013,available
MD,24015,Cecil County,2018,72845,ACS 2018 5-year B19013,available
MD,24015,Cecil County,2019,76887,ACS 2019 5-year B19013,available
MD,24015,Cecil County,2020,79415,ACS 2020 5-year B19013,available
MD,24015,Cecil County,2021,81817,ACS 2021 5-year B19013,available
MD,24015,Cecil County,2022,86869,ACS 2022 5-year B19013,available
MD,24015,Cecil County,2023,91146,ACS 2023 5-year B19013,available
MD,24015,Cecil County,2024,92007,ACS 2024 5-year B19013,available
MD,24017,Charles County,2015,90607,ACS 2015 5-year B19013,available
MD,24017,Charles County,2016,91373,ACS 2016 5-year B19013,available
MD,24017,Charles County,2017,93973,ACS 2017 5-year B19013,available
MD,24017,Charles County,2018,95924,ACS 2018 5-year B19013,available
MD,24017,Charles County,2019,100003,ACS 2019 5-year B19013,available
MD,24017,Charles County,2020,103678,ACS 2020 5-year B19013,available
MD,24017,Charles County,2021,107808,ACS 2021 5-year B19013,available
MD,24017,Charles County,2022,116882,ACS 2022 5-year B19013,available
MD,24017,Charles County,2023,120592,ACS 2023 5-year B19013,available
MD,24017,Charles County,2024,122816,ACS 2024 5-year B19013,available
MD,24019,Dorchester County,2015,47093,ACS 2015 5-year B19013,available
MD,24019,Dorchester County,2016,47907,ACS 2016 5-year B19013,available
MD,24019,Dorchester County,2017,50532,ACS 2017 5-year B19013,available
MD,24019,Dorchester County,2018,52145,ACS 2018 5-year B19013,available
MD,24019,Dorchester County,2019,52917,ACS 2019 5-year B19013,available
MD,24019,Dorchester County,2020,52799,ACS 2020 5-year B19013,available
MD,24019,Dorchester County,2021,55652,ACS 2021 5-year B19013,available
MD,24019,Dorchester County,2022,57490,ACS 2022 5-year B19013,available
MD,24019,Dorchester County,2023,60495,ACS 2023 5-year B19013,available
MD,24019,Dorchester County,2024,61839,ACS 2024 5-year B19013,available
MD,24021,Frederick County,2015,83700,ACS 2015 5-year B19013,available
MD,24021,Frederick County,2016,85715,ACS 2016 5-year B19013,available
MD,24021,Frederick County,2017,88502,ACS 2017 5-year B19013,available
MD,24021,Frederick County,2018,91999,ACS 2018 5-year B19013,available
MD,24021,Frederick County,2019,97730,ACS 2019 5-year B19013,available
MD,24021,Frederick County,2020,100685,ACS 2020 5-year B19013,available
MD,24021,Frederick County,2021,106129,ACS 2021 5-year B19013,available
MD,24021,Frederick County,2022,115724,ACS 2022 5-year B19013,available
MD,24021,Frederick County,2023,120458,ACS 2023 5-year B19013,available
MD,24021,Frederick County,2024,122002,ACS 2024 5-year B19013,available
MD,24023,Garrett County,2015,45432,ACS 2015 5-year B19013,available
MD,24023,Garrett County,2016,46277,ACS 2016 5-year B19013,available
MD,24023,Garrett County,2017,48174,ACS 2017 5-year B19013,available
MD,24023,Garrett County,2018,49619,ACS 2018 5-year B19013,available
MD,24023,Garrett County,2019,52617,ACS 2019 5-year B19013,available
MD,24023,Garrett County,2020,54542,ACS 2020 5-year B19013,available
MD,24023,Garrett County,2021,58011,ACS 2021 5-year B19013,available
MD,24023,Garrett County,2022,64447,ACS 2022 5-year B19013,available
MD,24023,Garrett County,2023,69031,ACS 2023 5-year B19013,available
MD,24023,Garrett County,2024,67688,ACS 2024 5-year B19013,available
MD,24025,Harford County,2015,80465,ACS 2015 5-year B19013,available
MD,24025,Harford County,2016,81052,ACS 2016 5-year B19013,available
MD,24025,Harford County,2017,83445,ACS 2017 5-year B19013,available
MD,24025,Harford County,2018,85942,ACS 2018 5-year B19013,available
MD,24025,Harford County,2019,89147,ACS 2019 5-year B19013,available
MD,24025,Harford County,2020,94003,ACS 2020 5-year B19013,available
MD,24025,Harford County,2021,98495,ACS 2021 5-year B19013,available
MD,24025,Harford County,2022,106417,ACS 2022 5-year B19013,available
MD,24025,Harford County,2023,111317,ACS 2023 5-year B19013,available
MD,24025,Harford County,2024,112265,ACS 2024 5-year B19013,available
MD,24027,Howard County,2015,110238,ACS 2015 5-year B19013,available
MD,24027,Howard County,2016,113800,ACS 2016 5-year B19013,available
MD,24027,Howard County,2017,115576,ACS 2017 5-year B19013,available
MD,24027,Howard County,2018,117730,ACS 2018 5-year B19013,available
MD,24027,Howard County,2019,121160,ACS 2019 5-year B19013,available
MD,24027,Howard County,2020,124042,ACS 2020 5-year B19013,available
MD,24027,Howard County,2021,129549,ACS 2021 5-year B19013,available
MD,24027,Howard County,2022,140971,ACS 2022 5-year B19013,available
MD,24027,Howard County,2023,146982,ACS 2023 5-year B19013,available
MD,24027,Howard County,2024,149763,ACS 2024 5-year B19013,available
MD,24029,Kent County,2015,58147,ACS 2015 5-year B19013,available
MD,24029,Kent County,2016,55028,ACS 2016 5-year B19013,available
MD,24029,Kent County,2017,56638,ACS 2017 5-year B19013,available
MD,24029,Kent County,2018,56009,ACS 2018 5-year B19013,available
MD,24029,Kent County,2019,58598,ACS 2019 5-year B19013,available
MD,24029,Kent County,2020,60208,ACS 2020 5-year B19013,available
MD,24029,Kent County,2021,64451,ACS 2021 5-year B19013,available
MD,24029,Kent County,2022,71635,ACS 2022 5-year B19013,available
MD,24029,Kent County,2023,74402,ACS 2023 5-year B19013,available
MD,24029,Kent County,2024,80147,ACS 2024 5-year B19013,available
MD,24031,Montgomery County,2015,99435,ACS 2015 5-year B19013,available
MD,24031,Montgomery County,2016,100352,ACS 2016 5-year B19013,available
MD,24031,Montgomery County,2017,103178,ACS 2017 5-year B19013,available
MD,24031,Montgomery County,2018,106287,ACS 2018 5-year B19013,available
MD,24031,Montgomery County,2019,108820,ACS 2019 5-year B19013,available
MD,24031,Montgomery County,2020,111812,ACS 2020 5-year B19013,available
MD,24031,Montgomery County,2021,117345,ACS 2021 5-year B19013,available
MD,24031,Montgomery County,2022,125583,ACS 2022 5-year B19013,available
MD,24031,Montgomery County,2023,128733,ACS 2023 5-year B19013,available
MD,24031,Montgomery County,2024,132450,ACS 2024 5-year B19013,available
MD,24033,Prince George's County,2015,74260,ACS 2015 5-year B19013,available
MD,24033,Prince George's County,2016,75925,ACS 2016 5-year B19013,available
MD,24033,Prince George's County,2017,78607,ACS 2017 5-year B19013,available
MD,24033,Prince George's County,2018,81969,ACS 2018 5-year B19013,available
MD,24033,Prince George's County,2019,84920,ACS 2019 5-year B19013,available
MD,24033,Prince George's County,2020,86994,ACS 2020 5-year B19013,available
MD,24033,Prince George's County,2021,91124,ACS 2021 5-year B19013,available
MD,24033,Prince George's County,2022,97935,ACS 2022 5-year B19013,available
MD,24033,Prince George's County,2023,100708,ACS 2023 5-year B19013,available
MD,24033,Prince George's County,2024,101798,ACS 2024 5-year B19013,available
MD,24035,Queen Anne's County,2015,85963,ACS 2015 5-year B19013,available
MD,24035,Queen Anne's County,2016,85891,ACS 2016 5-year B19013,available
MD,24035,Queen Anne's County,2017,89241,ACS 2017 5-year B19013,available
MD,24035,Queen Anne's County,2018,92167,ACS 2018 5-year B19013,available
MD,24035,Queen Anne's County,2019,97034,ACS 2019 5-year B19013,available
MD,24035,Queen Anne's County,2020,96467,ACS 2020 5-year B19013,available
MD,24035,Queen Anne's County,2021,99597,ACS 2021 5-year B19013,available
MD,24035,Queen Anne's County,2022,108332,ACS 2022 5-year B19013,available
MD,24035,Queen Anne's County,2023,113347,ACS 2023 5-year B19013,available
MD,24035,Queen Anne's County,2024,112826,ACS 2024 5-year B19013,available
MD,24037,St. Mary's County,2015,86987,ACS 2015 5-year B19013,available
MD,24037,St. Mary's County,2016,86810,ACS 2016 5-year B19013,available
MD,24037,St. Mary's County,2017,86508,ACS 2017 5-year B19013,available
MD,24037,St. Mary's County,2018,90438,ACS 2018 5-year B19013,available
MD,24037,St. Mary's County,2019,89845,ACS 2019 5-year B19013,available
MD,24037,St. Mary's County,2020,95864,ACS 2020 5-year B19013,available
MD,24037,St. Mary's County,2021,102859,ACS 2021 5-year B19013,available
MD,24037,St. Mary's County,2022,113668,ACS 2022 5-year B19013,available
MD,24037,St. Mary's County,2023,114580,ACS 2023 5-year B19013,available
MD,24037,St. Mary's County,2024,119446,ACS 2024 5-year B19013,available
MD,24039,Somerset County,2015,35154,ACS 2015 5-year B19013,available
MD,24039,Somerset County,2016,35886,ACS 2016 5-year B19013,available
MD,24039,Somerset County,2017,39239,ACS 2017 5-year B19013,available
MD,24039,Somerset County,2018,42165,ACS 2018 5-year B19013,available
MD,24039,Somerset County,2019,37803,ACS 2019 5-year B19013,available
MD,24039,Somerset County,2020,44980,ACS 2020 5-year B19013,available
MD,24039,Somerset County,2021,48661,ACS 2021 5-year B19013,available
MD,24039,Somerset County,2022,52149,ACS 2022 5-year B19013,available
MD,24039,Somerset County,2023,52462,ACS 2023 5-year B19013,available
MD,24039,Somerset County,2024,64943,ACS 2024 5-year B19013,available
MD,24041,Talbot County,2015,58228,ACS 2015 5-year B19013,available
MD,24041,Talbot County,2016,61395,ACS 2016 5-year B19013,available
MD,24041,Talbot County,2017,65595,ACS 2017 5-year B19013,available
MD,24041,Talbot County,2018,67204,ACS 2018 5-year B19013,available
MD,24041,Talbot County,2019,73547,ACS 2019 5-year B19013,available
MD,24041,Talbot County,2020,73102,ACS 2020 5-year B19013,available
MD,24041,Talbot County,2021,79349,ACS 2021 5-year B19013,available
MD,24041,Talbot County,2022,81667,ACS 2022 5-year B19013,available
MD,24041,Talbot County,2023,84378,ACS 2023 5-year B19013,available
MD,24041,Talbot County,2024,84811,ACS 2024 5-year B19013,available
MD,24043,Washington County,2015,56228,ACS 2015 5-year B19013,available
MD,24043,Washington County,2016,56316,ACS 2016 5-year B19013,available
MD,24043,Washington County,2017,58260,ACS 2017 5-year B19013,available
MD,24043,Washington County,2018,59719,ACS 2018 5-year B19013,available
MD,24043,Washington County,2019,60860,ACS 2019 5-year B19013,available
MD,24043,Washington County,2020,63510,ACS 2020 5-year B19013,available
MD,24043,Washington County,2021,67349,ACS 2021 5-year B19013,available
MD,24043,Washington County,2022,73017,ACS 2022 5-year B19013,available
MD,24043,Washington County,2023,74157,ACS 2023 5-year B19013,available
MD,24043,Washington County,2024,77747,ACS 2024 5-year B19013,available
MD,24045,Wicomico County,2015,52278,ACS 2015 5-year B19013,available
MD,24045,Wicomico County,2016,53508,ACS 2016 5-year B19013,available
MD,24045,Wicomico County,2017,54493,ACS 2017 5-year B19013,available
MD,24045,Wicomico County,2018,56608,ACS 2018 5-year B19013,available
MD,24045,Wicomico County,2019,56956,ACS 2019 5-year B19013,available
MD,24045,Wicomico County,2020,60366,ACS 2020 5-year B19013,available
MD,24045,Wicomico County,2021,63610,ACS 2021 5-year B19013,available
MD,24045,Wicomico County,2022,69421,ACS 2022 5-year B19013,available
MD,24045,Wicomico County,2023,72861,ACS 2023 5-year B19013,available
MD,24045,Wicomico County,2024,76210,ACS 2024 5-year B19013,available
MD,24047,Worcester County,2015,56773,ACS 2015 5-year B19013,available
MD,24047,Worcester County,2016,57227,ACS 2016 5-year B19013,available
MD,24047,Worcester County,2017,59458,ACS 2017 5-year B19013,available
MD,24047,Worcester County,2018,61145,ACS 2018 5-year B19013,available
MD,24047,Worcester County,2019,63499,ACS 2019 5-year B19013,available
MD,24047,Worcester County,2020,65396,ACS 2020 5-year B19013,available
MD,24047,Worcester County,2021,71262,ACS 2021 5-year B19013,available
MD,24047,Worcester County,2022,76689,ACS 2022 5-year B19013,available
MD,24047,Worcester County,2023,81455,ACS 2023 5-year B19013,available
MD,24047,Worcester County,2024,81745,ACS 2024 5-year B19013,available
MD,24510,Baltimore city,2015,42241,ACS 2015 5-year B19013,available
MD,24510,Baltimore city,2016,44262,ACS 2016 5-year B19013,available
MD,24510,Baltimore city,2017,46641,ACS 2017 5-year B19013,available
MD,24510,Baltimore city,2018,48840,ACS 2018 5-year B19013,available
MD,24510,Baltimore city,2019,50379,ACS 2019 5-year B19013,available
MD,24510,Baltimore city,2020,52164,ACS 2020 5-year B19013,available
MD,24510,Baltimore city,2021,54124,ACS 2021 5-year B19013,available
MD,24510,Baltimore city,2022,58349,ACS 2022 5-year B19013,available
MD,24510,Baltimore city,2023,59623,ACS 2023 5-year B19013,available
MD,24510,Baltimore city,2024,62177,ACS 2024 5-year B19013,available
NJ,34001,Atlantic County,2015,54461,ACS 2015 5-year B19013,available
NJ,34001,Atlantic County,2016,55456,ACS 2016 5-year B19013,available
NJ,34001,Atlantic County,2017,57514,ACS 2017 5-year B19013,available
NJ,34001,Atlantic County,2018,59989,ACS 2018 5-year B19013,available
NJ,34001,Atlantic County,2019,62110,ACS 2019 5-year B19013,available
NJ,34001,Atlantic County,2020,63680,ACS 2020 5-year B19013,available
NJ,34001,Atlantic County,2021,66473,ACS 2021 5-year B19013,available
NJ,34001,Atlantic County,2022,73113,ACS 2022 5-year B19013,available
NJ,34001,Atlantic County,2023,76819,ACS 2023 5-year B19013,available
NJ,34001,Atlantic County,2024,78050,ACS 2024 5-year B19013,available
NJ,34003,Bergen County,2015,85806,ACS 2015 5-year B19013,available
NJ,34003,Bergen County,2016,88487,ACS 2016 5-year B19013,available
NJ,34003,Bergen County,2017,91572,ACS 2017 5-year B19013,available
NJ,34003,Bergen County,2018,95837,ACS 2018 5-year B19013,available
NJ,34003,Bergen County,2019,101144,ACS 2019 5-year B19013,available
NJ,34003,Bergen County,2020,104623,ACS 2020 5-year B19013,available
NJ,34003,Bergen County,2021,109497,ACS 2021 5-year B19013,available
NJ,34003,Bergen County,2022,118714,ACS 2022 5-year B19013,available
NJ,34003,Bergen County,2023,123715,ACS 2023 5-year B19013,available
NJ,34003,Bergen County,2024,124884,ACS 2024 5-year B19013,available
NJ,34005,Burlington County,2015,78621,ACS 2015 5-year B19013,available
NJ,34005,Burlington County,2016,80034,ACS 2016 5-year B19013,available
NJ,34005,Burlington County,2017,82839,ACS 2017 5-year B19013,available
NJ,34005,Burlington County,2018,84992,ACS 2018 5-year B19013,available
NJ,34005,Burlington County,2019,87416,ACS 2019 5-year B19013,available
NJ,34005,Burlington County,2020,90329,ACS 2020 5-year B19013,available
NJ,34005,Burlington County,2021,95935,ACS 2021 5-year B19013,available
NJ,34005,Burlington County,2022,102615,ACS 2022 5-year B19013,available
NJ,34005,Burlington County,2023,105271,ACS 2023 5-year B19013,available
NJ,34005,Burlington County,2024,108111,ACS 2024 5-year B19013,available
NJ,34007,Camden County,2015,62185,ACS 2015 5-year B19013,available
NJ,34007,Camden County,2016,63028,ACS 2016 5-year B19013,available
NJ,34007,Camden County,2017,65037,ACS 2017 5-year B19013,available
NJ,34007,Camden County,2018,67118,ACS 2018 5-year B19013,available
NJ,34007,Camden County,2019,70451,ACS 2019 5-year B19013,available
NJ,34007,Camden County,2020,70957,ACS 2020 5-year B19013,available
NJ,34007,Camden County,2021,75485,ACS 2021 5-year B19013,available
NJ,34007,Camden County,2022,82005,ACS 2022 5-year B19013,available
NJ,34007,Camden County,2023,86384,ACS 2023 5-year B19013,available
NJ,34007,Camden County,2024,88755,ACS 2024 5-year B19013,available
NJ,34009,Cape May County,2015,57637,ACS 2015 5-year B19013,available
NJ,34009,Cape May County,2016,59338,ACS 2016 5-year B19013,available
NJ,34009,Cape May County,2017,62332,ACS 2017 5-year B19013,available
NJ,34009,Cape May County,2018,63690,ACS 2018 5-year B19013,available
NJ,34009,Cape May County,2019,67074,ACS 2019 5-year B19013,available
NJ,34009,Cape May County,2020,72385,ACS 2020 5-year B19013,available
NJ,34009,Cape May County,2021,76237,ACS 2021 5-year B19013,available
NJ,34009,Cape May County,2022,83870,ACS 2022 5-year B19013,available
NJ,34009,Cape May County,2023,88046,ACS 2023 5-year B19013,available
NJ,34009,Cape May County,2024,91128,ACS 2024 5-year B19013,available
NJ,34011,Cumberland County,2015,49984,ACS 2015 5-year B19013,available
NJ,34011,Cumberland County,2016,49537,ACS 2016 5-year B19013,available
NJ,34011,Cumberland County,2017,50000,ACS 2017 5-year B19013,available
NJ,34011,Cumberland County,2018,52593,ACS 2018 5-year B19013,available
NJ,34011,Cumberland County,2019,54149,ACS 2019 5-year B19013,available
NJ,34011,Cumberland County,2020,55709,ACS 2020 5-year B19013,available
NJ,34011,Cumberland County,2021,58397,ACS 2021 5-year B19013,available
NJ,34011,Cumberland County,2022,62310,ACS 2022 5-year B19013,available
NJ,34011,Cumberland County,2023,64499,ACS 2023 5-year B19013,available
NJ,34011,Cumberland County,2024,67436,ACS 2024 5-year B19013,available
NJ,34013,Essex County,2015,53976,ACS 2015 5-year B19013,available
NJ,34013,Essex County,2016,54860,ACS 2016 5-year B19013,available
NJ,34013,Essex County,2017,57365,ACS 2017 5-year B19013,available
NJ,34013,Essex County,2018,59302,ACS 2018 5-year B19013,available
NJ,34013,Essex County,2019,61510,ACS 2019 5-year B19013,available
NJ,34013,Essex County,2020,63959,ACS 2020 5-year B19013,available
NJ,34013,Essex County,2021,67826,ACS 2021 5-year B19013,available
NJ,34013,Essex County,2022,73785,ACS 2022 5-year B19013,available
NJ,34013,Essex County,2023,76712,ACS 2023 5-year B19013,available
NJ,34013,Essex County,2024,80789,ACS 2024 5-year B19013,available
NJ,34015,Gloucester County,2015,76727,ACS 2015 5-year B19013,available
NJ,34015,Gloucester County,2016,78592,ACS 2016 5-year B19013,available
NJ,34015,Gloucester County,2017,81489,ACS 2017 5-year B19013,available
NJ,34015,Gloucester County,2018,85160,ACS 2018 5-year B19013,available
NJ,34015,Gloucester County,2019,87283,ACS 2019 5-year B19013,available
NJ,34015,Gloucester County,2020,89056,ACS 2020 5-year B19013,available
NJ,34015,Gloucester County,2021,93208,ACS 2021 5-year B19013,available
NJ,34015,Gloucester County,2022,99668,ACS 2022 5-year B19013,available
NJ,34015,Gloucester County,2023,102807,ACS 2023 5-year B19013,available
NJ,34015,Gloucester County,2024,105115,ACS 2024 5-year B19013,available
NJ,34017,Hudson County,2015,59741,ACS 2015 5-year B19013,available
NJ,34017,Hudson County,2016,60894,ACS 2016 5-year B19013,available
NJ,34017,Hudson County,2017,62681,ACS 2017 5-year B19013,available
NJ,34017,Hudson County,2018,66289,ACS 2018 5-year B19013,available
NJ,34017,Hudson County,2019,71189,ACS 2019 5-year B19013,available
NJ,34017,Hudson County,2020,75062,ACS 2020 5-year B19013,available
NJ,34017,Hudson County,2021,79795,ACS 2021 5-year B19013,available
NJ,34017,Hudson County,2022,86854,ACS 2022 5-year B19013,available
NJ,34017,Hudson County,2023,90032,ACS 2023 5-year B19013,available
NJ,34017,Hudson County,2024,91795,ACS 2024 5-year B19013,available
NJ,34019,Hunterdon County,2015,105444,ACS 2015 5-year B19013,available
NJ,34019,Hunterdon County,2016,108177,ACS 2016 5-year B19013,available
NJ,34019,Hunterdon County,2017,110969,ACS 2017 5-year B19013,available
NJ,34019,Hunterdon County,2018,112535,ACS 2018 5-year B19013,available
NJ,34019,Hunterdon County,2019,115379,ACS 2019 5-year B19013,available
NJ,34019,Hunterdon County,2020,117858,ACS 2020 5-year B19013,available
NJ,34019,Hunterdon County,2021,123373,ACS 2021 5-year B19013,available
NJ,34019,Hunterdon County,2022,133534,ACS 2022 5-year B19013,available
NJ,34019,Hunterdon County,2023,139453,ACS 2023 5-year B19013,available
NJ,34019,Hunterdon County,2024,141715,ACS 2024 5-year B19013,available
NJ,34021,Mercer County,2015,72804,ACS 2015 5-year B19013,available
NJ,34021,Mercer County,2016,73966,ACS 2016 5-year B19013,available
NJ,34021,Mercer County,2017,77027,ACS 2017 5-year B19013,available
NJ,34021,Mercer County,2018,79990,ACS 2018 5-year B19013,available
NJ,34021,Mercer County,2019,81057,ACS 2019 5-year B19013,available
NJ,34021,Mercer County,2020,83306,ACS 2020 5-year B19013,available
NJ,34021,Mercer County,2021,85687,ACS 2021 5-year B19013,available
NJ,34021,Mercer County,2022,92697,ACS 2022 5-year B19013,available
NJ,34021,Mercer County,2023,96333,ACS 2023 5-year B19013,available
NJ,34021,Mercer County,2024,100645,ACS 2024 5-year B19013,available
NJ,34023,Middlesex County,2015,79593,ACS 2015 5-year B19013,available
NJ,34023,Middlesex County,2016,80716,ACS 2016 5-year B19013,available
NJ,34023,Middlesex County,2017,83133,ACS 2017 5-year B19013,available
NJ,34023,Middlesex County,2018,85954,ACS 2018 5-year B19013,available
NJ,34023,Middlesex County,2019,89533,ACS 2019 5-year B19013,available
NJ,34023,Middlesex County,2020,91731,ACS 2020 5-year B19013,available
NJ,34023,Middlesex County,2021,96883,ACS 2021 5-year B19013,available
NJ,34023,Middlesex County,2022,105206,ACS 2022 5-year B19013,available
NJ,34023,Middlesex County,2023,109028,ACS 2023 5-year B19013,available
NJ,34023,Middlesex County,2024,111549,ACS 2024 5-year B19013,available
NJ,34025,Monmouth County,2015,85242,ACS 2015 5-year B19013,available
NJ,34025,Monmouth County,2016,87297,ACS 2016 5-year B19013,available
NJ,34025,Monmouth County,2017,91807,ACS 2017 5-year B19013,available
NJ,34025,Monmouth County,2018,95699,ACS 2018 5-year B19013,available
NJ,34025,Monmouth County,2019,99733,ACS 2019 5-year B19013,available
NJ,34025,Monmouth County,2020,103523,ACS 2020 5-year B19013,available
NJ,34025,Monmouth County,2021,110356,ACS 2021 5-year B19013,available
NJ,34025,Monmouth County,2022,118527,ACS 2022 5-year B19013,available
NJ,34025,Monmouth County,2023,122727,ACS 2023 5-year B19013,available
NJ,34025,Monmouth County,2024,124845,ACS 2024 5-year B19013,available
NJ,34027,Morris County,2015,100214,ACS 2015 5-year B19013,available
NJ,34027,Morris County,2016,102798,ACS 2016 5-year B19013,available
NJ,34027,Morris County,2017,107034,ACS 2017 5-year B19013,available
NJ,34027,Morris County,2018,111316,ACS 2018 5-year B19013,available
NJ,34027,Morris County,2019,115527,ACS 2019 5-year B19013,available
NJ,34027,Morris County,2020,117298,ACS 2020 5-year B19013,available
NJ,34027,Morris County,2021,123727,ACS 2021 5-year B19013,available
NJ,34027,Morris County,2022,130808,ACS 2022 5-year B19013,available
NJ,34027,Morris County,2023,134929,ACS 2023 5-year B19013,available
NJ,34027,Morris County,2024,137326,ACS 2024 5-year B19013,available
NJ,34029,Ocean County,2015,61994,ACS 2015 5-year B19013,available
NJ,34029,Ocean County,2016,63108,ACS 2016 5-year B19013,available
NJ,34029,Ocean County,2017,65771,ACS 2017 5-year B19013,available
NJ,34029,Ocean County,2018,68021,ACS 2018 5-year B19013,available
NJ,34029,Ocean County,2019,70909,ACS 2019 5-year B19013,available
NJ,34029,Ocean County,2020,72679,ACS 2020 5-year B19013,available
NJ,34029,Ocean County,2021,76644,ACS 2021 5-year B19013,available
NJ,34029,Ocean County,2022,82379,ACS 2022 5-year B19013,available
NJ,34029,Ocean County,2023,86411,ACS 2023 5-year B19013,available
NJ,34029,Ocean County,2024,89863,ACS 2024 5-year B19013,available
NJ,34031,Passaic County,2015,59739,ACS 2015 5-year B19013,available
NJ,34031,Passaic County,2016,61664,ACS 2016 5-year B19013,available
NJ,34031,Passaic County,2017,63339,ACS 2017 5-year B19013,available
NJ,34031,Passaic County,2018,66476,ACS 2018 5-year B19013,available
NJ,34031,Passaic County,2019,69688,ACS 2019 5-year B19013,available
NJ,34031,Passaic County,2020,73562,ACS 2020 5-year B19013,available
NJ,34031,Passaic County,2021,78386,ACS 2021 5-year B19013,available
NJ,34031,Passaic County,2022,84465,ACS 2022 5-year B19013,available
NJ,34031,Passaic County,2023,87137,ACS 2023 5-year B19013,available
NJ,34031,Passaic County,2024,87522,ACS 2024 5-year B19013,available
NJ,34033,Salem County,2015,61831,ACS 2015 5-year B19013,available
NJ,34033,Salem County,2016,61341,ACS 2016 5-year B19013,available
NJ,34033,Salem County,2017,63934,ACS 2017 5-year B19013,available
NJ,34033,Salem County,2018,64309,ACS 2018 5-year B19013,available
NJ,34033,Salem County,2019,66842,ACS 2019 5-year B19013,available
NJ,34033,Salem County,2020,64234,ACS 2020 5-year B19013,available
NJ,34033,Salem County,2021,67898,ACS 2021 5-year B19013,available
NJ,34033,Salem County,2022,73378,ACS 2022 5-year B19013,available
NJ,34033,Salem County,2023,78412,ACS 2023 5-year B19013,available
NJ,34033,Salem County,2024,79960,ACS 2024 5-year B19013,available
NJ,34035,Somerset County,2015,100667,ACS 2015 5-year B19013,available
NJ,34035,Somerset County,2016,102405,ACS 2016 5-year B19013,available
NJ,34035,Somerset County,2017,106046,ACS 2017 5-year B19013,available
NJ,34035,Somerset County,2018,111772,ACS 2018 5-year B19013,available
NJ,34035,Somerset County,2019,113611,ACS 2019 5-year B19013,available
NJ,34035,Somerset County,2020,116510,ACS 2020 5-year B19013,available
NJ,34035,Somerset County,2021,121695,ACS 2021 5-year B19013,available
NJ,34035,Somerset County,2022,131948,ACS 2022 5-year B19013,available
NJ,34035,Somerset County,2023,135960,ACS 2023 5-year B19013,available
NJ,34035,Somerset County,2024,140374,ACS 2024 5-year B19013,available
NJ,34037,Sussex County,2015,86565,ACS 2015 5-year B19013,available
NJ,34037,Sussex County,2016,87388,ACS 2016 5-year B19013,available
NJ,34037,Sussex County,2017,89238,ACS 2017 5-year B19013,available
NJ,34037,Sussex County,2018,90520,ACS 2018 5-year B19013,available
NJ,34037,Sussex County,2019,94520,ACS 2019 5-year B19013,available
NJ,34037,Sussex County,2020,96222,ACS 2020 5-year B19013,available
NJ,34037,Sussex County,2021,101645,ACS 2021 5-year B19013,available
NJ,34037,Sussex County,2022,111094,ACS 2022 5-year B19013,available
NJ,34037,Sussex County,2023,114316,ACS 2023 5-year B19013,available
NJ,34037,Sussex County,2024,116186,ACS 2024 5-year B19013,available
NJ,34039,Union County,2015,69594,ACS 2015 5-year B19013,available
NJ,34039,Union County,2016,70476,ACS 2016 5-year B19013,available
NJ,34039,Union County,2017,73376,ACS 2017 5-year B19013,available
NJ,34039,Union County,2018,77095,ACS 2018 5-year B19013,available
NJ,34039,Union County,2019,80198,ACS 2019 5-year B19013,available
NJ,34039,Union County,2020,82644,ACS 2020 5-year B19013,available
NJ,34039,Union County,2021,87369,ACS 2021 5-year B19013,available
NJ,34039,Union County,2022,95000,ACS 2022 5-year B19013,available
NJ,34039,Union County,2023,100117,ACS 2023 5-year B19013,available
NJ,34039,Union County,2024,103202,ACS 2024 5-year B19013,available
NJ,34041,Warren County,2015,70471,ACS 2015 5-year B19013,available
NJ,34041,Warren County,2016,72999,ACS 2016 5-year B19013,available
NJ,34041,Warren County,2017,75500,ACS 2017 5-year B19013,available
NJ,34041,Warren County,2018,78145,ACS 2018 5-year B19013,available
NJ,34041,Warren County,2019,81307,ACS 2019 5-year B19013,available
NJ,34041,Warren County,2020,83497,ACS 2020 5-year B19013,available
NJ,34041,Warren County,2021,85163,ACS 2021 5-year B19013,available
NJ,34041,Warren County,2022,92620,ACS 2022 5-year B19013,available
NJ,34041,Warren County,2023,99596,ACS 2023 5-year B19013,available
NJ,34041,Warren County,2024,100869,ACS 2024 5-year B19013,available
NC,37001,Alamance County,2015,41814,ACS 2015 5-year B19013,available
NC,37001,Alamance County,2016,43209,ACS 2016 5-year B19013,available
NC,37001,Alamance County,2017,44281,ACS 2017 5-year B19013,available
NC,37001,Alamance County,2018,45735,ACS 2018 5-year B19013,available
NC,37001,Alamance County,2019,49688,ACS 2019 5-year B19013,available
NC,37001,Alamance County,2020,51580,ACS 2020 5-year B19013,available
NC,37001,Alamance County,2021,55078,ACS 2021 5-year B19013,available
NC,37001,Alamance County,2022,60866,ACS 2022 5-year B19013,available
NC,37001,Alamance County,2023,64445,ACS 2023 5-year B19013,available
NC,37001,Alamance County,2024,65651,ACS 2024 5-year B19013,available
NC,37003,Alexander County,2015,39365,ACS 2015 5-year B19013,available
NC,37003,Alexander County,2016,40404,ACS 2016 5-year B19013,available
NC,37003,Alexander County,2017,44523,ACS 2017 5-year B19013,available
NC,37003,Alexander County,2018,44961,ACS 2018 5-year B19013,available
NC,37003,Alexander County,2019,48756,ACS 2019 5-year B19013,available
NC,37003,Alexander County,2020,51329,ACS 2020 5-year B19013,available
NC,37003,Alexander County,2021,55041,ACS 2021 5-year B19013,available
NC,37003,Alexander County,2022,62764,ACS 2022 5-year B19013,available
NC,37003,Alexander County,2023,65268,ACS 2023 5-year B19013,available
NC,37003,Alexander County,2024,65354,ACS 2024 5-year B19013,available
NC,37005,Alleghany County,2015,36968,ACS 2015 5-year B19013,available
NC,37005,Alleghany County,2016,38352,ACS 2016 5-year B19013,available
NC,37005,Alleghany County,2017,38944,ACS 2017 5-year B19013,available
NC,37005,Alleghany County,2018,37558,ACS 2018 5-year B19013,available
NC,37005,Alleghany County,2019,37830,ACS 2019 5-year B19013,available
NC,37005,Alleghany County,2020,37158,ACS 2020 5-year B19013,available
NC,37005,Alleghany County,2021,38930,ACS 2021 5-year B19013,available
NC,37005,Alleghany County,2022,42115,ACS 2022 5-year B19013,available
NC,37005,Alleghany County,2023,44272,ACS 2023 5-year B19013,available
NC,37005,Alleghany County,2024,47172,ACS 2024 5-year B19013,available
NC,37007,Anson County,2015,33228,ACS 2015 5-year B19013,available
NC,37007,Anson County,2016,34656,ACS 2016 5-year B19013,available
NC,37007,Anson County,2017,38123,ACS 2017 5-year B19013,available
NC,37007,Anson County,2018,39126,ACS 2018 5-year B19013,available
NC,37007,Anson County,2019,40213,ACS 2019 5-year B19013,available
NC,37007,Anson County,2020,39799,ACS 2020 5-year B19013,available
NC,37007,Anson County,2021,39862,ACS 2021 5-year B19013,available
NC,37007,Anson County,2022,42000,ACS 2022 5-year B19013,available
NC,37007,Anson County,2023,44245,ACS 2023 5-year B19013,available
NC,37007,Anson County,2024,47302,ACS 2024 5-year B19013,available
NC,37009,Ashe County,2015,36267,ACS 2015 5-year B19013,available
NC,37009,Ashe County,2016,37360,ACS 2016 5-year B19013,available
NC,37009,Ashe County,2017,40293,ACS 2017 5-year B19013,available
NC,37009,Ashe County,2018,40978,ACS 2018 5-year B19013,available
NC,37009,Ashe County,2019,40962,ACS 2019 5-year B19013,available
NC,37009,Ashe County,2020,43030,ACS 2020 5-year B19013,available
NC,37009,Ashe County,2021,43938,ACS 2021 5-year B19013,available
NC,37009,Ashe County,2022,49176,ACS 2022 5-year B19013,available
NC,37009,Ashe County,2023,50827,ACS 2023 5-year B19013,available
NC,37009,Ashe County,2024,56866,ACS 2024 5-year B19013,available
NC,37011,Avery County,2015,37777,ACS 2015 5-year B19013,available
NC,37011,Avery County,2016,35891,ACS 2016 5-year B19013,available
NC,37011,Avery County,2017,37109,ACS 2017 5-year B19013,available
NC,37011,Avery County,2018,38134,ACS 2018 5-year B19013,available
NC,37011,Avery County,2019,40340,ACS 2019 5-year B19013,available
NC,37011,Avery County,2020,42695,ACS 2020 5-year B19013,available
NC,37011,Avery County,2021,46383,ACS 2021 5-year B19013,available
NC,37011,Avery County,2022,53513,ACS 2022 5-year B19013,available
NC,37011,Avery County,2023,57657,ACS 2023 5-year B19013,available
NC,37011,Avery County,2024,61428,ACS 2024 5-year B19013,available
NC,37013,Beaufort County,2015,40391,ACS 2015 5-year B19013,available
NC,37013,Beaufort County,2016,40906,ACS 2016 5-year B19013,available
NC,37013,Beaufort County,2017,41101,ACS 2017 5-year B19013,available
NC,37013,Beaufort County,2018,43688,ACS 2018 5-year B19013,available
NC,37013,Beaufort County,2019,45212,ACS 2019 5-year B19013,available
NC,37013,Beaufort County,2020,48051,ACS 2020 5-year B19013,available
NC,37013,Beaufort County,2021,51894,ACS 2021 5-year B19013,available
NC,37013,Beaufort County,2022,56081,ACS 2022 5-year B19013,available
NC,37013,Beaufort County,2023,57997,ACS 2023 5-year B19013,available
NC,37013,Beaufort County,2024,58357,ACS 2024 5-year B19013,available
NC,37015,Bertie County,2015,30027,ACS 2015 5-year B19013,available
NC,37015,Bertie County,2016,31129,ACS 2016 5-year B19013,available
NC,37015,Bertie County,2017,31287,ACS 2017 5-year B19013,available
NC,37015,Bertie County,2018,33143,ACS 2018 5-year B19013,available
NC,37015,Bertie County,2019,35527,ACS 2019 5-year B19013,available
NC,37015,Bertie County,2020,35042,ACS 2020 5-year B19013,available
NC,37015,Bertie County,2021,37571,ACS 2021 5-year B19013,available
NC,37015,Bertie County,2022,41652,ACS 2022 5-year B19013,available
NC,37015,Bertie County,2023,45931,ACS 2023 5-year B19013,available
NC,37015,Bertie County,2024,48750,ACS 2024 5-year B19013,available
NC,37017,Bladen County,2015,30096,ACS 2015 5-year B19013,available
NC,37017,Bladen County,2016,30408,ACS 2016 5-year B19013,available
NC,37017,Bladen County,2017,32396,ACS 2017 5-year B19013,available
NC,37017,Bladen County,2018,32378,ACS 2018 5-year B19013,available
NC,37017,Bladen County,2019,36173,ACS 2019 5-year B19013,available
NC,37017,Bladen County,2020,37188,ACS 2020 5-year B19013,available
NC,37017,Bladen County,2021,39259,ACS 2021 5-year B19013,available
NC,37017,Bladen County,2022,40476,ACS 2022 5-year B19013,available
NC,37017,Bladen County,2023,44528,ACS 2023 5-year B19013,available
NC,37017,Bladen County,2024,42422,ACS 2024 5-year B19013,available
NC,37019,Brunswick County,2015,46859,ACS 2015 5-year B19013,available
NC,37019,Brunswick County,2016,49356,ACS 2016 5-year B19013,available
NC,37019,Brunswick County,2017,51164,ACS 2017 5-year B19013,available
NC,37019,Brunswick County,2018,54406,ACS 2018 5-year B19013,available
NC,37019,Brunswick County,2019,58236,ACS 2019 5-year B19013,available
NC,37019,Brunswick County,2020,59763,ACS 2020 5-year B19013,available
NC,37019,Brunswick County,2021,64400,ACS 2021 5-year B19013,available
NC,37019,Brunswick County,2022,71193,ACS 2022 5-year B19013,available
NC,37019,Brunswick County,2023,74034,ACS 2023 5-year B19013,available
NC,37019,Brunswick County,2024,77024,ACS 2024 5-year B19013,available
NC,37021,Buncombe County,2015,45167,ACS 2015 5-year B19013,available
NC,37021,Buncombe County,2016,46902,ACS 2016 5-year B19013,available
NC,37021,Buncombe County,2017,48464,ACS 2017 5-year B19013,available
NC,37021,Buncombe County,2018,50668,ACS 2018 5-year B19013,available
NC,37021,Buncombe County,2019,52207,ACS 2019 5-year B19013,available
NC,37021,Buncombe County,2020,55032,ACS 2020 5-year B19013,available
NC,37021,Buncombe County,2021,59699,ACS 2021 5-year B19013,available
NC,37021,Buncombe County,2022,66531,ACS 2022 5-year B19013,available
NC,37021,Buncombe County,2023,70578,ACS 2023 5-year B19013,available
NC,37021,Buncombe County,2024,74436,ACS 2024 5-year B19013,available
NC,37023,Burke County,2015,39360,ACS 2015 5-year B19013,available
NC,37023,Burke County,2016,39759,ACS 2016 5-year B19013,available
NC,37023,Burke County,2017,40854,ACS 2017 5-year B19013,available
NC,37023,Burke County,2018,42516,ACS 2018 5-year B19013,available
NC,37023,Burke County,2019,44557,ACS 2019 5-year B19013,available
NC,37023,Burke County,2020,43915,ACS 2020 5-year B19013,available
NC,37023,Burke County,2021,48142,ACS 2021 5-year B19013,available
NC,37023,Burke County,2022,53732,ACS 2022 5-year B19013,available
NC,37023,Burke County,2023,55684,ACS 2023 5-year B19013,available
NC,37023,Burke County,2024,58592,ACS 2024 5-year B19013,available
NC,37025,Cabarrus County,2015,54720,ACS 2015 5-year B19013,available
NC,37025,Cabarrus County,2016,58970,ACS 2016 5-year B19013,available
NC,37025,Cabarrus County,2017,60716,ACS 2017 5-year B19013,available
NC,37025,Cabarrus County,2018,64174,ACS 2018 5-year B19013,available
NC,37025,Cabarrus County,2019,67328,ACS 2019 5-year B19013,available
NC,37025,Cabarrus County,2020,71177,ACS 2020 5-year B19013,available
NC,37025,Cabarrus County,2021,75765,ACS 2021 5-year B19013,available
NC,37025,Cabarrus County,2022,83828,ACS 2022 5-year B19013,available
NC,37025,Cabarrus County,2023,86084,ACS 2023 5-year B19013,available
NC,37025,Cabarrus County,2024,89005,ACS 2024 5-year B19013,available
NC,37027,Caldwell County,2015,35763,ACS 2015 5-year B19013,available
NC,37027,Caldwell County,2016,37118,ACS 2016 5-year B19013,available
NC,37027,Caldwell County,2017,40735,ACS 2017 5-year B19013,available
NC,37027,Caldwell County,2018,42072,ACS 2018 5-year B19013,available
NC,37027,Caldwell County,2019,44511,ACS 2019 5-year B19013,available
NC,37027,Caldwell County,2020,46094,ACS 2020 5-year B19013,available
NC,37027,Caldwell County,2021,48549,ACS 2021 5-year B19013,available
NC,37027,Caldwell County,2022,52362,ACS 2022 5-year B19013,available
NC,37027,Caldwell County,2023,55401,ACS 2023 5-year B19013,available
NC,37027,Caldwell County,2024,56425,ACS 2024 5-year B19013,available
NC,37029,Camden County,2015,58780,ACS 2015 5-year B19013,available
NC,37029,Camden County,2016,60714,ACS 2016 5-year B19013,available
NC,37029,Camden County,2017,68327,ACS 2017 5-year B19013,available
NC,37029,Camden County,2018,63349,ACS 2018 5-year B19013,available
NC,37029,Camden County,2019,64572,ACS 2019 5-year B19013,available
NC,37029,Camden County,2020,63834,ACS 2020 5-year B19013,available
NC,37029,Camden County,2021,68560,ACS 2021 5-year B19013,available
NC,37029,Camden County,2022,79120,ACS 2022 5-year B19013,available
NC,37029,Camden County,2023,87781,ACS 2023 5-year B19013,available
NC,37029,Camden County,2024,91078,ACS 2024 5-year B19013,available
NC,37031,Carteret County,2015,48457,ACS 2015 5-year B19013,available
NC,37031,Carteret County,2016,50599,ACS 2016 5-year B19013,available
NC,37031,Carteret County,2017,51584,ACS 2017 5-year B19013,available
NC,37031,Carteret County,2018,54428,ACS 2018 5-year B19013,available
NC,37031,Carteret County,2019,57194,ACS 2019 5-year B19013,available
NC,37031,Carteret County,2020,57871,ACS 2020 5-year B19013,available
NC,37031,Carteret County,2021,61805,ACS 2021 5-year B19013,available
NC,37031,Carteret County,2022,66965,ACS 2022 5-year B19013,available
NC,37031,Carteret County,2023,70235,ACS 2023 5-year B19013,available
NC,37031,Carteret County,2024,72322,ACS 2024 5-year B19013,available
NC,37033,Caswell County,2015,37869,ACS 2015 5-year B19013,available
NC,37033,Caswell County,2016,38310,ACS 2016 5-year B19013,available
NC,37033,Caswell County,2017,39428,ACS 2017 5-year B19013,available
NC,37033,Caswell County,2018,43961,ACS 2018 5-year B19013,available
NC,37033,Caswell County,2019,45733,ACS 2019 5-year B19013,available
NC,37033,Caswell County,2020,47938,ACS 2020 5-year B19013,available
NC,37033,Caswell County,2021,53279,ACS 2021 5-year B19013,available
NC,37033,Caswell County,2022,56999,ACS 2022 5-year B19013,available
NC,37033,Caswell County,2023,59407,ACS 2023 5-year B19013,available
NC,37033,Caswell County,2024,59755,ACS 2024 5-year B19013,available
NC,37035,Catawba County,2015,44376,ACS 2015 5-year B19013,available
NC,37035,Catawba County,2016,45450,ACS 2016 5-year B19013,available
NC,37035,Catawba County,2017,48649,ACS 2017 5-year B19013,available
NC,37035,Catawba County,2018,51157,ACS 2018 5-year B19013,available
NC,37035,Catawba County,2019,52056,ACS 2019 5-year B19013,available
NC,37035,Catawba County,2020,54690,ACS 2020 5-year B19013,available
NC,37035,Catawba County,2021,57840,ACS 2021 5-year B19013,available
NC,37035,Catawba County,2022,62070,ACS 2022 5-year B19013,available
NC,37035,Catawba County,2023,64544,ACS 2023 5-year B19013,available
NC,37035,Catawba County,2024,67864,ACS 2024 5-year B19013,available
NC,37037,Chatham County,2015,56642,ACS 2015 5-year B19013,available
NC,37037,Chatham County,2016,58555,ACS 2016 5-year B19013,available
NC,37037,Chatham County,2017,59684,ACS 2017 5-year B19013,available
NC,37037,Chatham County,2018,63531,ACS 2018 5-year B19013,available
NC,37037,Chatham County,2019,67031,ACS 2019 5-year B19013,available
NC,37037,Chatham County,2020,69799,ACS 2020 5-year B19013,available
NC,37037,Chatham County,2021,76791,ACS 2021 5-year B19013,available
NC,37037,Chatham County,2022,84222,ACS 2022 5-year B19013,available
NC,37037,Chatham County,2023,88534,ACS 2023 5-year B19013,available
NC,37037,Chatham County,2024,94317,ACS 2024 5-year B19013,available
NC,37039,Cherokee County,2015,34662,ACS 2015 5-year B19013,available
NC,37039,Cherokee County,2016,35284,ACS 2016 5-year B19013,available
NC,37039,Cherokee County,2017,38115,ACS 2017 5-year B19013,available
NC,37039,Cherokee County,2018,40294,ACS 2018 5-year B19013,available
NC,37039,Cherokee County,2019,41438,ACS 2019 5-year B19013,available
NC,37039,Cherokee County,2020,40793,ACS 2020 5-year B19013,available
NC,37039,Cherokee County,2021,43319,ACS 2021 5-year B19013,available
NC,37039,Cherokee County,2022,49254,ACS 2022 5-year B19013,available
NC,37039,Cherokee County,2023,51496,ACS 2023 5-year B19013,available
NC,37039,Cherokee County,2024,53628,ACS 2024 5-year B19013,available
NC,37041,Chowan County,2015,38759,ACS 2015 5-year B19013,available
NC,37041,Chowan County,2016,41156,ACS 2016 5-year B19013,available
NC,37041,Chowan County,2017,41979,ACS 2017 5-year B19013,available
NC,37041,Chowan County,2018,42621,ACS 2018 5-year B19013,available
NC,37041,Chowan County,2019,46519,ACS 2019 5-year B19013,available
NC,37041,Chowan County,2020,44050,ACS 2020 5-year B19013,available
NC,37041,Chowan County,2021,46288,ACS 2021 5-year B19013,available
NC,37041,Chowan County,2022,51188,ACS 2022 5-year B19013,available
NC,37041,Chowan County,2023,56982,ACS 2023 5-year B19013,available
NC,37041,Chowan County,2024,53864,ACS 2024 5-year B19013,available
NC,37043,Clay County,2015,37076,ACS 2015 5-year B19013,available
NC,37043,Clay County,2016,36296,ACS 2016 5-year B19013,available
NC,37043,Clay County,2017,37070,ACS 2017 5-year B19013,available
NC,37043,Clay County,2018,38801,ACS 2018 5-year B19013,available
NC,37043,Clay County,2019,42222,ACS 2019 5-year B19013,available
NC,37043,Clay County,2020,42160,ACS 2020 5-year B19013,available
NC,37043,Clay County,2021,47155,ACS 2021 5-year B19013,available
NC,37043,Clay County,2022,57065,ACS 2022 5-year B19013,available
NC,37043,Clay County,2023,53645,ACS 2023 5-year B19013,available
NC,37043,Clay County,2024,56971,ACS 2024 5-year B19013,available
NC,37045,Cleveland County,2015,39453,ACS 2015 5-year B19013,available
NC,37045,Cleveland County,2016,39134,ACS 2016 5-year B19013,available
NC,37045,Cleveland County,2017,40002,ACS 2017 5-year B19013,available
NC,37045,Cleveland County,2018,40393,ACS 2018 5-year B19013,available
NC,37045,Cleveland County,2019,42247,ACS 2019 5-year B19013,available
NC,37045,Cleveland County,2020,43512,ACS 2020 5-year B19013,available
NC,37045,Cleveland County,2021,45646,ACS 2021 5-year B19013,available
NC,37045,Cleveland County,2022,50723,ACS 2022 5-year B19013,available
NC,37045,Cleveland County,2023,55769,ACS 2023 5-year B19013,available
NC,37045,Cleveland County,2024,58534,ACS 2024 5-year B19013,available
NC,37047,Columbus County,2015,34949,ACS 2015 5-year B19013,available
NC,37047,Columbus County,2016,35847,ACS 2016 5-year B19013,available
NC,37047,Columbus County,2017,36261,ACS 2017 5-year B19013,available
NC,37047,Columbus County,2018,36398,ACS 2018 5-year B19013,available
NC,37047,Columbus County,2019,37628,ACS 2019 5-year B19013,available
NC,37047,Columbus County,2020,38487,ACS 2020 5-year B19013,available
NC,37047,Columbus County,2021,40562,ACS 2021 5-year B19013,available
NC,37047,Columbus County,2022,43206,ACS 2022 5-year B19013,available
NC,37047,Columbus County,2023,48184,ACS 2023 5-year B19013,available
NC,37047,Columbus County,2024,49442,ACS 2024 5-year B19013,available
NC,37049,Craven County,2015,47985,ACS 2015 5-year B19013,available
NC,37049,Craven County,2016,47957,ACS 2016 5-year B19013,available
NC,37049,Craven County,2017,49391,ACS 2017 5-year B19013,available
NC,37049,Craven County,2018,50870,ACS 2018 5-year B19013,available
NC,37049,Craven County,2019,52687,ACS 2019 5-year B19013,available
NC,37049,Craven County,2020,53894,ACS 2020 5-year B19013,available
NC,37049,Craven County,2021,56325,ACS 2021 5-year B19013,available
NC,37049,Craven County,2022,61676,ACS 2022 5-year B19013,available
NC,37049,Craven County,2023,64635,ACS 2023 5-year B19013,available
NC,37049,Craven County,2024,65873,ACS 2024 5-year B19013,available
NC,37051,Cumberland County,2015,44171,ACS 2015 5-year B19013,available
NC,37051,Cumberland County,2016,44810,ACS 2016 5-year B19013,available
NC,37051,Cumberland County,2017,44737,ACS 2017 5-year B19013,available
NC,37051,Cumberland County,2018,45716,ACS 2018 5-year B19013,available
NC,37051,Cumberland County,2019,46875,ACS 2019 5-year B19013,available
NC,37051,Cumberland County,2020,48177,ACS 2020 5-year B19013,available
NC,37051,Cumberland County,2021,50746,ACS 2021 5-year B19013,available
NC,37051,Cumberland County,2022,55551,ACS 2022 5-year B19013,available
NC,37051,Cumberland County,2023,58780,ACS 2023 5-year B19013,available
NC,37051,Cumberland County,2024,61291,ACS 2024 5-year B19013,available
NC,37053,Currituck County,2015,60600,ACS 2015 5-year B19013,available
NC,37053,Currituck County,2016,61086,ACS 2016 5-year B19013,available
NC,37053,Currituck County,2017,65758,ACS 2017 5-year B19013,available
NC,37053,Currituck County,2018,66284,ACS 2018 5-year B19013,available
NC,37053,Currituck County,2019,69964,ACS 2019 5-year B19013,available
NC,37053,Currituck County,2020,73741,ACS 2020 5-year B19013,available
NC,37053,Currituck County,2021,79416,ACS 2021 5-year B19013,available
NC,37053,Currituck County,2022,82793,ACS 2022 5-year B19013,available
NC,37053,Currituck County,2023,91548,ACS 2023 5-year B19013,available
NC,37053,Currituck County,2024,93511,ACS 2024 5-year B19013,available
NC,37055,Dare County,2015,54496,ACS 2015 5-year B19013,available
NC,37055,Dare County,2016,54787,ACS 2016 5-year B19013,available
NC,37055,Dare County,2017,55640,ACS 2017 5-year B19013,available
NC,37055,Dare County,2018,58012,ACS 2018 5-year B19013,available
NC,37055,Dare County,2019,59381,ACS 2019 5-year B19013,available
NC,37055,Dare County,2020,65420,ACS 2020 5-year B19013,available
NC,37055,Dare County,2021,69500,ACS 2021 5-year B19013,available
NC,37055,Dare County,2022,79742,ACS 2022 5-year B19013,available
NC,37055,Dare County,2023,81214,ACS 2023 5-year B19013,available
NC,37055,Dare County,2024,88994,ACS 2024 5-year B19013,available
NC,37057,Davidson County,2015,43363,ACS 2015 5-year B19013,available
NC,37057,Davidson County,2016,44469,ACS 2016 5-year B19013,available
NC,37057,Davidson County,2017,45806,ACS 2017 5-year B19013,available
NC,37057,Davidson County,2018,47271,ACS 2018 5-year B19013,available
NC,37057,Davidson County,2019,49546,ACS 2019 5-year B19013,available
NC,37057,Davidson County,2020,50454,ACS 2020 5-year B19013,available
NC,37057,Davidson County,2021,53083,ACS 2021 5-year B19013,available
NC,37057,Davidson County,2022,58473,ACS 2022 5-year B19013,available
NC,37057,Davidson County,2023,62426,ACS 2023 5-year B19013,available
NC,37057,Davidson County,2024,64172,ACS 2024 5-year B19013,available
NC,37059,Davie County,2015,51527,ACS 2015 5-year B19013,available
NC,37059,Davie County,2016,51662,ACS 2016 5-year B19013,available
NC,37059,Davie County,2017,53493,ACS 2017 5-year B19013,available
NC,37059,Davie County,2018,57611,ACS 2018 5-year B19013,available
NC,37059,Davie County,2019,60434,ACS 2019 5-year B19013,available
NC,37059,Davie County,2020,62028,ACS 2020 5-year B19013,available
NC,37059,Davie County,2021,64657,ACS 2021 5-year B19013,available
NC,37059,Davie County,2022,69105,ACS 2022 5-year B19013,available
NC,37059,Davie County,2023,73234,ACS 2023 5-year B19013,available
NC,37059,Davie County,2024,75057,ACS 2024 5-year B19013,available
NC,37061,Duplin County,2015,35035,ACS 2015 5-year B19013,available
NC,37061,Duplin County,2016,35364,ACS 2016 5-year B19013,available
NC,37061,Duplin County,2017,36679,ACS 2017 5-year B19013,available
NC,37061,Duplin County,2018,38850,ACS 2018 5-year B19013,available
NC,37061,Duplin County,2019,41764,ACS 2019 5-year B19013,available
NC,37061,Duplin County,2020,43422,ACS 2020 5-year B19013,available
NC,37061,Duplin County,2021,45744,ACS 2021 5-year B19013,available
NC,37061,Duplin County,2022,49376,ACS 2022 5-year B19013,available
NC,37061,Duplin County,2023,51880,ACS 2023 5-year B19013,available
NC,37061,Duplin County,2024,55148,ACS 2024 5-year B19013,available
NC,37063,Durham County,2015,52503,ACS 2015 5-year B19013,available
NC,37063,Durham County,2016,54093,ACS 2016 5-year B19013,available
NC,37063,Durham County,2017,56393,ACS 2017 5-year B19013,available
NC,37063,Durham County,2018,58190,ACS 2018 5-year B19013,available
NC,37063,Durham County,2019,60958,ACS 2019 5-year B19013,available
NC,37063,Durham County,2020,62812,ACS 2020 5-year B19013,available
NC,37063,Durham County,2021,67000,ACS 2021 5-year B19013,available
NC,37063,Durham County,2022,74927,ACS 2022 5-year B19013,available
NC,37063,Durham County,2023,79501,ACS 2023 5-year B19013,available
NC,37063,Durham County,2024,82316,ACS 2024 5-year B19013,available
NC,37065,Edgecombe County,2015,32659,ACS 2015 5-year B19013,available
NC,37065,Edgecombe County,2016,32298,ACS 2016 5-year B19013,available
NC,37065,Edgecombe County,2017,32929,ACS 2017 5-year B19013,available
NC,37065,Edgecombe County,2018,35516,ACS 2018 5-year B19013,available
NC,37065,Edgecombe County,2019,36866,ACS 2019 5-year B19013,available
NC,37065,Edgecombe County,2020,40489,ACS 2020 5-year B19013,available
NC,37065,Edgecombe County,2021,41974,ACS 2021 5-year B19013,available
NC,37065,Edgecombe County,2022,46370,ACS 2022 5-year B19013,available
NC,37065,Edgecombe County,2023,48480,ACS 2023 5-year B19013,available
NC,37065,Edgecombe County,2024,51265,ACS 2024 5-year B19013,available
NC,37067,Forsyth County,2015,45471,ACS 2015 5-year B19013,available
NC,37067,Forsyth County,2016,46283,ACS 2016 5-year B19013,available
NC,37067,Forsyth County,2017,48369,ACS 2017 5-year B19013,available
NC,37067,Forsyth County,2018,50128,ACS 2018 5-year B19013,available
NC,37067,Forsyth County,2019,51569,ACS 2019 5-year B19013,available
NC,37067,Forsyth County,2020,53583,ACS 2020 5-year B19013,available
NC,37067,Forsyth County,2021,56830,ACS 2021 5-year B19013,available
NC,37067,Forsyth County,2022,61229,ACS 2022 5-year B19013,available
NC,37067,Forsyth County,2023,65541,ACS 2023 5-year B19013,available
NC,37067,Forsyth County,2024,67165,ACS 2024 5-year B19013,available
NC,37069,Franklin County,2015,42685,ACS 2015 5-year B19013,available
NC,37069,Franklin County,2016,44272,ACS 2016 5-year B19013,available
NC,37069,Franklin County,2017,48344,ACS 2017 5-year B19013,available
NC,37069,Franklin County,2018,53175,ACS 2018 5-year B19013,available
NC,37069,Franklin County,2019,55193,ACS 2019 5-year B19013,available
NC,37069,Franklin County,2020,58172,ACS 2020 5-year B19013,available
NC,37069,Franklin County,2021,62332,ACS 2021 5-year B19013,available
NC,37069,Franklin County,2022,70493,ACS 2022 5-year B19013,available
NC,37069,Franklin County,2023,71386,ACS 2023 5-year B19013,available
NC,37069,Franklin County,2024,74240,ACS 2024 5-year B19013,available
NC,37071,Gaston County,2015,42429,ACS 2015 5-year B19013,available
NC,37071,Gaston County,2016,44288,ACS 2016 5-year B19013,available
NC,37071,Gaston County,2017,46626,ACS 2017 5-year B19013,available
NC,37071,Gaston County,2018,49384,ACS 2018 5-year B19013,available
NC,37071,Gaston County,2019,52835,ACS 2019 5-year B19013,available
NC,37071,Gaston County,2020,53474,ACS 2020 5-year B19013,available
NC,37071,Gaston County,2021,56819,ACS 2021 5-year B19013,available
NC,37071,Gaston County,2022,62628,ACS 2022 5-year B19013,available
NC,37071,Gaston County,2023,65472,ACS 2023 5-year B19013,available
NC,37071,Gaston County,2024,67478,ACS 2024 5-year B19013,available
NC,37073,Gates County,2015,49258,ACS 2015 5-year B19013,available
NC,37073,Gates County,2016,51582,ACS 2016 5-year B19013,available
NC,37073,Gates County,2017,52481,ACS 2017 5-year B19013,available
NC,37073,Gates County,2018,52205,ACS 2018 5-year B19013,available
NC,37073,Gates County,2019,50750,ACS 2019 5-year B19013,available
NC,37073,Gates County,2020,45871,ACS 2020 5-year B19013,available
NC,37073,Gates County,2021,51599,ACS 2021 5-year B19013,available
NC,37073,Gates County,2022,55750,ACS 2022 5-year B19013,available
NC,37073,Gates County,2023,61612,ACS 2023 5-year B19013,available
NC,37073,Gates County,2024,66333,ACS 2024 5-year B19013,available
NC,37075,Graham County,2015,34805,ACS 2015 5-year B19013,available
NC,37075,Graham County,2016,34778,ACS 2016 5-year B19013,available
NC,37075,Graham County,2017,36030,ACS 2017 5-year B19013,available
NC,37075,Graham County,2018,36525,ACS 2018 5-year B19013,available
NC,37075,Graham County,2019,39571,ACS 2019 5-year B19013,available
NC,37075,Graham County,2020,42207,ACS 2020 5-year B19013,available
NC,37075,Graham County,2021,41977,ACS 2021 5-year B19013,available
NC,37075,Graham County,2022,46010,ACS 2022 5-year B19013,available
NC,37075,Graham County,2023,49038,ACS 2023 5-year B19013,available
NC,37075,Graham County,2024,49684,ACS 2024 5-year B19013,available
NC,37077,Granville County,2015,50225,ACS 2015 5-year B19013,available
NC,37077,Granville County,2016,50317,ACS 2016 5-year B19013,available
NC,37077,Granville County,2017,52089,ACS 2017 5-year B19013,available
NC,37077,Granville County,2018,55628,ACS 2018 5-year B19013,available
NC,37077,Granville County,2019,55856,ACS 2019 5-year B19013,available
NC,37077,Granville County,2020,56924,ACS 2020 5-year B19013,available
NC,37077,Granville County,2021,60606,ACS 2021 5-year B19013,available
NC,37077,Granville County,2022,68079,ACS 2022 5-year B19013,available
NC,37077,Granville County,2023,70975,ACS 2023 5-year B19013,available
NC,37077,Granville County,2024,71111,ACS 2024 5-year B19013,available
NC,37079,Greene County,2015,35777,ACS 2015 5-year B19013,available
NC,37079,Greene County,2016,37190,ACS 2016 5-year B19013,available
NC,37079,Greene County,2017,36989,ACS 2017 5-year B19013,available
NC,37079,Greene County,2018,38306,ACS 2018 5-year B19013,available
NC,37079,Greene County,2019,39837,ACS 2019 5-year B19013,available
NC,37079,Greene County,2020,43563,ACS 2020 5-year B19013,available
NC,37079,Greene County,2021,45766,ACS 2021 5-year B19013,available
NC,37079,Greene County,2022,50320,ACS 2022 5-year B19013,available
NC,37079,Greene County,2023,50904,ACS 2023 5-year B19013,available
NC,37079,Greene County,2024,53244,ACS 2024 5-year B19013,available
NC,37081,Guilford County,2015,45651,ACS 2015 5-year B19013,available
NC,37081,Guilford County,2016,46896,ACS 2016 5-year B19013,available
NC,37081,Guilford County,2017,49253,ACS 2017 5-year B19013,available
NC,37081,Guilford County,2018,51072,ACS 2018 5-year B19013,available
NC,37081,Guilford County,2019,53261,ACS 2019 5-year B19013,available
NC,37081,Guilford County,2020,54794,ACS 2020 5-year B19013,available
NC,37081,Guilford County,2021,58646,ACS 2021 5-year B19013,available
NC,37081,Guilford County,2022,62880,ACS 2022 5-year B19013,available
NC,37081,Guilford County,2023,66027,ACS 2023 5-year B19013,available
NC,37081,Guilford County,2024,68642,ACS 2024 5-year B19013,available
NC,37083,Halifax County,2015,32245,ACS 2015 5-year B19013,available
NC,37083,Halifax County,2016,32549,ACS 2016 5-year B19013,available
NC,37083,Halifax County,2017,33573,ACS 2017 5-year B19013,available
NC,37083,Halifax County,2018,34251,ACS 2018 5-year B19013,available
NC,37083,Halifax County,2019,35502,ACS 2019 5-year B19013,available
NC,37083,Halifax County,2020,35904,ACS 2020 5-year B19013,available
NC,37083,Halifax County,2021,37832,ACS 2021 5-year B19013,available
NC,37083,Halifax County,2022,41629,ACS 2022 5-year B19013,available
NC,37083,Halifax County,2023,45071,ACS 2023 5-year B19013,available
NC,37083,Halifax County,2024,45590,ACS 2024 5-year B19013,available
NC,37085,Harnett County,2015,46353,ACS 2015 5-year B19013,available
NC,37085,Harnett County,2016,47930,ACS 2016 5-year B19013,available
NC,37085,Harnett County,2017,50323,ACS 2017 5-year B19013,available
NC,37085,Harnett County,2018,51630,ACS 2018 5-year B19013,available
NC,37085,Harnett County,2019,53554,ACS 2019 5-year B19013,available
NC,37085,Harnett County,2020,54565,ACS 2020 5-year B19013,available
NC,37085,Harnett County,2021,59676,ACS 2021 5-year B19013,available
NC,37085,Harnett County,2022,64992,ACS 2022 5-year B19013,available
NC,37085,Harnett County,2023,69012,ACS 2023 5-year B19013,available
NC,37085,Harnett County,2024,71287,ACS 2024 5-year B19013,available
NC,37087,Haywood County,2015,42257,ACS 2015 5-year B19013,available
NC,37087,Haywood County,2016,43097,ACS 2016 5-year B19013,available
NC,37087,Haywood County,2017,45538,ACS 2017 5-year B19013,available
NC,37087,Haywood County,2018,49800,ACS 2018 5-year B19013,available
NC,37087,Haywood County,2019,51659,ACS 2019 5-year B19013,available
NC,37087,Haywood County,2020,51548,ACS 2020 5-year B19013,available
NC,37087,Haywood County,2021,52063,ACS 2021 5-year B19013,available
NC,37087,Haywood County,2022,56596,ACS 2022 5-year B19013,available
NC,37087,Haywood County,2023,61001,ACS 2023 5-year B19013,available
NC,37087,Haywood County,2024,61912,ACS 2024 5-year B19013,available
NC,37089,Henderson County,2015,46448,ACS 2015 5-year B19013,available
NC,37089,Henderson County,2016,48138,ACS 2016 5-year B19013,available
NC,37089,Henderson County,2017,50454,ACS 2017 5-year B19013,available
NC,37089,Henderson County,2018,52815,ACS 2018 5-year B19013,available
NC,37089,Henderson County,2019,55945,ACS 2019 5-year B19013,available
NC,37089,Henderson County,2020,58928,ACS 2020 5-year B19013,available
NC,37089,Henderson County,2021,59928,ACS 2021 5-year B19013,available
NC,37089,Henderson County,2022,65508,ACS 2022 5-year B19013,available
NC,37089,Henderson County,2023,67623,ACS 2023 5-year B19013,available
NC,37089,Henderson County,2024,68187,ACS 2024 5-year B19013,available
NC,37091,Hertford County,2015,33008,ACS 2015 5-year B19013,available
NC,37091,Hertford County,2016,34523,ACS 2016 5-year B19013,available
NC,37091,Hertford County,2017,35806,ACS 2017 5-year B19013,available
NC,37091,Hertford County,2018,37005,ACS 2018 5-year B19013,available
NC,37091,Hertford County,2019,41028,ACS 2019 5-year B19013,available
NC,37091,Hertford County,2020,42588,ACS 2020 5-year B19013,available
NC,37091,Hertford County,2021,43523,ACS 2021 5-year B19013,available
NC,37091,Hertford County,2022,46196,ACS 2022 5-year B19013,available
NC,37091,Hertford County,2023,47472,ACS 2023 5-year B19013,available
NC,37091,Hertford County,2024,45537,ACS 2024 5-year B19013,available
NC,37093,Hoke County,2015,41542,ACS 2015 5-year B19013,available
NC,37093,Hoke County,2016,42704,ACS 2016 5-year B19013,available
NC,37093,Hoke County,2017,45713,ACS 2017 5-year B19013,available
NC,37093,Hoke County,2018,47535,ACS 2018 5-year B19013,available
NC,37093,Hoke County,2019,48072,ACS 2019 5-year B19013,available
NC,37093,Hoke County,2020,51140,ACS 2020 5-year B19013,available
NC,37093,Hoke County,2021,53456,ACS 2021 5-year B19013,available
NC,37093,Hoke County,2022,57141,ACS 2022 5-year B19013,available
NC,37093,Hoke County,2023,60095,ACS 2023 5-year B19013,available
NC,37093,Hoke County,2024,64912,ACS 2024 5-year B19013,available
NC,37095,Hyde County,2015,42897,ACS 2015 5-year B19013,available
NC,37095,Hyde County,2016,37741,ACS 2016 5-year B19013,available
NC,37095,Hyde County,2017,40532,ACS 2017 5-year B19013,available
NC,37095,Hyde County,2018,45466,ACS 2018 5-year B19013,available
NC,37095,Hyde County,2019,39663,ACS 2019 5-year B19013,available
NC,37095,Hyde County,2020,46667,ACS 2020 5-year B19013,available
NC,37095,Hyde County,2021,48577,ACS 2021 5-year B19013,available
NC,37095,Hyde County,2022,43724,ACS 2022 5-year B19013,available
NC,37095,Hyde County,2023,47338,ACS 2023 5-year B19013,available
NC,37095,Hyde County,2024,53713,ACS 2024 5-year B19013,available
NC,37097,Iredell County,2015,52306,ACS 2015 5-year B19013,available
NC,37097,Iredell County,2016,53937,ACS 2016 5-year B19013,available
NC,37097,Iredell County,2017,55957,ACS 2017 5-year B19013,available
NC,37097,Iredell County,2018,58198,ACS 2018 5-year B19013,available
NC,37097,Iredell County,2019,60955,ACS 2019 5-year B19013,available
NC,37097,Iredell County,2020,62551,ACS 2020 5-year B19013,available
NC,37097,Iredell County,2021,66824,ACS 2021 5-year B19013,available
NC,37097,Iredell County,2022,73103,ACS 2022 5-year B19013,available
NC,37097,Iredell County,2023,78678,ACS 2023 5-year B19013,available
NC,37097,Iredell County,2024,81419,ACS 2024 5-year B19013,available
NC,37099,Jackson County,2015,38015,ACS 2015 5-year B19013,available
NC,37099,Jackson County,2016,40278,ACS 2016 5-year B19013,available
NC,37099,Jackson County,2017,45078,ACS 2017 5-year B19013,available
NC,37099,Jackson County,2018,44028,ACS 2018 5-year B19013,available
NC,37099,Jackson County,2019,47252,ACS 2019 5-year B19013,available
NC,37099,Jackson County,2020,46820,ACS 2020 5-year B19013,available
NC,37099,Jackson County,2021,47989,ACS 2021 5-year B19013,available
NC,37099,Jackson County,2022,51482,ACS 2022 5-year B19013,available
NC,37099,Jackson County,2023,53479,ACS 2023 5-year B19013,available
NC,37099,Jackson County,2024,55815,ACS 2024 5-year B19013,available
NC,37101,Johnston County,2015,50512,ACS 2015 5-year B19013,available
NC,37101,Johnston County,2016,51980,ACS 2016 5-year B19013,available
NC,37101,Johnston County,2017,54610,ACS 2017 5-year B19013,available
NC,37101,Johnston County,2018,56842,ACS 2018 5-year B19013,available
NC,37101,Johnston County,2019,59865,ACS 2019 5-year B19013,available
NC,37101,Johnston County,2020,61806,ACS 2020 5-year B19013,available
NC,37101,Johnston County,2021,66026,ACS 2021 5-year B19013,available
NC,37101,Johnston County,2022,75288,ACS 2022 5-year B19013,available
NC,37101,Johnston County,2023,79838,ACS 2023 5-year B19013,available
NC,37101,Johnston County,2024,83384,ACS 2024 5-year B19013,available
NC,37103,Jones County,2015,34005,ACS 2015 5-year B19013,available
NC,37103,Jones County,2016,34080,ACS 2016 5-year B19013,available
NC,37103,Jones County,2017,37256,ACS 2017 5-year B19013,available
NC,37103,Jones County,2018,36892,ACS 2018 5-year B19013,available
NC,37103,Jones County,2019,38158,ACS 2019 5-year B19013,available
NC,37103,Jones County,2020,38324,ACS 2020 5-year B19013,available
NC,37103,Jones County,2021,42401,ACS 2021 5-year B19013,available
NC,37103,Jones County,2022,53053,ACS 2022 5-year B19013,available
NC,37103,Jones County,2023,55659,ACS 2023 5-year B19013,available
NC,37103,Jones County,2024,59641,ACS 2024 5-year B19013,available
NC,37105,Lee County,2015,45608,ACS 2015 5-year B19013,available
NC,37105,Lee County,2016,46402,ACS 2016 5-year B19013,available
NC,37105,Lee County,2017,49272,ACS 2017 5-year B19013,available
NC,37105,Lee County,2018,48873,ACS 2018 5-year B19013,available
NC,37105,Lee County,2019,49994,ACS 2019 5-year B19013,available
NC,37105,Lee County,2020,52294,ACS 2020 5-year B19013,available
NC,37105,Lee County,2021,57674,ACS 2021 5-year B19013,available
NC,37105,Lee County,2022,60941,ACS 2022 5-year B19013,available
NC,37105,Lee County,2023,63060,ACS 2023 5-year B19013,available
NC,37105,Lee County,2024,65387,ACS 2024 5-year B19013,available
NC,37107,Lenoir County,2015,34717,ACS 2015 5-year B19013,available
NC,37107,Lenoir County,2016,36956,ACS 2016 5-year B19013,available
NC,37107,Lenoir County,2017,37515,ACS 2017 5-year B19013,available
NC,37107,Lenoir County,2018,38387,ACS 2018 5-year B19013,available
NC,37107,Lenoir County,2019,39402,ACS 2019 5-year B19013,available
NC,37107,Lenoir County,2020,39923,ACS 2020 5-year B19013,available
NC,37107,Lenoir County,2021,41092,ACS 2021 5-year B19013,available
NC,37107,Lenoir County,2022,43063,ACS 2022 5-year B19013,available
NC,37107,Lenoir County,2023,44795,ACS 2023 5-year B19013,available
NC,37107,Lenoir County,2024,45143,ACS 2024 5-year B19013,available
NC,37109,Lincoln County,2015,49215,ACS 2015 5-year B19013,available
NC,37109,Lincoln County,2016,49283,ACS 2016 5-year B19013,available
NC,37109,Lincoln County,2017,50782,ACS 2017 5-year B19013,available
NC,37109,Lincoln County,2018,53318,ACS 2018 5-year B19013,available
NC,37109,Lincoln County,2019,57536,ACS 2019 5-year B19013,available
NC,37109,Lincoln County,2020,59592,ACS 2020 5-year B19013,available
NC,37109,Lincoln County,2021,65399,ACS 2021 5-year B19013,available
NC,37109,Lincoln County,2022,75672,ACS 2022 5-year B19013,available
NC,37109,Lincoln County,2023,78490,ACS 2023 5-year B19013,available
NC,37109,Lincoln County,2024,80016,ACS 2024 5-year B19013,available
NC,37111,McDowell County,2015,35965,ACS 2015 5-year B19013,available
NC,37111,McDowell County,2016,37590,ACS 2016 5-year B19013,available
NC,37111,McDowell County,2017,38776,ACS 2017 5-year B19013,available
NC,37111,McDowell County,2018,40913,ACS 2018 5-year B19013,available
NC,37111,McDowell County,2019,43646,ACS 2019 5-year B19013,available
NC,37111,McDowell County,2020,47085,ACS 2020 5-year B19013,available
NC,37111,McDowell County,2021,50615,ACS 2021 5-year B19013,available
NC,37111,McDowell County,2022,53532,ACS 2022 5-year B19013,available
NC,37111,McDowell County,2023,55527,ACS 2023 5-year B19013,available
NC,37111,McDowell County,2024,57168,ACS 2024 5-year B19013,available
NC,37113,Macon County,2015,39133,ACS 2015 5-year B19013,available
NC,37113,Macon County,2016,39593,ACS 2016 5-year B19013,available
NC,37113,Macon County,2017,40659,ACS 2017 5-year B19013,available
NC,37113,Macon County,2018,43597,ACS 2018 5-year B19013,available
NC,37113,Macon County,2019,45507,ACS 2019 5-year B19013,available
NC,37113,Macon County,2020,45703,ACS 2020 5-year B19013,available
NC,37113,Macon County,2021,48169,ACS 2021 5-year B19013,available
NC,37113,Macon County,2022,51042,ACS 2022 5-year B19013,available
NC,37113,Macon County,2023,53298,ACS 2023 5-year B19013,available
NC,37113,Macon County,2024,59061,ACS 2024 5-year B19013,available
NC,37115,Madison County,2015,37904,ACS 2015 5-year B19013,available
NC,37115,Madison County,2016,40408,ACS 2016 5-year B19013,available
NC,37115,Madison County,2017,40563,ACS 2017 5-year B19013,available
NC,37115,Madison County,2018,42410,ACS 2018 5-year B19013,available
NC,37115,Madison County,2019,45873,ACS 2019 5-year B19013,available
NC,37115,Madison County,2020,46190,ACS 2020 5-year B19013,available
NC,37115,Madison County,2021,51396,ACS 2021 5-year B19013,available
NC,37115,Madison County,2022,56664,ACS 2022 5-year B19013,available
NC,37115,Madison County,2023,58628,ACS 2023 5-year B19013,available
NC,37115,Madison County,2024,58531,ACS 2024 5-year B19013,available
NC,37117,Martin County,2015,35080,ACS 2015 5-year B19013,available
NC,37117,Martin County,2016,34957,ACS 2016 5-year B19013,available
NC,37117,Martin County,2017,35969,ACS 2017 5-year B19013,available
NC,37117,Martin County,2018,39205,ACS 2018 5-year B19013,available
NC,37117,Martin County,2019,40090,ACS 2019 5-year B19013,available
NC,37117,Martin County,2020,39909,ACS 2020 5-year B19013,available
NC,37117,Martin County,2021,41798,ACS 2021 5-year B19013,available
NC,37117,Martin County,2022,44799,ACS 2022 5-year B19013,available
NC,37117,Martin County,2023,46793,ACS 2023 5-year B19013,available
NC,37117,Martin County,2024,48578,ACS 2024 5-year B19013,available
NC,37119,Mecklenburg County,2015,56854,ACS 2015 5-year B19013,available
NC,37119,Mecklenburg County,2016,59268,ACS 2016 5-year B19013,available
NC,37119,Mecklenburg County,2017,61695,ACS 2017 5-year B19013,available
NC,37119,Mecklenburg County,2018,64312,ACS 2018 5-year B19013,available
NC,37119,Mecklenburg County,2019,66641,ACS 2019 5-year B19013,available
NC,37119,Mecklenburg County,2020,69240,ACS 2020 5-year B19013,available
NC,37119,Mecklenburg County,2021,73124,ACS 2021 5-year B19013,available
NC,37119,Mecklenburg County,2022,79265,ACS 2022 5-year B19013,available
NC,37119,Mecklenburg County,2023,83765,ACS 2023 5-year B19013,available
NC,37119,Mecklenburg County,2024,87005,ACS 2024 5-year B19013,available
NC,37121,Mitchell County,2015,37391,ACS 2015 5-year B19013,available
NC,37121,Mitchell County,2016,39658,ACS 2016 5-year B19013,available
NC,37121,Mitchell County,2017,42534,ACS 2017 5-year B19013,available
NC,37121,Mitchell County,2018,44186,ACS 2018 5-year B19013,available
NC,37121,Mitchell County,2019,46103,ACS 2019 5-year B19013,available
NC,37121,Mitchell County,2020,48841,ACS 2020 5-year B19013,available
NC,37121,Mitchell County,2021,48320,ACS 2021 5-year B19013,available
NC,37121,Mitchell County,2022,55534,ACS 2022 5-year B19013,available
NC,37121,Mitchell County,2023,58089,ACS 2023 5-year B19013,available
NC,37121,Mitchell County,2024,57602,ACS 2024 5-year B19013,available
NC,37123,Montgomery County,2015,32500,ACS 2015 5-year B19013,available
NC,37123,Montgomery County,2016,34819,ACS 2016 5-year B19013,available
NC,37123,Montgomery County,2017,38254,ACS 2017 5-year B19013,available
NC,37123,Montgomery County,2018,42346,ACS 2018 5-year B19013,available
NC,37123,Montgomery County,2019,44146,ACS 2019 5-year B19013,available
NC,37123,Montgomery County,2020,45147,ACS 2020 5-year B19013,available
NC,37123,Montgomery County,2021,50618,ACS 2021 5-year B19013,available
NC,37123,Montgomery County,2022,55523,ACS 2022 5-year B19013,available
NC,37123,Montgomery County,2023,55849,ACS 2023 5-year B19013,available
NC,37123,Montgomery County,2024,57766,ACS 2024 5-year B19013,available
NC,37125,Moore County,2015,50998,ACS 2015 5-year B19013,available
NC,37125,Moore County,2016,51873,ACS 2016 5-year B19013,available
NC,37125,Moore County,2017,54468,ACS 2017 5-year B19013,available
NC,37125,Moore County,2018,57899,ACS 2018 5-year B19013,available
NC,37125,Moore County,2019,59963,ACS 2019 5-year B19013,available
NC,37125,Moore County,2020,63324,ACS 2020 5-year B19013,available
NC,37125,Moore County,2021,67440,ACS 2021 5-year B19013,available
NC,37125,Moore County,2022,77981,ACS 2022 5-year B19013,available
NC,37125,Moore County,2023,82837,ACS 2023 5-year B19013,available
NC,37125,Moore County,2024,86080,ACS 2024 5-year B19013,available
NC,37127,Nash County,2015,42713,ACS 2015 5-year B19013,available
NC,37127,Nash County,2016,43804,ACS 2016 5-year B19013,available
NC,37127,Nash County,2017,46187,ACS 2017 5-year B19013,available
NC,37127,Nash County,2018,48362,ACS 2018 5-year B19013,available
NC,37127,Nash County,2019,49537,ACS 2019 5-year B19013,available
NC,37127,Nash County,2020,49949,ACS 2020 5-year B19013,available
NC,37127,Nash County,2021,52837,ACS 2021 5-year B19013,available
NC,37127,Nash County,2022,56770,ACS 2022 5-year B19013,available
NC,37127,Nash County,2023,60704,ACS 2023 5-year B19013,available
NC,37127,Nash County,2024,62426,ACS 2024 5-year B19013,available
NC,37129,New Hanover County,2015,50088,ACS 2015 5-year B19013,available
NC,37129,New Hanover County,2016,51232,ACS 2016 5-year B19013,available
NC,37129,New Hanover County,2017,51457,ACS 2017 5-year B19013,available
NC,37129,New Hanover County,2018,52716,ACS 2018 5-year B19013,available
NC,37129,New Hanover County,2019,54891,ACS 2019 5-year B19013,available
NC,37129,New Hanover County,2020,56689,ACS 2020 5-year B19013,available
NC,37129,New Hanover County,2021,62362,ACS 2021 5-year B19013,available
NC,37129,New Hanover County,2022,67515,ACS 2022 5-year B19013,available
NC,37129,New Hanover County,2023,72892,ACS 2023 5-year B19013,available
NC,37129,New Hanover County,2024,75166,ACS 2024 5-year B19013,available
NC,37131,Northampton County,2015,30429,ACS 2015 5-year B19013,available
NC,37131,Northampton County,2016,31543,ACS 2016 5-year B19013,available
NC,37131,Northampton County,2017,33508,ACS 2017 5-year B19013,available
NC,37131,Northampton County,2018,35499,ACS 2018 5-year B19013,available
NC,37131,Northampton County,2019,37146,ACS 2019 5-year B19013,available
NC,37131,Northampton County,2020,38969,ACS 2020 5-year B19013,available
NC,37131,Northampton County,2021,39764,ACS 2021 5-year B19013,available
NC,37131,Northampton County,2022,45698,ACS 2022 5-year B19013,available
NC,37131,Northampton County,2023,47935,ACS 2023 5-year B19013,available
NC,37131,Northampton County,2024,50086,ACS 2024 5-year B19013,available
NC,37133,Onslow County,2015,46335,ACS 2015 5-year B19013,available
NC,37133,Onslow County,2016,46786,ACS 2016 5-year B19013,available
NC,37133,Onslow County,2017,48162,ACS 2017 5-year B19013,available
NC,37133,Onslow County,2018,49491,ACS 2018 5-year B19013,available
NC,37133,Onslow County,2019,50278,ACS 2019 5-year B19013,available
NC,37133,Onslow County,2020,51560,ACS 2020 5-year B19013,available
NC,37133,Onslow County,2021,54732,ACS 2021 5-year B19013,available
NC,37133,Onslow County,2022,59976,ACS 2022 5-year B19013,available
NC,37133,Onslow County,2023,64568,ACS 2023 5-year B19013,available
NC,37133,Onslow County,2024,68148,ACS 2024 5-year B19013,available
NC,37135,Orange County,2015,59290,ACS 2015 5-year B19013,available
NC,37135,Orange County,2016,61130,ACS 2016 5-year B19013,available
NC,37135,Orange County,2017,65522,ACS 2017 5-year B19013,available
NC,37135,Orange County,2018,68211,ACS 2018 5-year B19013,available
NC,37135,Orange County,2019,71723,ACS 2019 5-year B19013,available
NC,37135,Orange County,2020,74803,ACS 2020 5-year B19013,available
NC,37135,Orange County,2021,79205,ACS 2021 5-year B19013,available
NC,37135,Orange County,2022,85785,ACS 2022 5-year B19013,available
NC,37135,Orange County,2023,88553,ACS 2023 5-year B19013,available
NC,37135,Orange County,2024,90089,ACS 2024 5-year B19013,available
NC,37137,Pamlico County,2015,43444,ACS 2015 5-year B19013,available
NC,37137,Pamlico County,2016,43808,ACS 2016 5-year B19013,available
NC,37137,Pamlico County,2017,45211,ACS 2017 5-year B19013,available
NC,37137,Pamlico County,2018,44947,ACS 2018 5-year B19013,available
NC,37137,Pamlico County,2019,46728,ACS 2019 5-year B19013,available
NC,37137,Pamlico County,2020,48531,ACS 2020 5-year B19013,available
NC,37137,Pamlico County,2021,52124,ACS 2021 5-year B19013,available
NC,37137,Pamlico County,2022,55867,ACS 2022 5-year B19013,available
NC,37137,Pamlico County,2023,61624,ACS 2023 5-year B19013,available
NC,37137,Pamlico County,2024,59717,ACS 2024 5-year B19013,available
NC,37139,Pasquotank County,2015,45378,ACS 2015 5-year B19013,available
NC,37139,Pasquotank County,2016,45750,ACS 2016 5-year B19013,available
NC,37139,Pasquotank County,2017,47264,ACS 2017 5-year B19013,available
NC,37139,Pasquotank County,2018,48279,ACS 2018 5-year B19013,available
NC,37139,Pasquotank County,2019,50558,ACS 2019 5-year B19013,available
NC,37139,Pasquotank County,2020,54439,ACS 2020 5-year B19013,available
NC,37139,Pasquotank County,2021,56510,ACS 2021 5-year B19013,available
NC,37139,Pasquotank County,2022,61411,ACS 2022 5-year B19013,available
NC,37139,Pasquotank County,2023,63912,ACS 2023 5-year B19013,available
NC,37139,Pasquotank County,2024,66589,ACS 2024 5-year B19013,available
NC,37141,Pender County,2015,44828,ACS 2015 5-year B19013,available
NC,37141,Pender County,2016,46580,ACS 2016 5-year B19013,available
NC,37141,Pender County,2017,49357,ACS 2017 5-year B19013,available
NC,37141,Pender County,2018,52989,ACS 2018 5-year B19013,available
NC,37141,Pender County,2019,57240,ACS 2019 5-year B19013,available
NC,37141,Pender County,2020,60044,ACS 2020 5-year B19013,available
NC,37141,Pender County,2021,65681,ACS 2021 5-year B19013,available
NC,37141,Pender County,2022,74538,ACS 2022 5-year B19013,available
NC,37141,Pender County,2023,76838,ACS 2023 5-year B19013,available
NC,37141,Pender County,2024,80396,ACS 2024 5-year B19013,available
NC,37143,Perquimans County,2015,44329,ACS 2015 5-year B19013,available
NC,37143,Perquimans County,2016,45208,ACS 2016 5-year B19013,available
NC,37143,Perquimans County,2017,44039,ACS 2017 5-year B19013,available
NC,37143,Perquimans County,2018,45915,ACS 2018 5-year B19013,available
NC,37143,Perquimans County,2019,47162,ACS 2019 5-year B19013,available
NC,37143,Perquimans County,2020,51036,ACS 2020 5-year B19013,available
NC,37143,Perquimans County,2021,53138,ACS 2021 5-year B19013,available
NC,37143,Perquimans County,2022,59401,ACS 2022 5-year B19013,available
NC,37143,Perquimans County,2023,61224,ACS 2023 5-year B19013,available
NC,37143,Perquimans County,2024,67917,ACS 2024 5-year B19013,available
NC,37145,Person County,2015,42105,ACS 2015 5-year B19013,available
NC,37145,Person County,2016,43297,ACS 2016 5-year B19013,available
NC,37145,Person County,2017,44921,ACS 2017 5-year B19013,available
NC,37145,Person County,2018,48811,ACS 2018 5-year B19013,available
NC,37145,Person County,2019,51020,ACS 2019 5-year B19013,available
NC,37145,Person County,2020,57323,ACS 2020 5-year B19013,available
NC,37145,Person County,2021,55759,ACS 2021 5-year B19013,available
NC,37145,Person County,2022,60688,ACS 2022 5-year B19013,available
NC,37145,Person County,2023,64927,ACS 2023 5-year B19013,available
NC,37145,Person County,2024,63300,ACS 2024 5-year B19013,available
NC,37147,Pitt County,2015,41119,ACS 2015 5-year B19013,available
NC,37147,Pitt County,2016,42308,ACS 2016 5-year B19013,available
NC,37147,Pitt County,2017,43526,ACS 2017 5-year B19013,available
NC,37147,Pitt County,2018,44315,ACS 2018 5-year B19013,available
NC,37147,Pitt County,2019,47437,ACS 2019 5-year B19013,available
NC,37147,Pitt County,2020,49337,ACS 2020 5-year B19013,available
NC,37147,Pitt County,2021,50422,ACS 2021 5-year B19013,available
NC,37147,Pitt County,2022,54915,ACS 2022 5-year B19013,available
NC,37147,Pitt County,2023,58851,ACS 2023 5-year B19013,available
NC,37147,Pitt County,2024,58188,ACS 2024 5-year B19013,available
NC,37149,Polk County,2015,46528,ACS 2015 5-year B19013,available
NC,37149,Polk County,2016,47396,ACS 2016 5-year B19013,available
NC,37149,Polk County,2017,48412,ACS 2017 5-year B19013,available
NC,37149,Polk County,2018,48834,ACS 2018 5-year B19013,available
NC,37149,Polk County,2019,48787,ACS 2019 5-year B19013,available
NC,37149,Polk County,2020,52125,ACS 2020 5-year B19013,available
NC,37149,Polk County,2021,55058,ACS 2021 5-year B19013,available
NC,37149,Polk County,2022,60465,ACS 2022 5-year B19013,available
NC,37149,Polk County,2023,61005,ACS 2023 5-year B19013,available
NC,37149,Polk County,2024,67758,ACS 2024 5-year B19013,available
NC,37151,Randolph County,2015,41947,ACS 2015 5-year B19013,available
NC,37151,Randolph County,2016,43010,ACS 2016 5-year B19013,available
NC,37151,Randolph County,2017,43598,ACS 2017 5-year B19013,available
NC,37151,Randolph County,2018,45006,ACS 2018 5-year B19013,available
NC,37151,Randolph County,2019,47288,ACS 2019 5-year B19013,available
NC,37151,Randolph County,2020,48984,ACS 2020 5-year B19013,available
NC,37151,Randolph County,2021,51598,ACS 2021 5-year B19013,available
NC,37151,Randolph County,2022,56423,ACS 2022 5-year B19013,available
NC,37151,Randolph County,2023,59047,ACS 2023 5-year B19013,available
NC,37151,Randolph County,2024,61022,ACS 2024 5-year B19013,available
NC,37153,Richmond County,2015,32687,ACS 2015 5-year B19013,available
NC,37153,Richmond County,2016,32526,ACS 2016 5-year B19013,available
NC,37153,Richmond County,2017,33607,ACS 2017 5-year B19013,available
NC,37153,Richmond County,2018,36091,ACS 2018 5-year B19013,available
NC,37153,Richmond County,2019,36148,ACS 2019 5-year B19013,available
NC,37153,Richmond County,2020,39051,ACS 2020 5-year B19013,available
NC,37153,Richmond County,2021,38926,ACS 2021 5-year B19013,available
NC,37153,Richmond County,2022,42354,ACS 2022 5-year B19013,available
NC,37153,Richmond County,2023,43626,ACS 2023 5-year B19013,available
NC,37153,Richmond County,2024,44883,ACS 2024 5-year B19013,available
NC,37155,Robeson County,2015,30608,ACS 2015 5-year B19013,available
NC,37155,Robeson County,2016,31298,ACS 2016 5-year B19013,available
NC,37155,Robeson County,2017,32407,ACS 2017 5-year B19013,available
NC,37155,Robeson County,2018,33679,ACS 2018 5-year B19013,available
NC,37155,Robeson County,2019,34976,ACS 2019 5-year B19013,available
NC,37155,Robeson County,2020,35362,ACS 2020 5-year B19013,available
NC,37155,Robeson County,2021,36736,ACS 2021 5-year B19013,available
NC,37155,Robeson County,2022,39393,ACS 2022 5-year B19013,available
NC,37155,Robeson County,2023,40318,ACS 2023 5-year B19013,available
NC,37155,Robeson County,2024,41978,ACS 2024 5-year B19013,available
NC,37157,Rockingham County,2015,38126,ACS 2015 5-year B19013,available
NC,37157,Rockingham County,2016,40003,ACS 2016 5-year B19013,available
NC,37157,Rockingham County,2017,41700,ACS 2017 5-year B19013,available
NC,37157,Rockingham County,2018,42490,ACS 2018 5-year B19013,available
NC,37157,Rockingham County,2019,43579,ACS 2019 5-year B19013,available
NC,37157,Rockingham County,2020,45697,ACS 2020 5-year B19013,available
NC,37157,Rockingham County,2021,46993,ACS 2021 5-year B19013,available
NC,37157,Rockingham County,2022,50737,ACS 2022 5-year B19013,available
NC,37157,Rockingham County,2023,55796,ACS 2023 5-year B19013,available
NC,37157,Rockingham County,2024,57053,ACS 2024 5-year B19013,available
NC,37159,Rowan County,2015,43069,ACS 2015 5-year B19013,available
NC,37159,Rowan County,2016,44494,ACS 2016 5-year B19013,available
NC,37159,Rowan County,2017,46978,ACS 2017 5-year B19013,available
NC,37159,Rowan County,2018,48667,ACS 2018 5-year B19013,available
NC,37159,Rowan County,2019,49842,ACS 2019 5-year B19013,available
NC,37159,Rowan County,2020,51054,ACS 2020 5-year B19013,available
NC,37159,Rowan County,2021,53600,ACS 2021 5-year B19013,available
NC,37159,Rowan County,2022,59717,ACS 2022 5-year B19013,available
NC,37159,Rowan County,2023,63196,ACS 2023 5-year B19013,available
NC,37159,Rowan County,2024,65725,ACS 2024 5-year B19013,available
NC,37161,Rutherford County,2015,35630,ACS 2015 5-year B19013,available
NC,37161,Rutherford County,2016,36144,ACS 2016 5-year B19013,available
NC,37161,Rutherford County,2017,38573,ACS 2017 5-year B19013,available
NC,37161,Rutherford County,2018,40347,ACS 2018 5-year B19013,available
NC,37161,Rutherford County,2019,42608,ACS 2019 5-year B19013,available
NC,37161,Rutherford County,2020,43183,ACS 2020 5-year B19013,available
NC,37161,Rutherford County,2021,45500,ACS 2021 5-year B19013,available
NC,37161,Rutherford County,2022,50512,ACS 2022 5-year B19013,available
NC,37161,Rutherford County,2023,49771,ACS 2023 5-year B19013,available
NC,37161,Rutherford County,2024,51410,ACS 2024 5-year B19013,available
NC,37163,Sampson County,2015,35490,ACS 2015 5-year B19013,available
NC,37163,Sampson County,2016,36742,ACS 2016 5-year B19013,available
NC,37163,Sampson County,2017,37765,ACS 2017 5-year B19013,available
NC,37163,Sampson County,2018,39068,ACS 2018 5-year B19013,available
NC,37163,Sampson County,2019,42151,ACS 2019 5-year B19013,available
NC,37163,Sampson County,2020,42914,ACS 2020 5-year B19013,available
NC,37163,Sampson County,2021,45127,ACS 2021 5-year B19013,available
NC,37163,Sampson County,2022,49963,ACS 2022 5-year B19013,available
NC,37163,Sampson County,2023,53159,ACS 2023 5-year B19013,available
NC,37163,Sampson County,2024,52432,ACS 2024 5-year B19013,available
NC,37165,Scotland County,2015,30958,ACS 2015 5-year B19013,available
NC,37165,Scotland County,2016,30013,ACS 2016 5-year B19013,available
NC,37165,Scotland County,2017,32739,ACS 2017 5-year B19013,available
NC,37165,Scotland County,2018,35617,ACS 2018 5-year B19013,available
NC,37165,Scotland County,2019,37238,ACS 2019 5-year B19013,available
NC,37165,Scotland County,2020,35936,ACS 2020 5-year B19013,available
NC,37165,Scotland County,2021,39866,ACS 2021 5-year B19013,available
NC,37165,Scotland County,2022,41948,ACS 2022 5-year B19013,available
NC,37165,Scotland County,2023,43500,ACS 2023 5-year B19013,available
NC,37165,Scotland County,2024,45730,ACS 2024 5-year B19013,available
NC,37167,Stanly County,2015,40910,ACS 2015 5-year B19013,available
NC,37167,Stanly County,2016,44140,ACS 2016 5-year B19013,available
NC,37167,Stanly County,2017,46017,ACS 2017 5-year B19013,available
NC,37167,Stanly County,2018,49590,ACS 2018 5-year B19013,available
NC,37167,Stanly County,2019,52623,ACS 2019 5-year B19013,available
NC,37167,Stanly County,2020,54104,ACS 2020 5-year B19013,available
NC,37167,Stanly County,2021,56462,ACS 2021 5-year B19013,available
NC,37167,Stanly County,2022,60634,ACS 2022 5-year B19013,available
NC,37167,Stanly County,2023,61631,ACS 2023 5-year B19013,available
NC,37167,Stanly County,2024,60704,ACS 2024 5-year B19013,available
NC,37169,Stokes County,2015,40696,ACS 2015 5-year B19013,available
NC,37169,Stokes County,2016,42489,ACS 2016 5-year B19013,available
NC,37169,Stokes County,2017,44490,ACS 2017 5-year B19013,available
NC,37169,Stokes County,2018,46169,ACS 2018 5-year B19013,available
NC,37169,Stokes County,2019,48054,ACS 2019 5-year B19013,available
NC,37169,Stokes County,2020,51668,ACS 2020 5-year B19013,available
NC,37169,Stokes County,2021,52637,ACS 2021 5-year B19013,available
NC,37169,Stokes County,2022,57539,ACS 2022 5-year B19013,available
NC,37169,Stokes County,2023,60039,ACS 2023 5-year B19013,available
NC,37169,Stokes County,2024,62969,ACS 2024 5-year B19013,available
NC,37171,Surry County,2015,36164,ACS 2015 5-year B19013,available
NC,37171,Surry County,2016,37345,ACS 2016 5-year B19013,available
NC,37171,Surry County,2017,39071,ACS 2017 5-year B19013,available
NC,37171,Surry County,2018,41068,ACS 2018 5-year B19013,available
NC,37171,Surry County,2019,43597,ACS 2019 5-year B19013,available
NC,37171,Surry County,2020,44979,ACS 2020 5-year B19013,available
NC,37171,Surry County,2021,50881,ACS 2021 5-year B19013,available
NC,37171,Surry County,2022,52743,ACS 2022 5-year B19013,available
NC,37171,Surry County,2023,56095,ACS 2023 5-year B19013,available
NC,37171,Surry County,2024,55656,ACS 2024 5-year B19013,available
NC,37173,Swain County,2015,33931,ACS 2015 5-year B19013,available
NC,37173,Swain County,2016,33598,ACS 2016 5-year B19013,available
NC,37173,Swain County,2017,35271,ACS 2017 5-year B19013,available
NC,37173,Swain County,2018,36773,ACS 2018 5-year B19013,available
NC,37173,Swain County,2019,39317,ACS 2019 5-year B19013,available
NC,37173,Swain County,2020,45554,ACS 2020 5-year B19013,available
NC,37173,Swain County,2021,48608,ACS 2021 5-year B19013,available
NC,37173,Swain County,2022,52818,ACS 2022 5-year B19013,available
NC,37173,Swain County,2023,55429,ACS 2023 5-year B19013,available
NC,37173,Swain County,2024,52349,ACS 2024 5-year B19013,available
NC,37175,Transylvania County,2015,45114,ACS 2015 5-year B19013,available
NC,37175,Transylvania County,2016,43918,ACS 2016 5-year B19013,available
NC,37175,Transylvania County,2017,44559,ACS 2017 5-year B19013,available
NC,37175,Transylvania County,2018,46629,ACS 2018 5-year B19013,available
NC,37175,Transylvania County,2019,50212,ACS 2019 5-year B19013,available
NC,37175,Transylvania County,2020,51509,ACS 2020 5-year B19013,available
NC,37175,Transylvania County,2021,57830,ACS 2021 5-year B19013,available
NC,37175,Transylvania County,2022,62056,ACS 2022 5-year B19013,available
NC,37175,Transylvania County,2023,64523,ACS 2023 5-year B19013,available
NC,37175,Transylvania County,2024,66184,ACS 2024 5-year B19013,available
NC,37177,Tyrrell County,2015,32361,ACS 2015 5-year B19013,available
NC,37177,Tyrrell County,2016,32165,ACS 2016 5-year B19013,available
NC,37177,Tyrrell County,2017,32411,ACS 2017 5-year B19013,available
NC,37177,Tyrrell County,2018,35472,ACS 2018 5-year B19013,available
NC,37177,Tyrrell County,2019,35300,ACS 2019 5-year B19013,available
NC,37177,Tyrrell County,2020,38250,ACS 2020 5-year B19013,available
NC,37177,Tyrrell County,2021,40938,ACS 2021 5-year B19013,available
NC,37177,Tyrrell County,2022,55341,ACS 2022 5-year B19013,available
NC,37177,Tyrrell County,2023,43952,ACS 2023 5-year B19013,available
NC,37177,Tyrrell County,2024,41685,ACS 2024 5-year B19013,available
NC,37179,Union County,2015,65903,ACS 2015 5-year B19013,available
NC,37179,Union County,2016,67194,ACS 2016 5-year B19013,available
NC,37179,Union County,2017,70858,ACS 2017 5-year B19013,available
NC,37179,Union County,2018,75397,ACS 2018 5-year B19013,available
NC,37179,Union County,2019,80033,ACS 2019 5-year B19013,available
NC,37179,Union County,2020,82557,ACS 2020 5-year B19013,available
NC,37179,Union County,2021,88465,ACS 2021 5-year B19013,available
NC,37179,Union County,2022,95533,ACS 2022 5-year B19013,available
NC,37179,Union County,2023,99243,ACS 2023 5-year B19013,available
NC,37179,Union County,2024,102900,ACS 2024 5-year B19013,available
NC,37181,Vance County,2015,33316,ACS 2015 5-year B19013,available
NC,37181,Vance County,2016,32733,ACS 2016 5-year B19013,available
NC,37181,Vance County,2017,35246,ACS 2017 5-year B19013,available
NC,37181,Vance County,2018,37282,ACS 2018 5-year B19013,available
NC,37181,Vance County,2019,40529,ACS 2019 5-year B19013,available
NC,37181,Vance County,2020,41827,ACS 2020 5-year B19013,available
NC,37181,Vance County,2021,45243,ACS 2021 5-year B19013,available
NC,37181,Vance County,2022,48340,ACS 2022 5-year B19013,available
NC,37181,Vance County,2023,46943,ACS 2023 5-year B19013,available
NC,37181,Vance County,2024,50465,ACS 2024 5-year B19013,available
NC,37183,Wake County,2015,67309,ACS 2015 5-year B19013,available
NC,37183,Wake County,2016,70620,ACS 2016 5-year B19013,available
NC,37183,Wake County,2017,73577,ACS 2017 5-year B19013,available
NC,37183,Wake County,2018,76956,ACS 2018 5-year B19013,available
NC,37183,Wake County,2019,80591,ACS 2019 5-year B19013,available
NC,37183,Wake County,2020,83567,ACS 2020 5-year B19013,available
NC,37183,Wake County,2021,88471,ACS 2021 5-year B19013,available
NC,37183,Wake County,2022,96734,ACS 2022 5-year B19013,available
NC,37183,Wake County,2023,101763,ACS 2023 5-year B19013,available
NC,37183,Wake County,2024,105768,ACS 2024 5-year B19013,available
NC,37185,Warren County,2015,34254,ACS 2015 5-year B19013,available
NC,37185,Warren County,2016,33913,ACS 2016 5-year B19013,available
NC,37185,Warren County,2017,35443,ACS 2017 5-year B19013,available
NC,37185,Warren County,2018,35962,ACS 2018 5-year B19013,available
NC,37185,Warren County,2019,36466,ACS 2019 5-year B19013,available
NC,37185,Warren County,2020,37476,ACS 2020 5-year B19013,available
NC,37185,Warren County,2021,39588,ACS 2021 5-year B19013,available
NC,37185,Warren County,2022,42282,ACS 2022 5-year B19013,available
NC,37185,Warren County,2023,45279,ACS 2023 5-year B19013,available
NC,37185,Warren County,2024,50638,ACS 2024 5-year B19013,available
NC,37187,Washington County,2015,34538,ACS 2015 5-year B19013,available
NC,37187,Washington County,2016,33286,ACS 2016 5-year B19013,available
NC,37187,Washington County,2017,34557,ACS 2017 5-year B19013,available
NC,37187,Washington County,2018,35512,ACS 2018 5-year B19013,available
NC,37187,Washington County,2019,35979,ACS 2019 5-year B19013,available
NC,37187,Washington County,2020,30941,ACS 2020 5-year B19013,available
NC,37187,Washington County,2021,32937,ACS 2021 5-year B19013,available
NC,37187,Washington County,2022,38927,ACS 2022 5-year B19013,available
NC,37187,Washington County,2023,41750,ACS 2023 5-year B19013,available
NC,37187,Washington County,2024,41813,ACS 2024 5-year B19013,available
NC,37189,Watauga County,2015,37656,ACS 2015 5-year B19013,available
NC,37189,Watauga County,2016,39443,ACS 2016 5-year B19013,available
NC,37189,Watauga County,2017,41541,ACS 2017 5-year B19013,available
NC,37189,Watauga County,2018,45268,ACS 2018 5-year B19013,available
NC,37189,Watauga County,2019,47526,ACS 2019 5-year B19013,available
NC,37189,Watauga County,2020,46453,ACS 2020 5-year B19013,available
NC,37189,Watauga County,2021,48786,ACS 2021 5-year B19013,available
NC,37189,Watauga County,2022,50034,ACS 2022 5-year B19013,available
NC,37189,Watauga County,2023,51367,ACS 2023 5-year B19013,available
NC,37189,Watauga County,2024,51693,ACS 2024 5-year B19013,available
NC,37191,Wayne County,2015,40390,ACS 2015 5-year B19013,available
NC,37191,Wayne County,2016,40457,ACS 2016 5-year B19013,available
NC,37191,Wayne County,2017,41766,ACS 2017 5-year B19013,available
NC,37191,Wayne County,2018,42192,ACS 2018 5-year B19013,available
NC,37191,Wayne County,2019,44416,ACS 2019 5-year B19013,available
NC,37191,Wayne County,2020,47221,ACS 2020 5-year B19013,available
NC,37191,Wayne County,2021,49488,ACS 2021 5-year B19013,available
NC,37191,Wayne County,2022,54323,ACS 2022 5-year B19013,available
NC,37191,Wayne County,2023,58082,ACS 2023 5-year B19013,available
NC,37191,Wayne County,2024,59733,ACS 2024 5-year B19013,available
NC,37193,Wilkes County,2015,33232,ACS 2015 5-year B19013,available
NC,37193,Wilkes County,2016,34846,ACS 2016 5-year B19013,available
NC,37193,Wilkes County,2017,37173,ACS 2017 5-year B19013,available
NC,37193,Wilkes County,2018,40829,ACS 2018 5-year B19013,available
NC,37193,Wilkes County,2019,44107,ACS 2019 5-year B19013,available
NC,37193,Wilkes County,2020,44980,ACS 2020 5-year B19013,available
NC,37193,Wilkes County,2021,46079,ACS 2021 5-year B19013,available
NC,37193,Wilkes County,2022,49119,ACS 2022 5-year B19013,available
NC,37193,Wilkes County,2023,50438,ACS 2023 5-year B19013,available
NC,37193,Wilkes County,2024,51721,ACS 2024 5-year B19013,available
NC,37195,Wilson County,2015,39847,ACS 2015 5-year B19013,available
NC,37195,Wilson County,2016,40260,ACS 2016 5-year B19013,available
NC,37195,Wilson County,2017,42095,ACS 2017 5-year B19013,available
NC,37195,Wilson County,2018,42850,ACS 2018 5-year B19013,available
NC,37195,Wilson County,2019,43877,ACS 2019 5-year B19013,available
NC,37195,Wilson County,2020,44594,ACS 2020 5-year B19013,available
NC,37195,Wilson County,2021,47348,ACS 2021 5-year B19013,available
NC,37195,Wilson County,2022,49827,ACS 2022 5-year B19013,available
NC,37195,Wilson County,2023,51381,ACS 2023 5-year B19013,available
NC,37195,Wilson County,2024,56423,ACS 2024 5-year B19013,available
NC,37197,Yadkin County,2015,37796,ACS 2015 5-year B19013,available
NC,37197,Yadkin County,2016,38623,ACS 2016 5-year B19013,available
NC,37197,Yadkin County,2017,41126,ACS 2017 5-year B19013,available
NC,37197,Yadkin County,2018,42876,ACS 2018 5-year B19013,available
NC,37197,Yadkin County,2019,44682,ACS 2019 5-year B19013,available
NC,37197,Yadkin County,2020,46954,ACS 2020 5-year B19013,available
NC,37197,Yadkin County,2021,51348,ACS 2021 5-year B19013,available
NC,37197,Yadkin County,2022,57486,ACS 2022 5-year B19013,available
NC,37197,Yadkin County,2023,60321,ACS 2023 5-year B19013,available
NC,37197,Yadkin County,2024,62932,ACS 2024 5-year B19013,available
NC,37199,Yancey County,2015,37484,ACS 2015 5-year B19013,available
NC,37199,Yancey County,2016,36993,ACS 2016 5-year B19013,available
NC,37199,Yancey County,2017,37610,ACS 2017 5-year B19013,available
NC,37199,Yancey County,2018,39888,ACS 2018 5-year B19013,available
NC,37199,Yancey County,2019,42222,ACS 2019 5-year B19013,available
NC,37199,Yancey County,2020,44554,ACS 2020 5-year B19013,available
NC,37199,Yancey County,2021,45324,ACS 2021 5-year B19013,available
NC,37199,Yancey County,2022,53103,ACS 2022 5-year B19013,available
NC,37199,Yancey County,2023,54961,ACS 2023 5-year B19013,available
NC,37199,Yancey County,2024,58709,ACS 2024 5-year B19013,available
SC,45001,Abbeville County,2015,34799,ACS 2015 5-year B19013,available
SC,45001,Abbeville County,2016,34652,ACS 2016 5-year B19013,available
SC,45001,Abbeville County,2017,35254,ACS 2017 5-year B19013,available
SC,45001,Abbeville County,2018,36685,ACS 2018 5-year B19013,available
SC,45001,Abbeville County,2019,38741,ACS 2019 5-year B19013,available
SC,45001,Abbeville County,2020,43090,ACS 2020 5-year B19013,available
SC,45001,Abbeville County,2021,45710,ACS 2021 5-year B19013,available
SC,45001,Abbeville County,2022,49759,ACS 2022 5-year B19013,available
SC,45001,Abbeville County,2023,52112,ACS 2023 5-year B19013,available
SC,45001,Abbeville County,2024,52935,ACS 2024 5-year B19013,available
SC,45003,Aiken County,2015,45759,ACS 2015 5-year B19013,available
SC,45003,Aiken County,2016,46454,ACS 2016 5-year B19013,available
SC,45003,Aiken County,2017,47713,ACS 2017 5-year B19013,available
SC,45003,Aiken County,2018,50036,ACS 2018 5-year B19013,available
SC,45003,Aiken County,2019,51399,ACS 2019 5-year B19013,available
SC,45003,Aiken County,2020,53385,ACS 2020 5-year B19013,available
SC,45003,Aiken County,2021,57572,ACS 2021 5-year B19013,available
SC,45003,Aiken County,2022,63212,ACS 2022 5-year B19013,available
SC,45003,Aiken County,2023,67940,ACS 2023 5-year B19013,available
SC,45003,Aiken County,2024,70609,ACS 2024 5-year B19013,available
SC,45005,Allendale County,2015,25327,ACS 2015 5-year B19013,available
SC,45005,Allendale County,2016,24817,ACS 2016 5-year B19013,available
SC,45005,Allendale County,2017,23331,ACS 2017 5-year B19013,available
SC,45005,Allendale County,2018,24560,ACS 2018 5-year B19013,available
SC,45005,Allendale County,2019,27185,ACS 2019 5-year B19013,available
SC,45005,Allendale County,2020,26074,ACS 2020 5-year B19013,available
SC,45005,Allendale County,2021,31800,ACS 2021 5-year B19013,available
SC,45005,Allendale County,2022,37096,ACS 2022 5-year B19013,available
SC,45005,Allendale County,2023,31603,ACS 2023 5-year B19013,available
SC,45005,Allendale County,2024,32328,ACS 2024 5-year B19013,available
SC,45007,Anderson County,2015,42143,ACS 2015 5-year B19013,available
SC,45007,Anderson County,2016,43518,ACS 2016 5-year B19013,available
SC,45007,Anderson County,2017,45551,ACS 2017 5-year B19013,available
SC,45007,Anderson County,2018,47906,ACS 2018 5-year B19013,available
SC,45007,Anderson County,2019,50865,ACS 2019 5-year B19013,available
SC,45007,Anderson County,2020,53598,ACS 2020 5-year B19013,available
SC,45007,Anderson County,2021,56796,ACS 2021 5-year B19013,available
SC,45007,Anderson County,2022,62347,ACS 2022 5-year B19013,available
SC,45007,Anderson County,2023,64683,ACS 2023 5-year B19013,available
SC,45007,Anderson County,2024,66651,ACS 2024 5-year B19013,available
SC,45009,Bamberg County,2015,31314,ACS 2015 5-year B19013,available
SC,45009,Bamberg County,2016,32321,ACS 2016 5-year B19013,available
SC,45009,Bamberg County,2017,32330,ACS 2017 5-year B19013,available
SC,45009,Bamberg County,2018,32229,ACS 2018 5-year B19013,available
SC,45009,Bamberg County,2019,31422,ACS 2019 5-year B19013,available
SC,45009,Bamberg County,2020,42830,ACS 2020 5-year B19013,available
SC,45009,Bamberg County,2021,44408,ACS 2021 5-year B19013,available
SC,45009,Bamberg County,2022,43920,ACS 2022 5-year B19013,available
SC,45009,Bamberg County,2023,43206,ACS 2023 5-year B19013,available
SC,45009,Bamberg County,2024,44370,ACS 2024 5-year B19013,available
SC,45011,Barnwell County,2015,34336,ACS 2015 5-year B19013,available
SC,45011,Barnwell County,2016,34787,ACS 2016 5-year B19013,available
SC,45011,Barnwell County,2017,34035,ACS 2017 5-year B19013,available
SC,45011,Barnwell County,2018,36566,ACS 2018 5-year B19013,available
SC,45011,Barnwell County,2019,35803,ACS 2019 5-year B19013,available
SC,45011,Barnwell County,2020,37572,ACS 2020 5-year B19013,available
SC,45011,Barnwell County,2021,38237,ACS 2021 5-year B19013,available
SC,45011,Barnwell County,2022,42470,ACS 2022 5-year B19013,available
SC,45011,Barnwell County,2023,41800,ACS 2023 5-year B19013,available
SC,45011,Barnwell County,2024,46626,ACS 2024 5-year B19013,available
SC,45013,Beaufort County,2015,57048,ACS 2015 5-year B19013,available
SC,45013,Beaufort County,2016,59227,ACS 2016 5-year B19013,available
SC,45013,Beaufort County,2017,60603,ACS 2017 5-year B19013,available
SC,45013,Beaufort County,2018,63110,ACS 2018 5-year B19013,available
SC,45013,Beaufort County,2019,68377,ACS 2019 5-year B19013,available
SC,45013,Beaufort County,2020,71430,ACS 2020 5-year B19013,available
SC,45013,Beaufort County,2021,74199,ACS 2021 5-year B19013,available
SC,45013,Beaufort County,2022,81260,ACS 2022 5-year B19013,available
SC,45013,Beaufort County,2023,84819,ACS 2023 5-year B19013,available
SC,45013,Beaufort County,2024,86573,ACS 2024 5-year B19013,available
SC,45015,Berkeley County,2015,52506,ACS 2015 5-year B19013,available
SC,45015,Berkeley County,2016,54484,ACS 2016 5-year B19013,available
SC,45015,Berkeley County,2017,56697,ACS 2017 5-year B19013,available
SC,45015,Berkeley County,2018,59995,ACS 2018 5-year B19013,available
SC,45015,Berkeley County,2019,63309,ACS 2019 5-year B19013,available
SC,45015,Berkeley County,2020,65443,ACS 2020 5-year B19013,available
SC,45015,Berkeley County,2021,70786,ACS 2021 5-year B19013,available
SC,45015,Berkeley County,2022,77874,ACS 2022 5-year B19013,available
SC,45015,Berkeley County,2023,82327,ACS 2023 5-year B19013,available
SC,45015,Berkeley County,2024,84358,ACS 2024 5-year B19013,available
SC,45017,Calhoun County,2015,43531,ACS 2015 5-year B19013,available
SC,45017,Calhoun County,2016,42779,ACS 2016 5-year B19013,available
SC,45017,Calhoun County,2017,44010,ACS 2017 5-year B19013,available
SC,45017,Calhoun County,2018,44534,ACS 2018 5-year B19013,available
SC,45017,Calhoun County,2019,46339,ACS 2019 5-year B19013,available
SC,45017,Calhoun County,2020,49844,ACS 2020 5-year B19013,available
SC,45017,Calhoun County,2021,52491,ACS 2021 5-year B19013,available
SC,45017,Calhoun County,2022,55550,ACS 2022 5-year B19013,available
SC,45017,Calhoun County,2023,56690,ACS 2023 5-year B19013,available
SC,45017,Calhoun County,2024,58682,ACS 2024 5-year B19013,available
SC,45019,Charleston County,2015,53437,ACS 2015 5-year B19013,available
SC,45019,Charleston County,2016,54931,ACS 2016 5-year B19013,available
SC,45019,Charleston County,2017,57882,ACS 2017 5-year B19013,available
SC,45019,Charleston County,2018,61028,ACS 2018 5-year B19013,available
SC,45019,Charleston County,2019,64022,ACS 2019 5-year B19013,available
SC,45019,Charleston County,2020,67182,ACS 2020 5-year B19013,available
SC,45019,Charleston County,2021,70807,ACS 2021 5-year B19013,available
SC,45019,Charleston County,2022,78795,ACS 2022 5-year B19013,available
SC,45019,Charleston County,2023,84320,ACS 2023 5-year B19013,available
SC,45019,Charleston County,2024,88494,ACS 2024 5-year B19013,available
SC,45021,Cherokee County,2015,35389,ACS 2015 5-year B19013,available
SC,45021,Cherokee County,2016,35719,ACS 2016 5-year B19013,available
SC,45021,Cherokee County,2017,35286,ACS 2017 5-year B19013,available
SC,45021,Cherokee County,2018,35836,ACS 2018 5-year B19013,available
SC,45021,Cherokee County,2019,36883,ACS 2019 5-year B19013,available
SC,45021,Cherokee County,2020,37787,ACS 2020 5-year B19013,available
SC,45021,Cherokee County,2021,41330,ACS 2021 5-year B19013,available
SC,45021,Cherokee County,2022,47011,ACS 2022 5-year B19013,available
SC,45021,Cherokee County,2023,49047,ACS 2023 5-year B19013,available
SC,45021,Cherokee County,2024,50288,ACS 2024 5-year B19013,available
SC,45023,Chester County,2015,31914,ACS 2015 5-year B19013,available
SC,45023,Chester County,2016,34319,ACS 2016 5-year B19013,available
SC,45023,Chester County,2017,37421,ACS 2017 5-year B19013,available
SC,45023,Chester County,2018,40080,ACS 2018 5-year B19013,available
SC,45023,Chester County,2019,42442,ACS 2019 5-year B19013,available
SC,45023,Chester County,2020,43985,ACS 2020 5-year B19013,available
SC,45023,Chester County,2021,46441,ACS 2021 5-year B19013,available
SC,45023,Chester County,2022,50022,ACS 2022 5-year B19013,available
SC,45023,Chester County,2023,51216,ACS 2023 5-year B19013,available
SC,45023,Chester County,2024,52458,ACS 2024 5-year B19013,available
SC,45025,Chesterfield County,2015,32083,ACS 2015 5-year B19013,available
SC,45025,Chesterfield County,2016,35733,ACS 2016 5-year B19013,available
SC,45025,Chesterfield County,2017,38469,ACS 2017 5-year B19013,available
SC,45025,Chesterfield County,2018,40033,ACS 2018 5-year B19013,available
SC,45025,Chesterfield County,2019,41505,ACS 2019 5-year B19013,available
SC,45025,Chesterfield County,2020,41937,ACS 2020 5-year B19013,available
SC,45025,Chesterfield County,2021,45046,ACS 2021 5-year B19013,available
SC,45025,Chesterfield County,2022,46326,ACS 2022 5-year B19013,available
SC,45025,Chesterfield County,2023,47620,ACS 2023 5-year B19013,available
SC,45025,Chesterfield County,2024,49235,ACS 2024 5-year B19013,available
SC,45027,Clarendon County,2015,33162,ACS 2015 5-year B19013,available
SC,45027,Clarendon County,2016,34106,ACS 2016 5-year B19013,available
SC,45027,Clarendon County,2017,35838,ACS 2017 5-year B19013,available
SC,45027,Clarendon County,2018,37525,ACS 2018 5-year B19013,available
SC,45027,Clarendon County,2019,40900,ACS 2019 5-year B19013,available
SC,45027,Clarendon County,2020,43881,ACS 2020 5-year B19013,available
SC,45027,Clarendon County,2021,45542,ACS 2021 5-year B19013,available
SC,45027,Clarendon County,2022,48677,ACS 2022 5-year B19013,available
SC,45027,Clarendon County,2023,48887,ACS 2023 5-year B19013,available
SC,45027,Clarendon County,2024,52401,ACS 2024 5-year B19013,available
SC,45029,Colleton County,2015,32804,ACS 2015 5-year B19013,available
SC,45029,Colleton County,2016,33918,ACS 2016 5-year B19013,available
SC,45029,Colleton County,2017,34996,ACS 2017 5-year B19013,available
SC,45029,Colleton County,2018,36276,ACS 2018 5-year B19013,available
SC,45029,Colleton County,2019,36324,ACS 2019 5-year B19013,available
SC,45029,Colleton County,2020,36748,ACS 2020 5-year B19013,available
SC,45029,Colleton County,2021,41419,ACS 2021 5-year B19013,available
SC,45029,Colleton County,2022,46795,ACS 2022 5-year B19013,available
SC,45029,Colleton County,2023,48779,ACS 2023 5-year B19013,available
SC,45029,Colleton County,2024,51114,ACS 2024 5-year B19013,available
SC,45031,Darlington County,2015,35409,ACS 2015 5-year B19013,available
SC,45031,Darlington County,2016,34773,ACS 2016 5-year B19013,available
SC,45031,Darlington County,2017,36217,ACS 2017 5-year B19013,available
SC,45031,Darlington County,2018,36254,ACS 2018 5-year B19013,available
SC,45031,Darlington County,2019,38448,ACS 2019 5-year B19013,available
SC,45031,Darlington County,2020,37141,ACS 2020 5-year B19013,available
SC,45031,Darlington County,2021,40704,ACS 2021 5-year B19013,available
SC,45031,Darlington County,2022,44317,ACS 2022 5-year B19013,available
SC,45031,Darlington County,2023,47419,ACS 2023 5-year B19013,available
SC,45031,Darlington County,2024,48581,ACS 2024 5-year B19013,available
SC,45033,Dillon County,2015,28938,ACS 2015 5-year B19013,available
SC,45033,Dillon County,2016,30955,ACS 2016 5-year B19013,available
SC,45033,Dillon County,2017,30866,ACS 2017 5-year B19013,available
SC,45033,Dillon County,2018,29362,ACS 2018 5-year B19013,available
SC,45033,Dillon County,2019,30812,ACS 2019 5-year B19013,available
SC,45033,Dillon County,2020,36429,ACS 2020 5-year B19013,available
SC,45033,Dillon County,2021,39780,ACS 2021 5-year B19013,available
SC,45033,Dillon County,2022,42454,ACS 2022 5-year B19013,available
SC,45033,Dillon County,2023,44038,ACS 2023 5-year B19013,available
SC,45033,Dillon County,2024,46605,ACS 2024 5-year B19013,available
SC,45035,Dorchester County,2015,54901,ACS 2015 5-year B19013,available
SC,45035,Dorchester County,2016,56345,ACS 2016 5-year B19013,available
SC,45035,Dorchester County,2017,58685,ACS 2017 5-year B19013,available
SC,45035,Dorchester County,2018,61698,ACS 2018 5-year B19013,available
SC,45035,Dorchester County,2019,63080,ACS 2019 5-year B19013,available
SC,45035,Dorchester County,2020,63501,ACS 2020 5-year B19013,available
SC,45035,Dorchester County,2021,68046,ACS 2021 5-year B19013,available
SC,45035,Dorchester County,2022,73686,ACS 2022 5-year B19013,available
SC,45035,Dorchester County,2023,76896,ACS 2023 5-year B19013,available
SC,45035,Dorchester County,2024,78198,ACS 2024 5-year B19013,available
SC,45037,Edgefield County,2015,46637,ACS 2015 5-year B19013,available
SC,45037,Edgefield County,2016,48114,ACS 2016 5-year B19013,available
SC,45037,Edgefield County,2017,47500,ACS 2017 5-year B19013,available
SC,45037,Edgefield County,2018,49200,ACS 2018 5-year B19013,available
SC,45037,Edgefield County,2019,49127,ACS 2019 5-year B19013,available
SC,45037,Edgefield County,2020,52491,ACS 2020 5-year B19013,available
SC,45037,Edgefield County,2021,55183,ACS 2021 5-year B19013,available
SC,45037,Edgefield County,2022,60033,ACS 2022 5-year B19013,available
SC,45037,Edgefield County,2023,67092,ACS 2023 5-year B19013,available
SC,45037,Edgefield County,2024,73029,ACS 2024 5-year B19013,available
SC,45039,Fairfield County,2015,36004,ACS 2015 5-year B19013,available
SC,45039,Fairfield County,2016,33798,ACS 2016 5-year B19013,available
SC,45039,Fairfield County,2017,35551,ACS 2017 5-year B19013,available
SC,45039,Fairfield County,2018,36294,ACS 2018 5-year B19013,available
SC,45039,Fairfield County,2019,38213,ACS 2019 5-year B19013,available
SC,45039,Fairfield County,2020,43861,ACS 2020 5-year B19013,available
SC,45039,Fairfield County,2021,41755,ACS 2021 5-year B19013,available
SC,45039,Fairfield County,2022,44521,ACS 2022 5-year B19013,available
SC,45039,Fairfield County,2023,46972,ACS 2023 5-year B19013,available
SC,45039,Fairfield County,2024,47885,ACS 2024 5-year B19013,available
SC,45041,Florence County,2015,42080,ACS 2015 5-year B19013,available
SC,45041,Florence County,2016,42523,ACS 2016 5-year B19013,available
SC,45041,Florence County,2017,43310,ACS 2017 5-year B19013,available
SC,45041,Florence County,2018,45479,ACS 2018 5-year B19013,available
SC,45041,Florence County,2019,47058,ACS 2019 5-year B19013,available
SC,45041,Florence County,2020,49645,ACS 2020 5-year B19013,available
SC,45041,Florence County,2021,51902,ACS 2021 5-year B19013,available
SC,45041,Florence County,2022,56088,ACS 2022 5-year B19013,available
SC,45041,Florence County,2023,56650,ACS 2023 5-year B19013,available
SC,45041,Florence County,2024,58305,ACS 2024 5-year B19013,available
SC,45043,Georgetown County,2015,42835,ACS 2015 5-year B19013,available
SC,45043,Georgetown County,2016,45299,ACS 2016 5-year B19013,available
SC,45043,Georgetown County,2017,46967,ACS 2017 5-year B19013,available
SC,45043,Georgetown County,2018,48071,ACS 2018 5-year B19013,available
SC,45043,Georgetown County,2019,48456,ACS 2019 5-year B19013,available
SC,45043,Georgetown County,2020,52488,ACS 2020 5-year B19013,available
SC,45043,Georgetown County,2021,55719,ACS 2021 5-year B19013,available
SC,45043,Georgetown County,2022,59782,ACS 2022 5-year B19013,available
SC,45043,Georgetown County,2023,66734,ACS 2023 5-year B19013,available
SC,45043,Georgetown County,2024,68713,ACS 2024 5-year B19013,available
SC,45045,Greenville County,2015,50540,ACS 2015 5-year B19013,available
SC,45045,Greenville County,2016,51595,ACS 2016 5-year B19013,available
SC,45045,Greenville County,2017,53739,ACS 2017 5-year B19013,available
SC,45045,Greenville County,2018,56789,ACS 2018 5-year B19013,available
SC,45045,Greenville County,2019,60351,ACS 2019 5-year B19013,available
SC,45045,Greenville County,2020,62422,ACS 2020 5-year B19013,available
SC,45045,Greenville County,2021,65513,ACS 2021 5-year B19013,available
SC,45045,Greenville County,2022,71328,ACS 2022 5-year B19013,available
SC,45045,Greenville County,2023,74624,ACS 2023 5-year B19013,available
SC,45045,Greenville County,2024,76932,ACS 2024 5-year B19013,available
SC,45047,Greenwood County,2015,37060,ACS 2015 5-year B19013,available
SC,45047,Greenwood County,2016,37631,ACS 2016 5-year B19013,available
SC,45047,Greenwood County,2017,39196,ACS 2017 5-year B19013,available
SC,45047,Greenwood County,2018,40982,ACS 2018 5-year B19013,available
SC,45047,Greenwood County,2019,42336,ACS 2019 5-year B19013,available
SC,45047,Greenwood County,2020,41081,ACS 2020 5-year B19013,available
SC,45047,Greenwood County,2021,44513,ACS 2021 5-year B19013,available
SC,45047,Greenwood County,2022,47553,ACS 2022 5-year B19013,available
SC,45047,Greenwood County,2023,50635,ACS 2023 5-year B19013,available
SC,45047,Greenwood County,2024,52830,ACS 2024 5-year B19013,available
SC,45049,Hampton County,2015,31410,ACS 2015 5-year B19013,available
SC,45049,Hampton County,2016,31734,ACS 2016 5-year B19013,available
SC,45049,Hampton County,2017,32147,ACS 2017 5-year B19013,available
SC,45049,Hampton County,2018,32453,ACS 2018 5-year B19013,available
SC,45049,Hampton County,2019,33429,ACS 2019 5-year B19013,available
SC,45049,Hampton County,2020,38178,ACS 2020 5-year B19013,available
SC,45049,Hampton County,2021,38298,ACS 2021 5-year B19013,available
SC,45049,Hampton County,2022,40157,ACS 2022 5-year B19013,available
SC,45049,Hampton County,2023,43059,ACS 2023 5-year B19013,available
SC,45049,Hampton County,2024,44711,ACS 2024 5-year B19013,available
SC,45051,Horry County,2015,43299,ACS 2015 5-year B19013,available
SC,45051,Horry County,2016,44746,ACS 2016 5-year B19013,available
SC,45051,Horry County,2017,46475,ACS 2017 5-year B19013,available
SC,45051,Horry County,2018,48279,ACS 2018 5-year B19013,available
SC,45051,Horry County,2019,50704,ACS 2019 5-year B19013,available
SC,45051,Horry County,2020,51570,ACS 2020 5-year B19013,available
SC,45051,Horry County,2021,54688,ACS 2021 5-year B19013,available
SC,45051,Horry County,2022,59880,ACS 2022 5-year B19013,available
SC,45051,Horry County,2023,64623,ACS 2023 5-year B19013,available
SC,45051,Horry County,2024,66880,ACS 2024 5-year B19013,available
SC,45053,Jasper County,2015,37141,ACS 2015 5-year B19013,available
SC,45053,Jasper County,2016,38991,ACS 2016 5-year B19013,available
SC,45053,Jasper County,2017,39740,ACS 2017 5-year B19013,available
SC,45053,Jasper County,2018,41930,ACS 2018 5-year B19013,available
SC,45053,Jasper County,2019,45601,ACS 2019 5-year B19013,available
SC,45053,Jasper County,2020,45924,ACS 2020 5-year B19013,available
SC,45053,Jasper County,2021,47811,ACS 2021 5-year B19013,available
SC,45053,Jasper County,2022,60452,ACS 2022 5-year B19013,available
SC,45053,Jasper County,2023,63503,ACS 2023 5-year B19013,available
SC,45053,Jasper County,2024,65613,ACS 2024 5-year B19013,available
SC,45055,Kershaw County,2015,43622,ACS 2015 5-year B19013,available
SC,45055,Kershaw County,2016,46328,ACS 2016 5-year B19013,available
SC,45055,Kershaw County,2017,46565,ACS 2017 5-year B19013,available
SC,45055,Kershaw County,2018,49392,ACS 2018 5-year B19013,available
SC,45055,Kershaw County,2019,51479,ACS 2019 5-year B19013,available
SC,45055,Kershaw County,2020,53980,ACS 2020 5-year B19013,available
SC,45055,Kershaw County,2021,56449,ACS 2021 5-year B19013,available
SC,45055,Kershaw County,2022,61343,ACS 2022 5-year B19013,available
SC,45055,Kershaw County,2023,64343,ACS 2023 5-year B19013,available
SC,45055,Kershaw County,2024,68231,ACS 2024 5-year B19013,available
SC,45057,Lancaster County,2015,44016,ACS 2015 5-year B19013,available
SC,45057,Lancaster County,2016,46852,ACS 2016 5-year B19013,available
SC,45057,Lancaster County,2017,50557,ACS 2017 5-year B19013,available
SC,45057,Lancaster County,2018,55223,ACS 2018 5-year B19013,available
SC,45057,Lancaster County,2019,58849,ACS 2019 5-year B19013,available
SC,45057,Lancaster County,2020,65421,ACS 2020 5-year B19013,available
SC,45057,Lancaster County,2021,67407,ACS 2021 5-year B19013,available
SC,45057,Lancaster County,2022,72186,ACS 2022 5-year B19013,available
SC,45057,Lancaster County,2023,74751,ACS 2023 5-year B19013,available
SC,45057,Lancaster County,2024,78869,ACS 2024 5-year B19013,available
SC,45059,Laurens County,2015,38515,ACS 2015 5-year B19013,available
SC,45059,Laurens County,2016,39848,ACS 2016 5-year B19013,available
SC,45059,Laurens County,2017,40580,ACS 2017 5-year B19013,available
SC,45059,Laurens County,2018,41578,ACS 2018 5-year B19013,available
SC,45059,Laurens County,2019,43304,ACS 2019 5-year B19013,available
SC,45059,Laurens County,2020,44374,ACS 2020 5-year B19013,available
SC,45059,Laurens County,2021,46754,ACS 2021 5-year B19013,available
SC,45059,Laurens County,2022,52077,ACS 2022 5-year B19013,available
SC,45059,Laurens County,2023,55517,ACS 2023 5-year B19013,available
SC,45059,Laurens County,2024,57623,ACS 2024 5-year B19013,available
SC,45061,Lee County,2015,30954,ACS 2015 5-year B19013,available
SC,45061,Lee County,2016,31169,ACS 2016 5-year B19013,available
SC,45061,Lee County,2017,31963,ACS 2017 5-year B19013,available
SC,45061,Lee County,2018,31651,ACS 2018 5-year B19013,available
SC,45061,Lee County,2019,32371,ACS 2019 5-year B19013,available
SC,45061,Lee County,2020,32851,ACS 2020 5-year B19013,available
SC,45061,Lee County,2021,36195,ACS 2021 5-year B19013,available
SC,45061,Lee County,2022,39099,ACS 2022 5-year B19013,available
SC,45061,Lee County,2023,44145,ACS 2023 5-year B19013,available
SC,45061,Lee County,2024,44760,ACS 2024 5-year B19013,available
SC,45063,Lexington County,2015,53857,ACS 2015 5-year B19013,available
SC,45063,Lexington County,2016,55412,ACS 2016 5-year B19013,available
SC,45063,Lexington County,2017,57482,ACS 2017 5-year B19013,available
SC,45063,Lexington County,2018,59593,ACS 2018 5-year B19013,available
SC,45063,Lexington County,2019,61173,ACS 2019 5-year B19013,available
SC,45063,Lexington County,2020,62740,ACS 2020 5-year B19013,available
SC,45063,Lexington County,2021,65623,ACS 2021 5-year B19013,available
SC,45063,Lexington County,2022,71280,ACS 2022 5-year B19013,available
SC,45063,Lexington County,2023,75014,ACS 2023 5-year B19013,available
SC,45063,Lexington County,2024,77408,ACS 2024 5-year B19013,available
SC,45065,McCormick County,2015,38712,ACS 2015 5-year B19013,available
SC,45065,McCormick County,2016,41029,ACS 2016 5-year B19013,available
SC,45065,McCormick County,2017,40622,ACS 2017 5-year B19013,available
SC,45065,McCormick County,2018,42262,ACS 2018 5-year B19013,available
SC,45065,McCormick County,2019,43633,ACS 2019 5-year B19013,available
SC,45065,McCormick County,2020,47402,ACS 2020 5-year B19013,available
SC,45065,McCormick County,2021,53193,ACS 2021 5-year B19013,available
SC,45065,McCormick County,2022,55569,ACS 2022 5-year B19013,available
SC,45065,McCormick County,2023,55344,ACS 2023 5-year B19013,available
SC,45065,McCormick County,2024,55798,ACS 2024 5-year B19013,available
SC,45067,Marion County,2015,29874,ACS 2015 5-year B19013,available
SC,45067,Marion County,2016,30562,ACS 2016 5-year B19013,available
SC,45067,Marion County,2017,31129,ACS 2017 5-year B19013,available
SC,45067,Marion County,2018,33046,ACS 2018 5-year B19013,available
SC,45067,Marion County,2019,32063,ACS 2019 5-year B19013,available
SC,45067,Marion County,2020,30791,ACS 2020 5-year B19013,available
SC,45067,Marion County,2021,34465,ACS 2021 5-year B19013,available
SC,45067,Marion County,2022,35972,ACS 2022 5-year B19013,available
SC,45067,Marion County,2023,34501,ACS 2023 5-year B19013,available
SC,45067,Marion County,2024,36301,ACS 2024 5-year B19013,available
SC,45069,Marlboro County,2015,30767,ACS 2015 5-year B19013,available
SC,45069,Marlboro County,2016,32601,ACS 2016 5-year B19013,available
SC,45069,Marlboro County,2017,33921,ACS 2017 5-year B19013,available
SC,45069,Marlboro County,2018,34203,ACS 2018 5-year B19013,available
SC,45069,Marlboro County,2019,33586,ACS 2019 5-year B19013,available
SC,45069,Marlboro County,2020,31528,ACS 2020 5-year B19013,available
SC,45069,Marlboro County,2021,32136,ACS 2021 5-year B19013,available
SC,45069,Marlboro County,2022,34275,ACS 2022 5-year B19013,available
SC,45069,Marlboro County,2023,36293,ACS 2023 5-year B19013,available
SC,45069,Marlboro County,2024,34301,ACS 2024 5-year B19013,available
SC,45071,Newberry County,2015,40127,ACS 2015 5-year B19013,available
SC,45071,Newberry County,2016,39841,ACS 2016 5-year B19013,available
SC,45071,Newberry County,2017,39600,ACS 2017 5-year B19013,available
SC,45071,Newberry County,2018,42765,ACS 2018 5-year B19013,available
SC,45071,Newberry County,2019,44226,ACS 2019 5-year B19013,available
SC,45071,Newberry County,2020,46038,ACS 2020 5-year B19013,available
SC,45071,Newberry County,2021,50950,ACS 2021 5-year B19013,available
SC,45071,Newberry County,2022,56706,ACS 2022 5-year B19013,available
SC,45071,Newberry County,2023,59670,ACS 2023 5-year B19013,available
SC,45071,Newberry County,2024,61780,ACS 2024 5-year B19013,available
SC,45073,Oconee County,2015,41237,ACS 2015 5-year B19013,available
SC,45073,Oconee County,2016,41818,ACS 2016 5-year B19013,available
SC,45073,Oconee County,2017,43978,ACS 2017 5-year B19013,available
SC,45073,Oconee County,2018,46056,ACS 2018 5-year B19013,available
SC,45073,Oconee County,2019,49134,ACS 2019 5-year B19013,available
SC,45073,Oconee County,2020,49691,ACS 2020 5-year B19013,available
SC,45073,Oconee County,2021,52842,ACS 2021 5-year B19013,available
SC,45073,Oconee County,2022,56710,ACS 2022 5-year B19013,available
SC,45073,Oconee County,2023,60193,ACS 2023 5-year B19013,available
SC,45073,Oconee County,2024,62388,ACS 2024 5-year B19013,available
SC,45075,Orangeburg County,2015,34218,ACS 2015 5-year B19013,available
SC,45075,Orangeburg County,2016,34763,ACS 2016 5-year B19013,available
SC,45075,Orangeburg County,2017,34943,ACS 2017 5-year B19013,available
SC,45075,Orangeburg County,2018,36188,ACS 2018 5-year B19013,available
SC,45075,Orangeburg County,2019,37955,ACS 2019 5-year B19013,available
SC,45075,Orangeburg County,2020,36802,ACS 2020 5-year B19013,available
SC,45075,Orangeburg County,2021,38052,ACS 2021 5-year B19013,available
SC,45075,Orangeburg County,2022,41020,ACS 2022 5-year B19013,available
SC,45075,Orangeburg County,2023,43214,ACS 2023 5-year B19013,available
SC,45075,Orangeburg County,2024,45675,ACS 2024 5-year B19013,available
SC,45077,Pickens County,2015,41459,ACS 2015 5-year B19013,available
SC,45077,Pickens County,2016,43531,ACS 2016 5-year B19013,available
SC,45077,Pickens County,2017,45332,ACS 2017 5-year B19013,available
SC,45077,Pickens County,2018,47024,ACS 2018 5-year B19013,available
SC,45077,Pickens County,2019,49573,ACS 2019 5-year B19013,available
SC,45077,Pickens County,2020,51032,ACS 2020 5-year B19013,available
SC,45077,Pickens County,2021,53188,ACS 2021 5-year B19013,available
SC,45077,Pickens County,2022,57628,ACS 2022 5-year B19013,available
SC,45077,Pickens County,2023,59411,ACS 2023 5-year B19013,available
SC,45077,Pickens County,2024,61064,ACS 2024 5-year B19013,available
SC,45079,Richland County,2015,49131,ACS 2015 5-year B19013,available
SC,45079,Richland County,2016,50899,ACS 2016 5-year B19013,available
SC,45079,Richland County,2017,52082,ACS 2017 5-year B19013,available
SC,45079,Richland County,2018,53922,ACS 2018 5-year B19013,available
SC,45079,Richland County,2019,54767,ACS 2019 5-year B19013,available
SC,45079,Richland County,2020,54441,ACS 2020 5-year B19013,available
SC,45079,Richland County,2021,56137,ACS 2021 5-year B19013,available
SC,45079,Richland County,2022,59850,ACS 2022 5-year B19013,available
SC,45079,Richland County,2023,61699,ACS 2023 5-year B19013,available
SC,45079,Richland County,2024,63784,ACS 2024 5-year B19013,available
SC,45081,Saluda County,2015,38827,ACS 2015 5-year B19013,available
SC,45081,Saluda County,2016,41458,ACS 2016 5-year B19013,available
SC,45081,Saluda County,2017,41885,ACS 2017 5-year B19013,available
SC,45081,Saluda County,2018,44486,ACS 2018 5-year B19013,available
SC,45081,Saluda County,2019,45714,ACS 2019 5-year B19013,available
SC,45081,Saluda County,2020,43410,ACS 2020 5-year B19013,available
SC,45081,Saluda County,2021,46451,ACS 2021 5-year B19013,available
SC,45081,Saluda County,2022,51041,ACS 2022 5-year B19013,available
SC,45081,Saluda County,2023,52957,ACS 2023 5-year B19013,available
SC,45081,Saluda County,2024,51009,ACS 2024 5-year B19013,available
SC,45083,Spartanburg County,2015,43907,ACS 2015 5-year B19013,available
SC,45083,Spartanburg County,2016,45219,ACS 2016 5-year B19013,available
SC,45083,Spartanburg County,2017,47575,ACS 2017 5-year B19013,available
SC,45083,Spartanburg County,2018,50179,ACS 2018 5-year B19013,available
SC,45083,Spartanburg County,2019,52332,ACS 2019 5-year B19013,available
SC,45083,Spartanburg County,2020,53757,ACS 2020 5-year B19013,available
SC,45083,Spartanburg County,2021,57627,ACS 2021 5-year B19013,available
SC,45083,Spartanburg County,2022,61955,ACS 2022 5-year B19013,available
SC,45083,Spartanburg County,2023,64195,ACS 2023 5-year B19013,available
SC,45083,Spartanburg County,2024,66234,ACS 2024 5-year B19013,available
SC,45085,Sumter County,2015,41332,ACS 2015 5-year B19013,available
SC,45085,Sumter County,2016,40777,ACS 2016 5-year B19013,available
SC,45085,Sumter County,2017,41946,ACS 2017 5-year B19013,available
SC,45085,Sumter County,2018,43792,ACS 2018 5-year B19013,available
SC,45085,Sumter County,2019,45661,ACS 2019 5-year B19013,available
SC,45085,Sumter County,2020,46570,ACS 2020 5-year B19013,available
SC,45085,Sumter County,2021,49040,ACS 2021 5-year B19013,available
SC,45085,Sumter County,2022,53970,ACS 2022 5-year B19013,available
SC,45085,Sumter County,2023,55990,ACS 2023 5-year B19013,available
SC,45085,Sumter County,2024,56693,ACS 2024 5-year B19013,available
SC,45087,Union County,2015,34033,ACS 2015 5-year B19013,available
SC,45087,Union County,2016,34953,ACS 2016 5-year B19013,available
SC,45087,Union County,2017,37493,ACS 2017 5-year B19013,available
SC,45087,Union County,2018,40120,ACS 2018 5-year B19013,available
SC,45087,Union County,2019,41186,ACS 2019 5-year B19013,available
SC,45087,Union County,2020,41117,ACS 2020 5-year B19013,available
SC,45087,Union County,2021,40048,ACS 2021 5-year B19013,available
SC,45087,Union County,2022,42305,ACS 2022 5-year B19013,available
SC,45087,Union County,2023,41200,ACS 2023 5-year B19013,available
SC,45087,Union County,2024,41621,ACS 2024 5-year B19013,available
SC,45089,Williamsburg County,2015,28297,ACS 2015 5-year B19013,available
SC,45089,Williamsburg County,2016,28494,ACS 2016 5-year B19013,available
SC,45089,Williamsburg County,2017,30976,ACS 2017 5-year B19013,available
SC,45089,Williamsburg County,2018,32351,ACS 2018 5-year B19013,available
SC,45089,Williamsburg County,2019,32485,ACS 2019 5-year B19013,available
SC,45089,Williamsburg County,2020,35681,ACS 2020 5-year B19013,available
SC,45089,Williamsburg County,2021,40124,ACS 2021 5-year B19013,available
SC,45089,Williamsburg County,2022,40848,ACS 2022 5-year B19013,available
SC,45089,Williamsburg County,2023,43471,ACS 2023 5-year B19013,available
SC,45089,Williamsburg County,2024,46213,ACS 2024 5-year B19013,available
SC,45091,York County,2015,54117,ACS 2015 5-year B19013,available
SC,45091,York County,2016,56482,ACS 2016 5-year B19013,available
SC,45091,York County,2017,59394,ACS 2017 5-year B19013,available
SC,45091,York County,2018,62431,ACS 2018 5-year B19013,available
SC,45091,York County,2019,65361,ACS 2019 5-year B19013,available
SC,45091,York County,2020,68555,ACS 2020 5-year B19013,available
SC,45091,York County,2021,72234,ACS 2021 5-year B19013,available
SC,45091,York County,2022,80158,ACS 2022 5-year B19013,available
SC,45091,York County,2023,83060,ACS 2023 5-year B19013,available
SC,45091,York County,2024,89095,ACS 2024 5-year B19013,available
VA,51001,Accomack County,2015,39412,ACS 2015 5-year B19013,available
VA,51001,Accomack County,2016,38503,ACS 2016 5-year B19013,available
VA,51001,Accomack County,2017,42260,ACS 2017 5-year B19013,available
VA,51001,Accomack County,2018,43210,ACS 2018 5-year B19013,available
VA,51001,Accomack County,2019,46073,ACS 2019 5-year B19013,available
VA,51001,Accomack County,2020,46178,ACS 2020 5-year B19013,available
VA,51001,Accomack County,2021,50601,ACS 2021 5-year B19013,available
VA,51001,Accomack County,2022,52694,ACS 2022 5-year B19013,available
VA,51001,Accomack County,2023,57500,ACS 2023 5-year B19013,available
VA,51001,Accomack County,2024,58993,ACS 2024 5-year B19013,available
VA,51003,Albemarle County,2015,68449,ACS 2015 5-year B19013,available
VA,51003,Albemarle County,2016,70342,ACS 2016 5-year B19013,available
VA,51003,Albemarle County,2017,72265,ACS 2017 5-year B19013,available
VA,51003,Albemarle County,2018,75394,ACS 2018 5-year B19013,available
VA,51003,Albemarle County,2019,79880,ACS 2019 5-year B19013,available
VA,51003,Albemarle County,2020,84643,ACS 2020 5-year B19013,available
VA,51003,Albemarle County,2021,90568,ACS 2021 5-year B19013,available
VA,51003,Albemarle County,2022,97708,ACS 2022 5-year B19013,available
VA,51003,Albemarle County,2023,102617,ACS 2023 5-year B19013,available
VA,51003,Albemarle County,2024,104392,ACS 2024 5-year B19013,available
VA,51005,Alleghany County,2015,45007,ACS 2015 5-year B19013,available
VA,51005,Alleghany County,2016,45538,ACS 2016 5-year B19013,available
VA,51005,Alleghany County,2017,46020,ACS 2017 5-year B19013,available
VA,51005,Alleghany County,2018,47794,ACS 2018 5-year B19013,available
VA,51005,Alleghany County,2019,47673,ACS 2019 5-year B19013,available
VA,51005,Alleghany County,2020,48513,ACS 2020 5-year B19013,available
VA,51005,Alleghany County,2021,49705,ACS 2021 5-year B19013,available
VA,51005,Alleghany County,2022,52546,ACS 2022 5-year B19013,available
VA,51005,Alleghany County,2023,55160,ACS 2023 5-year B19013,available
VA,51005,Alleghany County,2024,56188,ACS 2024 5-year B19013,available
VA,51007,Amelia County,2015,56850,ACS 2015 5-year B19013,available
VA,51007,Amelia County,2016,58269,ACS 2016 5-year B19013,available
VA,51007,Amelia County,2017,58535,ACS 2017 5-year B19013,available
VA,51007,Amelia County,2018,58526,ACS 2018 5-year B19013,available
VA,51007,Amelia County,2019,57946,ACS 2019 5-year B19013,available
VA,51007,Amelia County,2020,63918,ACS 2020 5-year B19013,available
VA,51007,Amelia County,2021,57420,ACS 2021 5-year B19013,available
VA,51007,Amelia County,2022,63438,ACS 2022 5-year B19013,available
VA,51007,Amelia County,2023,66339,ACS 2023 5-year B19013,available
VA,51007,Amelia County,2024,76717,ACS 2024 5-year B19013,available
VA,51009,Amherst County,2015,47558,ACS 2015 5-year B19013,available
VA,51009,Amherst County,2016,47002,ACS 2016 5-year B19013,available
VA,51009,Amherst County,2017,49677,ACS 2017 5-year B19013,available
VA,51009,Amherst County,2018,49170,ACS 2018 5-year B19013,available
VA,51009,Amherst County,2019,52888,ACS 2019 5-year B19013,available
VA,51009,Amherst County,2020,57368,ACS 2020 5-year B19013,available
VA,51009,Amherst County,2021,60876,ACS 2021 5-year B19013,available
VA,51009,Amherst County,2022,64454,ACS 2022 5-year B19013,available
VA,51009,Amherst County,2023,67298,ACS 2023 5-year B19013,available
VA,51009,Amherst County,2024,68724,ACS 2024 5-year B19013,available
VA,51011,Appomattox County,2015,48823,ACS 2015 5-year B19013,available
VA,51011,Appomattox County,2016,52134,ACS 2016 5-year B19013,available
VA,51011,Appomattox County,2017,54875,ACS 2017 5-year B19013,available
VA,51011,Appomattox County,2018,56176,ACS 2018 5-year B19013,available
VA,51011,Appomattox County,2019,58696,ACS 2019 5-year B19013,available
VA,51011,Appomattox County,2020,55457,ACS 2020 5-year B19013,available
VA,51011,Appomattox County,2021,55268,ACS 2021 5-year B19013,available
VA,51011,Appomattox County,2022,60041,ACS 2022 5-year B19013,available
VA,51011,Appomattox County,2023,62337,ACS 2023 5-year B19013,available
VA,51011,Appomattox County,2024,62853,ACS 2024 5-year B19013,available
VA,51013,Arlington County,2015,105763,ACS 2015 5-year B19013,available
VA,51013,Arlington County,2016,108706,ACS 2016 5-year B19013,available
VA,51013,Arlington County,2017,112138,ACS 2017 5-year B19013,available
VA,51013,Arlington County,2018,117374,ACS 2018 5-year B19013,available
VA,51013,Arlington County,2019,120071,ACS 2019 5-year B19013,available
VA,51013,Arlington County,2020,122604,ACS 2020 5-year B19013,available
VA,51013,Arlington County,2021,128145,ACS 2021 5-year B19013,available
VA,51013,Arlington County,2022,137387,ACS 2022 5-year B19013,available
VA,51013,Arlington County,2023,140160,ACS 2023 5-year B19013,available
VA,51013,Arlington County,2024,142114,ACS 2024 5-year B19013,available
VA,51015,Augusta County,2015,54558,ACS 2015 5-year B19013,available
VA,51015,Augusta County,2016,56802,ACS 2016 5-year B19013,available
VA,51015,Augusta County,2017,59544,ACS 2017 5-year B19013,available
VA,51015,Augusta County,2018,61305,ACS 2018 5-year B19013,available
VA,51015,Augusta County,2019,62711,ACS 2019 5-year B19013,available
VA,51015,Augusta County,2020,65076,ACS 2020 5-year B19013,available
VA,51015,Augusta County,2021,69082,ACS 2021 5-year B19013,available
VA,51015,Augusta County,2022,76124,ACS 2022 5-year B19013,available
VA,51015,Augusta County,2023,79972,ACS 2023 5-year B19013,available
VA,51015,Augusta County,2024,82049,ACS 2024 5-year B19013,available
VA,51017,Bath County,2015,43646,ACS 2015 5-year B19013,available
VA,51017,Bath County,2016,44985,ACS 2016 5-year B19013,available
VA,51017,Bath County,2017,44483,ACS 2017 5-year B19013,available
VA,51017,Bath County,2018,46137,ACS 2018 5-year B19013,available
VA,51017,Bath County,2019,49738,ACS 2019 5-year B19013,available
VA,51017,Bath County,2020,55481,ACS 2020 5-year B19013,available
VA,51017,Bath County,2021,55807,ACS 2021 5-year B19013,available
VA,51017,Bath County,2022,55699,ACS 2022 5-year B19013,available
VA,51017,Bath County,2023,61709,ACS 2023 5-year B19013,available
VA,51017,Bath County,2024,56184,ACS 2024 5-year B19013,available
VA,51019,Bedford County,2015,56316,ACS 2015 5-year B19013,available
VA,51019,Bedford County,2016,56725,ACS 2016 5-year B19013,available
VA,51019,Bedford County,2017,59405,ACS 2017 5-year B19013,available
VA,51019,Bedford County,2018,61541,ACS 2018 5-year B19013,available
VA,51019,Bedford County,2019,64199,ACS 2019 5-year B19013,available
VA,51019,Bedford County,2020,67136,ACS 2020 5-year B19013,available
VA,51019,Bedford County,2021,70870,ACS 2021 5-year B19013,available
VA,51019,Bedford County,2022,74773,ACS 2022 5-year B19013,available
VA,51019,Bedford County,2023,77644,ACS 2023 5-year B19013,available
VA,51019,Bedford County,2024,78937,ACS 2024 5-year B19013,available
VA,51021,Bland County,2015,45294,ACS 2015 5-year B19013,available
VA,51021,Bland County,2016,47800,ACS 2016 5-year B19013,available
VA,51021,Bland County,2017,46927,ACS 2017 5-year B19013,available
VA,51021,Bland County,2018,50511,ACS 2018 5-year B19013,available
VA,51021,Bland County,2019,48531,ACS 2019 5-year B19013,available
VA,51021,Bland County,2020,50365,ACS 2020 5-year B19013,available
VA,51021,Bland County,2021,54556,ACS 2021 5-year B19013,available
VA,51021,Bland County,2022,59901,ACS 2022 5-year B19013,available
VA,51021,Bland County,2023,61375,ACS 2023 5-year B19013,available
VA,51021,Bland County,2024,61216,ACS 2024 5-year B19013,available
VA,51023,Botetourt County,2015,60454,ACS 2015 5-year B19013,available
VA,51023,Botetourt County,2016,61470,ACS 2016 5-year B19013,available
VA,51023,Botetourt County,2017,64733,ACS 2017 5-year B19013,available
VA,51023,Botetourt County,2018,68410,ACS 2018 5-year B19013,available
VA,51023,Botetourt County,2019,71110,ACS 2019 5-year B19013,available
VA,51023,Botetourt County,2020,72719,ACS 2020 5-year B19013,available
VA,51023,Botetourt County,2021,72941,ACS 2021 5-year B19013,available
VA,51023,Botetourt County,2022,77680,ACS 2022 5-year B19013,available
VA,51023,Botetourt County,2023,80467,ACS 2023 5-year B19013,available
VA,51023,Botetourt County,2024,81213,ACS 2024 5-year B19013,available
VA,51025,Brunswick County,2015,36919,ACS 2015 5-year B19013,available
VA,51025,Brunswick County,2016,38858,ACS 2016 5-year B19013,available
VA,51025,Brunswick County,2017,40871,ACS 2017 5-year B19013,available
VA,51025,Brunswick County,2018,41927,ACS 2018 5-year B19013,available
VA,51025,Brunswick County,2019,44434,ACS 2019 5-year B19013,available
VA,51025,Brunswick County,2020,46111,ACS 2020 5-year B19013,available
VA,51025,Brunswick County,2021,49597,ACS 2021 5-year B19013,available
VA,51025,Brunswick County,2022,52678,ACS 2022 5-year B19013,available
VA,51025,Brunswick County,2023,52978,ACS 2023 5-year B19013,available
VA,51025,Brunswick County,2024,53084,ACS 2024 5-year B19013,available
VA,51027,Buchanan County,2015,29679,ACS 2015 5-year B19013,available
VA,51027,Buchanan County,2016,30335,ACS 2016 5-year B19013,available
VA,51027,Buchanan County,2017,30828,ACS 2017 5-year B19013,available
VA,51027,Buchanan County,2018,30806,ACS 2018 5-year B19013,available
VA,51027,Buchanan County,2019,31956,ACS 2019 5-year B19013,available
VA,51027,Buchanan County,2020,34302,ACS 2020 5-year B19013,available
VA,51027,Buchanan County,2021,37093,ACS 2021 5-year B19013,available
VA,51027,Buchanan County,2022,39591,ACS 2022 5-year B19013,available
VA,51027,Buchanan County,2023,42216,ACS 2023 5-year B19013,available
VA,51027,Buchanan County,2024,42886,ACS 2024 5-year B19013,available
VA,51029,Buckingham County,2015,40331,ACS 2015 5-year B19013,available
VA,51029,Buckingham County,2016,43514,ACS 2016 5-year B19013,available
VA,51029,Buckingham County,2017,46610,ACS 2017 5-year B19013,available
VA,51029,Buckingham County,2018,46261,ACS 2018 5-year B19013,available
VA,51029,Buckingham County,2019,49025,ACS 2019 5-year B19013,available
VA,51029,Buckingham County,2020,48603,ACS 2020 5-year B19013,available
VA,51029,Buckingham County,2021,49841,ACS 2021 5-year B19013,available
VA,51029,Buckingham County,2022,59894,ACS 2022 5-year B19013,available
VA,51029,Buckingham County,2023,59199,ACS 2023 5-year B19013,available
VA,51029,Buckingham County,2024,60828,ACS 2024 5-year B19013,available
VA,51031,Campbell County,2015,47699,ACS 2015 5-year B19013,available
VA,51031,Campbell County,2016,47005,ACS 2016 5-year B19013,available
VA,51031,Campbell County,2017,48823,ACS 2017 5-year B19013,available
VA,51031,Campbell County,2018,50258,ACS 2018 5-year B19013,available
VA,51031,Campbell County,2019,49664,ACS 2019 5-year B19013,available
VA,51031,Campbell County,2020,52319,ACS 2020 5-year B19013,available
VA,51031,Campbell County,2021,53918,ACS 2021 5-year B19013,available
VA,51031,Campbell County,2022,59022,ACS 2022 5-year B19013,available
VA,51031,Campbell County,2023,62608,ACS 2023 5-year B19013,available
VA,51031,Campbell County,2024,66165,ACS 2024 5-year B19013,available
VA,51033,Caroline County,2015,59227,ACS 2015 5-year B19013,available
VA,51033,Caroline County,2016,57294,ACS 2016 5-year B19013,available
VA,51033,Caroline County,2017,60925,ACS 2017 5-year B19013,available
VA,51033,Caroline County,2018,64715,ACS 2018 5-year B19013,available
VA,51033,Caroline County,2019,65103,ACS 2019 5-year B19013,available
VA,51033,Caroline County,2020,67901,ACS 2020 5-year B19013,available
VA,51033,Caroline County,2021,76528,ACS 2021 5-year B19013,available
VA,51033,Caroline County,2022,83562,ACS 2022 5-year B19013,available
VA,51033,Caroline County,2023,86267,ACS 2023 5-year B19013,available
VA,51033,Caroline County,2024,87407,ACS 2024 5-year B19013,available
VA,51035,Carroll County,2015,35000,ACS 2015 5-year B19013,available
VA,51035,Carroll County,2016,37048,ACS 2016 5-year B19013,available
VA,51035,Carroll County,2017,41145,ACS 2017 5-year B19013,available
VA,51035,Carroll County,2018,43532,ACS 2018 5-year B19013,available
VA,51035,Carroll County,2019,44835,ACS 2019 5-year B19013,available
VA,51035,Carroll County,2020,44518,ACS 2020 5-year B19013,available
VA,51035,Carroll County,2021,45220,ACS 2021 5-year B19013,available
VA,51035,Carroll County,2022,49113,ACS 2022 5-year B19013,available
VA,51035,Carroll County,2023,52575,ACS 2023 5-year B19013,available
VA,51035,Carroll County,2024,54484,ACS 2024 5-year B19013,available
VA,51036,Charles City County,2015,49563,ACS 2015 5-year B19013,available
VA,51036,Charles City County,2016,54167,ACS 2016 5-year B19013,available
VA,51036,Charles City County,2017,55069,ACS 2017 5-year B19013,available
VA,51036,Charles City County,2018,59192,ACS 2018 5-year B19013,available
VA,51036,Charles City County,2019,57198,ACS 2019 5-year B19013,available
VA,51036,Charles City County,2020,60096,ACS 2020 5-year B19013,available
VA,51036,Charles City County,2021,59543,ACS 2021 5-year B19013,available
VA,51036,Charles City County,2022,65573,ACS 2022 5-year B19013,available
VA,51036,Charles City County,2023,70339,ACS 2023 5-year B19013,available
VA,51036,Charles City County,2024,75417,ACS 2024 5-year B19013,available
VA,51037,Charlotte County,2015,35079,ACS 2015 5-year B19013,available
VA,51037,Charlotte County,2016,33837,ACS 2016 5-year B19013,available
VA,51037,Charlotte County,2017,38350,ACS 2017 5-year B19013,available
VA,51037,Charlotte County,2018,39212,ACS 2018 5-year B19013,available
VA,51037,Charlotte County,2019,40573,ACS 2019 5-year B19013,available
VA,51037,Charlotte County,2020,40924,ACS 2020 5-year B19013,available
VA,51037,Charlotte County,2021,45567,ACS 2021 5-year B19013,available
VA,51037,Charlotte County,2022,51548,ACS 2022 5-year B19013,available
VA,51037,Charlotte County,2023,48892,ACS 2023 5-year B19013,available
VA,51037,Charlotte County,2024,58000,ACS 2024 5-year B19013,available
VA,51041,Chesterfield County,2015,72609,ACS 2015 5-year B19013,available
VA,51041,Chesterfield County,2016,73869,ACS 2016 5-year B19013,available
VA,51041,Chesterfield County,2017,76969,ACS 2017 5-year B19013,available
VA,51041,Chesterfield County,2018,80214,ACS 2018 5-year B19013,available
VA,51041,Chesterfield County,2019,82599,ACS 2019 5-year B19013,available
VA,51041,Chesterfield County,2020,84645,ACS 2020 5-year B19013,available
VA,51041,Chesterfield County,2021,88315,ACS 2021 5-year B19013,available
VA,51041,Chesterfield County,2022,95757,ACS 2022 5-year B19013,available
VA,51041,Chesterfield County,2023,98910,ACS 2023 5-year B19013,available
VA,51041,Chesterfield County,2024,101931,ACS 2024 5-year B19013,available
VA,51043,Clarke County,2015,71295,ACS 2015 5-year B19013,available
VA,51043,Clarke County,2016,71986,ACS 2016 5-year B19013,available
VA,51043,Clarke County,2017,72129,ACS 2017 5-year B19013,available
VA,51043,Clarke County,2018,77936,ACS 2018 5-year B19013,available
VA,51043,Clarke County,2019,80026,ACS 2019 5-year B19013,available
VA,51043,Clarke County,2020,86154,ACS 2020 5-year B19013,available
VA,51043,Clarke County,2021,86633,ACS 2021 5-year B19013,available
VA,51043,Clarke County,2022,107475,ACS 2022 5-year B19013,available
VA,51043,Clarke County,2023,114185,ACS 2023 5-year B19013,available
VA,51043,Clarke County,2024,117111,ACS 2024 5-year B19013,available
VA,51045,Craig County,2015,44330,ACS 2015 5-year B19013,available
VA,51045,Craig County,2016,40500,ACS 2016 5-year B19013,available
VA,51045,Craig County,2017,53526,ACS 2017 5-year B19013,available
VA,51045,Craig County,2018,55484,ACS 2018 5-year B19013,available
VA,51045,Craig County,2019,55708,ACS 2019 5-year B19013,available
VA,51045,Craig County,2020,57792,ACS 2020 5-year B19013,available
VA,51045,Craig County,2021,60283,ACS 2021 5-year B19013,available
VA,51045,Craig County,2022,66286,ACS 2022 5-year B19013,available
VA,51045,Craig County,2023,67778,ACS 2023 5-year B19013,available
VA,51045,Craig County,2024,69057,ACS 2024 5-year B19013,available
VA,51047,Culpeper County,2015,66697,ACS 2015 5-year B19013,available
VA,51047,Culpeper County,2016,66160,ACS 2016 5-year B19013,available
VA,51047,Culpeper County,2017,69693,ACS 2017 5-year B19013,available
VA,51047,Culpeper County,2018,73116,ACS 2018 5-year B19013,available
VA,51047,Culpeper County,2019,77935,ACS 2019 5-year B19013,available
VA,51047,Culpeper County,2020,80663,ACS 2020 5-year B19013,available
VA,51047,Culpeper County,2021,85274,ACS 2021 5-year B19013,available
VA,51047,Culpeper County,2022,92359,ACS 2022 5-year B19013,available
VA,51047,Culpeper County,2023,96098,ACS 2023 5-year B19013,available
VA,51047,Culpeper County,2024,100049,ACS 2024 5-year B19013,available
VA,51049,Cumberland County,2015,39301,ACS 2015 5-year B19013,available
VA,51049,Cumberland County,2016,37489,ACS 2016 5-year B19013,available
VA,51049,Cumberland County,2017,43020,ACS 2017 5-year B19013,available
VA,51049,Cumberland County,2018,46221,ACS 2018 5-year B19013,available
VA,51049,Cumberland County,2019,47469,ACS 2019 5-year B19013,available
VA,51049,Cumberland County,2020,50565,ACS 2020 5-year B19013,available
VA,51049,Cumberland County,2021,57568,ACS 2021 5-year B19013,available
VA,51049,Cumberland County,2022,56497,ACS 2022 5-year B19013,available
VA,51049,Cumberland County,2023,57057,ACS 2023 5-year B19013,available
VA,51049,Cumberland County,2024,55325,ACS 2024 5-year B19013,available
VA,51051,Dickenson County,2015,33624,ACS 2015 5-year B19013,available
VA,51051,Dickenson County,2016,31226,ACS 2016 5-year B19013,available
VA,51051,Dickenson County,2017,29916,ACS 2017 5-year B19013,available
VA,51051,Dickenson County,2018,29226,ACS 2018 5-year B19013,available
VA,51051,Dickenson County,2019,29932,ACS 2019 5-year B19013,available
VA,51051,Dickenson County,2020,30116,ACS 2020 5-year B19013,available
VA,51051,Dickenson County,2021,33905,ACS 2021 5-year B19013,available
VA,51051,Dickenson County,2022,40143,ACS 2022 5-year B19013,available
VA,51051,Dickenson County,2023,43831,ACS 2023 5-year B19013,available
VA,51051,Dickenson County,2024,47254,ACS 2024 5-year B19013,available
VA,51053,Dinwiddie County,2015,51397,ACS 2015 5-year B19013,available
VA,51053,Dinwiddie County,2016,51579,ACS 2016 5-year B19013,available
VA,51053,Dinwiddie County,2017,54640,ACS 2017 5-year B19013,available
VA,51053,Dinwiddie County,2018,55880,ACS 2018 5-year B19013,available
VA,51053,Dinwiddie County,2019,60346,ACS 2019 5-year B19013,available
VA,51053,Dinwiddie County,2020,65485,ACS 2020 5-year B19013,available
VA,51053,Dinwiddie County,2021,68918,ACS 2021 5-year B19013,available
VA,51053,Dinwiddie County,2022,77225,ACS 2022 5-year B19013,available
VA,51053,Dinwiddie County,2023,83898,ACS 2023 5-year B19013,available
VA,51053,Dinwiddie County,2024,83704,ACS 2024 5-year B19013,available
VA,51057,Essex County,2015,42760,ACS 2015 5-year B19013,available
VA,51057,Essex County,2016,47527,ACS 2016 5-year B19013,available
VA,51057,Essex County,2017,50629,ACS 2017 5-year B19013,available
VA,51057,Essex County,2018,52681,ACS 2018 5-year B19013,available
VA,51057,Essex County,2019,51954,ACS 2019 5-year B19013,available
VA,51057,Essex County,2020,51125,ACS 2020 5-year B19013,available
VA,51057,Essex County,2021,54375,ACS 2021 5-year B19013,available
VA,51057,Essex County,2022,52335,ACS 2022 5-year B19013,available
VA,51057,Essex County,2023,56481,ACS 2023 5-year B19013,available
VA,51057,Essex County,2024,56520,ACS 2024 5-year B19013,available
VA,51059,Fairfax County,2015,112552,ACS 2015 5-year B19013,available
VA,51059,Fairfax County,2016,114329,ACS 2016 5-year B19013,available
VA,51059,Fairfax County,2017,117515,ACS 2017 5-year B19013,available
VA,51059,Fairfax County,2018,121133,ACS 2018 5-year B19013,available
VA,51059,Fairfax County,2019,124831,ACS 2019 5-year B19013,available
VA,51059,Fairfax County,2020,127866,ACS 2020 5-year B19013,available
VA,51059,Fairfax County,2021,133974,ACS 2021 5-year B19013,available
VA,51059,Fairfax County,2022,145165,ACS 2022 5-year B19013,available
VA,51059,Fairfax County,2023,150113,ACS 2023 5-year B19013,available
VA,51059,Fairfax County,2024,153637,ACS 2024 5-year B19013,available
VA,51061,Fauquier County,2015,91609,ACS 2015 5-year B19013,available
VA,51061,Fauquier County,2016,91221,ACS 2016 5-year B19013,available
VA,51061,Fauquier County,2017,94775,ACS 2017 5-year B19013,available
VA,51061,Fauquier County,2018,97469,ACS 2018 5-year B19013,available
VA,51061,Fauquier County,2019,100783,ACS 2019 5-year B19013,available
VA,51061,Fauquier County,2020,105665,ACS 2020 5-year B19013,available
VA,51061,Fauquier County,2021,111368,ACS 2021 5-year B19013,available
VA,51061,Fauquier County,2022,122785,ACS 2022 5-year B19013,available
VA,51061,Fauquier County,2023,129495,ACS 2023 5-year B19013,available
VA,51061,Fauquier County,2024,130189,ACS 2024 5-year B19013,available
VA,51063,Floyd County,2015,48005,ACS 2015 5-year B19013,available
VA,51063,Floyd County,2016,47288,ACS 2016 5-year B19013,available
VA,51063,Floyd County,2017,48396,ACS 2017 5-year B19013,available
VA,51063,Floyd County,2018,49729,ACS 2018 5-year B19013,available
VA,51063,Floyd County,2019,51521,ACS 2019 5-year B19013,available
VA,51063,Floyd County,2020,51250,ACS 2020 5-year B19013,available
VA,51063,Floyd County,2021,51612,ACS 2021 5-year B19013,available
VA,51063,Floyd County,2022,57146,ACS 2022 5-year B19013,available
VA,51063,Floyd County,2023,61401,ACS 2023 5-year B19013,available
VA,51063,Floyd County,2024,62191,ACS 2024 5-year B19013,available
VA,51065,Fluvanna County,2015,63938,ACS 2015 5-year B19013,available
VA,51065,Fluvanna County,2016,66425,ACS 2016 5-year B19013,available
VA,51065,Fluvanna County,2017,67964,ACS 2017 5-year B19013,available
VA,51065,Fluvanna County,2018,74931,ACS 2018 5-year B19013,available
VA,51065,Fluvanna County,2019,76873,ACS 2019 5-year B19013,available
VA,51065,Fluvanna County,2020,78885,ACS 2020 5-year B19013,available
VA,51065,Fluvanna County,2021,82983,ACS 2021 5-year B19013,available
VA,51065,Fluvanna County,2022,90766,ACS 2022 5-year B19013,available
VA,51065,Fluvanna County,2023,91959,ACS 2023 5-year B19013,available
VA,51065,Fluvanna County,2024,96768,ACS 2024 5-year B19013,available
VA,51067,Franklin County,2015,46870,ACS 2015 5-year B19013,available
VA,51067,Franklin County,2016,48720,ACS 2016 5-year B19013,available
VA,51067,Franklin County,2017,51208,ACS 2017 5-year B19013,available
VA,51067,Franklin County,2018,52639,ACS 2018 5-year B19013,available
VA,51067,Franklin County,2019,56254,ACS 2019 5-year B19013,available
VA,51067,Franklin County,2020,56779,ACS 2020 5-year B19013,available
VA,51067,Franklin County,2021,59667,ACS 2021 5-year B19013,available
VA,51067,Franklin County,2022,66275,ACS 2022 5-year B19013,available
VA,51067,Franklin County,2023,68348,ACS 2023 5-year B19013,available
VA,51067,Franklin County,2024,68849,ACS 2024 5-year B19013,available
VA,51069,Frederick County,2015,69098,ACS 2015 5-year B19013,available
VA,51069,Frederick County,2016,68929,ACS 2016 5-year B19013,available
VA,51069,Frederick County,2017,71037,ACS 2017 5-year B19013,available
VA,51069,Frederick County,2018,73250,ACS 2018 5-year B19013,available
VA,51069,Frederick County,2019,78002,ACS 2019 5-year B19013,available
VA,51069,Frederick County,2020,80011,ACS 2020 5-year B19013,available
VA,51069,Frederick County,2021,84317,ACS 2021 5-year B19013,available
VA,51069,Frederick County,2022,92443,ACS 2022 5-year B19013,available
VA,51069,Frederick County,2023,95603,ACS 2023 5-year B19013,available
VA,51069,Frederick County,2024,97606,ACS 2024 5-year B19013,available
VA,51071,Giles County,2015,46390,ACS 2015 5-year B19013,available
VA,51071,Giles County,2016,47675,ACS 2016 5-year B19013,available
VA,51071,Giles County,2017,49734,ACS 2017 5-year B19013,available
VA,51071,Giles County,2018,52478,ACS 2018 5-year B19013,available
VA,51071,Giles County,2019,54520,ACS 2019 5-year B19013,available
VA,51071,Giles County,2020,57279,ACS 2020 5-year B19013,available
VA,51071,Giles County,2021,57911,ACS 2021 5-year B19013,available
VA,51071,Giles County,2022,61987,ACS 2022 5-year B19013,available
VA,51071,Giles County,2023,64819,ACS 2023 5-year B19013,available
VA,51071,Giles County,2024,65691,ACS 2024 5-year B19013,available
VA,51073,Gloucester County,2015,61121,ACS 2015 5-year B19013,available
VA,51073,Gloucester County,2016,62878,ACS 2016 5-year B19013,available
VA,51073,Gloucester County,2017,63881,ACS 2017 5-year B19013,available
VA,51073,Gloucester County,2018,66701,ACS 2018 5-year B19013,available
VA,51073,Gloucester County,2019,70537,ACS 2019 5-year B19013,available
VA,51073,Gloucester County,2020,71649,ACS 2020 5-year B19013,available
VA,51073,Gloucester County,2021,77733,ACS 2021 5-year B19013,available
VA,51073,Gloucester County,2022,83750,ACS 2022 5-year B19013,available
VA,51073,Gloucester County,2023,83689,ACS 2023 5-year B19013,available
VA,51073,Gloucester County,2024,84306,ACS 2024 5-year B19013,available
VA,51075,Goochland County,2015,79330,ACS 2015 5-year B19013,available
VA,51075,Goochland County,2016,82326,ACS 2016 5-year B19013,available
VA,51075,Goochland County,2017,86652,ACS 2017 5-year B19013,available
VA,51075,Goochland County,2018,89741,ACS 2018 5-year B19013,available
VA,51075,Goochland County,2019,93994,ACS 2019 5-year B19013,available
VA,51075,Goochland County,2020,97146,ACS 2020 5-year B19013,available
VA,51075,Goochland County,2021,100517,ACS 2021 5-year B19013,available
VA,51075,Goochland County,2022,105600,ACS 2022 5-year B19013,available
VA,51075,Goochland County,2023,118695,ACS 2023 5-year B19013,available
VA,51075,Goochland County,2024,118931,ACS 2024 5-year B19013,available
VA,51077,Grayson County,2015,29942,ACS 2015 5-year B19013,available
VA,51077,Grayson County,2016,31002,ACS 2016 5-year B19013,available
VA,51077,Grayson County,2017,32048,ACS 2017 5-year B19013,available
VA,51077,Grayson County,2018,33969,ACS 2018 5-year B19013,available
VA,51077,Grayson County,2019,36544,ACS 2019 5-year B19013,available
VA,51077,Grayson County,2020,41558,ACS 2020 5-year B19013,available
VA,51077,Grayson County,2021,43022,ACS 2021 5-year B19013,available
VA,51077,Grayson County,2022,43348,ACS 2022 5-year B19013,available
VA,51077,Grayson County,2023,42864,ACS 2023 5-year B19013,available
VA,51077,Grayson County,2024,47730,ACS 2024 5-year B19013,available
VA,51079,Greene County,2015,61550,ACS 2015 5-year B19013,available
VA,51079,Greene County,2016,61615,ACS 2016 5-year B19013,available
VA,51079,Greene County,2017,62952,ACS 2017 5-year B19013,available
VA,51079,Greene County,2018,64979,ACS 2018 5-year B19013,available
VA,51079,Greene County,2019,67398,ACS 2019 5-year B19013,available
VA,51079,Greene County,2020,67266,ACS 2020 5-year B19013,available
VA,51079,Greene County,2021,73844,ACS 2021 5-year B19013,available
VA,51079,Greene County,2022,81338,ACS 2022 5-year B19013,available
VA,51079,Greene County,2023,85268,ACS 2023 5-year B19013,available
VA,51079,Greene County,2024,89808,ACS 2024 5-year B19013,available
VA,51081,Greensville County,2015,38012,ACS 2015 5-year B19013,available
VA,51081,Greensville County,2016,40559,ACS 2016 5-year B19013,available
VA,51081,Greensville County,2017,42121,ACS 2017 5-year B19013,available
VA,51081,Greensville County,2018,44534,ACS 2018 5-year B19013,available
VA,51081,Greensville County,2019,50300,ACS 2019 5-year B19013,available
VA,51081,Greensville County,2020,49756,ACS 2020 5-year B19013,available
VA,51081,Greensville County,2021,53063,ACS 2021 5-year B19013,available
VA,51081,Greensville County,2022,51823,ACS 2022 5-year B19013,available
VA,51081,Greensville County,2023,56759,ACS 2023 5-year B19013,available
VA,51081,Greensville County,2024,54668,ACS 2024 5-year B19013,available
VA,51083,Halifax County,2015,35240,ACS 2015 5-year B19013,available
VA,51083,Halifax County,2016,37001,ACS 2016 5-year B19013,available
VA,51083,Halifax County,2017,39233,ACS 2017 5-year B19013,available
VA,51083,Halifax County,2018,42289,ACS 2018 5-year B19013,available
VA,51083,Halifax County,2019,42669,ACS 2019 5-year B19013,available
VA,51083,Halifax County,2020,43714,ACS 2020 5-year B19013,available
VA,51083,Halifax County,2021,45962,ACS 2021 5-year B19013,available
VA,51083,Halifax County,2022,49145,ACS 2022 5-year B19013,available
VA,51083,Halifax County,2023,49244,ACS 2023 5-year B19013,available
VA,51083,Halifax County,2024,52013,ACS 2024 5-year B19013,available
VA,51085,Hanover County,2015,78645,ACS 2015 5-year B19013,available
VA,51085,Hanover County,2016,81170,ACS 2016 5-year B19013,available
VA,51085,Hanover County,2017,84955,ACS 2017 5-year B19013,available
VA,51085,Hanover County,2018,88652,ACS 2018 5-year B19013,available
VA,51085,Hanover County,2019,89390,ACS 2019 5-year B19013,available
VA,51085,Hanover County,2020,91444,ACS 2020 5-year B19013,available
VA,51085,Hanover County,2021,96911,ACS 2021 5-year B19013,available
VA,51085,Hanover County,2022,104678,ACS 2022 5-year B19013,available
VA,51085,Hanover County,2023,109504,ACS 2023 5-year B19013,available
VA,51085,Hanover County,2024,112805,ACS 2024 5-year B19013,available
VA,51087,Henrico County,2015,61934,ACS 2015 5-year B19013,available
VA,51087,Henrico County,2016,63699,ACS 2016 5-year B19013,available
VA,51087,Henrico County,2017,66447,ACS 2017 5-year B19013,available
VA,51087,Henrico County,2018,68572,ACS 2018 5-year B19013,available
VA,51087,Henrico County,2019,70307,ACS 2019 5-year B19013,available
VA,51087,Henrico County,2020,72295,ACS 2020 5-year B19013,available
VA,51087,Henrico County,2021,76345,ACS 2021 5-year B19013,available
VA,51087,Henrico County,2022,82424,ACS 2022 5-year B19013,available
VA,51087,Henrico County,2023,86397,ACS 2023 5-year B19013,available
VA,51087,Henrico County,2024,88783,ACS 2024 5-year B19013,available
VA,51089,Henry County,2015,35293,ACS 2015 5-year B19013,available
VA,51089,Henry County,2016,34992,ACS 2016 5-year B19013,available
VA,51089,Henry County,2017,36779,ACS 2017 5-year B19013,available
VA,51089,Henry County,2018,36683,ACS 2018 5-year B19013,available
VA,51089,Henry County,2019,37952,ACS 2019 5-year B19013,available
VA,51089,Henry County,2020,38511,ACS 2020 5-year B19013,available
VA,51089,Henry County,2021,41103,ACS 2021 5-year B19013,available
VA,51089,Henry County,2022,43694,ACS 2022 5-year B19013,available
VA,51089,Henry County,2023,48445,ACS 2023 5-year B19013,available
VA,51089,Henry County,2024,50760,ACS 2024 5-year B19013,available
VA,51091,Highland County,2015,43914,ACS 2015 5-year B19013,available
VA,51091,Highland County,2016,44877,ACS 2016 5-year B19013,available
VA,51091,Highland County,2017,45094,ACS 2017 5-year B19013,available
VA,51091,Highland County,2018,46147,ACS 2018 5-year B19013,available
VA,51091,Highland County,2019,48587,ACS 2019 5-year B19013,available
VA,51091,Highland County,2020,51831,ACS 2020 5-year B19013,available
VA,51091,Highland County,2021,52901,ACS 2021 5-year B19013,available
VA,51091,Highland County,2022,57070,ACS 2022 5-year B19013,available
VA,51091,Highland County,2023,62946,ACS 2023 5-year B19013,available
VA,51091,Highland County,2024,65625,ACS 2024 5-year B19013,available
VA,51093,Isle of Wight County,2015,65741,ACS 2015 5-year B19013,available
VA,51093,Isle of Wight County,2016,66835,ACS 2016 5-year B19013,available
VA,51093,Isle of Wight County,2017,67767,ACS 2017 5-year B19013,available
VA,51093,Isle of Wight County,2018,71376,ACS 2018 5-year B19013,available
VA,51093,Isle of Wight County,2019,73991,ACS 2019 5-year B19013,available
VA,51093,Isle of Wight County,2020,77870,ACS 2020 5-year B19013,available
VA,51093,Isle of Wight County,2021,84673,ACS 2021 5-year B19013,available
VA,51093,Isle of Wight County,2022,91680,ACS 2022 5-year B19013,available
VA,51093,Isle of Wight County,2023,96118,ACS 2023 5-year B19013,available
VA,51093,Isle of Wight County,2024,95241,ACS 2024 5-year B19013,available
VA,51095,James City County,2015,75710,ACS 2015 5-year B19013,available
VA,51095,James City County,2016,80226,ACS 2016 5-year B19013,available
VA,51095,James City County,2017,80772,ACS 2017 5-year B19013,available
VA,51095,James City County,2018,83048,ACS 2018 5-year B19013,available
VA,51095,James City County,2019,87678,ACS 2019 5-year B19013,available
VA,51095,James City County,2020,91675,ACS 2020 5-year B19013,available
VA,51095,James City County,2021,94907,ACS 2021 5-year B19013,available
VA,51095,James City County,2022,100711,ACS 2022 5-year B19013,available
VA,51095,James City County,2023,107046,ACS 2023 5-year B19013,available
VA,51095,James City County,2024,109985,ACS 2024 5-year B19013,available
VA,51097,King and Queen County,2015,48292,ACS 2015 5-year B19013,available
VA,51097,King and Queen County,2016,48852,ACS 2016 5-year B19013,available
VA,51097,King and Queen County,2017,51495,ACS 2017 5-year B19013,available
VA,51097,King and Queen County,2018,54516,ACS 2018 5-year B19013,available
VA,51097,King and Queen County,2019,63982,ACS 2019 5-year B19013,available
VA,51097,King and Queen County,2020,65385,ACS 2020 5-year B19013,available
VA,51097,King and Queen County,2021,61672,ACS 2021 5-year B19013,available
VA,51097,King and Queen County,2022,70147,ACS 2022 5-year B19013,available
VA,51097,King and Queen County,2023,72851,ACS 2023 5-year B19013,available
VA,51097,King and Queen County,2024,70469,ACS 2024 5-year B19013,available
VA,51099,King George County,2015,81688,ACS 2015 5-year B19013,available
VA,51099,King George County,2016,84342,ACS 2016 5-year B19013,available
VA,51099,King George County,2017,84770,ACS 2017 5-year B19013,available
VA,51099,King George County,2018,87321,ACS 2018 5-year B19013,available
VA,51099,King George County,2019,94274,ACS 2019 5-year B19013,available
VA,51099,King George County,2020,96711,ACS 2020 5-year B19013,available
VA,51099,King George County,2021,101599,ACS 2021 5-year B19013,available
VA,51099,King George County,2022,103264,ACS 2022 5-year B19013,available
VA,51099,King George County,2023,110517,ACS 2023 5-year B19013,available
VA,51099,King George County,2024,116884,ACS 2024 5-year B19013,available
VA,51101,King William County,2015,62031,ACS 2015 5-year B19013,available
VA,51101,King William County,2016,64297,ACS 2016 5-year B19013,available
VA,51101,King William County,2017,67423,ACS 2017 5-year B19013,available
VA,51101,King William County,2018,68720,ACS 2018 5-year B19013,available
VA,51101,King William County,2019,66987,ACS 2019 5-year B19013,available
VA,51101,King William County,2020,73284,ACS 2020 5-year B19013,available
VA,51101,King William County,2021,74592,ACS 2021 5-year B19013,available
VA,51101,King William County,2022,79398,ACS 2022 5-year B19013,available
VA,51101,King William County,2023,85212,ACS 2023 5-year B19013,available
VA,51101,King William County,2024,86056,ACS 2024 5-year B19013,available
VA,51103,Lancaster County,2015,50374,ACS 2015 5-year B19013,available
VA,51103,Lancaster County,2016,50118,ACS 2016 5-year B19013,available
VA,51103,Lancaster County,2017,51495,ACS 2017 5-year B19013,available
VA,51103,Lancaster County,2018,50739,ACS 2018 5-year B19013,available
VA,51103,Lancaster County,2019,53711,ACS 2019 5-year B19013,available
VA,51103,Lancaster County,2020,59736,ACS 2020 5-year B19013,available
VA,51103,Lancaster County,2021,64460,ACS 2021 5-year B19013,available
VA,51103,Lancaster County,2022,62674,ACS 2022 5-year B19013,available
VA,51103,Lancaster County,2023,67169,ACS 2023 5-year B19013,available
VA,51103,Lancaster County,2024,69713,ACS 2024 5-year B19013,available
VA,51105,Lee County,2015,31086,ACS 2015 5-year B19013,available
VA,51105,Lee County,2016,31577,ACS 2016 5-year B19013,available
VA,51105,Lee County,2017,32590,ACS 2017 5-year B19013,available
VA,51105,Lee County,2018,32718,ACS 2018 5-year B19013,available
VA,51105,Lee County,2019,32888,ACS 2019 5-year B19013,available
VA,51105,Lee County,2020,35006,ACS 2020 5-year B19013,available
VA,51105,Lee County,2021,37574,ACS 2021 5-year B19013,available
VA,51105,Lee County,2022,41619,ACS 2022 5-year B19013,available
VA,51105,Lee County,2023,42269,ACS 2023 5-year B19013,available
VA,51105,Lee County,2024,41827,ACS 2024 5-year B19013,available
VA,51107,Loudoun County,2015,123453,ACS 2015 5-year B19013,available
VA,51107,Loudoun County,2016,125672,ACS 2016 5-year B19013,available
VA,51107,Loudoun County,2017,129588,ACS 2017 5-year B19013,available
VA,51107,Loudoun County,2018,136268,ACS 2018 5-year B19013,available
VA,51107,Loudoun County,2019,142299,ACS 2019 5-year B19013,available
VA,51107,Loudoun County,2020,147111,ACS 2020 5-year B19013,available
VA,51107,Loudoun County,2021,156821,ACS 2021 5-year B19013,available
VA,51107,Loudoun County,2022,170463,ACS 2022 5-year B19013,available
VA,51107,Loudoun County,2023,178707,ACS 2023 5-year B19013,available
VA,51107,Loudoun County,2024,181765,ACS 2024 5-year B19013,available
VA,51109,Louisa County,2015,57829,ACS 2015 5-year B19013,available
VA,51109,Louisa County,2016,54662,ACS 2016 5-year B19013,available
VA,51109,Louisa County,2017,56946,ACS 2017 5-year B19013,available
VA,51109,Louisa County,2018,59343,ACS 2018 5-year B19013,available
VA,51109,Louisa County,2019,60975,ACS 2019 5-year B19013,available
VA,51109,Louisa County,2020,67027,ACS 2020 5-year B19013,available
VA,51109,Louisa County,2021,70974,ACS 2021 5-year B19013,available
VA,51109,Louisa County,2022,76594,ACS 2022 5-year B19013,available
VA,51109,Louisa County,2023,80343,ACS 2023 5-year B19013,available
VA,51109,Louisa County,2024,86689,ACS 2024 5-year B19013,available
VA,51111,Lunenburg County,2015,39506,ACS 2015 5-year B19013,available
VA,51111,Lunenburg County,2016,39911,ACS 2016 5-year B19013,available
VA,51111,Lunenburg County,2017,39537,ACS 2017 5-year B19013,available
VA,51111,Lunenburg County,2018,41868,ACS 2018 5-year B19013,available
VA,51111,Lunenburg County,2019,44303,ACS 2019 5-year B19013,available
VA,51111,Lunenburg County,2020,45884,ACS 2020 5-year B19013,available
VA,51111,Lunenburg County,2021,47269,ACS 2021 5-year B19013,available
VA,51111,Lunenburg County,2022,54438,ACS 2022 5-year B19013,available
VA,51111,Lunenburg County,2023,54460,ACS 2023 5-year B19013,available
VA,51111,Lunenburg County,2024,54842,ACS 2024 5-year B19013,available
VA,51113,Madison County,2015,47736,ACS 2015 5-year B19013,available
VA,51113,Madison County,2016,48271,ACS 2016 5-year B19013,available
VA,51113,Madison County,2017,52287,ACS 2017 5-year B19013,available
VA,51113,Madison County,2018,54197,ACS 2018 5-year B19013,available
VA,51113,Madison County,2019,57895,ACS 2019 5-year B19013,available
VA,51113,Madison County,2020,63482,ACS 2020 5-year B19013,available
VA,51113,Madison County,2021,72349,ACS 2021 5-year B19013,available
VA,51113,Madison County,2022,74586,ACS 2022 5-year B19013,available
VA,51113,Madison County,2023,82972,ACS 2023 5-year B19013,available
VA,51113,Madison County,2024,84323,ACS 2024 5-year B19013,available
VA,51115,Mathews County,2015,63845,ACS 2015 5-year B19013,available
VA,51115,Mathews County,2016,64049,ACS 2016 5-year B19013,available
VA,51115,Mathews County,2017,63622,ACS 2017 5-year B19013,available
VA,51115,Mathews County,2018,67009,ACS 2018 5-year B19013,available
VA,51115,Mathews County,2019,64237,ACS 2019 5-year B19013,available
VA,51115,Mathews County,2020,74489,ACS 2020 5-year B19013,available
VA,51115,Mathews County,2021,73229,ACS 2021 5-year B19013,available
VA,51115,Mathews County,2022,79054,ACS 2022 5-year B19013,available
VA,51115,Mathews County,2023,75487,ACS 2023 5-year B19013,available
VA,51115,Mathews County,2024,75880,ACS 2024 5-year B19013,available
VA,51117,Mecklenburg County,2015,37356,ACS 2015 5-year B19013,available
VA,51117,Mecklenburg County,2016,40040,ACS 2016 5-year B19013,available
VA,51117,Mecklenburg County,2017,41126,ACS 2017 5-year B19013,available
VA,51117,Mecklenburg County,2018,42025,ACS 2018 5-year B19013,available
VA,51117,Mecklenburg County,2019,43207,ACS 2019 5-year B19013,available
VA,51117,Mecklenburg County,2020,50224,ACS 2020 5-year B19013,available
VA,51117,Mecklenburg County,2021,46378,ACS 2021 5-year B19013,available
VA,51117,Mecklenburg County,2022,51265,ACS 2022 5-year B19013,available
VA,51117,Mecklenburg County,2023,51691,ACS 2023 5-year B19013,available
VA,51117,Mecklenburg County,2024,57045,ACS 2024 5-year B19013,available
VA,51119,Middlesex County,2015,54654,ACS 2015 5-year B19013,available
VA,51119,Middlesex County,2016,53093,ACS 2016 5-year B19013,available
VA,51119,Middlesex County,2017,50483,ACS 2017 5-year B19013,available
VA,51119,Middlesex County,2018,51917,ACS 2018 5-year B19013,available
VA,51119,Middlesex County,2019,57438,ACS 2019 5-year B19013,available
VA,51119,Middlesex County,2020,57060,ACS 2020 5-year B19013,available
VA,51119,Middlesex County,2021,63782,ACS 2021 5-year B19013,available
VA,51119,Middlesex County,2022,69389,ACS 2022 5-year B19013,available
VA,51119,Middlesex County,2023,74154,ACS 2023 5-year B19013,available
VA,51119,Middlesex County,2024,75060,ACS 2024 5-year B19013,available
VA,51121,Montgomery County,2015,46663,ACS 2015 5-year B19013,available
VA,51121,Montgomery County,2016,49712,ACS 2016 5-year B19013,available
VA,51121,Montgomery County,2017,53424,ACS 2017 5-year B19013,available
VA,51121,Montgomery County,2018,54641,ACS 2018 5-year B19013,available
VA,51121,Montgomery County,2019,57977,ACS 2019 5-year B19013,available
VA,51121,Montgomery County,2020,59126,ACS 2020 5-year B19013,available
VA,51121,Montgomery County,2021,60666,ACS 2021 5-year B19013,available
VA,51121,Montgomery County,2022,65270,ACS 2022 5-year B19013,available
VA,51121,Montgomery County,2023,70769,ACS 2023 5-year B19013,available
VA,51121,Montgomery County,2024,72715,ACS 2024 5-year B19013,available
VA,51125,Nelson County,2015,47118,ACS 2015 5-year B19013,available
VA,51125,Nelson County,2016,50994,ACS 2016 5-year B19013,available
VA,51125,Nelson County,2017,53834,ACS 2017 5-year B19013,available
VA,51125,Nelson County,2018,62446,ACS 2018 5-year B19013,available
VA,51125,Nelson County,2019,64313,ACS 2019 5-year B19013,available
VA,51125,Nelson County,2020,62203,ACS 2020 5-year B19013,available
VA,51125,Nelson County,2021,67707,ACS 2021 5-year B19013,available
VA,51125,Nelson County,2022,64028,ACS 2022 5-year B19013,available
VA,51125,Nelson County,2023,68525,ACS 2023 5-year B19013,available
VA,51125,Nelson County,2024,72589,ACS 2024 5-year B19013,available
VA,51127,New Kent County,2015,73041,ACS 2015 5-year B19013,available
VA,51127,New Kent County,2016,75303,ACS 2016 5-year B19013,available
VA,51127,New Kent County,2017,78429,ACS 2017 5-year B19013,available
VA,51127,New Kent County,2018,79698,ACS 2018 5-year B19013,available
VA,51127,New Kent County,2019,87904,ACS 2019 5-year B19013,available
VA,51127,New Kent County,2020,97688,ACS 2020 5-year B19013,available
VA,51127,New Kent County,2021,101628,ACS 2021 5-year B19013,available
VA,51127,New Kent County,2022,113120,ACS 2022 5-year B19013,available
VA,51127,New Kent County,2023,120125,ACS 2023 5-year B19013,available
VA,51127,New Kent County,2024,123314,ACS 2024 5-year B19013,available
VA,51131,Northampton County,2015,35055,ACS 2015 5-year B19013,available
VA,51131,Northampton County,2016,37011,ACS 2016 5-year B19013,available
VA,51131,Northampton County,2017,41468,ACS 2017 5-year B19013,available
VA,51131,Northampton County,2018,43553,ACS 2018 5-year B19013,available
VA,51131,Northampton County,2019,47227,ACS 2019 5-year B19013,available
VA,51131,Northampton County,2020,50819,ACS 2020 5-year B19013,available
VA,51131,Northampton County,2021,50347,ACS 2021 5-year B19013,available
VA,51131,Northampton County,2022,54693,ACS 2022 5-year B19013,available
VA,51131,Northampton County,2023,55933,ACS 2023 5-year B19013,available
VA,51131,Northampton County,2024,61632,ACS 2024 5-year B19013,available
VA,51133,Northumberland County,2015,51885,ACS 2015 5-year B19013,available
VA,51133,Northumberland County,2016,54440,ACS 2016 5-year B19013,available
VA,51133,Northumberland County,2017,56677,ACS 2017 5-year B19013,available
VA,51133,Northumberland County,2018,58677,ACS 2018 5-year B19013,available
VA,51133,Northumberland County,2019,62632,ACS 2019 5-year B19013,available
VA,51133,Northumberland County,2020,59437,ACS 2020 5-year B19013,available
VA,51133,Northumberland County,2021,61291,ACS 2021 5-year B19013,available
VA,51133,Northumberland County,2022,64655,ACS 2022 5-year B19013,available
VA,51133,Northumberland County,2023,69500,ACS 2023 5-year B19013,available
VA,51133,Northumberland County,2024,66480,ACS 2024 5-year B19013,available
VA,51135,Nottoway County,2015,36284,ACS 2015 5-year B19013,available
VA,51135,Nottoway County,2016,36849,ACS 2016 5-year B19013,available
VA,51135,Nottoway County,2017,38410,ACS 2017 5-year B19013,available
VA,51135,Nottoway County,2018,42869,ACS 2018 5-year B19013,available
VA,51135,Nottoway County,2019,45535,ACS 2019 5-year B19013,available
VA,51135,Nottoway County,2020,49983,ACS 2020 5-year B19013,available
VA,51135,Nottoway County,2021,54614,ACS 2021 5-year B19013,available
VA,51135,Nottoway County,2022,62366,ACS 2022 5-year B19013,available
VA,51135,Nottoway County,2023,62161,ACS 2023 5-year B19013,available
VA,51135,Nottoway County,2024,63261,ACS 2024 5-year B19013,available
VA,51137,Orange County,2015,65166,ACS 2015 5-year B19013,available
VA,51137,Orange County,2016,66990,ACS 2016 5-year B19013,available
VA,51137,Orange County,2017,67196,ACS 2017 5-year B19013,available
VA,51137,Orange County,2018,68481,ACS 2018 5-year B19013,available
VA,51137,Orange County,2019,71548,ACS 2019 5-year B19013,available
VA,51137,Orange County,2020,74446,ACS 2020 5-year B19013,available
VA,51137,Orange County,2021,79211,ACS 2021 5-year B19013,available
VA,51137,Orange County,2022,87309,ACS 2022 5-year B19013,available
VA,51137,Orange County,2023,94175,ACS 2023 5-year B19013,available
VA,51137,Orange County,2024,94008,ACS 2024 5-year B19013,available
VA,51139,Page County,2015,43895,ACS 2015 5-year B19013,available
VA,51139,Page County,2016,45030,ACS 2016 5-year B19013,available
VA,51139,Page County,2017,46140,ACS 2017 5-year B19013,available
VA,51139,Page County,2018,47951,ACS 2018 5-year B19013,available
VA,51139,Page County,2019,51792,ACS 2019 5-year B19013,available
VA,51139,Page County,2020,51878,ACS 2020 5-year B19013,available
VA,51139,Page County,2021,53168,ACS 2021 5-year B19013,available
VA,51139,Page County,2022,56760,ACS 2022 5-year B19013,available
VA,51139,Page County,2023,59396,ACS 2023 5-year B19013,available
VA,51139,Page County,2024,57037,ACS 2024 5-year B19013,available
VA,51141,Patrick County,2015,33982,ACS 2015 5-year B19013,available
VA,51141,Patrick County,2016,35999,ACS 2016 5-year B19013,available
VA,51141,Patrick County,2017,37757,ACS 2017 5-year B19013,available
VA,51141,Patrick County,2018,40486,ACS 2018 5-year B19013,available
VA,51141,Patrick County,2019,43073,ACS 2019 5-year B19013,available
VA,51141,Patrick County,2020,46941,ACS 2020 5-year B19013,available
VA,51141,Patrick County,2021,47215,ACS 2021 5-year B19013,available
VA,51141,Patrick County,2022,49180,ACS 2022 5-year B19013,available
VA,51141,Patrick County,2023,50938,ACS 2023 5-year B19013,available
VA,51141,Patrick County,2024,53038,ACS 2024 5-year B19013,available
VA,51143,Pittsylvania County,2015,41824,ACS 2015 5-year B19013,available
VA,51143,Pittsylvania County,2016,43087,ACS 2016 5-year B19013,available
VA,51143,Pittsylvania County,2017,44356,ACS 2017 5-year B19013,available
VA,51143,Pittsylvania County,2018,45382,ACS 2018 5-year B19013,available
VA,51143,Pittsylvania County,2019,47690,ACS 2019 5-year B19013,available
VA,51143,Pittsylvania County,2020,49520,ACS 2020 5-year B19013,available
VA,51143,Pittsylvania County,2021,49486,ACS 2021 5-year B19013,available
VA,51143,Pittsylvania County,2022,52619,ACS 2022 5-year B19013,available
VA,51143,Pittsylvania County,2023,54115,ACS 2023 5-year B19013,available
VA,51143,Pittsylvania County,2024,54085,ACS 2024 5-year B19013,available
VA,51145,Powhatan County,2015,77896,ACS 2015 5-year B19013,available
VA,51145,Powhatan County,2016,77684,ACS 2016 5-year B19013,available
VA,51145,Powhatan County,2017,80441,ACS 2017 5-year B19013,available
VA,51145,Powhatan County,2018,83914,ACS 2018 5-year B19013,available
VA,51145,Powhatan County,2019,89090,ACS 2019 5-year B19013,available
VA,51145,Powhatan County,2020,93833,ACS 2020 5-year B19013,available
VA,51145,Powhatan County,2021,101395,ACS 2021 5-year B19013,available
VA,51145,Powhatan County,2022,108089,ACS 2022 5-year B19013,available
VA,51145,Powhatan County,2023,110667,ACS 2023 5-year B19013,available
VA,51145,Powhatan County,2024,110537,ACS 2024 5-year B19013,available
VA,51147,Prince Edward County,2015,41697,ACS 2015 5-year B19013,available
VA,51147,Prince Edward County,2016,42283,ACS 2016 5-year B19013,available
VA,51147,Prince Edward County,2017,44147,ACS 2017 5-year B19013,available
VA,51147,Prince Edward County,2018,46189,ACS 2018 5-year B19013,available
VA,51147,Prince Edward County,2019,47202,ACS 2019 5-year B19013,available
VA,51147,Prince Edward County,2020,44253,ACS 2020 5-year B19013,available
VA,51147,Prince Edward County,2021,49019,ACS 2021 5-year B19013,available
VA,51147,Prince Edward County,2022,57304,ACS 2022 5-year B19013,available
VA,51147,Prince Edward County,2023,55082,ACS 2023 5-year B19013,available
VA,51147,Prince Edward County,2024,56315,ACS 2024 5-year B19013,available
VA,51149,Prince George County,2015,61857,ACS 2015 5-year B19013,available
VA,51149,Prince George County,2016,64805,ACS 2016 5-year B19013,available
VA,51149,Prince George County,2017,68461,ACS 2017 5-year B19013,available
VA,51149,Prince George County,2018,67001,ACS 2018 5-year B19013,available
VA,51149,Prince George County,2019,71912,ACS 2019 5-year B19013,available
VA,51149,Prince George County,2020,75123,ACS 2020 5-year B19013,available
VA,51149,Prince George County,2021,78895,ACS 2021 5-year B19013,available
VA,51149,Prince George County,2022,80318,ACS 2022 5-year B19013,available
VA,51149,Prince George County,2023,88225,ACS 2023 5-year B19013,available
VA,51149,Prince George County,2024,84897,ACS 2024 5-year B19013,available
VA,51153,Prince William County,2015,98657,ACS 2015 5-year B19013,available
VA,51153,Prince William County,2016,98546,ACS 2016 5-year B19013,available
VA,51153,Prince William County,2017,101059,ACS 2017 5-year B19013,available
VA,51153,Prince William County,2018,103445,ACS 2018 5-year B19013,available
VA,51153,Prince William County,2019,107132,ACS 2019 5-year B19013,available
VA,51153,Prince William County,2020,107707,ACS 2020 5-year B19013,available
VA,51153,Prince William County,2021,113831,ACS 2021 5-year B19013,available
VA,51153,Prince William County,2022,123193,ACS 2022 5-year B19013,available
VA,51153,Prince William County,2023,128873,ACS 2023 5-year B19013,available
VA,51153,Prince William County,2024,131402,ACS 2024 5-year B19013,available
VA,51155,Pulaski County,2015,47495,ACS 2015 5-year B19013,available
VA,51155,Pulaski County,2016,49469,ACS 2016 5-year B19013,available
VA,51155,Pulaski County,2017,49691,ACS 2017 5-year B19013,available
VA,51155,Pulaski County,2018,52638,ACS 2018 5-year B19013,available
VA,51155,Pulaski County,2019,53866,ACS 2019 5-year B19013,available
VA,51155,Pulaski County,2020,53689,ACS 2020 5-year B19013,available
VA,51155,Pulaski County,2021,55446,ACS 2021 5-year B19013,available
VA,51155,Pulaski County,2022,59740,ACS 2022 5-year B19013,available
VA,51155,Pulaski County,2023,60767,ACS 2023 5-year B19013,available
VA,51155,Pulaski County,2024,62028,ACS 2024 5-year B19013,available
VA,51157,Rappahannock County,2015,57210,ACS 2015 5-year B19013,available
VA,51157,Rappahannock County,2016,58026,ACS 2016 5-year B19013,available
VA,51157,Rappahannock County,2017,62541,ACS 2017 5-year B19013,available
VA,51157,Rappahannock County,2018,68438,ACS 2018 5-year B19013,available
VA,51157,Rappahannock County,2019,74284,ACS 2019 5-year B19013,available
VA,51157,Rappahannock County,2020,82077,ACS 2020 5-year B19013,available
VA,51157,Rappahannock County,2021,90307,ACS 2021 5-year B19013,available
VA,51157,Rappahannock County,2022,98663,ACS 2022 5-year B19013,available
VA,51157,Rappahannock County,2023,98125,ACS 2023 5-year B19013,available
VA,51157,Rappahannock County,2024,83380,ACS 2024 5-year B19013,available
VA,51159,Richmond County,2015,47288,ACS 2015 5-year B19013,available
VA,51159,Richmond County,2016,44919,ACS 2016 5-year B19013,available
VA,51159,Richmond County,2017,47341,ACS 2017 5-year B19013,available
VA,51159,Richmond County,2018,49831,ACS 2018 5-year B19013,available
VA,51159,Richmond County,2019,49517,ACS 2019 5-year B19013,available
VA,51159,Richmond County,2020,53298,ACS 2020 5-year B19013,available
VA,51159,Richmond County,2021,57697,ACS 2021 5-year B19013,available
VA,51159,Richmond County,2022,62708,ACS 2022 5-year B19013,available
VA,51159,Richmond County,2023,64184,ACS 2023 5-year B19013,available
VA,51159,Richmond County,2024,66304,ACS 2024 5-year B19013,available
VA,51161,Roanoke County,2015,60519,ACS 2015 5-year B19013,available
VA,51161,Roanoke County,2016,60380,ACS 2016 5-year B19013,available
VA,51161,Roanoke County,2017,62134,ACS 2017 5-year B19013,available
VA,51161,Roanoke County,2018,65467,ACS 2018 5-year B19013,available
VA,51161,Roanoke County,2019,68948,ACS 2019 5-year B19013,available
VA,51161,Roanoke County,2020,70076,ACS 2020 5-year B19013,available
VA,51161,Roanoke County,2021,74622,ACS 2021 5-year B19013,available
VA,51161,Roanoke County,2022,80872,ACS 2022 5-year B19013,available
VA,51161,Roanoke County,2023,82931,ACS 2023 5-year B19013,available
VA,51161,Roanoke County,2024,83709,ACS 2024 5-year B19013,available
VA,51163,Rockbridge County,2015,48901,ACS 2015 5-year B19013,available
VA,51163,Rockbridge County,2016,52478,ACS 2016 5-year B19013,available
VA,51163,Rockbridge County,2017,53918,ACS 2017 5-year B19013,available
VA,51163,Rockbridge County,2018,54805,ACS 2018 5-year B19013,available
VA,51163,Rockbridge County,2019,54600,ACS 2019 5-year B19013,available
VA,51163,Rockbridge County,2020,54133,ACS 2020 5-year B19013,available
VA,51163,Rockbridge County,2021,57828,ACS 2021 5-year B19013,available
VA,51163,Rockbridge County,2022,61903,ACS 2022 5-year B19013,available
VA,51163,Rockbridge County,2023,63975,ACS 2023 5-year B19013,available
VA,51163,Rockbridge County,2024,65469,ACS 2024 5-year B19013,available
VA,51165,Rockingham County,2015,53744,ACS 2015 5-year B19013,available
VA,51165,Rockingham County,2016,55029,ACS 2016 5-year B19013,available
VA,51165,Rockingham County,2017,57651,ACS 2017 5-year B19013,available
VA,51165,Rockingham County,2018,59817,ACS 2018 5-year B19013,available
VA,51165,Rockingham County,2019,61864,ACS 2019 5-year B19013,available
VA,51165,Rockingham County,2020,64496,ACS 2020 5-year B19013,available
VA,51165,Rockingham County,2021,67484,ACS 2021 5-year B19013,available
VA,51165,Rockingham County,2022,73232,ACS 2022 5-year B19013,available
VA,51165,Rockingham County,2023,78468,ACS 2023 5-year B19013,available
VA,51165,Rockingham County,2024,80693,ACS 2024 5-year B19013,available
VA,51167,Russell County,2015,35045,ACS 2015 5-year B19013,available
VA,51167,Russell County,2016,38370,ACS 2016 5-year B19013,available
VA,51167,Russell County,2017,40083,ACS 2017 5-year B19013,available
VA,51167,Russell County,2018,39482,ACS 2018 5-year B19013,available
VA,51167,Russell County,2019,39758,ACS 2019 5-year B19013,available
VA,51167,Russell County,2020,38564,ACS 2020 5-year B19013,available
VA,51167,Russell County,2021,41100,ACS 2021 5-year B19013,available
VA,51167,Russell County,2022,44088,ACS 2022 5-year B19013,available
VA,51167,Russell County,2023,49020,ACS 2023 5-year B19013,available
VA,51167,Russell County,2024,50012,ACS 2024 5-year B19013,available
VA,51169,Scott County,2015,37240,ACS 2015 5-year B19013,available
VA,51169,Scott County,2016,38017,ACS 2016 5-year B19013,available
VA,51169,Scott County,2017,38725,ACS 2017 5-year B19013,available
VA,51169,Scott County,2018,39144,ACS 2018 5-year B19013,available
VA,51169,Scott County,2019,39820,ACS 2019 5-year B19013,available
VA,51169,Scott County,2020,41540,ACS 2020 5-year B19013,available
VA,51169,Scott County,2021,42561,ACS 2021 5-year B19013,available
VA,51169,Scott County,2022,44535,ACS 2022 5-year B19013,available
VA,51169,Scott County,2023,45136,ACS 2023 5-year B19013,available
VA,51169,Scott County,2024,46349,ACS 2024 5-year B19013,available
VA,51171,Shenandoah County,2015,49406,ACS 2015 5-year B19013,available
VA,51171,Shenandoah County,2016,50450,ACS 2016 5-year B19013,available
VA,51171,Shenandoah County,2017,53934,ACS 2017 5-year B19013,available
VA,51171,Shenandoah County,2018,54921,ACS 2018 5-year B19013,available
VA,51171,Shenandoah County,2019,57252,ACS 2019 5-year B19013,available
VA,51171,Shenandoah County,2020,56114,ACS 2020 5-year B19013,available
VA,51171,Shenandoah County,2021,58609,ACS 2021 5-year B19013,available
VA,51171,Shenandoah County,2022,62149,ACS 2022 5-year B19013,available
VA,51171,Shenandoah County,2023,64437,ACS 2023 5-year B19013,available
VA,51171,Shenandoah County,2024,67191,ACS 2024 5-year B19013,available
VA,51173,Smyth County,2015,37983,ACS 2015 5-year B19013,available
VA,51173,Smyth County,2016,38906,ACS 2016 5-year B19013,available
VA,51173,Smyth County,2017,40544,ACS 2017 5-year B19013,available
VA,51173,Smyth County,2018,40425,ACS 2018 5-year B19013,available
VA,51173,Smyth County,2019,40932,ACS 2019 5-year B19013,available
VA,51173,Smyth County,2020,41088,ACS 2020 5-year B19013,available
VA,51173,Smyth County,2021,42588,ACS 2021 5-year B19013,available
VA,51173,Smyth County,2022,45061,ACS 2022 5-year B19013,available
VA,51173,Smyth County,2023,46859,ACS 2023 5-year B19013,available
VA,51173,Smyth County,2024,49883,ACS 2024 5-year B19013,available
VA,51175,Southampton County,2015,48962,ACS 2015 5-year B19013,available
VA,51175,Southampton County,2016,51032,ACS 2016 5-year B19013,available
VA,51175,Southampton County,2017,53681,ACS 2017 5-year B19013,available
VA,51175,Southampton County,2018,54611,ACS 2018 5-year B19013,available
VA,51175,Southampton County,2019,61348,ACS 2019 5-year B19013,available
VA,51175,Southampton County,2020,63034,ACS 2020 5-year B19013,available
VA,51175,Southampton County,2021,65079,ACS 2021 5-year B19013,available
VA,51175,Southampton County,2022,67813,ACS 2022 5-year B19013,available
VA,51175,Southampton County,2023,68465,ACS 2023 5-year B19013,available
VA,51175,Southampton County,2024,70795,ACS 2024 5-year B19013,available
VA,51177,Spotsylvania County,2015,78125,ACS 2015 5-year B19013,available
VA,51177,Spotsylvania County,2016,79742,ACS 2016 5-year B19013,available
VA,51177,Spotsylvania County,2017,81434,ACS 2017 5-year B19013,available
VA,51177,Spotsylvania County,2018,85330,ACS 2018 5-year B19013,available
VA,51177,Spotsylvania County,2019,88628,ACS 2019 5-year B19013,available
VA,51177,Spotsylvania County,2020,90913,ACS 2020 5-year B19013,available
VA,51177,Spotsylvania County,2021,98973,ACS 2021 5-year B19013,available
VA,51177,Spotsylvania County,2022,105068,ACS 2022 5-year B19013,available
VA,51177,Spotsylvania County,2023,109576,ACS 2023 5-year B19013,available
VA,51177,Spotsylvania County,2024,112738,ACS 2024 5-year B19013,available
VA,51179,Stafford County,2015,97144,ACS 2015 5-year B19013,available
VA,51179,Stafford County,2016,97528,ACS 2016 5-year B19013,available
VA,51179,Stafford County,2017,103005,ACS 2017 5-year B19013,available
VA,51179,Stafford County,2018,106773,ACS 2018 5-year B19013,available
VA,51179,Stafford County,2019,111108,ACS 2019 5-year B19013,available
VA,51179,Stafford County,2020,112247,ACS 2020 5-year B19013,available
VA,51179,Stafford County,2021,119818,ACS 2021 5-year B19013,available
VA,51179,Stafford County,2022,128036,ACS 2022 5-year B19013,available
VA,51179,Stafford County,2023,133792,ACS 2023 5-year B19013,available
VA,51179,Stafford County,2024,137807,ACS 2024 5-year B19013,available
VA,51181,Surry County,2015,53673,ACS 2015 5-year B19013,available
VA,51181,Surry County,2016,56632,ACS 2016 5-year B19013,available
VA,51181,Surry County,2017,54656,ACS 2017 5-year B19013,available
VA,51181,Surry County,2018,54844,ACS 2018 5-year B19013,available
VA,51181,Surry County,2019,57962,ACS 2019 5-year B19013,available
VA,51181,Surry County,2020,56525,ACS 2020 5-year B19013,available
VA,51181,Surry County,2021,61105,ACS 2021 5-year B19013,available
VA,51181,Surry County,2022,68655,ACS 2022 5-year B19013,available
VA,51181,Surry County,2023,71458,ACS 2023 5-year B19013,available
VA,51181,Surry County,2024,78041,ACS 2024 5-year B19013,available
VA,51183,Sussex County,2015,39194,ACS 2015 5-year B19013,available
VA,51183,Sussex County,2016,37917,ACS 2016 5-year B19013,available
VA,51183,Sussex County,2017,44608,ACS 2017 5-year B19013,available
VA,51183,Sussex County,2018,45801,ACS 2018 5-year B19013,available
VA,51183,Sussex County,2019,49487,ACS 2019 5-year B19013,available
VA,51183,Sussex County,2020,51701,ACS 2020 5-year B19013,available
VA,51183,Sussex County,2021,56968,ACS 2021 5-year B19013,available
VA,51183,Sussex County,2022,59195,ACS 2022 5-year B19013,available
VA,51183,Sussex County,2023,62821,ACS 2023 5-year B19013,available
VA,51183,Sussex County,2024,63530,ACS 2024 5-year B19013,available
VA,51185,Tazewell County,2015,37664,ACS 2015 5-year B19013,available
VA,51185,Tazewell County,2016,38238,ACS 2016 5-year B19013,available
VA,51185,Tazewell County,2017,40309,ACS 2017 5-year B19013,available
VA,51185,Tazewell County,2018,40978,ACS 2018 5-year B19013,available
VA,51185,Tazewell County,2019,42099,ACS 2019 5-year B19013,available
VA,51185,Tazewell County,2020,42207,ACS 2020 5-year B19013,available
VA,51185,Tazewell County,2021,42937,ACS 2021 5-year B19013,available
VA,51185,Tazewell County,2022,46508,ACS 2022 5-year B19013,available
VA,51185,Tazewell County,2023,45788,ACS 2023 5-year B19013,available
VA,51185,Tazewell County,2024,47313,ACS 2024 5-year B19013,available
VA,51187,Warren County,2015,61454,ACS 2015 5-year B19013,available
VA,51187,Warren County,2016,63734,ACS 2016 5-year B19013,available
VA,51187,Warren County,2017,65353,ACS 2017 5-year B19013,available
VA,51187,Warren County,2018,68189,ACS 2018 5-year B19013,available
VA,51187,Warren County,2019,69116,ACS 2019 5-year B19013,available
VA,51187,Warren County,2020,70109,ACS 2020 5-year B19013,available
VA,51187,Warren County,2021,72840,ACS 2021 5-year B19013,available
VA,51187,Warren County,2022,79313,ACS 2022 5-year B19013,available
VA,51187,Warren County,2023,84331,ACS 2023 5-year B19013,available
VA,51187,Warren County,2024,84682,ACS 2024 5-year B19013,available
VA,51191,Washington County,2015,43310,ACS 2015 5-year B19013,available
VA,51191,Washington County,2016,43835,ACS 2016 5-year B19013,available
VA,51191,Washington County,2017,44844,ACS 2017 5-year B19013,available
VA,51191,Washington County,2018,46262,ACS 2018 5-year B19013,available
VA,51191,Washington County,2019,48495,ACS 2019 5-year B19013,available
VA,51191,Washington County,2020,50928,ACS 2020 5-year B19013,available
VA,51191,Washington County,2021,54737,ACS 2021 5-year B19013,available
VA,51191,Washington County,2022,59116,ACS 2022 5-year B19013,available
VA,51191,Washington County,2023,62774,ACS 2023 5-year B19013,available
VA,51191,Washington County,2024,64552,ACS 2024 5-year B19013,available
VA,51193,Westmoreland County,2015,47911,ACS 2015 5-year B19013,available
VA,51193,Westmoreland County,2016,51566,ACS 2016 5-year B19013,available
VA,51193,Westmoreland County,2017,55688,ACS 2017 5-year B19013,available
VA,51193,Westmoreland County,2018,54268,ACS 2018 5-year B19013,available
VA,51193,Westmoreland County,2019,53853,ACS 2019 5-year B19013,available
VA,51193,Westmoreland County,2020,53790,ACS 2020 5-year B19013,available
VA,51193,Westmoreland County,2021,53113,ACS 2021 5-year B19013,available
VA,51193,Westmoreland County,2022,56647,ACS 2022 5-year B19013,available
VA,51193,Westmoreland County,2023,59766,ACS 2023 5-year B19013,available
VA,51193,Westmoreland County,2024,63398,ACS 2024 5-year B19013,available
VA,51195,Wise County,2015,37407,ACS 2015 5-year B19013,available
VA,51195,Wise County,2016,36352,ACS 2016 5-year B19013,available
VA,51195,Wise County,2017,38255,ACS 2017 5-year B19013,available
VA,51195,Wise County,2018,38345,ACS 2018 5-year B19013,available
VA,51195,Wise County,2019,38888,ACS 2019 5-year B19013,available
VA,51195,Wise County,2020,41285,ACS 2020 5-year B19013,available
VA,51195,Wise County,2021,44884,ACS 2021 5-year B19013,available
VA,51195,Wise County,2022,47541,ACS 2022 5-year B19013,available
VA,51195,Wise County,2023,50740,ACS 2023 5-year B19013,available
VA,51195,Wise County,2024,52943,ACS 2024 5-year B19013,available
VA,51197,Wythe County,2015,41360,ACS 2015 5-year B19013,available
VA,51197,Wythe County,2016,42888,ACS 2016 5-year B19013,available
VA,51197,Wythe County,2017,46119,ACS 2017 5-year B19013,available
VA,51197,Wythe County,2018,48043,ACS 2018 5-year B19013,available
VA,51197,Wythe County,2019,49364,ACS 2019 5-year B19013,available
VA,51197,Wythe County,2020,51639,ACS 2020 5-year B19013,available
VA,51197,Wythe County,2021,52726,ACS 2021 5-year B19013,available
VA,51197,Wythe County,2022,53921,ACS 2022 5-year B19013,available
VA,51197,Wythe County,2023,55359,ACS 2023 5-year B19013,available
VA,51197,Wythe County,2024,57745,ACS 2024 5-year B19013,available
VA,51199,York County,2015,81749,ACS 2015 5-year B19013,available
VA,51199,York County,2016,83410,ACS 2016 5-year B19013,available
VA,51199,York County,2017,86781,ACS 2017 5-year B19013,available
VA,51199,York County,2018,90367,ACS 2018 5-year B19013,available
VA,51199,York County,2019,92069,ACS 2019 5-year B19013,available
VA,51199,York County,2020,93356,ACS 2020 5-year B19013,available
VA,51199,York County,2021,96144,ACS 2021 5-year B19013,available
VA,51199,York County,2022,105154,ACS 2022 5-year B19013,available
VA,51199,York County,2023,108326,ACS 2023 5-year B19013,available
VA,51199,York County,2024,109956,ACS 2024 5-year B19013,available
VA,51510,Alexandria city,2015,89134,ACS 2015 5-year B19013,available
VA,51510,Alexandria city,2016,89200,ACS 2016 5-year B19013,available
VA,51510,Alexandria city,2017,93370,ACS 2017 5-year B19013,available
VA,51510,Alexandria city,2018,96733,ACS 2018 5-year B19013,available
VA,51510,Alexandria city,2019,100939,ACS 2019 5-year B19013,available
VA,51510,Alexandria city,2020,102227,ACS 2020 5-year B19013,available
VA,51510,Alexandria city,2021,105450,ACS 2021 5-year B19013,available
VA,51510,Alexandria city,2022,113179,ACS 2022 5-year B19013,available
VA,51510,Alexandria city,2023,113638,ACS 2023 5-year B19013,available
VA,51510,Alexandria city,2024,119681,ACS 2024 5-year B19013,available
VA,51520,Bristol city,2015,35368,ACS 2015 5-year B19013,available
VA,51520,Bristol city,2016,35801,ACS 2016 5-year B19013,available
VA,51520,Bristol city,2017,37844,ACS 2017 5-year B19013,available
VA,51520,Bristol city,2018,37904,ACS 2018 5-year B19013,available
VA,51520,Bristol city,2019,37500,ACS 2019 5-year B19013,available
VA,51520,Bristol city,2020,39679,ACS 2020 5-year B19013,available
VA,51520,Bristol city,2021,43879,ACS 2021 5-year B19013,available
VA,51520,Bristol city,2022,45250,ACS 2022 5-year B19013,available
VA,51520,Bristol city,2023,44706,ACS 2023 5-year B19013,available
VA,51520,Bristol city,2024,50404,ACS 2024 5-year B19013,available
VA,51530,Buena Vista city,2015,29097,ACS 2015 5-year B19013,available
VA,51530,Buena Vista city,2016,29109,ACS 2016 5-year B19013,available
VA,51530,Buena Vista city,2017,33672,ACS 2017 5-year B19013,available
VA,51530,Buena Vista city,2018,34273,ACS 2018 5-year B19013,available
VA,51530,Buena Vista city,2019,32455,ACS 2019 5-year B19013,available
VA,51530,Buena Vista city,2020,36634,ACS 2020 5-year B19013,available
VA,51530,Buena Vista city,2021,42156,ACS 2021 5-year B19013,available
VA,51530,Buena Vista city,2022,48783,ACS 2022 5-year B19013,available
VA,51530,Buena Vista city,2023,54458,ACS 2023 5-year B19013,available
VA,51530,Buena Vista city,2024,57833,ACS 2024 5-year B19013,available
VA,51540,Charlottesville city,2015,49775,ACS 2015 5-year B19013,available
VA,51540,Charlottesville city,2016,50727,ACS 2016 5-year B19013,available
VA,51540,Charlottesville city,2017,54739,ACS 2017 5-year B19013,available
VA,51540,Charlottesville city,2018,58933,ACS 2018 5-year B19013,available
VA,51540,Charlottesville city,2019,59471,ACS 2019 5-year B19013,available
VA,51540,Charlottesville city,2020,59598,ACS 2020 5-year B19013,available
VA,51540,Charlottesville city,2021,63470,ACS 2021 5-year B19013,available
VA,51540,Charlottesville city,2022,67177,ACS 2022 5-year B19013,available
VA,51540,Charlottesville city,2023,69829,ACS 2023 5-year B19013,available
VA,51540,Charlottesville city,2024,74824,ACS 2024 5-year B19013,available
VA,51550,Chesapeake city,2015,68620,ACS 2015 5-year B19013,available
VA,51550,Chesapeake city,2016,69978,ACS 2016 5-year B19013,available
VA,51550,Chesapeake city,2017,72214,ACS 2017 5-year B19013,available
VA,51550,Chesapeake city,2018,75790,ACS 2018 5-year B19013,available
VA,51550,Chesapeake city,2019,78640,ACS 2019 5-year B19013,available
VA,51550,Chesapeake city,2020,81261,ACS 2020 5-year B19013,available
VA,51550,Chesapeake city,2021,85563,ACS 2021 5-year B19013,available
VA,51550,Chesapeake city,2022,92703,ACS 2022 5-year B19013,available
VA,51550,Chesapeake city,2023,94189,ACS 2023 5-year B19013,available
VA,51550,Chesapeake city,2024,95373,ACS 2024 5-year B19013,available
VA,51570,Colonial Heights city,2015,50304,ACS 2015 5-year B19013,available
VA,51570,Colonial Heights city,2016,49639,ACS 2016 5-year B19013,available
VA,51570,Colonial Heights city,2017,50952,ACS 2017 5-year B19013,available
VA,51570,Colonial Heights city,2018,53716,ACS 2018 5-year B19013,available
VA,51570,Colonial Heights city,2019,54550,ACS 2019 5-year B19013,available
VA,51570,Colonial Heights city,2020,60522,ACS 2020 5-year B19013,available
VA,51570,Colonial Heights city,2021,65570,ACS 2021 5-year B19013,available
VA,51570,Colonial Heights city,2022,72216,ACS 2022 5-year B19013,available
VA,51570,Colonial Heights city,2023,76250,ACS 2023 5-year B19013,available
VA,51570,Colonial Heights city,2024,76505,ACS 2024 5-year B19013,available
VA,51580,Covington city,2015,34746,ACS 2015 5-year B19013,available
VA,51580,Covington city,2016,34703,ACS 2016 5-year B19013,available
VA,51580,Covington city,2017,35546,ACS 2017 5-year B19013,available
VA,51580,Covington city,2018,39432,ACS 2018 5-year B19013,available
VA,51580,Covington city,2019,40655,ACS 2019 5-year B19013,available
VA,51580,Covington city,2020,41024,ACS 2020 5-year B19013,available
VA,51580,Covington city,2021,41242,ACS 2021 5-year B19013,available
VA,51580,Covington city,2022,45737,ACS 2022 5-year B19013,available
VA,51580,Covington city,2023,42724,ACS 2023 5-year B19013,available
VA,51580,Covington city,2024,41944,ACS 2024 5-year B19013,available
VA,51590,Danville city,2015,32315,ACS 2015 5-year B19013,available
VA,51590,Danville city,2016,33721,ACS 2016 5-year B19013,available
VA,51590,Danville city,2017,34951,ACS 2017 5-year B19013,available
VA,51590,Danville city,2018,36301,ACS 2018 5-year B19013,available
VA,51590,Danville city,2019,37203,ACS 2019 5-year B19013,available
VA,51590,Danville city,2020,37147,ACS 2020 5-year B19013,available
VA,51590,Danville city,2021,38904,ACS 2021 5-year B19013,available
VA,51590,Danville city,2022,41484,ACS 2022 5-year B19013,available
VA,51590,Danville city,2023,42778,ACS 2023 5-year B19013,available
VA,51590,Danville city,2024,44423,ACS 2024 5-year B19013,available
VA,51595,Emporia city,2015,28601,ACS 2015 5-year B19013,available
VA,51595,Emporia city,2016,27169,ACS 2016 5-year B19013,available
VA,51595,Emporia city,2017,27426,ACS 2017 5-year B19013,available
VA,51595,Emporia city,2018,30857,ACS 2018 5-year B19013,available
VA,51595,Emporia city,2019,27063,ACS 2019 5-year B19013,available
VA,51595,Emporia city,2020,30058,ACS 2020 5-year B19013,available
VA,51595,Emporia city,2021,36111,ACS 2021 5-year B19013,available
VA,51595,Emporia city,2022,41442,ACS 2022 5-year B19013,available
VA,51595,Emporia city,2023,49375,ACS 2023 5-year B19013,available
VA,51595,Emporia city,2024,51899,ACS 2024 5-year B19013,available
VA,51600,Fairfax city,2015,105297,ACS 2015 5-year B19013,available
VA,51600,Fairfax city,2016,104065,ACS 2016 5-year B19013,available
VA,51600,Fairfax city,2017,106870,ACS 2017 5-year B19013,available
VA,51600,Fairfax city,2018,111574,ACS 2018 5-year B19013,available
VA,51600,Fairfax city,2019,116979,ACS 2019 5-year B19013,available
VA,51600,Fairfax city,2020,109708,ACS 2020 5-year B19013,available
VA,51600,Fairfax city,2021,118492,ACS 2021 5-year B19013,available
VA,51600,Fairfax city,2022,128708,ACS 2022 5-year B19013,available
VA,51600,Fairfax city,2023,132774,ACS 2023 5-year B19013,available
VA,51600,Fairfax city,2024,132348,ACS 2024 5-year B19013,available
VA,51610,Falls Church city,2015,120522,ACS 2015 5-year B19013,available
VA,51610,Falls Church city,2016,115244,ACS 2016 5-year B19013,available
VA,51610,Falls Church city,2017,114795,ACS 2017 5-year B19013,available
VA,51610,Falls Church city,2018,124796,ACS 2018 5-year B19013,available
VA,51610,Falls Church city,2019,127610,ACS 2019 5-year B19013,available
VA,51610,Falls Church city,2020,146922,ACS 2020 5-year B19013,available
VA,51610,Falls Church city,2021,155071,ACS 2021 5-year B19013,available
VA,51610,Falls Church city,2022,164536,ACS 2022 5-year B19013,available
VA,51610,Falls Church city,2023,154734,ACS 2023 5-year B19013,available
VA,51610,Falls Church city,2024,143262,ACS 2024 5-year B19013,available
VA,51620,Franklin city,2015,32399,ACS 2015 5-year B19013,available
VA,51620,Franklin city,2016,38333,ACS 2016 5-year B19013,available
VA,51620,Franklin city,2017,38760,ACS 2017 5-year B19013,available
VA,51620,Franklin city,2018,40375,ACS 2018 5-year B19013,available
VA,51620,Franklin city,2019,40417,ACS 2019 5-year B19013,available
VA,51620,Franklin city,2020,49811,ACS 2020 5-year B19013,available
VA,51620,Franklin city,2021,49424,ACS 2021 5-year B19013,available
VA,51620,Franklin city,2022,57537,ACS 2022 5-year B19013,available
VA,51620,Franklin city,2023,65125,ACS 2023 5-year B19013,available
VA,51620,Franklin city,2024,63245,ACS 2024 5-year B19013,available
VA,51630,Fredericksburg city,2015,51762,ACS 2015 5-year B19013,available
VA,51630,Fredericksburg city,2016,53980,ACS 2016 5-year B19013,available
VA,51630,Fredericksburg city,2017,57258,ACS 2017 5-year B19013,available
VA,51630,Fredericksburg city,2018,63274,ACS 2018 5-year B19013,available
VA,51630,Fredericksburg city,2019,65641,ACS 2019 5-year B19013,available
VA,51630,Fredericksburg city,2020,69528,ACS 2020 5-year B19013,available
VA,51630,Fredericksburg city,2021,72293,ACS 2021 5-year B19013,available
VA,51630,Fredericksburg city,2022,83445,ACS 2022 5-year B19013,available
VA,51630,Fredericksburg city,2023,85368,ACS 2023 5-year B19013,available
VA,51630,Fredericksburg city,2024,86071,ACS 2024 5-year B19013,available
VA,51640,Galax city,2015,30604,ACS 2015 5-year B19013,available
VA,51640,Galax city,2016,31110,ACS 2016 5-year B19013,available
VA,51640,Galax city,2017,31311,ACS 2017 5-year B19013,available
VA,51640,Galax city,2018,31938,ACS 2018 5-year B19013,available
VA,51640,Galax city,2019,33575,ACS 2019 5-year B19013,available
VA,51640,Galax city,2020,35184,ACS 2020 5-year B19013,available
VA,51640,Galax city,2021,39808,ACS 2021 5-year B19013,available
VA,51640,Galax city,2022,44612,ACS 2022 5-year B19013,available
VA,51640,Galax city,2023,41438,ACS 2023 5-year B19013,available
VA,51640,Galax city,2024,38675,ACS 2024 5-year B19013,available
VA,51650,Hampton city,2015,49190,ACS 2015 5-year B19013,available
VA,51650,Hampton city,2016,49890,ACS 2016 5-year B19013,available
VA,51650,Hampton city,2017,52021,ACS 2017 5-year B19013,available
VA,51650,Hampton city,2018,54550,ACS 2018 5-year B19013,available
VA,51650,Hampton city,2019,56287,ACS 2019 5-year B19013,available
VA,51650,Hampton city,2020,57041,ACS 2020 5-year B19013,available
VA,51650,Hampton city,2021,59380,ACS 2021 5-year B19013,available
VA,51650,Hampton city,2022,64430,ACS 2022 5-year B19013,available
VA,51650,Hampton city,2023,67758,ACS 2023 5-year B19013,available
VA,51650,Hampton city,2024,69621,ACS 2024 5-year B19013,available
VA,51660,Harrisonburg city,2015,38750,ACS 2015 5-year B19013,available
VA,51660,Harrisonburg city,2016,40494,ACS 2016 5-year B19013,available
VA,51660,Harrisonburg city,2017,43009,ACS 2017 5-year B19013,available
VA,51660,Harrisonburg city,2018,43893,ACS 2018 5-year B19013,available
VA,51660,Harrisonburg city,2019,46679,ACS 2019 5-year B19013,available
VA,51660,Harrisonburg city,2020,49117,ACS 2020 5-year B19013,available
VA,51660,Harrisonburg city,2021,51055,ACS 2021 5-year B19013,available
VA,51660,Harrisonburg city,2022,56050,ACS 2022 5-year B19013,available
VA,51660,Harrisonburg city,2023,59752,ACS 2023 5-year B19013,available
VA,51660,Harrisonburg city,2024,62254,ACS 2024 5-year B19013,available
VA,51670,Hopewell city,2015,39064,ACS 2015 5-year B19013,available
VA,51670,Hopewell city,2016,40814,ACS 2016 5-year B19013,available
VA,51670,Hopewell city,2017,40712,ACS 2017 5-year B19013,available
VA,51670,Hopewell city,2018,40497,ACS 2018 5-year B19013,available
VA,51670,Hopewell city,2019,39030,ACS 2019 5-year B19013,available
VA,51670,Hopewell city,2020,43262,ACS 2020 5-year B19013,available
VA,51670,Hopewell city,2021,44209,ACS 2021 5-year B19013,available
VA,51670,Hopewell city,2022,50661,ACS 2022 5-year B19013,available
VA,51670,Hopewell city,2023,48681,ACS 2023 5-year B19013,available
VA,51670,Hopewell city,2024,54729,ACS 2024 5-year B19013,available
VA,51678,Lexington city,2015,34017,ACS 2015 5-year B19013,available
VA,51678,Lexington city,2016,34464,ACS 2016 5-year B19013,available
VA,51678,Lexington city,2017,37309,ACS 2017 5-year B19013,available
VA,51678,Lexington city,2018,36466,ACS 2018 5-year B19013,available
VA,51678,Lexington city,2019,42632,ACS 2019 5-year B19013,available
VA,51678,Lexington city,2020,50714,ACS 2020 5-year B19013,available
VA,51678,Lexington city,2021,66114,ACS 2021 5-year B19013,available
VA,51678,Lexington city,2022,93651,ACS 2022 5-year B19013,available
VA,51678,Lexington city,2023,89598,ACS 2023 5-year B19013,available
VA,51678,Lexington city,2024,84517,ACS 2024 5-year B19013,available
VA,51680,Lynchburg city,2015,39589,ACS 2015 5-year B19013,available
VA,51680,Lynchburg city,2016,40728,ACS 2016 5-year B19013,available
VA,51680,Lynchburg city,2017,41971,ACS 2017 5-year B19013,available
VA,51680,Lynchburg city,2018,43374,ACS 2018 5-year B19013,available
VA,51680,Lynchburg city,2019,46409,ACS 2019 5-year B19013,available
VA,51680,Lynchburg city,2020,49201,ACS 2020 5-year B19013,available
VA,51680,Lynchburg city,2021,54015,ACS 2021 5-year B19013,available
VA,51680,Lynchburg city,2022,56243,ACS 2022 5-year B19013,available
VA,51680,Lynchburg city,2023,59808,ACS 2023 5-year B19013,available
VA,51680,Lynchburg city,2024,57947,ACS 2024 5-year B19013,available
VA,51683,Manassas city,2015,72890,ACS 2015 5-year B19013,available
VA,51683,Manassas city,2016,74371,ACS 2016 5-year B19013,available
VA,51683,Manassas city,2017,77551,ACS 2017 5-year B19013,available
VA,51683,Manassas city,2018,78462,ACS 2018 5-year B19013,available
VA,51683,Manassas city,2019,81493,ACS 2019 5-year B19013,available
VA,51683,Manassas city,2020,86227,ACS 2020 5-year B19013,available
VA,51683,Manassas city,2021,101934,ACS 2021 5-year B19013,available
VA,51683,Manassas city,2022,110559,ACS 2022 5-year B19013,available
VA,51683,Manassas city,2023,117919,ACS 2023 5-year B19013,available
VA,51683,Manassas city,2024,113590,ACS 2024 5-year B19013,available
VA,51685,Manassas Park city,2015,73528,ACS 2015 5-year B19013,available
VA,51685,Manassas Park city,2016,75027,ACS 2016 5-year B19013,available
VA,51685,Manassas Park city,2017,79131,ACS 2017 5-year B19013,available
VA,51685,Manassas Park city,2018,80667,ACS 2018 5-year B19013,available
VA,51685,Manassas Park city,2019,88046,ACS 2019 5-year B19013,available
VA,51685,Manassas Park city,2020,81639,ACS 2020 5-year B19013,available
VA,51685,Manassas Park city,2021,90544,ACS 2021 5-year B19013,available
VA,51685,Manassas Park city,2022,91673,ACS 2022 5-year B19013,available
VA,51685,Manassas Park city,2023,100668,ACS 2023 5-year B19013,available
VA,51685,Manassas Park city,2024,103250,ACS 2024 5-year B19013,available
VA,51690,Martinsville city,2015,29587,ACS 2015 5-year B19013,available
VA,51690,Martinsville city,2016,31719,ACS 2016 5-year B19013,available
VA,51690,Martinsville city,2017,33545,ACS 2017 5-year B19013,available
VA,51690,Martinsville city,2018,33224,ACS 2018 5-year B19013,available
VA,51690,Martinsville city,2019,34371,ACS 2019 5-year B19013,available
VA,51690,Martinsville city,2020,36166,ACS 2020 5-year B19013,available
VA,51690,Martinsville city,2021,36832,ACS 2021 5-year B19013,available
VA,51690,Martinsville city,2022,39127,ACS 2022 5-year B19013,available
VA,51690,Martinsville city,2023,42434,ACS 2023 5-year B19013,available
VA,51690,Martinsville city,2024,46727,ACS 2024 5-year B19013,available
VA,51700,Newport News city,2015,50077,ACS 2015 5-year B19013,available
VA,51700,Newport News city,2016,50089,ACS 2016 5-year B19013,available
VA,51700,Newport News city,2017,51082,ACS 2017 5-year B19013,available
VA,51700,Newport News city,2018,51884,ACS 2018 5-year B19013,available
VA,51700,Newport News city,2019,53215,ACS 2019 5-year B19013,available
VA,51700,Newport News city,2020,54511,ACS 2020 5-year B19013,available
VA,51700,Newport News city,2021,57463,ACS 2021 5-year B19013,available
VA,51700,Newport News city,2022,63355,ACS 2022 5-year B19013,available
VA,51700,Newport News city,2023,66718,ACS 2023 5-year B19013,available
VA,51700,Newport News city,2024,69634,ACS 2024 5-year B19013,available
VA,51710,Norfolk city,2015,44480,ACS 2015 5-year B19013,available
VA,51710,Norfolk city,2016,45268,ACS 2016 5-year B19013,available
VA,51710,Norfolk city,2017,47137,ACS 2017 5-year B19013,available
VA,51710,Norfolk city,2018,49146,ACS 2018 5-year B19013,available
VA,51710,Norfolk city,2019,51590,ACS 2019 5-year B19013,available
VA,51710,Norfolk city,2020,53026,ACS 2020 5-year B19013,available
VA,51710,Norfolk city,2021,56244,ACS 2021 5-year B19013,available
VA,51710,Norfolk city,2022,60998,ACS 2022 5-year B19013,available
VA,51710,Norfolk city,2023,64017,ACS 2023 5-year B19013,available
VA,51710,Norfolk city,2024,66109,ACS 2024 5-year B19013,available
VA,51720,Norton city,2015,27731,ACS 2015 5-year B19013,available
VA,51720,Norton city,2016,26000,ACS 2016 5-year B19013,available
VA,51720,Norton city,2017,26971,ACS 2017 5-year B19013,available
VA,51720,Norton city,2018,28071,ACS 2018 5-year B19013,available
VA,51720,Norton city,2019,29000,ACS 2019 5-year B19013,available
VA,51720,Norton city,2020,30518,ACS 2020 5-year B19013,available
VA,51720,Norton city,2021,35592,ACS 2021 5-year B19013,available
VA,51720,Norton city,2022,36974,ACS 2022 5-year B19013,available
VA,51720,Norton city,2023,38497,ACS 2023 5-year B19013,available
VA,51720,Norton city,2024,41495,ACS 2024 5-year B19013,available
VA,51730,Petersburg city,2015,31798,ACS 2015 5-year B19013,available
VA,51730,Petersburg city,2016,32169,ACS 2016 5-year B19013,available
VA,51730,Petersburg city,2017,33939,ACS 2017 5-year B19013,available
VA,51730,Petersburg city,2018,36135,ACS 2018 5-year B19013,available
VA,51730,Petersburg city,2019,38679,ACS 2019 5-year B19013,available
VA,51730,Petersburg city,2020,43029,ACS 2020 5-year B19013,available
VA,51730,Petersburg city,2021,44890,ACS 2021 5-year B19013,available
VA,51730,Petersburg city,2022,46930,ACS 2022 5-year B19013,available
VA,51730,Petersburg city,2023,50741,ACS 2023 5-year B19013,available
VA,51730,Petersburg city,2024,50698,ACS 2024 5-year B19013,available
VA,51735,Poquoson city,2015,83735,ACS 2015 5-year B19013,available
VA,51735,Poquoson city,2016,84643,ACS 2016 5-year B19013,available
VA,51735,Poquoson city,2017,88328,ACS 2017 5-year B19013,available
VA,51735,Poquoson city,2018,96831,ACS 2018 5-year B19013,available
VA,51735,Poquoson city,2019,97118,ACS 2019 5-year B19013,available
VA,51735,Poquoson city,2020,100696,ACS 2020 5-year B19013,available
VA,51735,Poquoson city,2021,112026,ACS 2021 5-year B19013,available
VA,51735,Poquoson city,2022,114503,ACS 2022 5-year B19013,available
VA,51735,Poquoson city,2023,120919,ACS 2023 5-year B19013,available
VA,51735,Poquoson city,2024,120972,ACS 2024 5-year B19013,available
VA,51740,Portsmouth city,2015,45676,ACS 2015 5-year B19013,available
VA,51740,Portsmouth city,2016,47050,ACS 2016 5-year B19013,available
VA,51740,Portsmouth city,2017,48727,ACS 2017 5-year B19013,available
VA,51740,Portsmouth city,2018,50224,ACS 2018 5-year B19013,available
VA,51740,Portsmouth city,2019,52175,ACS 2019 5-year B19013,available
VA,51740,Portsmouth city,2020,53213,ACS 2020 5-year B19013,available
VA,51740,Portsmouth city,2021,54020,ACS 2021 5-year B19013,available
VA,51740,Portsmouth city,2022,57154,ACS 2022 5-year B19013,available
VA,51740,Portsmouth city,2023,58972,ACS 2023 5-year B19013,available
VA,51740,Portsmouth city,2024,60491,ACS 2024 5-year B19013,available
VA,51750,Radford city,2015,29912,ACS 2015 5-year B19013,available
VA,51750,Radford city,2016,31457,ACS 2016 5-year B19013,available
VA,51750,Radford city,2017,36082,ACS 2017 5-year B19013,available
VA,51750,Radford city,2018,36743,ACS 2018 5-year B19013,available
VA,51750,Radford city,2019,36297,ACS 2019 5-year B19013,available
VA,51750,Radford city,2020,34576,ACS 2020 5-year B19013,available
VA,51750,Radford city,2021,44360,ACS 2021 5-year B19013,available
VA,51750,Radford city,2022,51039,ACS 2022 5-year B19013,available
VA,51750,Radford city,2023,52791,ACS 2023 5-year B19013,available
VA,51750,Radford city,2024,57348,ACS 2024 5-year B19013,available
VA,51760,Richmond city,2015,40758,ACS 2015 5-year B19013,available
VA,51760,Richmond city,2016,41187,ACS 2016 5-year B19013,available
VA,51760,Richmond city,2017,42356,ACS 2017 5-year B19013,available
VA,51760,Richmond city,2018,45117,ACS 2018 5-year B19013,available
VA,51760,Richmond city,2019,47250,ACS 2019 5-year B19013,available
VA,51760,Richmond city,2020,51421,ACS 2020 5-year B19013,available
VA,51760,Richmond city,2021,54795,ACS 2021 5-year B19013,available
VA,51760,Richmond city,2022,59606,ACS 2022 5-year B19013,available
VA,51760,Richmond city,2023,62671,ACS 2023 5-year B19013,available
VA,51760,Richmond city,2024,64587,ACS 2024 5-year B19013,available
VA,51770,Roanoke city,2015,39930,ACS 2015 5-year B19013,available
VA,51770,Roanoke city,2016,39201,ACS 2016 5-year B19013,available
VA,51770,Roanoke city,2017,41483,ACS 2017 5-year B19013,available
VA,51770,Roanoke city,2018,43028,ACS 2018 5-year B19013,available
VA,51770,Roanoke city,2019,44230,ACS 2019 5-year B19013,available
VA,51770,Roanoke city,2020,45664,ACS 2020 5-year B19013,available
VA,51770,Roanoke city,2021,48476,ACS 2021 5-year B19013,available
VA,51770,Roanoke city,2022,51523,ACS 2022 5-year B19013,available
VA,51770,Roanoke city,2023,52671,ACS 2023 5-year B19013,available
VA,51770,Roanoke city,2024,55378,ACS 2024 5-year B19013,available
VA,51775,Salem city,2015,50068,ACS 2015 5-year B19013,available
VA,51775,Salem city,2016,52351,ACS 2016 5-year B19013,available
VA,51775,Salem city,2017,53990,ACS 2017 5-year B19013,available
VA,51775,Salem city,2018,57185,ACS 2018 5-year B19013,available
VA,51775,Salem city,2019,57165,ACS 2019 5-year B19013,available
VA,51775,Salem city,2020,63411,ACS 2020 5-year B19013,available
VA,51775,Salem city,2021,66472,ACS 2021 5-year B19013,available
VA,51775,Salem city,2022,68402,ACS 2022 5-year B19013,available
VA,51775,Salem city,2023,66716,ACS 2023 5-year B19013,available
VA,51775,Salem city,2024,66725,ACS 2024 5-year B19013,available
VA,51790,Staunton city,2015,40842,ACS 2015 5-year B19013,available
VA,51790,Staunton city,2016,42948,ACS 2016 5-year B19013,available
VA,51790,Staunton city,2017,46435,ACS 2017 5-year B19013,available
VA,51790,Staunton city,2018,48049,ACS 2018 5-year B19013,available
VA,51790,Staunton city,2019,52611,ACS 2019 5-year B19013,available
VA,51790,Staunton city,2020,52292,ACS 2020 5-year B19013,available
VA,51790,Staunton city,2021,53041,ACS 2021 5-year B19013,available
VA,51790,Staunton city,2022,59731,ACS 2022 5-year B19013,available
VA,51790,Staunton city,2023,62586,ACS 2023 5-year B19013,available
VA,51790,Staunton city,2024,65581,ACS 2024 5-year B19013,available
VA,51800,Suffolk city,2015,65499,ACS 2015 5-year B19013,available
VA,51800,Suffolk city,2016,65435,ACS 2016 5-year B19013,available
VA,51800,Suffolk city,2017,68089,ACS 2017 5-year B19013,available
VA,51800,Suffolk city,2018,70664,ACS 2018 5-year B19013,available
VA,51800,Suffolk city,2019,74884,ACS 2019 5-year B19013,available
VA,51800,Suffolk city,2020,79899,ACS 2020 5-year B19013,available
VA,51800,Suffolk city,2021,81883,ACS 2021 5-year B19013,available
VA,51800,Suffolk city,2022,87758,ACS 2022 5-year B19013,available
VA,51800,Suffolk city,2023,90089,ACS 2023 5-year B19013,available
VA,51800,Suffolk city,2024,92666,ACS 2024 5-year B19013,available
VA,51810,Virginia Beach city,2015,66634,ACS 2015 5-year B19013,available
VA,51810,Virginia Beach city,2016,67719,ACS 2016 5-year B19013,available
VA,51810,Virginia Beach city,2017,70500,ACS 2017 5-year B19013,available
VA,51810,Virginia Beach city,2018,74186,ACS 2018 5-year B19013,available
VA,51810,Virginia Beach city,2019,76610,ACS 2019 5-year B19013,available
VA,51810,Virginia Beach city,2020,78136,ACS 2020 5-year B19013,available
VA,51810,Virginia Beach city,2021,81810,ACS 2021 5-year B19013,available
VA,51810,Virginia Beach city,2022,87544,ACS 2022 5-year B19013,available
VA,51810,Virginia Beach city,2023,90685,ACS 2023 5-year B19013,available
VA,51810,Virginia Beach city,2024,92968,ACS 2024 5-year B19013,available
VA,51820,Waynesboro city,2015,45643,ACS 2015 5-year B19013,available
VA,51820,Waynesboro city,2016,45097,ACS 2016 5-year B19013,available
VA,51820,Waynesboro city,2017,42112,ACS 2017 5-year B19013,available
VA,51820,Waynesboro city,2018,45738,ACS 2018 5-year B19013,available
VA,51820,Waynesboro city,2019,45011,ACS 2019 5-year B19013,available
VA,51820,Waynesboro city,2020,43480,ACS 2020 5-year B19013,available
VA,51820,Waynesboro city,2021,47238,ACS 2021 5-year B19013,available
VA,51820,Waynesboro city,2022,52519,ACS 2022 5-year B19013,available
VA,51820,Waynesboro city,2023,56364,ACS 2023 5-year B19013,available
VA,51820,Waynesboro city,2024,59994,ACS 2024 5-year B19013,available
VA,51830,Williamsburg city,2015,48639,ACS 2015 5-year B19013,available
VA,51830,Williamsburg city,2016,50091,ACS 2016 5-year B19013,available
VA,51830,Williamsburg city,2017,54606,ACS 2017 5-year B19013,available
VA,51830,Williamsburg city,2018,56163,ACS 2018 5-year B19013,available
VA,51830,Williamsburg city,2019,57463,ACS 2019 5-year B19013,available
VA,51830,Williamsburg city,2020,59288,ACS 2020 5-year B19013,available
VA,51830,Williamsburg city,2021,65297,ACS 2021 5-year B19013,available
VA,51830,Williamsburg city,2022,66815,ACS 2022 5-year B19013,available
VA,51830,Williamsburg city,2023,70206,ACS 2023 5-year B19013,available
VA,51830,Williamsburg city,2024,75604,ACS 2024 5-year B19013,available
VA,51840,Winchester city,2015,45363,ACS 2015 5-year B19013,available
VA,51840,Winchester city,2016,46466,ACS 2016 5-year B19013,available
VA,51840,Winchester city,2017,49330,ACS 2017 5-year B19013,available
VA,51840,Winchester city,2018,53797,ACS 2018 5-year B19013,available
VA,51840,Winchester city,2019,58818,ACS 2019 5-year B19013,available
VA,51840,Winchester city,2020,61102,ACS 2020 5-year B19013,available
VA,51840,Winchester city,2021,61321,ACS 2021 5-year B19013,available
VA,51840,Winchester city,2022,62495,ACS 2022 5-year B19013,available
VA,51840,Winchester city,2023,64648,ACS 2023 5-year B19013,available
VA,51840,Winchester city,2024,63974,ACS 2024 5-year B19013,available
