state,county_fips,county_name,year,typical_home_value,median_household_income,home_value_to_income_ratio,zillow_months_available,zillow_data_status,acs_data_status,affordability_data_status,home_value_source,home_value_year_method,income_source
FL,12001,Alachua County,2015,159898.67,43073,3.7123,12,complete_12_months,available,available_complete,Zillow ZHVI county,annual_mean_zhvi,ACS 2015 5-year B19013
FL,12001,Alachua County,2016,169945.18,44702,3.8017,12,complete_12_months,available,available_complete,Zillow ZHVI county,annual_mean_zhvi,ACS 2016 5-year B19013
FL,12001,Alachua County,2017,183486.13,45478,4.0346,12,complete_12_months,available,available_complete,Zillow ZHVI county,annual_mean_zhvi,ACS 2017 5-year B19013
FL,12001,Alachua County,2018,196693.83,49078,4.0078,12,complete_12_months,available,available_complete,Zillow ZHVI county,annual_mean_zhvi,ACS 2018 5-year B19013
FL,12001,Alachua County,2019,206298.5,49689,4.1518,12,complete_12_months,available,available_complete,Zillow ZHVI county,annual_mean_zhvi,ACS 2019 5-year B19013
FL,12001,Alachua County,2020,222412.68,50089,4.4403,12,complete_12_months,available,available_complete,Zillow ZHVI county,annual_mean_zhvi,ACS 2020 5-year B19013
FL,12001,Alachua County,2021,254136.36,53314,4.7668,12,complete_12_months,available,available_complete,Zillow ZHVI county,annual_mean_zhvi,ACS 2021 5-year B19013
FL,12001,Alachua County,2022,293518.92,57566,5.0988,12,complete_12_months,available,available_complete,Zillow ZHVI county,annual_mean_zhvi,ACS 2022 5-year B19013
FL,12001,Alachua County,2023,307502.27,59659,5.1543,12,complete_12_months,available,available_complete,Zillow ZHVI county,annual_mean_zhvi,ACS 2023 5-year B19013
FL,12001,Alachua County,2024,316681.56,61949,5.112,12,complete_12_months,available,available_complete,Zillow ZHVI county,annual_mean_zhvi,ACS 2024 5-year B19013
FL,12003,Baker County,2015,149560.51,47121,3.174,12,complete_12_months,available,available_complete,Zillow ZHVI county,annual_mean_zhvi,ACS 2015 5-year B19013
FL,12003,Baker County,2016,161840.63,53327,3.0349,12,complete_12_months,available,available_complete,Zillow ZHVI county,annual_mean_zhvi,ACS 2016 5-year B19013
FL,12003,Baker County,2017,171980.06,59506,2.8901,12,complete_12_months,available,available_complete,Zillow ZHVI county,annual_mean_zhvi,ACS 2017 5-year B19013
FL,12003,Baker County,2018,187037.14,61769,3.028,12,complete_12_months,available,available_complete,Zillow ZHVI county,annual_mean_zhvi,ACS 2018 5-year B19013
FL,12003,Baker County,2019,202757.63,63275,3.2044,12,complete_12_months,available,available_complete,Zillow ZHVI county,annual_mean_zhvi,ACS 2019 5-year B19013
FL,12003,Baker County,2020,221732.0,62299,3.5592,12,complete_12_months,available,available_complete,Zillow ZHVI county,annual_mean_zhvi,ACS 2020 5-year B19013
FL,12003,Baker County,2021,258401.77,63860,4.0464,12,complete_12_months,available,available_complete,Zillow ZHVI county,annual_mean_zhvi,ACS 2021 5-year B19013
FL,12003,Baker County,2022,303643.1,67872,4.4738,12,complete_12_months,available,available_complete,Zillow ZHVI county,annual_mean_zhvi,ACS 2022 5-year B19013
FL,12003,Baker County,2023,302208.0,70833,4.2665,12,complete_12_months,available,available_complete,Zillow ZHVI county,annual_mean_zhvi,ACS 2023 5-year B19013
FL,12003,Baker County,2024,308612.73,79836,3.8656,12,complete_12_months,available,available_complete,Zillow ZHVI county,annual_mean_zhvi,ACS 2024 5-year B19013
FL,12005,Bay County,2015,178874.58,47368,3.7763,12,complete_12_months,available,available_complete,Zillow ZHVI county,annual_mean_zhvi,ACS 2015 5-year B19013
FL,12005,Bay County,2016,188746.31,48577,3.8855,12,complete_12_months,available,available_complete,Zillow ZHVI county,annual_mean_zhvi,ACS 2016 5-year B19013
FL,12005,Bay County,2017,196481.96,50283,3.9075,12,complete_12_months,available,available_complete,Zillow ZHVI county,annual_mean_zhvi,ACS 2017 5-year B19013
FL,12005,Bay County,2018,212547.94,51829,4.1009,12,complete_12_months,available,available_complete,Zillow ZHVI county,annual_mean_zhvi,ACS 2018 5-year B19013
FL,12005,Bay County,2019,222192.41,54316,4.0907,12,complete_12_months,available,available_complete,Zillow ZHVI county,annual_mean_zhvi,ACS 2019 5-year B19013
FL,12005,Bay County,2020,246346.6,56483,4.3614,12,complete_12_months,available,available_complete,Zillow ZHVI county,annual_mean_zhvi,ACS 2020 5-year B19013
FL,12005,Bay County,2021,286115.59,60473,4.7313,12,complete_12_months,available,available_complete,Zillow ZHVI county,annual_mean_zhvi,ACS 2021 5-year B19013
FL,12005,Bay County,2022,351484.59,65999,5.3256,12,complete_12_months,available,available_complete,Zillow ZHVI county,annual_mean_zhvi,ACS 2022 5-year B19013
FL,12005,Bay County,2023,367311.09,70188,5.2332,12,complete_12_months,available,available_complete,Zillow ZHVI county,annual_mean_zhvi,ACS 2023 5-year B19013
FL,12005,Bay County,2024,363286.2,73533,4.9405,12,complete_12_months,available,available_complete,Zillow ZHVI county,annual_mean_zhvi,ACS 2024 5-year B19013
FL,12007,Bradford County,2015,110775.55,41606,2.6625,12,complete_12_months,available,available_complete,Zillow ZHVI county,annual_mean_zhvi,ACS 2015 5-year B19013
FL,12007,Bradford County,2016,118652.56,43373,2.7356,12,complete_12_months,available,available_complete,Zillow ZHVI county,annual_mean_zhvi,ACS 2016 5-year B19013
FL,12007,Bradford County,2017,125500.89,46106,2.722,12,complete_12_months,available,available_complete,Zillow ZHVI county,annual_mean_zhvi,ACS 2017 5-year B19013
FL,12007,Bradford County,2018,137300.3,46197,2.9721,12,complete_12_months,available,available_complete,Zillow ZHVI county,annual_mean_zhvi,ACS 2018 5-year B19013
FL,12007,Bradford County,2019,145520.48,45921,3.1689,12,complete_12_months,available,available_complete,Zillow ZHVI county,annual_mean_zhvi,ACS 2019 5-year B19013
FL,12007,Bradford County,2020,160292.38,43580,3.6781,12,complete_12_months,available,available_complete,Zillow ZHVI county,annual_mean_zhvi,ACS 2020 5-year B19013
FL,12007,Bradford County,2021,188512.12,48803,3.8627,12,complete_12_months,available,available_complete,Zillow ZHVI county,annual_mean_zhvi,ACS 2021 5-year B19013
FL,12007,Bradford County,2022,229053.43,54759,4.1829,12,complete_12_months,available,available_complete,Zillow ZHVI county,annual_mean_zhvi,ACS 2022 5-year B19013
FL,12007,Bradford County,2023,240952.6,59740,4.0334,12,complete_12_months,available,available_complete,Zillow ZHVI county,annual_mean_zhvi,ACS 2023 5-year B19013
FL,12007,Bradford County,2024,248939.63,63050,3.9483,12,complete_12_months,available,available_complete,Zillow ZHVI county,annual_mean_zhvi,ACS 2024 5-year B19013
FL,12009,Brevard County,2015,159631.04,48925,3.2628,12,complete_12_months,available,available_complete,Zillow ZHVI county,annual_mean_zhvi,ACS 2015 5-year B19013
FL,12009,Brevard County,2016,178448.91,49914,3.5751,12,complete_12_months,available,available_complete,Zillow ZHVI county,annual_mean_zhvi,ACS 2016 5-year B19013
FL,12009,Brevard County,2017,198867.75,51536,3.8588,12,complete_12_months,available,available_complete,Zillow ZHVI county,annual_mean_zhvi,ACS 2017 5-year B19013
FL,12009,Brevard County,2018,217667.11,54359,4.0043,12,complete_12_months,available,available_complete,Zillow ZHVI county,annual_mean_zhvi,ACS 2018 5-year B19013
FL,12009,Brevard County,2019,226873.4,56775,3.996,12,complete_12_months,available,available_complete,Zillow ZHVI county,annual_mean_zhvi,ACS 2019 5-year B19013
FL,12009,Brevard County,2020,241522.91,59359,4.0689,12,complete_12_months,available,available_complete,Zillow ZHVI county,annual_mean_zhvi,ACS 2020 5-year B19013
FL,12009,Brevard County,2021,284959.6,63632,4.4782,12,complete_12_months,available,available_complete,Zillow ZHVI county,annual_mean_zhvi,ACS 2021 5-year B19013
FL,12009,Brevard County,2022,351547.35,71308,4.93,12,complete_12_months,available,available_complete,Zillow ZHVI county,annual_mean_zhvi,ACS 2022 5-year B19013
FL,12009,Brevard County,2023,362220.53,75817,4.7776,12,complete_12_months,available,available_complete,Zillow ZHVI county,annual_mean_zhvi,ACS 2023 5-year B19013
FL,12009,Brevard County,2024,364123.61,78476,4.6399,12,complete_12_months,available,available_complete,Zillow ZHVI county,annual_mean_zhvi,ACS 2024 5-year B19013
FL,12011,Broward County,2015,205938.01,51968,3.9628,12,complete_12_months,available,available_complete,Zillow ZHVI county,annual_mean_zhvi,ACS 2015 5-year B19013
FL,12011,Broward County,2016,223416.22,52954,4.2191,12,complete_12_months,available,available_complete,Zillow ZHVI county,annual_mean_zhvi,ACS 2016 5-year B19013
FL,12011,Broward County,2017,244837.27,54895,4.4601,12,complete_12_months,available,available_complete,Zillow ZHVI county,annual_mean_zhvi,ACS 2017 5-year B19013
FL,12011,Broward County,2018,266337.37,57333,4.6454,12,complete_12_months,available,available_complete,Zillow ZHVI county,annual_mean_zhvi,ACS 2018 5-year B19013
FL,12011,Broward County,2019,279590.28,59547,4.6953,12,complete_12_months,available,available_complete,Zillow ZHVI county,annual_mean_zhvi,ACS 2019 5-year B19013
FL,12011,Broward County,2020,293735.88,60922,4.8215,12,complete_12_months,available,available_complete,Zillow ZHVI county,annual_mean_zhvi,ACS 2020 5-year B19013
FL,12011,Broward County,2021,332975.67,64522,5.1607,12,complete_12_months,available,available_complete,Zillow ZHVI county,annual_mean_zhvi,ACS 2021 5-year B19013
FL,12011,Broward County,2022,401668.88,70331,5.7111,12,complete_12_months,available,available_complete,Zillow ZHVI county,annual_mean_zhvi,ACS 2022 5-year B19013
FL,12011,Broward County,2023,433489.73,74534,5.816,12,complete_12_months,available,available_complete,Zillow ZHVI county,annual_mean_zhvi,ACS 2023 5-year B19013
FL,12011,Broward County,2024,453354.68,77633,5.8397,12,complete_12_months,available,available_complete,Zillow ZHVI county,annual_mean_zhvi,ACS 2024 5-year B19013
FL,12013,Calhoun County,2015,95866.85,34510,2.7779,12,complete_12_months,available,available_complete,Zillow ZHVI county,annual_mean_zhvi,ACS 2015 5-year B19013
FL,12013,Calhoun County,2016,99841.35,37089,2.6919,12,complete_12_months,available,available_complete,Zillow ZHVI county,annual_mean_zhvi,ACS 2016 5-year B19013
FL,12013,Calhoun County,2017,107034.54,36237,2.9537,12,complete_12_months,available,available_complete,Zillow ZHVI county,annual_mean_zhvi,ACS 2017 5-year B19013
FL,12013,Calhoun County,2018,114397.53,38609,2.963,12,complete_12_months,available,available_complete,Zillow ZHVI county,annual_mean_zhvi,ACS 2018 5-year B19013
FL,12013,Calhoun County,2019,117909.42,38568,3.0572,12,complete_12_months,available,available_complete,Zillow ZHVI county,annual_mean_zhvi,ACS 2019 5-year B19013
FL,12013,Calhoun County,2020,126743.94,38037,3.3321,12,complete_12_months,available,available_complete,Zillow ZHVI county,annual_mean_zhvi,ACS 2020 5-year B19013
FL,12013,Calhoun County,2021,156080.13,38098,4.0968,12,complete_12_months,available,available_complete,Zillow ZHVI county,annual_mean_zhvi,ACS 2021 5-year B19013
FL,12013,Calhoun County,2022,177915.75,41526,4.2844,12,complete_12_months,available,available_complete,Zillow ZHVI county,annual_mean_zhvi,ACS 2022 5-year B19013
FL,12013,Calhoun County,2023,183623.15,46901,3.9151,12,complete_12_months,available,available_complete,Zillow ZHVI county,annual_mean_zhvi,ACS 2023 5-year B19013
FL,12013,Calhoun County,2024,189020.82,50517,3.7417,12,complete_12_months,available,available_complete,Zillow ZHVI county,annual_mean_zhvi,ACS 2024 5-year B19013
FL,12015,Charlotte County,2015,168909.53,44244,3.8177,12,complete_12_months,available,available_complete,Zillow ZHVI county,annual_mean_zhvi,ACS 2015 5-year B19013
FL,12015,Charlotte County,2016,187729.36,44865,4.1843,12,complete_12_months,available,available_complete,Zillow ZHVI county,annual_mean_zhvi,ACS 2016 5-year B19013
FL,12015,Charlotte County,2017,201043.66,46511,4.3225,12,complete_12_months,available,available_complete,Zillow ZHVI county,annual_mean_zhvi,ACS 2017 5-year B19013
FL,12015,Charlotte County,2018,214021.65,49225,4.3478,12,complete_12_months,available,available_complete,Zillow ZHVI county,annual_mean_zhvi,ACS 2018 5-year B19013
FL,12015,Charlotte County,2019,224292.09,51499,4.3553,12,complete_12_months,available,available_complete,Zillow ZHVI county,annual_mean_zhvi,ACS 2019 5-year B19013
FL,12015,Charlotte County,2020,236236.41,52724,4.4806,12,complete_12_months,available,available_complete,Zillow ZHVI county,annual_mean_zhvi,ACS 2020 5-year B19013
FL,12015,Charlotte County,2021,285965.67,57887,4.9401,12,complete_12_months,available,available_complete,Zillow ZHVI county,annual_mean_zhvi,ACS 2021 5-year B19013
FL,12015,Charlotte County,2022,375550.49,62164,6.0413,12,complete_12_months,available,available_complete,Zillow ZHVI county,annual_mean_zhvi,ACS 2022 5-year B19013
FL,12015,Charlotte County,2023,380184.06,66154,5.747,12,complete_12_months,available,available_complete,Zillow ZHVI county,annual_mean_zhvi,ACS 2023 5-year B19013
FL,12015,Charlotte County,2024,363473.29,69952,5.196,12,complete_12_months,available,available_complete,Zillow ZHVI county,annual_mean_zhvi,ACS 2024 5-year B19013
FL,12017,Citrus County,2015,118527.2,38312,3.0937,12,complete_12_months,available,available_complete,Zillow ZHVI county,annual_mean_zhvi,ACS 2015 5-year B19013
FL,12017,Citrus County,2016,131137.4,39054,3.3578,12,complete_12_months,available,available_complete,Zillow ZHVI county,annual_mean_zhvi,ACS 2016 5-year B19013
FL,12017,Citrus County,2017,143935.24,40574,3.5475,12,complete_12_months,available,available_complete,Zillow ZHVI county,annual_mean_zhvi,ACS 2017 5-year B19013
FL,12017,Citrus County,2018,159786.24,41424,3.8573,12,complete_12_months,available,available_complete,Zillow ZHVI county,annual_mean_zhvi,ACS 2018 5-year B19013
FL,12017,Citrus County,2019,168452.16,44237,3.8079,12,complete_12_months,available,available_complete,Zillow ZHVI county,annual_mean_zhvi,ACS 2019 5-year B19013
FL,12017,Citrus County,2020,181252.73,45689,3.9671,12,complete_12_months,available,available_complete,Zillow ZHVI county,annual_mean_zhvi,ACS 2020 5-year B19013
FL,12017,Citrus County,2021,222364.6,48664,4.5694,12,complete_12_months,available,available_complete,Zillow ZHVI county,annual_mean_zhvi,ACS 2021 5-year B19013
FL,12017,Citrus County,2022,278580.58,52569,5.2993,12,complete_12_months,available,available_complete,Zillow ZHVI county,annual_mean_zhvi,ACS 2022 5-year B19013
FL,12017,Citrus County,2023,287942.5,55355,5.2017,12,complete_12_months,available,available_complete,Zillow ZHVI county,annual_mean_zhvi,ACS 2023 5-year B19013
FL,12017,Citrus County,2024,289773.99,56546,5.1246,12,complete_12_months,available,available_complete,Zillow ZHVI county,annual_mean_zhvi,ACS 2024 5-year B19013
FL,12019,Clay County,2015,168471.66,58290,2.8902,12,complete_12_months,available,available_complete,Zillow ZHVI county,annual_mean_zhvi,ACS 2015 5-year B19013
FL,12019,Clay County,2016,179137.87,59179,3.0271,12,complete_12_months,available,available_complete,Zillow ZHVI county,annual_mean_zhvi,ACS 2016 5-year B19013
FL,12019,Clay County,2017,190914.76,61971,3.0807,12,complete_12_months,available,available_complete,Zillow ZHVI county,annual_mean_zhvi,ACS 2017 5-year B19013
FL,12019,Clay County,2018,210254.94,62653,3.3559,12,complete_12_months,available,available_complete,Zillow ZHVI county,annual_mean_zhvi,ACS 2018 5-year B19013
FL,12019,Clay County,2019,224165.86,65740,3.4099,12,complete_12_months,available,available_complete,Zillow ZHVI county,annual_mean_zhvi,ACS 2019 5-year B19013
FL,12019,Clay County,2020,237792.98,68657,3.4635,12,complete_12_months,available,available_complete,Zillow ZHVI county,annual_mean_zhvi,ACS 2020 5-year B19013
FL,12019,Clay County,2021,276646.96,74059,3.7355,12,complete_12_months,available,available_complete,Zillow ZHVI county,annual_mean_zhvi,ACS 2021 5-year B19013
FL,12019,Clay County,2022,343897.55,82242,4.1815,12,complete_12_months,available,available_complete,Zillow ZHVI county,annual_mean_zhvi,ACS 2022 5-year B19013
FL,12019,Clay County,2023,347879.24,86094,4.0407,12,complete_12_months,available,available_complete,Zillow ZHVI county,annual_mean_zhvi,ACS 2023 5-year B19013
FL,12019,Clay County,2024,349623.97,87820,3.9811,12,complete_12_months,available,available_complete,Zillow ZHVI county,annual_mean_zhvi,ACS 2024 5-year B19013
FL,12021,Collier County,2015,320589.48,57452,5.5801,12,complete_12_months,available,available_complete,Zillow ZHVI county,annual_mean_zhvi,ACS 2015 5-year B19013
FL,12021,Collier County,2016,349440.2,59783,5.8451,12,complete_12_months,available,available_complete,Zillow ZHVI county,annual_mean_zhvi,ACS 2016 5-year B19013
FL,12021,Collier County,2017,352605.72,62407,5.6501,12,complete_12_months,available,available_complete,Zillow ZHVI county,annual_mean_zhvi,ACS 2017 5-year B19013
FL,12021,Collier County,2018,355721.87,65675,5.4164,12,complete_12_months,available,available_complete,Zillow ZHVI county,annual_mean_zhvi,ACS 2018 5-year B19013
FL,12021,Collier County,2019,361228.11,69653,5.1861,12,complete_12_months,available,available_complete,Zillow ZHVI county,annual_mean_zhvi,ACS 2019 5-year B19013
FL,12021,Collier County,2020,368178.59,70217,5.2434,12,complete_12_months,available,available_complete,Zillow ZHVI county,annual_mean_zhvi,ACS 2020 5-year B19013
FL,12021,Collier County,2021,438017.72,75543,5.7983,12,complete_12_months,available,available_complete,Zillow ZHVI county,annual_mean_zhvi,ACS 2021 5-year B19013
FL,12021,Collier County,2022,594546.08,82011,7.2496,12,complete_12_months,available,available_complete,Zillow ZHVI county,annual_mean_zhvi,ACS 2022 5-year B19013
FL,12021,Collier County,2023,621089.56,86173,7.2075,12,complete_12_months,available,available_complete,Zillow ZHVI county,annual_mean_zhvi,ACS 2023 5-year B19013
FL,12021,Collier County,2024,622624.96,90045,6.9146,12,complete_12_months,available,available_complete,Zillow ZHVI county,annual_mean_zhvi,ACS 2024 5-year B19013
FL,12023,Columbia County,2015,122127.72,41926,2.9129,12,complete_12_months,available,available_complete,Zillow ZHVI county,annual_mean_zhvi,ACS 2015 5-year B19013
FL,12023,Columbia County,2016,128756.76,42848,3.005,12,complete_12_months,available,available_complete,Zillow ZHVI county,annual_mean_zhvi,ACS 2016 5-year B19013
FL,12023,Columbia County,2017,136968.38,43504,3.1484,12,complete_12_months,available,available_complete,Zillow ZHVI county,annual_mean_zhvi,ACS 2017 5-year B19013
FL,12023,Columbia County,2018,150681.38,44491,3.3868,12,complete_12_months,available,available_complete,Zillow ZHVI county,annual_mean_zhvi,ACS 2018 5-year B19013
FL,12023,Columbia County,2019,158342.73,46494,3.4057,12,complete_12_months,available,available_complete,Zillow ZHVI county,annual_mean_zhvi,ACS 2019 5-year B19013
FL,12023,Columbia County,2020,175757.02,44818,3.9216,12,complete_12_months,available,available_complete,Zillow ZHVI county,annual_mean_zhvi,ACS 2020 5-year B19013
FL,12023,Columbia County,2021,208140.48,47750,4.359,12,complete_12_months,available,available_complete,Zillow ZHVI county,annual_mean_zhvi,ACS 2021 5-year B19013
FL,12023,Columbia County,2022,251638.26,53501,4.7034,12,complete_12_months,available,available_complete,Zillow ZHVI county,annual_mean_zhvi,ACS 2022 5-year B19013
FL,12023,Columbia County,2023,259616.19,55070,4.7143,12,complete_12_months,available,available_complete,Zillow ZHVI county,annual_mean_zhvi,ACS 2023 5-year B19013
FL,12023,Columbia County,2024,272131.74,59205,4.5964,12,complete_12_months,available,available_complete,Zillow ZHVI county,annual_mean_zhvi,ACS 2024 5-year B19013
FL,12027,DeSoto County,2015,103341.36,35165,2.9388,12,complete_12_months,available,available_complete,Zillow ZHVI county,annual_mean_zhvi,ACS 2015 5-year B19013
FL,12027,DeSoto County,2016,118462.65,35513,3.3358,12,complete_12_months,available,available_complete,Zillow ZHVI county,annual_mean_zhvi,ACS 2016 5-year B19013
FL,12027,DeSoto County,2017,134413.44,35435,3.7932,12,complete_12_months,available,available_complete,Zillow ZHVI county,annual_mean_zhvi,ACS 2017 5-year B19013
FL,12027,DeSoto County,2018,146415.63,35057,4.1765,12,complete_12_months,available,available_complete,Zillow ZHVI county,annual_mean_zhvi,ACS 2018 5-year B19013
FL,12027,DeSoto County,2019,158060.37,35438,4.4602,12,complete_12_months,available,available_complete,Zillow ZHVI county,annual_mean_zhvi,ACS 2019 5-year B19013
FL,12027,DeSoto County,2020,168115.77,36360,4.6236,12,complete_12_months,available,available_complete,Zillow ZHVI county,annual_mean_zhvi,ACS 2020 5-year B19013
FL,12027,DeSoto County,2021,199962.04,39945,5.0059,12,complete_12_months,available,available_complete,Zillow ZHVI county,annual_mean_zhvi,ACS 2021 5-year B19013
FL,12027,DeSoto County,2022,259017.02,45000,5.7559,12,complete_12_months,available,available_complete,Zillow ZHVI county,annual_mean_zhvi,ACS 2022 5-year B19013
FL,12027,DeSoto County,2023,265995.31,50868,5.2291,12,complete_12_months,available,available_complete,Zillow ZHVI county,annual_mean_zhvi,ACS 2023 5-year B19013
FL,12027,DeSoto County,2024,268936.42,54417,4.9421,12,complete_12_months,available,available_complete,Zillow ZHVI county,annual_mean_zhvi,ACS 2024 5-year B19013
FL,12029,Dixie County,2015,100498.43,36292,2.7692,12,complete_12_months,available,available_complete,Zillow ZHVI county,annual_mean_zhvi,ACS 2015 5-year B19013
FL,12029,Dixie County,2016,101931.2,34634,2.9431,12,complete_12_months,available,available_complete,Zillow ZHVI county,annual_mean_zhvi,ACS 2016 5-year B19013
FL,12029,Dixie County,2017,105478.85,35910,2.9373,12,complete_12_months,available,available_complete,Zillow ZHVI county,annual_mean_zhvi,ACS 2017 5-year B19013
FL,12029,Dixie County,2018,113922.11,38237,2.9794,12,complete_12_months,available,available_complete,Zillow ZHVI county,annual_mean_zhvi,ACS 2018 5-year B19013
FL,12029,Dixie County,2019,125364.34,39828,3.1476,12,complete_12_months,available,available_complete,Zillow ZHVI county,annual_mean_zhvi,ACS 2019 5-year B19013
FL,12029,Dixie County,2020,138585.81,41674,3.3255,12,complete_12_months,available,available_complete,Zillow ZHVI county,annual_mean_zhvi,ACS 2020 5-year B19013
FL,12029,Dixie County,2021,171668.07,44287,3.8763,12,complete_12_months,available,available_complete,Zillow ZHVI county,annual_mean_zhvi,ACS 2021 5-year B19013
FL,12029,Dixie County,2022,209844.6,45057,4.6573,12,complete_12_months,available,available_complete,Zillow ZHVI county,annual_mean_zhvi,ACS 2022 5-year B19013
FL,12029,Dixie County,2023,206688.6,47655,4.3372,12,complete_12_months,available,available_complete,Zillow ZHVI county,annual_mean_zhvi,ACS 2023 5-year B19013
FL,12029,Dixie County,2024,214847.21,50110,4.2875,12,complete_12_months,available,available_complete,Zillow ZHVI county,annual_mean_zhvi,ACS 2024 5-year B19013
FL,12031,Duval County,2015,142835.63,47690,2.9951,12,complete_12_months,available,available_complete,Zillow ZHVI county,annual_mean_zhvi,ACS 2015 5-year B19013
FL,12031,Duval County,2016,156197.43,49196,3.175,12,complete_12_months,available,available_complete,Zillow ZHVI county,annual_mean_zhvi,ACS 2016 5-year B19013
FL,12031,Duval County,2017,171602.69,51296,3.3453,12,complete_12_months,available,available_complete,Zillow ZHVI county,annual_mean_zhvi,ACS 2017 5-year B19013
FL,12031,Duval County,2018,187579.34,53473,3.5079,12,complete_12_months,available,available_complete,Zillow ZHVI county,annual_mean_zhvi,ACS 2018 5-year B19013
FL,12031,Duval County,2019,200550.15,55807,3.5936,12,complete_12_months,available,available_complete,Zillow ZHVI county,annual_mean_zhvi,ACS 2019 5-year B19013
FL,12031,Duval County,2020,212459.51,56769,3.7425,12,complete_12_months,available,available_complete,Zillow ZHVI county,annual_mean_zhvi,ACS 2020 5-year B19013
FL,12031,Duval County,2021,247885.19,59541,4.1633,12,complete_12_months,available,available_complete,Zillow ZHVI county,annual_mean_zhvi,ACS 2021 5-year B19013
FL,12031,Duval County,2022,306938.72,65579,4.6804,12,complete_12_months,available,available_complete,Zillow ZHVI county,annual_mean_zhvi,ACS 2022 5-year B19013
FL,12031,Duval County,2023,311801.68,68447,4.5554,12,complete_12_months,available,available_complete,Zillow ZHVI county,annual_mean_zhvi,ACS 2023 5-year B19013
FL,12031,Duval County,2024,312664.16,71277,4.3866,12,complete_12_months,available,available_complete,Zillow ZHVI county,annual_mean_zhvi,ACS 2024 5-year B19013
FL,12033,Escambia County,2015,134523.76,45390,2.9637,12,complete_12_months,available,available_complete,Zillow ZHVI county,annual_mean_zhvi,ACS 2015 5-year B19013
FL,12033,Escambia County,2016,143477.39,46117,3.1112,12,complete_12_months,available,available_complete,Zillow ZHVI county,annual_mean_zhvi,ACS 2016 5-year B19013
FL,12033,Escambia County,2017,153858.55,47361,3.2486,12,complete_12_months,available,available_complete,Zillow ZHVI county,annual_mean_zhvi,ACS 2017 5-year B19013
FL,12033,Escambia County,2018,165356.33,49286,3.355,12,complete_12_months,available,available_complete,Zillow ZHVI county,annual_mean_zhvi,ACS 2018 5-year B19013
FL,12033,Escambia County,2019,178371.82,50915,3.5033,12,complete_12_months,available,available_complete,Zillow ZHVI county,annual_mean_zhvi,ACS 2019 5-year B19013
FL,12033,Escambia County,2020,196932.65,53023,3.7141,12,complete_12_months,available,available_complete,Zillow ZHVI county,annual_mean_zhvi,ACS 2020 5-year B19013
FL,12033,Escambia County,2021,231314.75,56605,4.0865,12,complete_12_months,available,available_complete,Zillow ZHVI county,annual_mean_zhvi,ACS 2021 5-year B19013
FL,12033,Escambia County,2022,272808.84,61642,4.4257,12,complete_12_months,available,available_complete,Zillow ZHVI county,annual_mean_zhvi,ACS 2022 5-year B19013
FL,12033,Escambia County,2023,283943.13,65715,4.3208,12,complete_12_months,available,available_complete,Zillow ZHVI county,annual_mean_zhvi,ACS 2023 5-year B19013
FL,12033,Escambia County,2024,287760.55,67500,4.2631,12,complete_12_months,available,available_complete,Zillow ZHVI county,annual_mean_zhvi,ACS 2024 5-year B19013
FL,12035,Flagler County,2015,188948.1,47866,3.9474,12,complete_12_months,available,available_complete,Zillow ZHVI county,annual_mean_zhvi,ACS 2015 5-year B19013
FL,12035,Flagler County,2016,204396.23,48898,4.1801,12,complete_12_months,available,available_complete,Zillow ZHVI county,annual_mean_zhvi,ACS 2016 5-year B19013
FL,12035,Flagler County,2017,219674.27,51049,4.3032,12,complete_12_months,available,available_complete,Zillow ZHVI county,annual_mean_zhvi,ACS 2017 5-year B19013
FL,12035,Flagler County,2018,234391.59,53872,4.3509,12,complete_12_months,available,available_complete,Zillow ZHVI county,annual_mean_zhvi,ACS 2018 5-year B19013
FL,12035,Flagler County,2019,247029.35,54514,4.5315,12,complete_12_months,available,available_complete,Zillow ZHVI county,annual_mean_zhvi,ACS 2019 5-year B19013
FL,12035,Flagler County,2020,259413.36,57536,4.5087,12,complete_12_months,available,available_complete,Zillow ZHVI county,annual_mean_zhvi,ACS 2020 5-year B19013
FL,12035,Flagler County,2021,312062.56,62305,5.0086,12,complete_12_months,available,available_complete,Zillow ZHVI county,annual_mean_zhvi,ACS 2021 5-year B19013
FL,12035,Flagler County,2022,390430.51,69251,5.6379,12,complete_12_months,available,available_complete,Zillow ZHVI county,annual_mean_zhvi,ACS 2022 5-year B19013
FL,12035,Flagler County,2023,386584.96,72923,5.3013,12,complete_12_months,available,available_complete,Zillow ZHVI county,annual_mean_zhvi,ACS 2023 5-year B19013
FL,12035,Flagler County,2024,376166.23,77363,4.8624,12,complete_12_months,available,available_complete,Zillow ZHVI county,annual_mean_zhvi,ACS 2024 5-year B19013
FL,12037,Franklin County,2015,226970.75,40401,5.6179,12,complete_12_months,available,available_complete,Zillow ZHVI county,annual_mean_zhvi,ACS 2015 5-year B19013
FL,12037,Franklin County,2016,237023.28,40301,5.8813,12,complete_12_months,available,available_complete,Zillow ZHVI county,annual_mean_zhvi,ACS 2016 5-year B19013
FL,12037,Franklin County,2017,247608.65,41267,6.0002,12,complete_12_months,available,available_complete,Zillow ZHVI county,annual_mean_zhvi,ACS 2017 5-year B19013
FL,12037,Franklin County,2018,270514.65,42855,6.3123,12,complete_12_months,available,available_complete,Zillow ZHVI county,annual_mean_zhvi,ACS 2018 5-year B19013
FL,12037,Franklin County,2019,290408.56,46643,6.2262,12,complete_12_months,available,available_complete,Zillow ZHVI county,annual_mean_zhvi,ACS 2019 5-year B19013
FL,12037,Franklin County,2020,315474.08,48814,6.4628,12,complete_12_months,available,available_complete,Zillow ZHVI county,annual_mean_zhvi,ACS 2020 5-year B19013
FL,12037,Franklin County,2021,379075.5,52679,7.196,12,complete_12_months,available,available_complete,Zillow ZHVI county,annual_mean_zhvi,ACS 2021 5-year B19013
FL,12037,Franklin County,2022,453468.45,58107,7.804,12,complete_12_months,available,available_complete,Zillow ZHVI county,annual_mean_zhvi,ACS 2022 5-year B19013
FL,12037,Franklin County,2023,448934.39,62734,7.1562,12,complete_12_months,available,available_complete,Zillow ZHVI county,annual_mean_zhvi,ACS 2023 5-year B19013
FL,12037,Franklin County,2024,467993.85,64105,7.3004,12,complete_12_months,available,available_complete,Zillow ZHVI county,annual_mean_zhvi,ACS 2024 5-year B19013
FL,12039,Gadsden County,2015,95564.6,35567,2.6869,12,complete_12_months,available,available_complete,Zillow ZHVI county,annual_mean_zhvi,ACS 2015 5-year B19013
FL,12039,Gadsden County,2016,98700.07,38533,2.5614,12,complete_12_months,available,available_complete,Zillow ZHVI county,annual_mean_zhvi,ACS 2016 5-year B19013
FL,12039,Gadsden County,2017,102196.56,39830,2.5658,12,complete_12_months,available,available_complete,Zillow ZHVI county,annual_mean_zhvi,ACS 2017 5-year B19013
FL,12039,Gadsden County,2018,112370.34,40922,2.746,12,complete_12_months,available,available_complete,Zillow ZHVI county,annual_mean_zhvi,ACS 2018 5-year B19013
FL,12039,Gadsden County,2019,122377.35,41401,2.9559,12,complete_12_months,available,available_complete,Zillow ZHVI county,annual_mean_zhvi,ACS 2019 5-year B19013
FL,12039,Gadsden County,2020,133570.31,41135,3.2471,12,complete_12_months,available,available_complete,Zillow ZHVI county,annual_mean_zhvi,ACS 2020 5-year B19013
FL,12039,Gadsden County,2021,152956.91,42661,3.5854,12,complete_12_months,available,available_complete,Zillow ZHVI county,annual_mean_zhvi,ACS 2021 5-year B19013
FL,12039,Gadsden County,2022,180288.73,45721,3.9432,12,complete_12_months,available,available_complete,Zillow ZHVI county,annual_mean_zhvi,ACS 2022 5-year B19013
FL,12039,Gadsden County,2023,195715.53,46047,4.2503,12,complete_12_months,available,available_complete,Zillow ZHVI county,annual_mean_zhvi,ACS 2023 5-year B19013
FL,12039,Gadsden County,2024,207586.16,48801,4.2537,12,complete_12_months,available,available_complete,Zillow ZHVI county,annual_mean_zhvi,ACS 2024 5-year B19013
FL,12041,Gilchrist County,2015,124333.15,40623,3.0607,12,complete_12_months,available,available_complete,Zillow ZHVI county,annual_mean_zhvi,ACS 2015 5-year B19013
FL,12041,Gilchrist County,2016,131989.0,40881,3.2286,12,complete_12_months,available,available_complete,Zillow ZHVI county,annual_mean_zhvi,ACS 2016 5-year B19013
FL,12041,Gilchrist County,2017,142841.64,42934,3.327,12,complete_12_months,available,available_complete,Zillow ZHVI county,annual_mean_zhvi,ACS 2017 5-year B19013
FL,12041,Gilchrist County,2018,153867.6,42357,3.6326,12,complete_12_months,available,available_complete,Zillow ZHVI county,annual_mean_zhvi,ACS 2018 5-year B19013
FL,12041,Gilchrist County,2019,163989.83,43640,3.7578,12,complete_12_months,available,available_complete,Zillow ZHVI county,annual_mean_zhvi,ACS 2019 5-year B19013
FL,12041,Gilchrist County,2020,183084.57,47381,3.8641,12,complete_12_months,available,available_complete,Zillow ZHVI county,annual_mean_zhvi,ACS 2020 5-year B19013
FL,12041,Gilchrist County,2021,222250.61,50983,4.3593,12,complete_12_months,available,available_complete,Zillow ZHVI county,annual_mean_zhvi,ACS 2021 5-year B19013
FL,12041,Gilchrist County,2022,264391.75,56823,4.6529,12,complete_12_months,available,available_complete,Zillow ZHVI county,annual_mean_zhvi,ACS 2022 5-year B19013
FL,12041,Gilchrist County,2023,281979.4,61070,4.6173,12,complete_12_months,available,available_complete,Zillow ZHVI county,annual_mean_zhvi,ACS 2023 5-year B19013
FL,12041,Gilchrist County,2024,298233.15,63523,4.6949,12,complete_12_months,available,available_complete,Zillow ZHVI county,annual_mean_zhvi,ACS 2024 5-year B19013
FL,12043,Glades County,2015,103655.04,34877,2.972,12,complete_12_months,available,available_complete,Zillow ZHVI county,annual_mean_zhvi,ACS 2015 5-year B19013
FL,12043,Glades County,2016,114046.41,34143,3.3403,12,complete_12_months,available,available_complete,Zillow ZHVI county,annual_mean_zhvi,ACS 2016 5-year B19013
FL,12043,Glades County,2017,122650.39,37385,3.2807,12,complete_12_months,available,available_complete,Zillow ZHVI county,annual_mean_zhvi,ACS 2017 5-year B19013
FL,12043,Glades County,2018,133812.77,39879,3.3555,12,complete_12_months,available,available_complete,Zillow ZHVI county,annual_mean_zhvi,ACS 2018 5-year B19013
FL,12043,Glades County,2019,143453.43,40977,3.5008,12,complete_12_months,available,available_complete,Zillow ZHVI county,annual_mean_zhvi,ACS 2019 5-year B19013
FL,12043,Glades County,2020,156421.7,39709,3.9392,12,complete_12_months,available,available_complete,Zillow ZHVI county,annual_mean_zhvi,ACS 2020 5-year B19013
FL,12043,Glades County,2021,187786.14,38088,4.9303,12,complete_12_months,available,available_complete,Zillow ZHVI county,annual_mean_zhvi,ACS 2021 5-year B19013
FL,12043,Glades County,2022,237194.08,37221,6.3726,12,complete_12_months,available,available_complete,Zillow ZHVI county,annual_mean_zhvi,ACS 2022 5-year B19013
FL,12043,Glades County,2023,256598.24,38905,6.5955,12,complete_12_months,available,available_complete,Zillow ZHVI county,annual_mean_zhvi,ACS 2023 5-year B19013
FL,12043,Glades County,2024,271496.37,45870,5.9188,12,complete_12_months,available,available_complete,Zillow ZHVI county,annual_mean_zhvi,ACS 2024 5-year B19013
FL,12045,Gulf County,2015,191932.58,41788,4.593,12,complete_12_months,available,available_complete,Zillow ZHVI county,annual_mean_zhvi,ACS 2015 5-year B19013
FL,12045,Gulf County,2016,201740.95,40822,4.942,12,complete_12_months,available,available_complete,Zillow ZHVI county,annual_mean_zhvi,ACS 2016 5-year B19013
FL,12045,Gulf County,2017,215769.32,44647,4.8328,12,complete_12_months,available,available_complete,Zillow ZHVI county,annual_mean_zhvi,ACS 2017 5-year B19013
FL,12045,Gulf County,2018,247115.86,44291,5.5794,12,complete_12_months,available,available_complete,Zillow ZHVI county,annual_mean_zhvi,ACS 2018 5-year B19013
FL,12045,Gulf County,2019,258757.67,47712,5.4233,12,complete_12_months,available,available_complete,Zillow ZHVI county,annual_mean_zhvi,ACS 2019 5-year B19013
FL,12045,Gulf County,2020,273912.23,50640,5.409,12,complete_12_months,available,available_complete,Zillow ZHVI county,annual_mean_zhvi,ACS 2020 5-year B19013
FL,12045,Gulf County,2021,321339.94,53812,5.9715,12,complete_12_months,available,available_complete,Zillow ZHVI county,annual_mean_zhvi,ACS 2021 5-year B19013
FL,12045,Gulf County,2022,395712.21,56250,7.0349,12,complete_12_months,available,available_complete,Zillow ZHVI county,annual_mean_zhvi,ACS 2022 5-year B19013
FL,12045,Gulf County,2023,424703.92,67361,6.3049,12,complete_12_months,available,available_complete,Zillow ZHVI county,annual_mean_zhvi,ACS 2023 5-year B19013
FL,12045,Gulf County,2024,436142.97,61179,7.129,12,complete_12_months,available,available_complete,Zillow ZHVI county,annual_mean_zhvi,ACS 2024 5-year B19013
FL,12047,Hamilton County,2015,86354.6,35048,2.4639,12,complete_12_months,available,available_complete,Zillow ZHVI county,annual_mean_zhvi,ACS 2015 5-year B19013
FL,12047,Hamilton County,2016,93556.01,38980,2.4001,12,complete_12_months,available,available_complete,Zillow ZHVI county,annual_mean_zhvi,ACS 2016 5-year B19013
FL,12047,Hamilton County,2017,99076.49,36209,2.7362,12,complete_12_months,available,available_complete,Zillow ZHVI county,annual_mean_zhvi,ACS 2017 5-year B19013
FL,12047,Hamilton County,2018,102230.58,34583,2.9561,12,complete_12_months,available,available_complete,Zillow ZHVI county,annual_mean_zhvi,ACS 2018 5-year B19013
FL,12047,Hamilton County,2019,108328.95,38569,2.8087,12,complete_12_months,available,available_complete,Zillow ZHVI county,annual_mean_zhvi,ACS 2019 5-year B19013
FL,12047,Hamilton County,2020,119006.28,38300,3.1072,12,complete_12_months,available,available_complete,Zillow ZHVI county,annual_mean_zhvi,ACS 2020 5-year B19013
FL,12047,Hamilton County,2021,146292.72,39346,3.7181,12,complete_12_months,available,available_complete,Zillow ZHVI county,annual_mean_zhvi,ACS 2021 5-year B19013
FL,12047,Hamilton County,2022,181983.83,47668,3.8177,12,complete_12_months,available,available_complete,Zillow ZHVI county,annual_mean_zhvi,ACS 2022 5-year B19013
FL,12047,Hamilton County,2023,194078.85,47696,4.0691,12,complete_12_months,available,available_complete,Zillow ZHVI county,annual_mean_zhvi,ACS 2023 5-year B19013
FL,12047,Hamilton County,2024,202683.61,50144,4.042,12,complete_12_months,available,available_complete,Zillow ZHVI county,annual_mean_zhvi,ACS 2024 5-year B19013
FL,12049,Hardee County,2015,93116.04,35457,2.6262,12,complete_12_months,available,available_complete,Zillow ZHVI county,annual_mean_zhvi,ACS 2015 5-year B19013
FL,12049,Hardee County,2016,103264.84,36222,2.8509,12,complete_12_months,available,available_complete,Zillow ZHVI county,annual_mean_zhvi,ACS 2016 5-year B19013
FL,12049,Hardee County,2017,110516.14,39063,2.8292,12,complete_12_months,available,available_complete,Zillow ZHVI county,annual_mean_zhvi,ACS 2017 5-year B19013
FL,12049,Hardee County,2018,121967.94,37594,3.2443,12,complete_12_months,available,available_complete,Zillow ZHVI county,annual_mean_zhvi,ACS 2018 5-year B19013
FL,12049,Hardee County,2019,130615.13,38682,3.3766,12,complete_12_months,available,available_complete,Zillow ZHVI county,annual_mean_zhvi,ACS 2019 5-year B19013
FL,12049,Hardee County,2020,141740.03,40165,3.5289,12,complete_12_months,available,available_complete,Zillow ZHVI county,annual_mean_zhvi,ACS 2020 5-year B19013
FL,12049,Hardee County,2021,169086.49,41395,4.0847,12,complete_12_months,available,available_complete,Zillow ZHVI county,annual_mean_zhvi,ACS 2021 5-year B19013
FL,12049,Hardee County,2022,204913.3,44665,4.5878,12,complete_12_months,available,available_complete,Zillow ZHVI county,annual_mean_zhvi,ACS 2022 5-year B19013
FL,12049,Hardee County,2023,215724.84,54231,3.9779,12,complete_12_months,available,available_complete,Zillow ZHVI county,annual_mean_zhvi,ACS 2023 5-year B19013
FL,12049,Hardee County,2024,233418.48,60489,3.8589,12,complete_12_months,available,available_complete,Zillow ZHVI county,annual_mean_zhvi,ACS 2024 5-year B19013
FL,12051,Hendry County,2015,97109.16,36771,2.6409,12,complete_12_months,available,available_complete,Zillow ZHVI county,annual_mean_zhvi,ACS 2015 5-year B19013
FL,12051,Hendry County,2016,111858.29,37552,2.9788,12,complete_12_months,available,available_complete,Zillow ZHVI county,annual_mean_zhvi,ACS 2016 5-year B19013
FL,12051,Hendry County,2017,125759.23,37966,3.3124,12,complete_12_months,available,available_complete,Zillow ZHVI county,annual_mean_zhvi,ACS 2017 5-year B19013
FL,12051,Hendry County,2018,140523.37,40728,3.4503,12,complete_12_months,available,available_complete,Zillow ZHVI county,annual_mean_zhvi,ACS 2018 5-year B19013
FL,12051,Hendry County,2019,153935.03,40820,3.7711,12,complete_12_months,available,available_complete,Zillow ZHVI county,annual_mean_zhvi,ACS 2019 5-year B19013
FL,12051,Hendry County,2020,166603.46,36978,4.5055,12,complete_12_months,available,available_complete,Zillow ZHVI county,annual_mean_zhvi,ACS 2020 5-year B19013
FL,12051,Hendry County,2021,199919.25,38843,5.1469,12,complete_12_months,available,available_complete,Zillow ZHVI county,annual_mean_zhvi,ACS 2021 5-year B19013
FL,12051,Hendry County,2022,249759.99,49259,5.0703,12,complete_12_months,available,available_complete,Zillow ZHVI county,annual_mean_zhvi,ACS 2022 5-year B19013
FL,12051,Hendry County,2023,275371.14,53044,5.1914,12,complete_12_months,available,available_complete,Zillow ZHVI county,annual_mean_zhvi,ACS 2023 5-year B19013
FL,12051,Hendry County,2024,291896.59,56393,5.1761,12,complete_12_months,available,available_complete,Zillow ZHVI county,annual_mean_zhvi,ACS 2024 5-year B19013
FL,12053,Hernando County,2015,120736.66,40945,2.9488,12,complete_12_months,available,available_complete,Zillow ZHVI county,annual_mean_zhvi,ACS 2015 5-year B19013
FL,12053,Hernando County,2016,135346.29,42274,3.2016,12,complete_12_months,available,available_complete,Zillow ZHVI county,annual_mean_zhvi,ACS 2016 5-year B19013
FL,12053,Hernando County,2017,151254.67,44324,3.4125,12,complete_12_months,available,available_complete,Zillow ZHVI county,annual_mean_zhvi,ACS 2017 5-year B19013
FL,12053,Hernando County,2018,168146.66,46030,3.653,12,complete_12_months,available,available_complete,Zillow ZHVI county,annual_mean_zhvi,ACS 2018 5-year B19013
FL,12053,Hernando County,2019,180158.73,48812,3.6909,12,complete_12_months,available,available_complete,Zillow ZHVI county,annual_mean_zhvi,ACS 2019 5-year B19013
FL,12053,Hernando County,2020,197186.23,50280,3.9218,12,complete_12_months,available,available_complete,Zillow ZHVI county,annual_mean_zhvi,ACS 2020 5-year B19013
FL,12053,Hernando County,2021,241867.18,53301,4.5378,12,complete_12_months,available,available_complete,Zillow ZHVI county,annual_mean_zhvi,ACS 2021 5-year B19013
FL,12053,Hernando County,2022,314555.76,59202,5.3133,12,complete_12_months,available,available_complete,Zillow ZHVI county,annual_mean_zhvi,ACS 2022 5-year B19013
FL,12053,Hernando County,2023,322641.87,63193,5.1057,12,complete_12_months,available,available_complete,Zillow ZHVI county,annual_mean_zhvi,ACS 2023 5-year B19013
FL,12053,Hernando County,2024,328975.23,66058,4.9801,12,complete_12_months,available,available_complete,Zillow ZHVI county,annual_mean_zhvi,ACS 2024 5-year B19013
FL,12055,Highlands County,2015,96209.5,35093,2.7416,12,complete_12_months,available,available_complete,Zillow ZHVI county,annual_mean_zhvi,ACS 2015 5-year B19013
FL,12055,Highlands County,2016,107678.66,35865,3.0023,12,complete_12_months,available,available_complete,Zillow ZHVI county,annual_mean_zhvi,ACS 2016 5-year B19013
FL,12055,Highlands County,2017,118793.48,36374,3.2659,12,complete_12_months,available,available_complete,Zillow ZHVI county,annual_mean_zhvi,ACS 2017 5-year B19013
FL,12055,Highlands County,2018,129345.85,37314,3.4664,12,complete_12_months,available,available_complete,Zillow ZHVI county,annual_mean_zhvi,ACS 2018 5-year B19013
FL,12055,Highlands County,2019,139433.03,40942,3.4056,12,complete_12_months,available,available_complete,Zillow ZHVI county,annual_mean_zhvi,ACS 2019 5-year B19013
FL,12055,Highlands County,2020,149701.97,43708,3.425,12,complete_12_months,available,available_complete,Zillow ZHVI county,annual_mean_zhvi,ACS 2020 5-year B19013
FL,12055,Highlands County,2021,177554.13,46895,3.7862,12,complete_12_months,available,available_complete,Zillow ZHVI county,annual_mean_zhvi,ACS 2021 5-year B19013
FL,12055,Highlands County,2022,220175.33,53679,4.1017,12,complete_12_months,available,available_complete,Zillow ZHVI county,annual_mean_zhvi,ACS 2022 5-year B19013
FL,12055,Highlands County,2023,234243.65,55581,4.2145,12,complete_12_months,available,available_complete,Zillow ZHVI county,annual_mean_zhvi,ACS 2023 5-year B19013
FL,12055,Highlands County,2024,243995.74,54897,4.4446,12,complete_12_months,available,available_complete,Zillow ZHVI county,annual_mean_zhvi,ACS 2024 5-year B19013
FL,12057,Hillsborough County,2015,177883.74,50579,3.5169,12,complete_12_months,available,available_complete,Zillow ZHVI county,annual_mean_zhvi,ACS 2015 5-year B19013
FL,12057,Hillsborough County,2016,195441.5,51681,3.7817,12,complete_12_months,available,available_complete,Zillow ZHVI county,annual_mean_zhvi,ACS 2016 5-year B19013
FL,12057,Hillsborough County,2017,213228.92,53742,3.9676,12,complete_12_months,available,available_complete,Zillow ZHVI county,annual_mean_zhvi,ACS 2017 5-year B19013
FL,12057,Hillsborough County,2018,229836.7,56137,4.0942,12,complete_12_months,available,available_complete,Zillow ZHVI county,annual_mean_zhvi,ACS 2018 5-year B19013
FL,12057,Hillsborough County,2019,240842.34,58884,4.0901,12,complete_12_months,available,available_complete,Zillow ZHVI county,annual_mean_zhvi,ACS 2019 5-year B19013
FL,12057,Hillsborough County,2020,256699.02,60566,4.2383,12,complete_12_months,available,available_complete,Zillow ZHVI county,annual_mean_zhvi,ACS 2020 5-year B19013
FL,12057,Hillsborough County,2021,305662.1,64164,4.7638,12,complete_12_months,available,available_complete,Zillow ZHVI county,annual_mean_zhvi,ACS 2021 5-year B19013
FL,12057,Hillsborough County,2022,389209.25,70612,5.5119,12,complete_12_months,available,available_complete,Zillow ZHVI county,annual_mean_zhvi,ACS 2022 5-year B19013
FL,12057,Hillsborough County,2023,397680.36,75011,5.3016,12,complete_12_months,available,available_complete,Zillow ZHVI county,annual_mean_zhvi,ACS 2023 5-year B19013
FL,12057,Hillsborough County,2024,404526.91,79540,5.0858,12,complete_12_months,available,available_complete,Zillow ZHVI county,annual_mean_zhvi,ACS 2024 5-year B19013
FL,12059,Holmes County,2015,97427.8,35020,2.7821,12,complete_12_months,available,available_complete,Zillow ZHVI county,annual_mean_zhvi,ACS 2015 5-year B19013
FL,12059,Holmes County,2016,101380.5,37437,2.708,12,complete_12_months,available,available_complete,Zillow ZHVI county,annual_mean_zhvi,ACS 2016 5-year B19013
FL,12059,Holmes County,2017,109599.05,37474,2.9247,12,complete_12_months,available,available_complete,Zillow ZHVI county,annual_mean_zhvi,ACS 2017 5-year B19013
FL,12059,Holmes County,2018,114800.81,38608,2.9735,12,complete_12_months,available,available_complete,Zillow ZHVI county,annual_mean_zhvi,ACS 2018 5-year B19013
FL,12059,Holmes County,2019,123677.71,39102,3.163,12,complete_12_months,available,available_complete,Zillow ZHVI county,annual_mean_zhvi,ACS 2019 5-year B19013
FL,12059,Holmes County,2020,136458.72,39215,3.4798,12,complete_12_months,available,available_complete,Zillow ZHVI county,annual_mean_zhvi,ACS 2020 5-year B19013
FL,12059,Holmes County,2021,163922.09,41809,3.9207,12,complete_12_months,available,available_complete,Zillow ZHVI county,annual_mean_zhvi,ACS 2021 5-year B19013
FL,12059,Holmes County,2022,192058.25,46063,4.1695,12,complete_12_months,available,available_complete,Zillow ZHVI county,annual_mean_zhvi,ACS 2022 5-year B19013
FL,12059,Holmes County,2023,187127.45,48236,3.8794,12,complete_12_months,available,available_complete,Zillow ZHVI county,annual_mean_zhvi,ACS 2023 5-year B19013
FL,12059,Holmes County,2024,195722.63,49343,3.9666,12,complete_12_months,available,available_complete,Zillow ZHVI county,annual_mean_zhvi,ACS 2024 5-year B19013
FL,12061,Indian River County,2015,176818.38,45798,3.8608,12,complete_12_months,available,available_complete,Zillow ZHVI county,annual_mean_zhvi,ACS 2015 5-year B19013
FL,12061,Indian River County,2016,195524.26,47446,4.121,12,complete_12_months,available,available_complete,Zillow ZHVI county,annual_mean_zhvi,ACS 2016 5-year B19013
FL,12061,Indian River County,2017,215426.7,49009,4.3957,12,complete_12_months,available,available_complete,Zillow ZHVI county,annual_mean_zhvi,ACS 2017 5-year B19013
FL,12061,Indian River County,2018,233954.91,52336,4.4702,12,complete_12_months,available,available_complete,Zillow ZHVI county,annual_mean_zhvi,ACS 2018 5-year B19013
FL,12061,Indian River County,2019,244854.84,54740,4.4731,12,complete_12_months,available,available_complete,Zillow ZHVI county,annual_mean_zhvi,ACS 2019 5-year B19013
FL,12061,Indian River County,2020,255767.03,57945,4.414,12,complete_12_months,available,available_complete,Zillow ZHVI county,annual_mean_zhvi,ACS 2020 5-year B19013
FL,12061,Indian River County,2021,298642.02,61594,4.8486,12,complete_12_months,available,available_complete,Zillow ZHVI county,annual_mean_zhvi,ACS 2021 5-year B19013
FL,12061,Indian River County,2022,379296.69,67543,5.6156,12,complete_12_months,available,available_complete,Zillow ZHVI county,annual_mean_zhvi,ACS 2022 5-year B19013
FL,12061,Indian River County,2023,393112.25,71049,5.533,12,complete_12_months,available,available_complete,Zillow ZHVI county,annual_mean_zhvi,ACS 2023 5-year B19013
FL,12061,Indian River County,2024,394498.4,73491,5.368,12,complete_12_months,available,available_complete,Zillow ZHVI county,annual_mean_zhvi,ACS 2024 5-year B19013
FL,12063,Jackson County,2015,91901.17,35098,2.6184,12,complete_12_months,available,available_complete,Zillow ZHVI county,annual_mean_zhvi,ACS 2015 5-year B19013
FL,12063,Jackson County,2016,99562.86,35470,2.807,12,complete_12_months,available,available_complete,Zillow ZHVI county,annual_mean_zhvi,ACS 2016 5-year B19013
FL,12063,Jackson County,2017,102125.77,36944,2.7643,12,complete_12_months,available,available_complete,Zillow ZHVI county,annual_mean_zhvi,ACS 2017 5-year B19013
FL,12063,Jackson County,2018,108683.69,39002,2.7866,12,complete_12_months,available,available_complete,Zillow ZHVI county,annual_mean_zhvi,ACS 2018 5-year B19013
FL,12063,Jackson County,2019,117305.25,39872,2.942,12,complete_12_months,available,available_complete,Zillow ZHVI county,annual_mean_zhvi,ACS 2019 5-year B19013
FL,12063,Jackson County,2020,126435.2,40754,3.1024,12,complete_12_months,available,available_complete,Zillow ZHVI county,annual_mean_zhvi,ACS 2020 5-year B19013
FL,12063,Jackson County,2021,151136.68,43416,3.4811,12,complete_12_months,available,available_complete,Zillow ZHVI county,annual_mean_zhvi,ACS 2021 5-year B19013
FL,12063,Jackson County,2022,175051.06,46144,3.7936,12,complete_12_months,available,available_complete,Zillow ZHVI county,annual_mean_zhvi,ACS 2022 5-year B19013
FL,12063,Jackson County,2023,177494.09,47327,3.7504,12,complete_12_months,available,available_complete,Zillow ZHVI county,annual_mean_zhvi,ACS 2023 5-year B19013
FL,12063,Jackson County,2024,182571.5,49149,3.7147,12,complete_12_months,available,available_complete,Zillow ZHVI county,annual_mean_zhvi,ACS 2024 5-year B19013
FL,12065,Jefferson County,2015,142524.28,43355,3.2874,12,complete_12_months,available,available_complete,Zillow ZHVI county,annual_mean_zhvi,ACS 2015 5-year B19013
FL,12065,Jefferson County,2016,152817.64,41696,3.665,12,complete_12_months,available,available_complete,Zillow ZHVI county,annual_mean_zhvi,ACS 2016 5-year B19013
FL,12065,Jefferson County,2017,154897.83,47599,3.2542,12,complete_12_months,available,available_complete,Zillow ZHVI county,annual_mean_zhvi,ACS 2017 5-year B19013
FL,12065,Jefferson County,2018,156609.27,48173,3.251,12,complete_12_months,available,available_complete,Zillow ZHVI county,annual_mean_zhvi,ACS 2018 5-year B19013
FL,12065,Jefferson County,2019,168456.31,47240,3.566,12,complete_12_months,available,available_complete,Zillow ZHVI county,annual_mean_zhvi,ACS 2019 5-year B19013
FL,12065,Jefferson County,2020,195578.24,49081,3.9848,12,complete_12_months,available,available_complete,Zillow ZHVI county,annual_mean_zhvi,ACS 2020 5-year B19013
FL,12065,Jefferson County,2021,229396.44,53080,4.3217,12,complete_12_months,available,available_complete,Zillow ZHVI county,annual_mean_zhvi,ACS 2021 5-year B19013
FL,12065,Jefferson County,2022,271350.46,51573,5.2615,12,complete_12_months,available,available_complete,Zillow ZHVI county,annual_mean_zhvi,ACS 2022 5-year B19013
FL,12065,Jefferson County,2023,287801.39,56984,5.0506,12,complete_12_months,available,available_complete,Zillow ZHVI county,annual_mean_zhvi,ACS 2023 5-year B19013
FL,12065,Jefferson County,2024,299444.0,61212,4.8919,12,complete_12_months,available,available_complete,Zillow ZHVI county,annual_mean_zhvi,ACS 2024 5-year B19013
FL,12067,Lafayette County,2015,120154.69,35864,3.3503,12,complete_12_months,available,available_complete,Zillow ZHVI county,annual_mean_zhvi,ACS 2015 5-year B19013
FL,12067,Lafayette County,2016,127899.09,36236,3.5296,12,complete_12_months,available,available_complete,Zillow ZHVI county,annual_mean_zhvi,ACS 2016 5-year B19013
FL,12067,Lafayette County,2017,132992.7,41512,3.2037,12,complete_12_months,available,available_complete,Zillow ZHVI county,annual_mean_zhvi,ACS 2017 5-year B19013
FL,12067,Lafayette County,2018,137559.71,39543,3.4787,12,complete_12_months,available,available_complete,Zillow ZHVI county,annual_mean_zhvi,ACS 2018 5-year B19013
FL,12067,Lafayette County,2019,143626.71,50165,2.8631,12,complete_12_months,available,available_complete,Zillow ZHVI county,annual_mean_zhvi,ACS 2019 5-year B19013
FL,12067,Lafayette County,2020,157971.83,51734,3.0535,12,complete_12_months,available,available_complete,Zillow ZHVI county,annual_mean_zhvi,ACS 2020 5-year B19013
FL,12067,Lafayette County,2021,193884.92,56458,3.4341,12,complete_12_months,available,available_complete,Zillow ZHVI county,annual_mean_zhvi,ACS 2021 5-year B19013
FL,12067,Lafayette County,2022,230012.88,57852,3.9759,12,complete_12_months,available,available_complete,Zillow ZHVI county,annual_mean_zhvi,ACS 2022 5-year B19013
FL,12067,Lafayette County,2023,229063.96,60692,3.7742,12,complete_12_months,available,available_complete,Zillow ZHVI county,annual_mean_zhvi,ACS 2023 5-year B19013
FL,12067,Lafayette County,2024,251535.41,62757,4.0081,12,complete_12_months,available,available_complete,Zillow ZHVI county,annual_mean_zhvi,ACS 2024 5-year B19013
FL,12069,Lake County,2015,177964.02,46403,3.8352,12,complete_12_months,available,available_complete,Zillow ZHVI county,annual_mean_zhvi,ACS 2015 5-year B19013
FL,12069,Lake County,2016,192907.1,47141,4.0921,12,complete_12_months,available,available_complete,Zillow ZHVI county,annual_mean_zhvi,ACS 2016 5-year B19013
FL,12069,Lake County,2017,208712.06,49734,4.1966,12,complete_12_months,available,available_complete,Zillow ZHVI county,annual_mean_zhvi,ACS 2017 5-year B19013
FL,12069,Lake County,2018,226291.67,51884,4.3615,12,complete_12_months,available,available_complete,Zillow ZHVI county,annual_mean_zhvi,ACS 2018 5-year B19013
FL,12069,Lake County,2019,241730.49,54513,4.4344,12,complete_12_months,available,available_complete,Zillow ZHVI county,annual_mean_zhvi,ACS 2019 5-year B19013
FL,12069,Lake County,2020,256712.04,55792,4.6012,12,complete_12_months,available,available_complete,Zillow ZHVI county,annual_mean_zhvi,ACS 2020 5-year B19013
FL,12069,Lake County,2021,294685.77,60013,4.9104,12,complete_12_months,available,available_complete,Zillow ZHVI county,annual_mean_zhvi,ACS 2021 5-year B19013
FL,12069,Lake County,2022,367193.88,66239,5.5435,12,complete_12_months,available,available_complete,Zillow ZHVI county,annual_mean_zhvi,ACS 2022 5-year B19013
FL,12069,Lake County,2023,378190.18,69956,5.4061,12,complete_12_months,available,available_complete,Zillow ZHVI county,annual_mean_zhvi,ACS 2023 5-year B19013
FL,12069,Lake County,2024,382924.56,73161,5.234,12,complete_12_months,available,available_complete,Zillow ZHVI county,annual_mean_zhvi,ACS 2024 5-year B19013
FL,12071,Lee County,2015,195847.58,48537,4.035,12,complete_12_months,available,available_complete,Zillow ZHVI county,annual_mean_zhvi,ACS 2015 5-year B19013
FL,12071,Lee County,2016,218293.57,50390,4.3321,12,complete_12_months,available,available_complete,Zillow ZHVI county,annual_mean_zhvi,ACS 2016 5-year B19013
FL,12071,Lee County,2017,229086.82,52052,4.4011,12,complete_12_months,available,available_complete,Zillow ZHVI county,annual_mean_zhvi,ACS 2017 5-year B19013
FL,12071,Lee County,2018,236018.71,54691,4.3155,12,complete_12_months,available,available_complete,Zillow ZHVI county,annual_mean_zhvi,ACS 2018 5-year B19013
FL,12071,Lee County,2019,240165.47,57832,4.1528,12,complete_12_months,available,available_complete,Zillow ZHVI county,annual_mean_zhvi,ACS 2019 5-year B19013
FL,12071,Lee County,2020,248652.66,59608,4.1715,12,complete_12_months,available,available_complete,Zillow ZHVI county,annual_mean_zhvi,ACS 2020 5-year B19013
FL,12071,Lee County,2021,298578.63,63235,4.7217,12,complete_12_months,available,available_complete,Zillow ZHVI county,annual_mean_zhvi,ACS 2021 5-year B19013
FL,12071,Lee County,2022,394236.91,69368,5.6833,12,complete_12_months,available,available_complete,Zillow ZHVI county,annual_mean_zhvi,ACS 2022 5-year B19013
FL,12071,Lee County,2023,406115.44,73099,5.5557,12,complete_12_months,available,available_complete,Zillow ZHVI county,annual_mean_zhvi,ACS 2023 5-year B19013
FL,12071,Lee County,2024,395545.18,76107,5.1972,12,complete_12_months,available,available_complete,Zillow ZHVI county,annual_mean_zhvi,ACS 2024 5-year B19013
FL,12073,Leon County,2015,169759.8,46745,3.6316,12,complete_12_months,available,available_complete,Zillow ZHVI county,annual_mean_zhvi,ACS 2015 5-year B19013
FL,12073,Leon County,2016,178950.91,48248,3.709,12,complete_12_months,available,available_complete,Zillow ZHVI county,annual_mean_zhvi,ACS 2016 5-year B19013
FL,12073,Leon County,2017,187790.43,49941,3.7602,12,complete_12_months,available,available_complete,Zillow ZHVI county,annual_mean_zhvi,ACS 2017 5-year B19013
FL,12073,Leon County,2018,197205.13,51201,3.8516,12,complete_12_months,available,available_complete,Zillow ZHVI county,annual_mean_zhvi,ACS 2018 5-year B19013
FL,12073,Leon County,2019,207685.99,53106,3.9108,12,complete_12_months,available,available_complete,Zillow ZHVI county,annual_mean_zhvi,ACS 2019 5-year B19013
FL,12073,Leon County,2020,222283.94,54675,4.0655,12,complete_12_months,available,available_complete,Zillow ZHVI county,annual_mean_zhvi,ACS 2020 5-year B19013
FL,12073,Leon County,2021,245762.79,57359,4.2846,12,complete_12_months,available,available_complete,Zillow ZHVI county,annual_mean_zhvi,ACS 2021 5-year B19013
FL,12073,Leon County,2022,274826.23,61317,4.4821,12,complete_12_months,available,available_complete,Zillow ZHVI county,annual_mean_zhvi,ACS 2022 5-year B19013
FL,12073,Leon County,2023,287473.64,65074,4.4176,12,complete_12_months,available,available_complete,Zillow ZHVI county,annual_mean_zhvi,ACS 2023 5-year B19013
FL,12073,Leon County,2024,297606.48,66287,4.4897,12,complete_12_months,available,available_complete,Zillow ZHVI county,annual_mean_zhvi,ACS 2024 5-year B19013
FL,12075,Levy County,2015,124329.49,35782,3.4746,12,complete_12_months,available,available_complete,Zillow ZHVI county,annual_mean_zhvi,ACS 2015 5-year B19013
FL,12075,Levy County,2016,133054.4,35480,3.7501,12,complete_12_months,available,available_complete,Zillow ZHVI county,annual_mean_zhvi,ACS 2016 5-year B19013
FL,12075,Levy County,2017,140285.79,36554,3.8378,12,complete_12_months,available,available_complete,Zillow ZHVI county,annual_mean_zhvi,ACS 2017 5-year B19013
FL,12075,Levy County,2018,152087.46,37634,4.0412,12,complete_12_months,available,available_complete,Zillow ZHVI county,annual_mean_zhvi,ACS 2018 5-year B19013
FL,12075,Levy County,2019,172111.48,37326,4.611,12,complete_12_months,available,available_complete,Zillow ZHVI county,annual_mean_zhvi,ACS 2019 5-year B19013
FL,12075,Levy County,2020,189200.8,38951,4.8574,12,complete_12_months,available,available_complete,Zillow ZHVI county,annual_mean_zhvi,ACS 2020 5-year B19013
FL,12075,Levy County,2021,225193.69,43029,5.2335,12,complete_12_months,available,available_complete,Zillow ZHVI county,annual_mean_zhvi,ACS 2021 5-year B19013
FL,12075,Levy County,2022,272646.05,49933,5.4602,12,complete_12_months,available,available_complete,Zillow ZHVI county,annual_mean_zhvi,ACS 2022 5-year B19013
FL,12075,Levy County,2023,286182.34,53805,5.3189,12,complete_12_months,available,available_complete,Zillow ZHVI county,annual_mean_zhvi,ACS 2023 5-year B19013
FL,12075,Levy County,2024,300919.48,56750,5.3025,12,complete_12_months,available,available_complete,Zillow ZHVI county,annual_mean_zhvi,ACS 2024 5-year B19013
FL,12077,Liberty County,2015,100413.98,39406,2.5482,12,complete_12_months,available,available_complete,Zillow ZHVI county,annual_mean_zhvi,ACS 2015 5-year B19013
FL,12077,Liberty County,2016,109070.82,37917,2.8766,12,complete_12_months,available,available_complete,Zillow ZHVI county,annual_mean_zhvi,ACS 2016 5-year B19013
FL,12077,Liberty County,2017,112330.58,36741,3.0574,12,complete_12_months,available,available_complete,Zillow ZHVI county,annual_mean_zhvi,ACS 2017 5-year B19013
FL,12077,Liberty County,2018,118056.86,37363,3.1597,12,complete_12_months,available,available_complete,Zillow ZHVI county,annual_mean_zhvi,ACS 2018 5-year B19013
FL,12077,Liberty County,2019,121569.41,38015,3.1979,12,complete_12_months,available,available_complete,Zillow ZHVI county,annual_mean_zhvi,ACS 2019 5-year B19013
FL,12077,Liberty County,2020,129845.13,39121,3.3191,12,complete_12_months,available,available_complete,Zillow ZHVI county,annual_mean_zhvi,ACS 2020 5-year B19013
FL,12077,Liberty County,2021,153945.67,42438,3.6275,12,complete_12_months,available,available_complete,Zillow ZHVI county,annual_mean_zhvi,ACS 2021 5-year B19013
FL,12077,Liberty County,2022,177489.23,51723,3.4315,12,complete_12_months,available,available_complete,Zillow ZHVI county,annual_mean_zhvi,ACS 2022 5-year B19013
FL,12077,Liberty County,2023,186498.93,53824,3.465,12,complete_12_months,available,available_complete,Zillow ZHVI county,annual_mean_zhvi,ACS 2023 5-year B19013
FL,12077,Liberty County,2024,199916.81,58671,3.4074,12,complete_12_months,available,available_complete,Zillow ZHVI county,annual_mean_zhvi,ACS 2024 5-year B19013
FL,12079,Madison County,2015,100108.11,32164,3.1124,12,complete_12_months,available,available_complete,Zillow ZHVI county,annual_mean_zhvi,ACS 2015 5-year B19013
FL,12079,Madison County,2016,107821.88,29806,3.6175,12,complete_12_months,available,available_complete,Zillow ZHVI county,annual_mean_zhvi,ACS 2016 5-year B19013
FL,12079,Madison County,2017,113589.31,31816,3.5702,12,complete_12_months,available,available_complete,Zillow ZHVI county,annual_mean_zhvi,ACS 2017 5-year B19013
FL,12079,Madison County,2018,116059.44,35509,3.2685,12,complete_12_months,available,available_complete,Zillow ZHVI county,annual_mean_zhvi,ACS 2018 5-year B19013
FL,12079,Madison County,2019,124553.5,37037,3.3629,12,complete_12_months,available,available_complete,Zillow ZHVI county,annual_mean_zhvi,ACS 2019 5-year B19013
FL,12079,Madison County,2020,135372.02,35240,3.8414,12,complete_12_months,available,available_complete,Zillow ZHVI county,annual_mean_zhvi,ACS 2020 5-year B19013
FL,12079,Madison County,2021,164811.78,39503,4.1721,12,complete_12_months,available,available_complete,Zillow ZHVI county,annual_mean_zhvi,ACS 2021 5-year B19013
FL,12079,Madison County,2022,201888.06,43386,4.6533,12,complete_12_months,available,available_complete,Zillow ZHVI county,annual_mean_zhvi,ACS 2022 5-year B19013
FL,12079,Madison County,2023,204305.19,48176,4.2408,12,complete_12_months,available,available_complete,Zillow ZHVI county,annual_mean_zhvi,ACS 2023 5-year B19013
FL,12079,Madison County,2024,212296.4,48485,4.3786,12,complete_12_months,available,available_complete,Zillow ZHVI county,annual_mean_zhvi,ACS 2024 5-year B19013
FL,12081,Manatee County,2015,223961.86,49675,4.5085,12,complete_12_months,available,available_complete,Zillow ZHVI county,annual_mean_zhvi,ACS 2015 5-year B19013
FL,12081,Manatee County,2016,244063.7,51483,4.7407,12,complete_12_months,available,available_complete,Zillow ZHVI county,annual_mean_zhvi,ACS 2016 5-year B19013
FL,12081,Manatee County,2017,257636.03,53408,4.8239,12,complete_12_months,available,available_complete,Zillow ZHVI county,annual_mean_zhvi,ACS 2017 5-year B19013
FL,12081,Manatee County,2018,269858.08,56036,4.8158,12,complete_12_months,available,available_complete,Zillow ZHVI county,annual_mean_zhvi,ACS 2018 5-year B19013
FL,12081,Manatee County,2019,280054.45,59009,4.746,12,complete_12_months,available,available_complete,Zillow ZHVI county,annual_mean_zhvi,ACS 2019 5-year B19013
FL,12081,Manatee County,2020,292490.7,59963,4.8779,12,complete_12_months,available,available_complete,Zillow ZHVI county,annual_mean_zhvi,ACS 2020 5-year B19013
FL,12081,Manatee County,2021,347187.24,64964,5.3443,12,complete_12_months,available,available_complete,Zillow ZHVI county,annual_mean_zhvi,ACS 2021 5-year B19013
FL,12081,Manatee County,2022,457948.66,71385,6.4152,12,complete_12_months,available,available_complete,Zillow ZHVI county,annual_mean_zhvi,ACS 2022 5-year B19013
FL,12081,Manatee County,2023,471037.54,75792,6.2149,12,complete_12_months,available,available_complete,Zillow ZHVI county,annual_mean_zhvi,ACS 2023 5-year B19013
FL,12081,Manatee County,2024,462508.81,78457,5.8951,12,complete_12_months,available,available_complete,Zillow ZHVI county,annual_mean_zhvi,ACS 2024 5-year B19013
FL,12083,Marion County,2015,122529.03,39459,3.1052,12,complete_12_months,available,available_complete,Zillow ZHVI county,annual_mean_zhvi,ACS 2015 5-year B19013
FL,12083,Marion County,2016,133679.51,40295,3.3175,12,complete_12_months,available,available_complete,Zillow ZHVI county,annual_mean_zhvi,ACS 2016 5-year B19013
FL,12083,Marion County,2017,145787.54,41964,3.4741,12,complete_12_months,available,available_complete,Zillow ZHVI county,annual_mean_zhvi,ACS 2017 5-year B19013
FL,12083,Marion County,2018,159215.21,43361,3.6719,12,complete_12_months,available,available_complete,Zillow ZHVI county,annual_mean_zhvi,ACS 2018 5-year B19013
FL,12083,Marion County,2019,169556.49,45371,3.7371,12,complete_12_months,available,available_complete,Zillow ZHVI county,annual_mean_zhvi,ACS 2019 5-year B19013
FL,12083,Marion County,2020,181297.94,46587,3.8916,12,complete_12_months,available,available_complete,Zillow ZHVI county,annual_mean_zhvi,ACS 2020 5-year B19013
FL,12083,Marion County,2021,215116.04,50808,4.2339,12,complete_12_months,available,available_complete,Zillow ZHVI county,annual_mean_zhvi,ACS 2021 5-year B19013
FL,12083,Marion County,2022,276114.83,55265,4.9962,12,complete_12_months,available,available_complete,Zillow ZHVI county,annual_mean_zhvi,ACS 2022 5-year B19013
FL,12083,Marion County,2023,287957.51,58535,4.9194,12,complete_12_months,available,available_complete,Zillow ZHVI county,annual_mean_zhvi,ACS 2023 5-year B19013
FL,12083,Marion County,2024,287821.13,61010,4.7176,12,complete_12_months,available,available_complete,Zillow ZHVI county,annual_mean_zhvi,ACS 2024 5-year B19013
FL,12085,Martin County,2015,220827.18,51593,4.2802,12,complete_12_months,available,available_complete,Zillow ZHVI county,annual_mean_zhvi,ACS 2015 5-year B19013
FL,12085,Martin County,2016,245381.83,52622,4.6631,12,complete_12_months,available,available_complete,Zillow ZHVI county,annual_mean_zhvi,ACS 2016 5-year B19013
FL,12085,Martin County,2017,265273.61,55588,4.7721,12,complete_12_months,available,available_complete,Zillow ZHVI county,annual_mean_zhvi,ACS 2017 5-year B19013
FL,12085,Martin County,2018,281055.68,57959,4.8492,12,complete_12_months,available,available_complete,Zillow ZHVI county,annual_mean_zhvi,ACS 2018 5-year B19013
FL,12085,Martin County,2019,290653.5,61133,4.7544,12,complete_12_months,available,available_complete,Zillow ZHVI county,annual_mean_zhvi,ACS 2019 5-year B19013
FL,12085,Martin County,2020,306003.52,65821,4.649,12,complete_12_months,available,available_complete,Zillow ZHVI county,annual_mean_zhvi,ACS 2020 5-year B19013
FL,12085,Martin County,2021,360290.3,69769,5.164,12,complete_12_months,available,available_complete,Zillow ZHVI county,annual_mean_zhvi,ACS 2021 5-year B19013
FL,12085,Martin County,2022,453950.93,77894,5.8278,12,complete_12_months,available,available_complete,Zillow ZHVI county,annual_mean_zhvi,ACS 2022 5-year B19013
FL,12085,Martin County,2023,479714.31,80701,5.9443,12,complete_12_months,available,available_complete,Zillow ZHVI county,annual_mean_zhvi,ACS 2023 5-year B19013
FL,12085,Martin County,2024,483617.71,82943,5.8307,12,complete_12_months,available,available_complete,Zillow ZHVI county,annual_mean_zhvi,ACS 2024 5-year B19013
FL,12086,Miami-Dade County,2015,242822.07,43129,5.6301,12,complete_12_months,available,available_complete,Zillow ZHVI county,annual_mean_zhvi,ACS 2015 5-year B19013
FL,12086,Miami-Dade County,2016,266705.47,44224,6.0308,12,complete_12_months,available,available_complete,Zillow ZHVI county,annual_mean_zhvi,ACS 2016 5-year B19013
FL,12086,Miami-Dade County,2017,285659.95,46338,6.1647,12,complete_12_months,available,available_complete,Zillow ZHVI county,annual_mean_zhvi,ACS 2017 5-year B19013
FL,12086,Miami-Dade County,2018,303900.11,48982,6.2043,12,complete_12_months,available,available_complete,Zillow ZHVI county,annual_mean_zhvi,ACS 2018 5-year B19013
FL,12086,Miami-Dade County,2019,316442.99,51347,6.1628,12,complete_12_months,available,available_complete,Zillow ZHVI county,annual_mean_zhvi,ACS 2019 5-year B19013
FL,12086,Miami-Dade County,2020,333149.51,53975,6.1723,12,complete_12_months,available,available_complete,Zillow ZHVI county,annual_mean_zhvi,ACS 2020 5-year B19013
FL,12086,Miami-Dade County,2021,376535.29,57815,6.5128,12,complete_12_months,available,available_complete,Zillow ZHVI county,annual_mean_zhvi,ACS 2021 5-year B19013
FL,12086,Miami-Dade County,2022,458450.97,64215,7.1393,12,complete_12_months,available,available_complete,Zillow ZHVI county,annual_mean_zhvi,ACS 2022 5-year B19013
FL,12086,Miami-Dade County,2023,500907.42,68694,7.2919,12,complete_12_months,available,available_complete,Zillow ZHVI county,annual_mean_zhvi,ACS 2023 5-year B19013
FL,12086,Miami-Dade County,2024,537394.48,71753,7.4895,12,complete_12_months,available,available_complete,Zillow ZHVI county,annual_mean_zhvi,ACS 2024 5-year B19013
FL,12087,Monroe County,2015,,57290,,0,source_data_unavailable,available,source_data_unavailable,Zillow ZHVI county,annual_mean_zhvi,ACS 2015 5-year B19013
FL,12087,Monroe County,2016,525541.63,60303,8.715,11,partial_10_11_months,available,available_partial,Zillow ZHVI county,annual_mean_zhvi,ACS 2016 5-year B19013
FL,12087,Monroe County,2017,550769.71,63030,8.7382,12,complete_12_months,available,available_complete,Zillow ZHVI county,annual_mean_zhvi,ACS 2017 5-year B19013
FL,12087,Monroe County,2018,571990.33,67023,8.5342,12,complete_12_months,available,available_complete,Zillow ZHVI county,annual_mean_zhvi,ACS 2018 5-year B19013
FL,12087,Monroe County,2019,587324.68,70033,8.3864,12,complete_12_months,available,available_complete,Zillow ZHVI county,annual_mean_zhvi,ACS 2019 5-year B19013
FL,12087,Monroe County,2020,621344.27,72012,8.6283,12,complete_12_months,available,available_complete,Zillow ZHVI county,annual_mean_zhvi,ACS 2020 5-year B19013
FL,12087,Monroe County,2021,737745.44,73153,10.085,12,complete_12_months,available,available_complete,Zillow ZHVI county,annual_mean_zhvi,ACS 2021 5-year B19013
FL,12087,Monroe County,2022,957051.93,80111,11.9466,12,complete_12_months,available,available_complete,Zillow ZHVI county,annual_mean_zhvi,ACS 2022 5-year B19013
FL,12087,Monroe County,2023,996718.86,82430,12.0917,12,complete_12_months,available,available_complete,Zillow ZHVI county,annual_mean_zhvi,ACS 2023 5-year B19013
FL,12087,Monroe County,2024,1016734.28,87738,11.5883,12,complete_12_months,available,available_complete,Zillow ZHVI county,annual_mean_zhvi,ACS 2024 5-year B19013
FL,12089,Nassau County,2015,235076.83,54116,4.3439,12,complete_12_months,available,available_complete,Zillow ZHVI county,annual_mean_zhvi,ACS 2015 5-year B19013
FL,12089,Nassau County,2016,247260.69,59196,4.177,12,complete_12_months,available,available_complete,Zillow ZHVI county,annual_mean_zhvi,ACS 2016 5-year B19013
FL,12089,Nassau County,2017,264256.0,64294,4.1101,12,complete_12_months,available,available_complete,Zillow ZHVI county,annual_mean_zhvi,ACS 2017 5-year B19013
FL,12089,Nassau County,2018,285383.99,66297,4.3046,12,complete_12_months,available,available_complete,Zillow ZHVI county,annual_mean_zhvi,ACS 2018 5-year B19013
FL,12089,Nassau County,2019,304496.52,69943,4.3535,12,complete_12_months,available,available_complete,Zillow ZHVI county,annual_mean_zhvi,ACS 2019 5-year B19013
FL,12089,Nassau County,2020,327054.56,72998,4.4803,12,complete_12_months,available,available_complete,Zillow ZHVI county,annual_mean_zhvi,ACS 2020 5-year B19013
FL,12089,Nassau County,2021,384455.44,77504,4.9605,12,complete_12_months,available,available_complete,Zillow ZHVI county,annual_mean_zhvi,ACS 2021 5-year B19013
FL,12089,Nassau County,2022,476374.05,84085,5.6654,12,complete_12_months,available,available_complete,Zillow ZHVI county,annual_mean_zhvi,ACS 2022 5-year B19013
FL,12089,Nassau County,2023,490261.06,88900,5.5147,12,complete_12_months,available,available_complete,Zillow ZHVI county,annual_mean_zhvi,ACS 2023 5-year B19013
FL,12089,Nassau County,2024,496038.0,89804,5.5236,12,complete_12_months,available,available_complete,Zillow ZHVI county,annual_mean_zhvi,ACS 2024 5-year B19013
FL,12091,Okaloosa County,2015,194861.95,55880,3.4872,12,complete_12_months,available,available_complete,Zillow ZHVI county,annual_mean_zhvi,ACS 2015 5-year B19013
FL,12091,Okaloosa County,2016,203101.38,57655,3.5227,12,complete_12_months,available,available_complete,Zillow ZHVI county,annual_mean_zhvi,ACS 2016 5-year B19013
FL,12091,Okaloosa County,2017,214817.25,59955,3.583,12,complete_12_months,available,available_complete,Zillow ZHVI county,annual_mean_zhvi,ACS 2017 5-year B19013
FL,12091,Okaloosa County,2018,229888.79,62048,3.705,12,complete_12_months,available,available_complete,Zillow ZHVI county,annual_mean_zhvi,ACS 2018 5-year B19013
FL,12091,Okaloosa County,2019,243423.2,63412,3.8388,12,complete_12_months,available,available_complete,Zillow ZHVI county,annual_mean_zhvi,ACS 2019 5-year B19013
FL,12091,Okaloosa County,2020,263982.2,64373,4.1008,12,complete_12_months,available,available_complete,Zillow ZHVI county,annual_mean_zhvi,ACS 2020 5-year B19013
FL,12091,Okaloosa County,2021,308600.67,67390,4.5793,12,complete_12_months,available,available_complete,Zillow ZHVI county,annual_mean_zhvi,ACS 2021 5-year B19013
FL,12091,Okaloosa County,2022,363512.34,73988,4.9131,12,complete_12_months,available,available_complete,Zillow ZHVI county,annual_mean_zhvi,ACS 2022 5-year B19013
FL,12091,Okaloosa County,2023,370990.64,79097,4.6903,12,complete_12_months,available,available_complete,Zillow ZHVI county,annual_mean_zhvi,ACS 2023 5-year B19013
FL,12091,Okaloosa County,2024,369618.81,81998,4.5077,12,complete_12_months,available,available_complete,Zillow ZHVI county,annual_mean_zhvi,ACS 2024 5-year B19013
FL,12093,Okeechobee County,2015,105161.47,35405,2.9702,12,complete_12_months,available,available_complete,Zillow ZHVI county,annual_mean_zhvi,ACS 2015 5-year B19013
FL,12093,Okeechobee County,2016,117570.91,36415,3.2286,12,complete_12_months,available,available_complete,Zillow ZHVI county,annual_mean_zhvi,ACS 2016 5-year B19013
FL,12093,Okeechobee County,2017,129224.97,39059,3.3085,12,complete_12_months,available,available_complete,Zillow ZHVI county,annual_mean_zhvi,ACS 2017 5-year B19013
FL,12093,Okeechobee County,2018,146389.24,40367,3.6265,12,complete_12_months,available,available_complete,Zillow ZHVI county,annual_mean_zhvi,ACS 2018 5-year B19013
FL,12093,Okeechobee County,2019,161306.79,41760,3.8627,12,complete_12_months,available,available_complete,Zillow ZHVI county,annual_mean_zhvi,ACS 2019 5-year B19013
FL,12093,Okeechobee County,2020,173243.57,46097,3.7582,12,complete_12_months,available,available_complete,Zillow ZHVI county,annual_mean_zhvi,ACS 2020 5-year B19013
FL,12093,Okeechobee County,2021,203214.96,47020,4.3219,12,complete_12_months,available,available_complete,Zillow ZHVI county,annual_mean_zhvi,ACS 2021 5-year B19013
FL,12093,Okeechobee County,2022,249817.75,50476,4.9492,12,complete_12_months,available,available_complete,Zillow ZHVI county,annual_mean_zhvi,ACS 2022 5-year B19013
FL,12093,Okeechobee County,2023,268597.92,52288,5.1369,12,complete_12_months,available,available_complete,Zillow ZHVI county,annual_mean_zhvi,ACS 2023 5-year B19013
FL,12093,Okeechobee County,2024,285438.67,57984,4.9227,12,complete_12_months,available,available_complete,Zillow ZHVI county,annual_mean_zhvi,ACS 2024 5-year B19013
FL,12095,Orange County,2015,193881.15,47943,4.044,12,complete_12_months,available,available_complete,Zillow ZHVI county,annual_mean_zhvi,ACS 2015 5-year B19013
FL,12095,Orange County,2016,211610.09,49391,4.2844,12,complete_12_months,available,available_complete,Zillow ZHVI county,annual_mean_zhvi,ACS 2016 5-year B19013
FL,12095,Orange County,2017,230760.0,51586,4.4733,12,complete_12_months,available,available_complete,Zillow ZHVI county,annual_mean_zhvi,ACS 2017 5-year B19013
FL,12095,Orange County,2018,251297.04,54335,4.625,12,complete_12_months,available,available_complete,Zillow ZHVI county,annual_mean_zhvi,ACS 2018 5-year B19013
FL,12095,Orange County,2019,267235.45,58254,4.5874,12,complete_12_months,available,available_complete,Zillow ZHVI county,annual_mean_zhvi,ACS 2019 5-year B19013
FL,12095,Orange County,2020,282197.46,61416,4.5949,12,complete_12_months,available,available_complete,Zillow ZHVI county,annual_mean_zhvi,ACS 2020 5-year B19013
FL,12095,Orange County,2021,320263.4,65784,4.8684,12,complete_12_months,available,available_complete,Zillow ZHVI county,annual_mean_zhvi,ACS 2021 5-year B19013
FL,12095,Orange County,2022,392785.91,72629,5.4081,12,complete_12_months,available,available_complete,Zillow ZHVI county,annual_mean_zhvi,ACS 2022 5-year B19013
FL,12095,Orange County,2023,411403.25,77011,5.3421,12,complete_12_months,available,available_complete,Zillow ZHVI county,annual_mean_zhvi,ACS 2023 5-year B19013
FL,12095,Orange County,2024,425194.17,79719,5.3337,12,complete_12_months,available,available_complete,Zillow ZHVI county,annual_mean_zhvi,ACS 2024 5-year B19013
FL,12097,Osceola County,2015,178014.51,44254,4.0226,12,complete_12_months,available,available_complete,Zillow ZHVI county,annual_mean_zhvi,ACS 2015 5-year B19013
FL,12097,Osceola County,2016,192506.85,45536,4.2276,12,complete_12_months,available,available_complete,Zillow ZHVI county,annual_mean_zhvi,ACS 2016 5-year B19013
FL,12097,Osceola County,2017,208886.83,47343,4.4122,12,complete_12_months,available,available_complete,Zillow ZHVI county,annual_mean_zhvi,ACS 2017 5-year B19013
FL,12097,Osceola County,2018,226509.32,50063,4.5245,12,complete_12_months,available,available_complete,Zillow ZHVI county,annual_mean_zhvi,ACS 2018 5-year B19013
FL,12097,Osceola County,2019,243406.09,52279,4.6559,12,complete_12_months,available,available_complete,Zillow ZHVI county,annual_mean_zhvi,ACS 2019 5-year B19013
FL,12097,Osceola County,2020,258231.34,55538,4.6496,12,complete_12_months,available,available_complete,Zillow ZHVI county,annual_mean_zhvi,ACS 2020 5-year B19013
FL,12097,Osceola County,2021,295133.95,58513,5.0439,12,complete_12_months,available,available_complete,Zillow ZHVI county,annual_mean_zhvi,ACS 2021 5-year B19013
FL,12097,Osceola County,2022,374776.1,64312,5.8275,12,complete_12_months,available,available_complete,Zillow ZHVI county,annual_mean_zhvi,ACS 2022 5-year B19013
FL,12097,Osceola County,2023,388890.39,68711,5.6598,12,complete_12_months,available,available_complete,Zillow ZHVI county,annual_mean_zhvi,ACS 2023 5-year B19013
FL,12097,Osceola County,2024,391386.16,72637,5.3882,12,complete_12_months,available,available_complete,Zillow ZHVI county,annual_mean_zhvi,ACS 2024 5-year B19013
FL,12099,Palm Beach County,2015,231221.87,53363,4.333,12,complete_12_months,available,available_complete,Zillow ZHVI county,annual_mean_zhvi,ACS 2015 5-year B19013
FL,12099,Palm Beach County,2016,253238.0,55277,4.5813,12,complete_12_months,available,available_complete,Zillow ZHVI county,annual_mean_zhvi,ACS 2016 5-year B19013
FL,12099,Palm Beach County,2017,270872.15,57256,4.7309,12,complete_12_months,available,available_complete,Zillow ZHVI county,annual_mean_zhvi,ACS 2017 5-year B19013
FL,12099,Palm Beach County,2018,287902.44,59943,4.8029,12,complete_12_months,available,available_complete,Zillow ZHVI county,annual_mean_zhvi,ACS 2018 5-year B19013
FL,12099,Palm Beach County,2019,299839.31,63299,4.7369,12,complete_12_months,available,available_complete,Zillow ZHVI county,annual_mean_zhvi,ACS 2019 5-year B19013
FL,12099,Palm Beach County,2020,313665.11,65015,4.8245,12,complete_12_months,available,available_complete,Zillow ZHVI county,annual_mean_zhvi,ACS 2020 5-year B19013
FL,12099,Palm Beach County,2021,363534.67,68874,5.2783,12,complete_12_months,available,available_complete,Zillow ZHVI county,annual_mean_zhvi,ACS 2021 5-year B19013
FL,12099,Palm Beach County,2022,460300.63,76066,6.0513,12,complete_12_months,available,available_complete,Zillow ZHVI county,annual_mean_zhvi,ACS 2022 5-year B19013
FL,12099,Palm Beach County,2023,486342.92,81115,5.9957,12,complete_12_months,available,available_complete,Zillow ZHVI county,annual_mean_zhvi,ACS 2023 5-year B19013
FL,12099,Palm Beach County,2024,500210.68,83581,5.9847,12,complete_12_months,available,available_complete,Zillow ZHVI county,annual_mean_zhvi,ACS 2024 5-year B19013
FL,12101,Pasco County,2015,152107.84,45064,3.3754,12,complete_12_months,available,available_complete,Zillow ZHVI county,annual_mean_zhvi,ACS 2015 5-year B19013
FL,12101,Pasco County,2016,167127.55,46010,3.6324,12,complete_12_months,available,available_complete,Zillow ZHVI county,annual_mean_zhvi,ACS 2016 5-year B19013
FL,12101,Pasco County,2017,184588.07,48289,3.8226,12,complete_12_months,available,available_complete,Zillow ZHVI county,annual_mean_zhvi,ACS 2017 5-year B19013
FL,12101,Pasco County,2018,200703.38,50417,3.9809,12,complete_12_months,available,available_complete,Zillow ZHVI county,annual_mean_zhvi,ACS 2018 5-year B19013
FL,12101,Pasco County,2019,212631.1,52828,4.025,12,complete_12_months,available,available_complete,Zillow ZHVI county,annual_mean_zhvi,ACS 2019 5-year B19013
FL,12101,Pasco County,2020,227416.67,53431,4.2563,12,complete_12_months,available,available_complete,Zillow ZHVI county,annual_mean_zhvi,ACS 2020 5-year B19013
FL,12101,Pasco County,2021,274227.05,58084,4.7212,12,complete_12_months,available,available_complete,Zillow ZHVI county,annual_mean_zhvi,ACS 2021 5-year B19013
FL,12101,Pasco County,2022,348673.39,63187,5.5181,12,complete_12_months,available,available_complete,Zillow ZHVI county,annual_mean_zhvi,ACS 2022 5-year B19013
FL,12101,Pasco County,2023,356134.55,67384,5.2852,12,complete_12_months,available,available_complete,Zillow ZHVI county,annual_mean_zhvi,ACS 2023 5-year B19013
FL,12101,Pasco County,2024,358972.06,70492,5.0924,12,complete_12_months,available,available_complete,Zillow ZHVI county,annual_mean_zhvi,ACS 2024 5-year B19013
FL,12103,Pinellas County,2015,173899.36,45819,3.7954,12,complete_12_months,available,available_complete,Zillow ZHVI county,annual_mean_zhvi,ACS 2015 5-year B19013
FL,12103,Pinellas County,2016,194956.5,47090,4.1401,12,complete_12_months,available,available_complete,Zillow ZHVI county,annual_mean_zhvi,ACS 2016 5-year B19013
FL,12103,Pinellas County,2017,214169.98,48968,4.3737,12,complete_12_months,available,available_complete,Zillow ZHVI county,annual_mean_zhvi,ACS 2017 5-year B19013
FL,12103,Pinellas County,2018,232290.4,51454,4.5145,12,complete_12_months,available,available_complete,Zillow ZHVI county,annual_mean_zhvi,ACS 2018 5-year B19013
FL,12103,Pinellas County,2019,247619.9,54090,4.5779,12,complete_12_months,available,available_complete,Zillow ZHVI county,annual_mean_zhvi,ACS 2019 5-year B19013
FL,12103,Pinellas County,2020,267672.72,56419,4.7444,12,complete_12_months,available,available_complete,Zillow ZHVI county,annual_mean_zhvi,ACS 2020 5-year B19013
FL,12103,Pinellas County,2021,316309.5,60451,5.2325,12,complete_12_months,available,available_complete,Zillow ZHVI county,annual_mean_zhvi,ACS 2021 5-year B19013
FL,12103,Pinellas County,2022,389746.63,66406,5.8691,12,complete_12_months,available,available_complete,Zillow ZHVI county,annual_mean_zhvi,ACS 2022 5-year B19013
FL,12103,Pinellas County,2023,403445.67,70293,5.7395,12,complete_12_months,available,available_complete,Zillow ZHVI county,annual_mean_zhvi,ACS 2023 5-year B19013
FL,12103,Pinellas County,2024,410813.2,72646,5.655,12,complete_12_months,available,available_complete,Zillow ZHVI county,annual_mean_zhvi,ACS 2024 5-year B19013
FL,12105,Polk County,2015,137918.02,43162,3.1954,12,complete_12_months,available,available_complete,Zillow ZHVI county,annual_mean_zhvi,ACS 2015 5-year B19013
FL,12105,Polk County,2016,150517.87,44146,3.4095,12,complete_12_months,available,available_complete,Zillow ZHVI county,annual_mean_zhvi,ACS 2016 5-year B19013
FL,12105,Polk County,2017,164675.07,45988,3.5808,12,complete_12_months,available,available_complete,Zillow ZHVI county,annual_mean_zhvi,ACS 2017 5-year B19013
FL,12105,Polk County,2018,180637.8,48500,3.7245,12,complete_12_months,available,available_complete,Zillow ZHVI county,annual_mean_zhvi,ACS 2018 5-year B19013
FL,12105,Polk County,2019,195004.87,50584,3.8551,12,complete_12_months,available,available_complete,Zillow ZHVI county,annual_mean_zhvi,ACS 2019 5-year B19013
FL,12105,Polk County,2020,209672.18,51535,4.0685,12,complete_12_months,available,available_complete,Zillow ZHVI county,annual_mean_zhvi,ACS 2020 5-year B19013
FL,12105,Polk County,2021,245670.63,55099,4.4587,12,complete_12_months,available,available_complete,Zillow ZHVI county,annual_mean_zhvi,ACS 2021 5-year B19013
FL,12105,Polk County,2022,309872.13,60901,5.0881,12,complete_12_months,available,available_complete,Zillow ZHVI county,annual_mean_zhvi,ACS 2022 5-year B19013
FL,12105,Polk County,2023,317662.16,63644,4.9912,12,complete_12_months,available,available_complete,Zillow ZHVI county,annual_mean_zhvi,ACS 2023 5-year B19013
FL,12105,Polk County,2024,319178.51,65978,4.8377,12,complete_12_months,available,available_complete,Zillow ZHVI county,annual_mean_zhvi,ACS 2024 5-year B19013
FL,12107,Putnam County,2015,89916.76,31715,2.8351,12,complete_12_months,available,available_complete,Zillow ZHVI county,annual_mean_zhvi,ACS 2015 5-year B19013
FL,12107,Putnam County,2016,95888.52,33003,2.9054,12,complete_12_months,available,available_complete,Zillow ZHVI county,annual_mean_zhvi,ACS 2016 5-year B19013
FL,12107,Putnam County,2017,103815.79,33619,3.088,12,complete_12_months,available,available_complete,Zillow ZHVI county,annual_mean_zhvi,ACS 2017 5-year B19013
FL,12107,Putnam County,2018,116313.94,35649,3.2628,12,complete_12_months,available,available_complete,Zillow ZHVI county,annual_mean_zhvi,ACS 2018 5-year B19013
FL,12107,Putnam County,2019,132464.22,37670,3.5164,12,complete_12_months,available,available_complete,Zillow ZHVI county,annual_mean_zhvi,ACS 2019 5-year B19013
FL,12107,Putnam County,2020,150206.38,40068,3.7488,12,complete_12_months,available,available_complete,Zillow ZHVI county,annual_mean_zhvi,ACS 2020 5-year B19013
FL,12107,Putnam County,2021,181426.64,39975,4.5385,12,complete_12_months,available,available_complete,Zillow ZHVI county,annual_mean_zhvi,ACS 2021 5-year B19013
FL,12107,Putnam County,2022,212420.02,44852,4.736,12,complete_12_months,available,available_complete,Zillow ZHVI county,annual_mean_zhvi,ACS 2022 5-year B19013
FL,12107,Putnam County,2023,214431.57,47256,4.5377,12,complete_12_months,available,available_complete,Zillow ZHVI county,annual_mean_zhvi,ACS 2023 5-year B19013
FL,12107,Putnam County,2024,221836.89,47934,4.628,12,complete_12_months,available,available_complete,Zillow ZHVI county,annual_mean_zhvi,ACS 2024 5-year B19013
FL,12109,St. Johns County,2015,270081.78,66194,4.0802,12,complete_12_months,available,available_complete,Zillow ZHVI county,annual_mean_zhvi,ACS 2015 5-year B19013
FL,12109,St. Johns County,2016,284076.22,69523,4.0861,12,complete_12_months,available,available_complete,Zillow ZHVI county,annual_mean_zhvi,ACS 2016 5-year B19013
FL,12109,St. Johns County,2017,295898.82,73640,4.0182,12,complete_12_months,available,available_complete,Zillow ZHVI county,annual_mean_zhvi,ACS 2017 5-year B19013
FL,12109,St. Johns County,2018,313001.21,77323,4.048,12,complete_12_months,available,available_complete,Zillow ZHVI county,annual_mean_zhvi,ACS 2018 5-year B19013
FL,12109,St. Johns County,2019,323704.23,82252,3.9355,12,complete_12_months,available,available_complete,Zillow ZHVI county,annual_mean_zhvi,ACS 2019 5-year B19013
FL,12109,St. Johns County,2020,339559.26,83803,4.0519,12,complete_12_months,available,available_complete,Zillow ZHVI county,annual_mean_zhvi,ACS 2020 5-year B19013
FL,12109,St. Johns County,2021,403910.2,88794,4.5488,12,complete_12_months,available,available_complete,Zillow ZHVI county,annual_mean_zhvi,ACS 2021 5-year B19013
FL,12109,St. Johns County,2022,513365.87,100020,5.1326,12,complete_12_months,available,available_complete,Zillow ZHVI county,annual_mean_zhvi,ACS 2022 5-year B19013
FL,12109,St. Johns County,2023,522333.11,106169,4.9198,12,complete_12_months,available,available_complete,Zillow ZHVI county,annual_mean_zhvi,ACS 2023 5-year B19013
FL,12109,St. Johns County,2024,522712.04,109839,4.7589,12,complete_12_months,available,available_complete,Zillow ZHVI county,annual_mean_zhvi,ACS 2024 5-year B19013
FL,12111,St. Lucie County,2015,154844.76,43459,3.563,12,complete_12_months,available,available_complete,Zillow ZHVI county,annual_mean_zhvi,ACS 2015 5-year B19013
FL,12111,St. Lucie County,2016,180849.72,44140,4.0972,12,complete_12_months,available,available_complete,Zillow ZHVI county,annual_mean_zhvi,ACS 2016 5-year B19013
FL,12111,St. Lucie County,2017,200690.76,47132,4.2581,12,complete_12_months,available,available_complete,Zillow ZHVI county,annual_mean_zhvi,ACS 2017 5-year B19013
FL,12111,St. Lucie County,2018,219635.05,49373,4.4485,12,complete_12_months,available,available_complete,Zillow ZHVI county,annual_mean_zhvi,ACS 2018 5-year B19013
FL,12111,St. Lucie County,2019,231499.14,52322,4.4245,12,complete_12_months,available,available_complete,Zillow ZHVI county,annual_mean_zhvi,ACS 2019 5-year B19013
FL,12111,St. Lucie County,2020,243470.55,55237,4.4077,12,complete_12_months,available,available_complete,Zillow ZHVI county,annual_mean_zhvi,ACS 2020 5-year B19013
FL,12111,St. Lucie County,2021,292478.32,59807,4.8904,12,complete_12_months,available,available_complete,Zillow ZHVI county,annual_mean_zhvi,ACS 2021 5-year B19013
FL,12111,St. Lucie County,2022,377554.74,66154,5.7072,12,complete_12_months,available,available_complete,Zillow ZHVI county,annual_mean_zhvi,ACS 2022 5-year B19013
FL,12111,St. Lucie County,2023,388423.58,69027,5.6271,12,complete_12_months,available,available_complete,Zillow ZHVI county,annual_mean_zhvi,ACS 2023 5-year B19013
FL,12111,St. Lucie County,2024,396626.49,71457,5.5506,12,complete_12_months,available,available_complete,Zillow ZHVI county,annual_mean_zhvi,ACS 2024 5-year B19013
FL,12113,Santa Rosa County,2015,175777.32,58923,2.9832,12,complete_12_months,available,available_complete,Zillow ZHVI county,annual_mean_zhvi,ACS 2015 5-year B19013
FL,12113,Santa Rosa County,2016,181476.96,60652,2.9921,12,complete_12_months,available,available_complete,Zillow ZHVI county,annual_mean_zhvi,ACS 2016 5-year B19013
FL,12113,Santa Rosa County,2017,192834.15,62731,3.074,12,complete_12_months,available,available_complete,Zillow ZHVI county,annual_mean_zhvi,ACS 2017 5-year B19013
FL,12113,Santa Rosa County,2018,209696.61,66242,3.1656,12,complete_12_months,available,available_complete,Zillow ZHVI county,annual_mean_zhvi,ACS 2018 5-year B19013
FL,12113,Santa Rosa County,2019,222394.77,67949,3.273,12,complete_12_months,available,available_complete,Zillow ZHVI county,annual_mean_zhvi,ACS 2019 5-year B19013
FL,12113,Santa Rosa County,2020,242647.41,70663,3.4339,12,complete_12_months,available,available_complete,Zillow ZHVI county,annual_mean_zhvi,ACS 2020 5-year B19013
FL,12113,Santa Rosa County,2021,289881.79,77260,3.752,12,complete_12_months,available,available_complete,Zillow ZHVI county,annual_mean_zhvi,ACS 2021 5-year B19013
FL,12113,Santa Rosa County,2022,344486.9,84715,4.0664,12,complete_12_months,available,available_complete,Zillow ZHVI county,annual_mean_zhvi,ACS 2022 5-year B19013
FL,12113,Santa Rosa County,2023,353954.24,88968,3.9784,12,complete_12_months,available,available_complete,Zillow ZHVI county,annual_mean_zhvi,ACS 2023 5-year B19013
FL,12113,Santa Rosa County,2024,357414.24,91922,3.8882,12,complete_12_months,available,available_complete,Zillow ZHVI county,annual_mean_zhvi,ACS 2024 5-year B19013
FL,12115,Sarasota County,2015,229705.37,51766,4.4374,12,complete_12_months,available,available_complete,Zillow ZHVI county,annual_mean_zhvi,ACS 2015 5-year B19013
FL,12115,Sarasota County,2016,252462.7,52796,4.7819,12,complete_12_months,available,available_complete,Zillow ZHVI county,annual_mean_zhvi,ACS 2016 5-year B19013
FL,12115,Sarasota County,2017,265469.01,55236,4.8061,12,complete_12_months,available,available_complete,Zillow ZHVI county,annual_mean_zhvi,ACS 2017 5-year B19013
FL,12115,Sarasota County,2018,274500.07,58644,4.6808,12,complete_12_months,available,available_complete,Zillow ZHVI county,annual_mean_zhvi,ACS 2018 5-year B19013
FL,12115,Sarasota County,2019,279405.97,62236,4.4895,12,complete_12_months,available,available_complete,Zillow ZHVI county,annual_mean_zhvi,ACS 2019 5-year B19013
FL,12115,Sarasota County,2020,292164.87,64644,4.5196,12,complete_12_months,available,available_complete,Zillow ZHVI county,annual_mean_zhvi,ACS 2020 5-year B19013
FL,12115,Sarasota County,2021,351826.37,69490,5.063,12,complete_12_months,available,available_complete,Zillow ZHVI county,annual_mean_zhvi,ACS 2021 5-year B19013
FL,12115,Sarasota County,2022,462413.47,77213,5.9888,12,complete_12_months,available,available_complete,Zillow ZHVI county,annual_mean_zhvi,ACS 2022 5-year B19013
FL,12115,Sarasota County,2023,475736.09,80633,5.9,12,complete_12_months,available,available_complete,Zillow ZHVI county,annual_mean_zhvi,ACS 2023 5-year B19013
FL,12115,Sarasota County,2024,462381.34,83416,5.5431,12,complete_12_months,available,available_complete,Zillow ZHVI county,annual_mean_zhvi,ACS 2024 5-year B19013
FL,12117,Seminole County,2015,194129.21,57010,3.4052,12,complete_12_months,available,available_complete,Zillow ZHVI county,annual_mean_zhvi,ACS 2015 5-year B19013
FL,12117,Seminole County,2016,211668.98,58538,3.6159,12,complete_12_months,available,available_complete,Zillow ZHVI county,annual_mean_zhvi,ACS 2016 5-year B19013
FL,12117,Seminole County,2017,229745.83,60739,3.7825,12,complete_12_months,available,available_complete,Zillow ZHVI county,annual_mean_zhvi,ACS 2017 5-year B19013
FL,12117,Seminole County,2018,248884.21,63760,3.9035,12,complete_12_months,available,available_complete,Zillow ZHVI county,annual_mean_zhvi,ACS 2018 5-year B19013
FL,12117,Seminole County,2019,265280.2,66768,3.9732,12,complete_12_months,available,available_complete,Zillow ZHVI county,annual_mean_zhvi,ACS 2019 5-year B19013
FL,12117,Seminole County,2020,283631.84,70297,4.0348,12,complete_12_months,available,available_complete,Zillow ZHVI county,annual_mean_zhvi,ACS 2020 5-year B19013
FL,12117,Seminole County,2021,322996.74,73002,4.4245,12,complete_12_months,available,available_complete,Zillow ZHVI county,annual_mean_zhvi,ACS 2021 5-year B19013
FL,12117,Seminole County,2022,389609.11,79490,4.9014,12,complete_12_months,available,available_complete,Zillow ZHVI county,annual_mean_zhvi,ACS 2022 5-year B19013
FL,12117,Seminole County,2023,411582.55,83030,4.957,12,complete_12_months,available,available_complete,Zillow ZHVI county,annual_mean_zhvi,ACS 2023 5-year B19013
FL,12117,Seminole County,2024,424949.64,85761,4.955,12,complete_12_months,available,available_complete,Zillow ZHVI county,annual_mean_zhvi,ACS 2024 5-year B19013
FL,12119,Sumter County,2015,252877.92,50350,5.0224,12,complete_12_months,available,available_complete,Zillow ZHVI county,annual_mean_zhvi,ACS 2015 5-year B19013
FL,12119,Sumter County,2016,249846.99,52594,4.7505,12,complete_12_months,available,available_complete,Zillow ZHVI county,annual_mean_zhvi,ACS 2016 5-year B19013
FL,12119,Sumter County,2017,252894.11,54771,4.6173,12,complete_12_months,available,available_complete,Zillow ZHVI county,annual_mean_zhvi,ACS 2017 5-year B19013
FL,12119,Sumter County,2018,264534.33,55228,4.7899,12,complete_12_months,available,available_complete,Zillow ZHVI county,annual_mean_zhvi,ACS 2018 5-year B19013
FL,12119,Sumter County,2019,281491.25,57226,4.9189,12,complete_12_months,available,available_complete,Zillow ZHVI county,annual_mean_zhvi,ACS 2019 5-year B19013
FL,12119,Sumter County,2020,293466.29,59618,4.9224,12,complete_12_months,available,available_complete,Zillow ZHVI county,annual_mean_zhvi,ACS 2020 5-year B19013
FL,12119,Sumter County,2021,318389.25,63323,5.028,12,complete_12_months,available,available_complete,Zillow ZHVI county,annual_mean_zhvi,ACS 2021 5-year B19013
FL,12119,Sumter County,2022,402226.58,70105,5.7375,12,complete_12_months,available,available_complete,Zillow ZHVI county,annual_mean_zhvi,ACS 2022 5-year B19013
FL,12119,Sumter County,2023,406833.67,73297,5.5505,12,complete_12_months,available,available_complete,Zillow ZHVI county,annual_mean_zhvi,ACS 2023 5-year B19013
FL,12119,Sumter County,2024,398791.32,76508,5.2124,12,complete_12_months,available,available_complete,Zillow ZHVI county,annual_mean_zhvi,ACS 2024 5-year B19013
FL,12121,Suwannee County,2015,122800.51,36289,3.384,12,complete_12_months,available,available_complete,Zillow ZHVI county,annual_mean_zhvi,ACS 2015 5-year B19013
FL,12121,Suwannee County,2016,130603.08,37796,3.4555,12,complete_12_months,available,available_complete,Zillow ZHVI county,annual_mean_zhvi,ACS 2016 5-year B19013
FL,12121,Suwannee County,2017,138445.75,40600,3.41,12,complete_12_months,available,available_complete,Zillow ZHVI county,annual_mean_zhvi,ACS 2017 5-year B19013
FL,12121,Suwannee County,2018,151757.92,42686,3.5552,12,complete_12_months,available,available_complete,Zillow ZHVI county,annual_mean_zhvi,ACS 2018 5-year B19013
FL,12121,Suwannee County,2019,160428.02,47839,3.3535,12,complete_12_months,available,available_complete,Zillow ZHVI county,annual_mean_zhvi,ACS 2019 5-year B19013
FL,12121,Suwannee County,2020,173719.28,46280,3.7537,12,complete_12_months,available,available_complete,Zillow ZHVI county,annual_mean_zhvi,ACS 2020 5-year B19013
FL,12121,Suwannee County,2021,212563.79,47218,4.5018,12,complete_12_months,available,available_complete,Zillow ZHVI county,annual_mean_zhvi,ACS 2021 5-year B19013
FL,12121,Suwannee County,2022,249975.7,49729,5.0268,12,complete_12_months,available,available_complete,Zillow ZHVI county,annual_mean_zhvi,ACS 2022 5-year B19013
FL,12121,Suwannee County,2023,251791.52,55479,4.5385,12,complete_12_months,available,available_complete,Zillow ZHVI county,annual_mean_zhvi,ACS 2023 5-year B19013
FL,12121,Suwannee County,2024,265737.5,56658,4.6902,12,complete_12_months,available,available_complete,Zillow ZHVI county,annual_mean_zhvi,ACS 2024 5-year B19013
FL,12123,Taylor County,2015,99293.76,36181,2.7444,12,complete_12_months,available,available_complete,Zillow ZHVI county,annual_mean_zhvi,ACS 2015 5-year B19013
FL,12123,Taylor County,2016,101594.28,36195,2.8069,12,complete_12_months,available,available_complete,Zillow ZHVI county,annual_mean_zhvi,ACS 2016 5-year B19013
FL,12123,Taylor County,2017,108975.2,37188,2.9304,12,complete_12_months,available,available_complete,Zillow ZHVI county,annual_mean_zhvi,ACS 2017 5-year B19013
FL,12123,Taylor County,2018,117831.86,36934,3.1903,12,complete_12_months,available,available_complete,Zillow ZHVI county,annual_mean_zhvi,ACS 2018 5-year B19013
FL,12123,Taylor County,2019,127947.59,40306,3.1744,12,complete_12_months,available,available_complete,Zillow ZHVI county,annual_mean_zhvi,ACS 2019 5-year B19013
FL,12123,Taylor County,2020,135777.53,38295,3.5456,12,complete_12_months,available,available_complete,Zillow ZHVI county,annual_mean_zhvi,ACS 2020 5-year B19013
FL,12123,Taylor County,2021,162420.67,43563,3.7284,12,complete_12_months,available,available_complete,Zillow ZHVI county,annual_mean_zhvi,ACS 2021 5-year B19013
FL,12123,Taylor County,2022,193203.03,46239,4.1784,12,complete_12_months,available,available_complete,Zillow ZHVI county,annual_mean_zhvi,ACS 2022 5-year B19013
FL,12123,Taylor County,2023,197276.6,44985,4.3854,12,complete_12_months,available,available_complete,Zillow ZHVI county,annual_mean_zhvi,ACS 2023 5-year B19013
FL,12123,Taylor County,2024,200680.1,49073,4.0894,12,complete_12_months,available,available_complete,Zillow ZHVI county,annual_mean_zhvi,ACS 2024 5-year B19013
FL,12125,Union County,2015,120422.67,39163,3.0749,12,complete_12_months,available,available_complete,Zillow ZHVI county,annual_mean_zhvi,ACS 2015 5-year B19013
FL,12125,Union County,2016,129712.32,37778,3.4335,12,complete_12_months,available,available_complete,Zillow ZHVI county,annual_mean_zhvi,ACS 2016 5-year B19013
FL,12125,Union County,2017,135965.08,37460,3.6296,12,complete_12_months,available,available_complete,Zillow ZHVI county,annual_mean_zhvi,ACS 2017 5-year B19013
FL,12125,Union County,2018,139554.54,41770,3.341,12,complete_12_months,available,available_complete,Zillow ZHVI county,annual_mean_zhvi,ACS 2018 5-year B19013
FL,12125,Union County,2019,149991.68,44270,3.3881,12,complete_12_months,available,available_complete,Zillow ZHVI county,annual_mean_zhvi,ACS 2019 5-year B19013
FL,12125,Union County,2020,162828.79,55139,2.9531,12,complete_12_months,available,available_complete,Zillow ZHVI county,annual_mean_zhvi,ACS 2020 5-year B19013
FL,12125,Union County,2021,182217.56,55463,3.2854,12,complete_12_months,available,available_complete,Zillow ZHVI county,annual_mean_zhvi,ACS 2021 5-year B19013
FL,12125,Union County,2022,219708.91,64043,3.4306,12,complete_12_months,available,available_complete,Zillow ZHVI county,annual_mean_zhvi,ACS 2022 5-year B19013
FL,12125,Union County,2023,247516.9,64922,3.8125,12,complete_12_months,available,available_complete,Zillow ZHVI county,annual_mean_zhvi,ACS 2023 5-year B19013
FL,12125,Union County,2024,263094.43,64146,4.1015,12,complete_12_months,available,available_complete,Zillow ZHVI county,annual_mean_zhvi,ACS 2024 5-year B19013
FL,12127,Volusia County,2015,150645.48,41117,3.6638,12,complete_12_months,available,available_complete,Zillow ZHVI county,annual_mean_zhvi,ACS 2015 5-year B19013
FL,12127,Volusia County,2016,166304.07,42240,3.9371,12,complete_12_months,available,available_complete,Zillow ZHVI county,annual_mean_zhvi,ACS 2016 5-year B19013
FL,12127,Volusia County,2017,183711.99,43838,4.1907,12,complete_12_months,available,available_complete,Zillow ZHVI county,annual_mean_zhvi,ACS 2017 5-year B19013
FL,12127,Volusia County,2018,202945.93,46760,4.3402,12,complete_12_months,available,available_complete,Zillow ZHVI county,annual_mean_zhvi,ACS 2018 5-year B19013
FL,12127,Volusia County,2019,215386.45,49494,4.3518,12,complete_12_months,available,available_complete,Zillow ZHVI county,annual_mean_zhvi,ACS 2019 5-year B19013
FL,12127,Volusia County,2020,230346.43,52407,4.3953,12,complete_12_months,available,available_complete,Zillow ZHVI county,annual_mean_zhvi,ACS 2020 5-year B19013
FL,12127,Volusia County,2021,270249.04,56786,4.7591,12,complete_12_months,available,available_complete,Zillow ZHVI county,annual_mean_zhvi,ACS 2021 5-year B19013
FL,12127,Volusia County,2022,333380.88,63075,5.2855,12,complete_12_months,available,available_complete,Zillow ZHVI county,annual_mean_zhvi,ACS 2022 5-year B19013
FL,12127,Volusia County,2023,344599.62,66581,5.1756,12,complete_12_months,available,available_complete,Zillow ZHVI county,annual_mean_zhvi,ACS 2023 5-year B19013
FL,12127,Volusia County,2024,348479.89,70044,4.9752,12,complete_12_months,available,available_complete,Zillow ZHVI county,annual_mean_zhvi,ACS 2024 5-year B19013
FL,12129,Wakulla County,2015,142839.04,50340,2.8375,12,complete_12_months,available,available_complete,Zillow ZHVI county,annual_mean_zhvi,ACS 2015 5-year B19013
FL,12129,Wakulla County,2016,150967.46,54078,2.7917,12,complete_12_months,available,available_complete,Zillow ZHVI county,annual_mean_zhvi,ACS 2016 5-year B19013
FL,12129,Wakulla County,2017,160125.67,57866,2.7672,12,complete_12_months,available,available_complete,Zillow ZHVI county,annual_mean_zhvi,ACS 2017 5-year B19013
FL,12129,Wakulla County,2018,171696.31,62778,2.735,12,complete_12_months,available,available_complete,Zillow ZHVI county,annual_mean_zhvi,ACS 2018 5-year B19013
FL,12129,Wakulla County,2019,181108.71,61410,2.9492,12,complete_12_months,available,available_complete,Zillow ZHVI county,annual_mean_zhvi,ACS 2019 5-year B19013
FL,12129,Wakulla County,2020,196524.63,67480,2.9123,12,complete_12_months,available,available_complete,Zillow ZHVI county,annual_mean_zhvi,ACS 2020 5-year B19013
FL,12129,Wakulla County,2021,228559.52,72941,3.1335,12,complete_12_months,available,available_complete,Zillow ZHVI county,annual_mean_zhvi,ACS 2021 5-year B19013
FL,12129,Wakulla County,2022,266822.11,72035,3.7041,12,complete_12_months,available,available_complete,Zillow ZHVI county,annual_mean_zhvi,ACS 2022 5-year B19013
FL,12129,Wakulla County,2023,280384.91,74183,3.7796,12,complete_12_months,available,available_complete,Zillow ZHVI county,annual_mean_zhvi,ACS 2023 5-year B19013
FL,12129,Wakulla County,2024,290499.98,81895,3.5472,12,complete_12_months,available,available_complete,Zillow ZHVI county,annual_mean_zhvi,ACS 2024 5-year B19013
FL,12131,Walton County,2015,329605.03,44966,7.3301,12,complete_12_months,available,available_complete,Zillow ZHVI county,annual_mean_zhvi,ACS 2015 5-year B19013
FL,12131,Walton County,2016,346429.82,46910,7.385,12,complete_12_months,available,available_complete,Zillow ZHVI county,annual_mean_zhvi,ACS 2016 5-year B19013
FL,12131,Walton County,2017,366274.51,50619,7.2359,12,complete_12_months,available,available_complete,Zillow ZHVI county,annual_mean_zhvi,ACS 2017 5-year B19013
FL,12131,Walton County,2018,395126.7,53785,7.3464,12,complete_12_months,available,available_complete,Zillow ZHVI county,annual_mean_zhvi,ACS 2018 5-year B19013
FL,12131,Walton County,2019,415217.56,58093,7.1475,12,complete_12_months,available,available_complete,Zillow ZHVI county,annual_mean_zhvi,ACS 2019 5-year B19013
FL,12131,Walton County,2020,442619.09,67390,6.568,12,complete_12_months,available,available_complete,Zillow ZHVI county,annual_mean_zhvi,ACS 2020 5-year B19013
FL,12131,Walton County,2021,556736.42,68111,8.174,12,complete_12_months,available,available_complete,Zillow ZHVI county,annual_mean_zhvi,ACS 2021 5-year B19013
FL,12131,Walton County,2022,716171.05,74832,9.5704,12,complete_12_months,available,available_complete,Zillow ZHVI county,annual_mean_zhvi,ACS 2022 5-year B19013
FL,12131,Walton County,2023,717008.7,79281,9.0439,12,complete_12_months,available,available_complete,Zillow ZHVI county,annual_mean_zhvi,ACS 2023 5-year B19013
FL,12131,Walton County,2024,697480.98,81986,8.5073,12,complete_12_months,available,available_complete,Zillow ZHVI county,annual_mean_zhvi,ACS 2024 5-year B19013
FL,12133,Washington County,2015,99807.7,38970,2.5611,12,complete_12_months,available,available_complete,Zillow ZHVI county,annual_mean_zhvi,ACS 2015 5-year B19013
FL,12133,Washington County,2016,105821.28,38330,2.7608,12,complete_12_months,available,available_complete,Zillow ZHVI county,annual_mean_zhvi,ACS 2016 5-year B19013
FL,12133,Washington County,2017,109882.85,36989,2.9707,12,complete_12_months,available,available_complete,Zillow ZHVI county,annual_mean_zhvi,ACS 2017 5-year B19013
FL,12133,Washington County,2018,116439.86,37188,3.1311,12,complete_12_months,available,available_complete,Zillow ZHVI county,annual_mean_zhvi,ACS 2018 5-year B19013
FL,12133,Washington County,2019,132103.19,37022,3.5682,12,complete_12_months,available,available_complete,Zillow ZHVI county,annual_mean_zhvi,ACS 2019 5-year B19013
FL,12133,Washington County,2020,152440.76,37260,4.0913,12,complete_12_months,available,available_complete,Zillow ZHVI county,annual_mean_zhvi,ACS 2020 5-year B19013
FL,12133,Washington County,2021,185375.76,41806,4.4342,12,complete_12_months,available,available_complete,Zillow ZHVI county,annual_mean_zhvi,ACS 2021 5-year B19013
FL,12133,Washington County,2022,210899.32,47536,4.4366,12,complete_12_months,available,available_complete,Zillow ZHVI county,annual_mean_zhvi,ACS 2022 5-year B19013
FL,12133,Washington County,2023,215862.06,52723,4.0943,12,complete_12_months,available,available_complete,Zillow ZHVI county,annual_mean_zhvi,ACS 2023 5-year B19013
FL,12133,Washington County,2024,225057.59,58210,3.8663,12,complete_12_months,available,available_complete,Zillow ZHVI county,annual_mean_zhvi,ACS 2024 5-year B19013
GA,13001,Appling County,2015,98764.48,37135,2.6596,12,complete_12_months,available,available_complete,Zillow ZHVI county,annual_mean_zhvi,ACS 2015 5-year B19013
GA,13001,Appling County,2016,101931.74,37388,2.7263,12,complete_12_months,available,available_complete,Zillow ZHVI county,annual_mean_zhvi,ACS 2016 5-year B19013
GA,13001,Appling County,2017,102822.26,37089,2.7723,12,complete_12_months,available,available_complete,Zillow ZHVI county,annual_mean_zhvi,ACS 2017 5-year B19013
GA,13001,Appling County,2018,107003.29,39561,2.7048,12,complete_12_months,available,available_complete,Zillow ZHVI county,annual_mean_zhvi,ACS 2018 5-year B19013
GA,13001,Appling County,2019,115422.63,40304,2.8638,12,complete_12_months,available,available_complete,Zillow ZHVI county,annual_mean_zhvi,ACS 2019 5-year B19013
GA,13001,Appling County,2020,124478.26,37924,3.2823,12,complete_12_months,available,available_complete,Zillow ZHVI county,annual_mean_zhvi,ACS 2020 5-year B19013
GA,13001,Appling County,2021,143896.41,39588,3.6348,12,complete_12_months,available,available_complete,Zillow ZHVI county,annual_mean_zhvi,ACS 2021 5-year B19013
GA,13001,Appling County,2022,155556.52,43268,3.5952,12,complete_12_months,available,available_complete,Zillow ZHVI county,annual_mean_zhvi,ACS 2022 5-year B19013
GA,13001,Appling County,2023,153941.65,43728,3.5204,12,complete_12_months,available,available_complete,Zillow ZHVI county,annual_mean_zhvi,ACS 2023 5-year B19013
GA,13001,Appling County,2024,163798.42,46651,3.5111,12,complete_12_months,available,available_complete,Zillow ZHVI county,annual_mean_zhvi,ACS 2024 5-year B19013
GA,13003,Atkinson County,2015,82738.54,30933,2.6748,12,complete_12_months,available,available_complete,Zillow ZHVI county,annual_mean_zhvi,ACS 2015 5-year B19013
GA,13003,Atkinson County,2016,86802.45,31296,2.7736,12,complete_12_months,available,available_complete,Zillow ZHVI county,annual_mean_zhvi,ACS 2016 5-year B19013
GA,13003,Atkinson County,2017,94359.8,33063,2.8539,12,complete_12_months,available,available_complete,Zillow ZHVI county,annual_mean_zhvi,ACS 2017 5-year B19013
GA,13003,Atkinson County,2018,97823.93,34877,2.8048,12,complete_12_months,available,available_complete,Zillow ZHVI county,annual_mean_zhvi,ACS 2018 5-year B19013
GA,13003,Atkinson County,2019,101827.76,37197,2.7375,12,complete_12_months,available,available_complete,Zillow ZHVI county,annual_mean_zhvi,ACS 2019 5-year B19013
GA,13003,Atkinson County,2020,108941.98,35703,3.0513,12,complete_12_months,available,available_complete,Zillow ZHVI county,annual_mean_zhvi,ACS 2020 5-year B19013
GA,13003,Atkinson County,2021,126804.36,35741,3.5479,12,complete_12_months,available,available_complete,Zillow ZHVI county,annual_mean_zhvi,ACS 2021 5-year B19013
GA,13003,Atkinson County,2022,137137.88,38007,3.6082,12,complete_12_months,available,available_complete,Zillow ZHVI county,annual_mean_zhvi,ACS 2022 5-year B19013
GA,13003,Atkinson County,2023,129433.39,38438,3.3673,12,complete_12_months,available,available_complete,Zillow ZHVI county,annual_mean_zhvi,ACS 2023 5-year B19013
GA,13003,Atkinson County,2024,127851.54,42347,3.0191,12,complete_12_months,available,available_complete,Zillow ZHVI county,annual_mean_zhvi,ACS 2024 5-year B19013
GA,13005,Bacon County,2015,72225.58,37162,1.9435,12,complete_12_months,available,available_complete,Zillow ZHVI county,annual_mean_zhvi,ACS 2015 5-year B19013
GA,13005,Bacon County,2016,79911.22,37303,2.1422,12,complete_12_months,available,available_complete,Zillow ZHVI county,annual_mean_zhvi,ACS 2016 5-year B19013
GA,13005,Bacon County,2017,83685.51,38824,2.1555,12,complete_12_months,available,available_complete,Zillow ZHVI county,annual_mean_zhvi,ACS 2017 5-year B19013
GA,13005,Bacon County,2018,86592.01,36964,2.3426,12,complete_12_months,available,available_complete,Zillow ZHVI county,annual_mean_zhvi,ACS 2018 5-year B19013
GA,13005,Bacon County,2019,88789.66,37519,2.3665,12,complete_12_months,available,available_complete,Zillow ZHVI county,annual_mean_zhvi,ACS 2019 5-year B19013
GA,13005,Bacon County,2020,94601.91,36692,2.5783,12,complete_12_months,available,available_complete,Zillow ZHVI county,annual_mean_zhvi,ACS 2020 5-year B19013
GA,13005,Bacon County,2021,110796.96,40391,2.7431,12,complete_12_months,available,available_complete,Zillow ZHVI county,annual_mean_zhvi,ACS 2021 5-year B19013
GA,13005,Bacon County,2022,126667.73,43938,2.8829,12,complete_12_months,available,available_complete,Zillow ZHVI county,annual_mean_zhvi,ACS 2022 5-year B19013
GA,13005,Bacon County,2023,136403.87,50310,2.7113,12,complete_12_months,available,available_complete,Zillow ZHVI county,annual_mean_zhvi,ACS 2023 5-year B19013
GA,13005,Bacon County,2024,143358.9,44694,3.2076,12,complete_12_months,available,available_complete,Zillow ZHVI county,annual_mean_zhvi,ACS 2024 5-year B19013
GA,13007,Baker County,2015,,44297,,0,source_data_unavailable,available,source_data_unavailable,Zillow ZHVI county,annual_mean_zhvi,ACS 2015 5-year B19013
GA,13007,Baker County,2016,,45903,,0,source_data_unavailable,available,source_data_unavailable,Zillow ZHVI county,annual_mean_zhvi,ACS 2016 5-year B19013
GA,13007,Baker County,2017,,43867,,0,source_data_unavailable,available,source_data_unavailable,Zillow ZHVI county,annual_mean_zhvi,ACS 2017 5-year B19013
GA,13007,Baker County,2018,,37188,,0,source_data_unavailable,available,source_data_unavailable,Zillow ZHVI county,annual_mean_zhvi,ACS 2018 5-year B19013
GA,13007,Baker County,2019,,32917,,0,source_data_unavailable,available,source_data_unavailable,Zillow ZHVI county,annual_mean_zhvi,ACS 2019 5-year B19013
GA,13007,Baker County,2020,,34034,,0,source_data_unavailable,available,source_data_unavailable,Zillow ZHVI county,annual_mean_zhvi,ACS 2020 5-year B19013
GA,13007,Baker County,2021,,33417,,0,source_data_unavailable,available,source_data_unavailable,Zillow ZHVI county,annual_mean_zhvi,ACS 2021 5-year B19013
GA,13007,Baker County,2022,138159.49,45417,3.042,11,partial_10_11_months,available,available_partial,Zillow ZHVI county,annual_mean_zhvi,ACS 2022 5-year B19013
GA,13007,Baker County,2023,138464.34,44405,3.1182,12,complete_12_months,available,available_complete,Zillow ZHVI county,annual_mean_zhvi,ACS 2023 5-year B19013
GA,13007,Baker County,2024,150077.04,46012,3.2617,12,complete_12_months,available,available_complete,Zillow ZHVI county,annual_mean_zhvi,ACS 2024 5-year B19013
GA,13009,Baldwin County,2015,121642.7,32460,3.7475,12,complete_12_months,available,available_complete,Zillow ZHVI county,annual_mean_zhvi,ACS 2015 5-year B19013
GA,13009,Baldwin County,2016,130381.26,34595,3.7688,12,complete_12_months,available,available_complete,Zillow ZHVI county,annual_mean_zhvi,ACS 2016 5-year B19013
GA,13009,Baldwin County,2017,128979.71,37008,3.4852,12,complete_12_months,available,available_complete,Zillow ZHVI county,annual_mean_zhvi,ACS 2017 5-year B19013
GA,13009,Baldwin County,2018,139973.44,39426,3.5503,12,complete_12_months,available,available_complete,Zillow ZHVI county,annual_mean_zhvi,ACS 2018 5-year B19013
GA,13009,Baldwin County,2019,148561.41,43672,3.4018,12,complete_12_months,available,available_complete,Zillow ZHVI county,annual_mean_zhvi,ACS 2019 5-year B19013
GA,13009,Baldwin County,2020,161622.15,46250,3.4945,12,complete_12_months,available,available_complete,Zillow ZHVI county,annual_mean_zhvi,ACS 2020 5-year B19013
GA,13009,Baldwin County,2021,187953.04,50413,3.7283,12,complete_12_months,available,available_complete,Zillow ZHVI county,annual_mean_zhvi,ACS 2021 5-year B19013
GA,13009,Baldwin County,2022,210693.83,54699,3.8519,12,complete_12_months,available,available_complete,Zillow ZHVI county,annual_mean_zhvi,ACS 2022 5-year B19013
GA,13009,Baldwin County,2023,212934.2,55413,3.8427,12,complete_12_months,available,available_complete,Zillow ZHVI county,annual_mean_zhvi,ACS 2023 5-year B19013
GA,13009,Baldwin County,2024,222930.05,54403,4.0978,12,complete_12_months,available,available_complete,Zillow ZHVI county,annual_mean_zhvi,ACS 2024 5-year B19013
GA,13011,Banks County,2015,136413.61,41472,3.2893,12,complete_12_months,available,available_complete,Zillow ZHVI county,annual_mean_zhvi,ACS 2015 5-year B19013
GA,13011,Banks County,2016,143162.73,40721,3.5157,12,complete_12_months,available,available_complete,Zillow ZHVI county,annual_mean_zhvi,ACS 2016 5-year B19013
GA,13011,Banks County,2017,153555.72,42182,3.6403,12,complete_12_months,available,available_complete,Zillow ZHVI county,annual_mean_zhvi,ACS 2017 5-year B19013
GA,13011,Banks County,2018,168987.45,45373,3.7244,12,complete_12_months,available,available_complete,Zillow ZHVI county,annual_mean_zhvi,ACS 2018 5-year B19013
GA,13011,Banks County,2019,185117.34,47811,3.8719,12,complete_12_months,available,available_complete,Zillow ZHVI county,annual_mean_zhvi,ACS 2019 5-year B19013
GA,13011,Banks County,2020,203677.58,50912,4.0006,12,complete_12_months,available,available_complete,Zillow ZHVI county,annual_mean_zhvi,ACS 2020 5-year B19013
GA,13011,Banks County,2021,249464.32,57893,4.3091,12,complete_12_months,available,available_complete,Zillow ZHVI county,annual_mean_zhvi,ACS 2021 5-year B19013
GA,13011,Banks County,2022,298542.74,69096,4.3207,12,complete_12_months,available,available_complete,Zillow ZHVI county,annual_mean_zhvi,ACS 2022 5-year B19013
GA,13011,Banks County,2023,312094.69,68830,4.5343,12,complete_12_months,available,available_complete,Zillow ZHVI county,annual_mean_zhvi,ACS 2023 5-year B19013
GA,13011,Banks County,2024,327974.14,77063,4.2559,12,complete_12_months,available,available_complete,Zillow ZHVI county,annual_mean_zhvi,ACS 2024 5-year B19013
GA,13013,Barrow County,2015,142295.48,52012,2.7358,12,complete_12_months,available,available_complete,Zillow ZHVI county,annual_mean_zhvi,ACS 2015 5-year B19013
GA,13013,Barrow County,2016,154826.59,53133,2.9139,12,complete_12_months,available,available_complete,Zillow ZHVI county,annual_mean_zhvi,ACS 2016 5-year B19013
GA,13013,Barrow County,2017,169036.91,56119,3.0121,12,complete_12_months,available,available_complete,Zillow ZHVI county,annual_mean_zhvi,ACS 2017 5-year B19013
GA,13013,Barrow County,2018,184496.38,57348,3.2171,12,complete_12_months,available,available_complete,Zillow ZHVI county,annual_mean_zhvi,ACS 2018 5-year B19013
GA,13013,Barrow County,2019,200356.74,62345,3.2137,12,complete_12_months,available,available_complete,Zillow ZHVI county,annual_mean_zhvi,ACS 2019 5-year B19013
GA,13013,Barrow County,2020,216345.66,62990,3.4346,12,complete_12_months,available,available_complete,Zillow ZHVI county,annual_mean_zhvi,ACS 2020 5-year B19013
GA,13013,Barrow County,2021,261356.75,68365,3.823,12,complete_12_months,available,available_complete,Zillow ZHVI county,annual_mean_zhvi,ACS 2021 5-year B19013
GA,13013,Barrow County,2022,325445.53,75053,4.3362,12,complete_12_months,available,available_complete,Zillow ZHVI county,annual_mean_zhvi,ACS 2022 5-year B19013
GA,13013,Barrow County,2023,336939.38,77477,4.3489,12,complete_12_months,available,available_complete,Zillow ZHVI county,annual_mean_zhvi,ACS 2023 5-year B19013
GA,13013,Barrow County,2024,351013.13,80653,4.3521,12,complete_12_months,available,available_complete,Zillow ZHVI county,annual_mean_zhvi,ACS 2024 5-year B19013
GA,13015,Bartow County,2015,141362.75,48893,2.8913,12,complete_12_months,available,available_complete,Zillow ZHVI county,annual_mean_zhvi,ACS 2015 5-year B19013
GA,13015,Bartow County,2016,151031.93,50565,2.9869,12,complete_12_months,available,available_complete,Zillow ZHVI county,annual_mean_zhvi,ACS 2016 5-year B19013
GA,13015,Bartow County,2017,164673.03,52393,3.143,12,complete_12_months,available,available_complete,Zillow ZHVI county,annual_mean_zhvi,ACS 2017 5-year B19013
GA,13015,Bartow County,2018,179285.64,55452,3.2332,12,complete_12_months,available,available_complete,Zillow ZHVI county,annual_mean_zhvi,ACS 2018 5-year B19013
GA,13015,Bartow County,2019,193981.44,57423,3.3781,12,complete_12_months,available,available_complete,Zillow ZHVI county,annual_mean_zhvi,ACS 2019 5-year B19013
GA,13015,Bartow County,2020,210606.48,61226,3.4398,12,complete_12_months,available,available_complete,Zillow ZHVI county,annual_mean_zhvi,ACS 2020 5-year B19013
GA,13015,Bartow County,2021,253001.98,65559,3.8591,12,complete_12_months,available,available_complete,Zillow ZHVI county,annual_mean_zhvi,ACS 2021 5-year B19013
GA,13015,Bartow County,2022,307063.01,74812,4.1045,12,complete_12_months,available,available_complete,Zillow ZHVI county,annual_mean_zhvi,ACS 2022 5-year B19013
GA,13015,Bartow County,2023,317336.26,79431,3.9951,12,complete_12_months,available,available_complete,Zillow ZHVI county,annual_mean_zhvi,ACS 2023 5-year B19013
GA,13015,Bartow County,2024,327521.99,82243,3.9824,12,complete_12_months,available,available_complete,Zillow ZHVI county,annual_mean_zhvi,ACS 2024 5-year B19013
GA,13017,Ben Hill County,2015,67907.82,29994,2.264,12,complete_12_months,available,available_complete,Zillow ZHVI county,annual_mean_zhvi,ACS 2015 5-year B19013
GA,13017,Ben Hill County,2016,70254.24,29510,2.3807,12,complete_12_months,available,available_complete,Zillow ZHVI county,annual_mean_zhvi,ACS 2016 5-year B19013
GA,13017,Ben Hill County,2017,69820.99,32344,2.1587,12,complete_12_months,available,available_complete,Zillow ZHVI county,annual_mean_zhvi,ACS 2017 5-year B19013
GA,13017,Ben Hill County,2018,74446.37,32705,2.2763,12,complete_12_months,available,available_complete,Zillow ZHVI county,annual_mean_zhvi,ACS 2018 5-year B19013
GA,13017,Ben Hill County,2019,78635.41,32229,2.4399,12,complete_12_months,available,available_complete,Zillow ZHVI county,annual_mean_zhvi,ACS 2019 5-year B19013
GA,13017,Ben Hill County,2020,83495.03,32077,2.603,12,complete_12_months,available,available_complete,Zillow ZHVI county,annual_mean_zhvi,ACS 2020 5-year B19013
GA,13017,Ben Hill County,2021,100579.18,34455,2.9191,12,complete_12_months,available,available_complete,Zillow ZHVI county,annual_mean_zhvi,ACS 2021 5-year B19013
GA,13017,Ben Hill County,2022,124336.97,38255,3.2502,12,complete_12_months,available,available_complete,Zillow ZHVI county,annual_mean_zhvi,ACS 2022 5-year B19013
GA,13017,Ben Hill County,2023,124416.73,39081,3.1836,12,complete_12_months,available,available_complete,Zillow ZHVI county,annual_mean_zhvi,ACS 2023 5-year B19013
GA,13017,Ben Hill County,2024,129237.9,41758,3.0949,12,complete_12_months,available,available_complete,Zillow ZHVI county,annual_mean_zhvi,ACS 2024 5-year B19013
GA,13019,Berrien County,2015,106207.75,31835,3.3362,12,complete_12_months,available,available_complete,Zillow ZHVI county,annual_mean_zhvi,ACS 2015 5-year B19013
GA,13019,Berrien County,2016,109558.69,35740,3.0654,12,complete_12_months,available,available_complete,Zillow ZHVI county,annual_mean_zhvi,ACS 2016 5-year B19013
GA,13019,Berrien County,2017,111407.6,38297,2.909,12,complete_12_months,available,available_complete,Zillow ZHVI county,annual_mean_zhvi,ACS 2017 5-year B19013
GA,13019,Berrien County,2018,114265.02,37163,3.0747,12,complete_12_months,available,available_complete,Zillow ZHVI county,annual_mean_zhvi,ACS 2018 5-year B19013
GA,13019,Berrien County,2019,119294.75,40415,2.9517,12,complete_12_months,available,available_complete,Zillow ZHVI county,annual_mean_zhvi,ACS 2019 5-year B19013
GA,13019,Berrien County,2020,129128.66,42089,3.068,12,complete_12_months,available,available_complete,Zillow ZHVI county,annual_mean_zhvi,ACS 2020 5-year B19013
GA,13019,Berrien County,2021,156024.69,44907,3.4744,12,complete_12_months,available,available_complete,Zillow ZHVI county,annual_mean_zhvi,ACS 2021 5-year B19013
GA,13019,Berrien County,2022,177852.05,48670,3.6542,12,complete_12_months,available,available_complete,Zillow ZHVI county,annual_mean_zhvi,ACS 2022 5-year B19013
GA,13019,Berrien County,2023,177118.3,50414,3.5133,12,complete_12_months,available,available_complete,Zillow ZHVI county,annual_mean_zhvi,ACS 2023 5-year B19013
GA,13019,Berrien County,2024,187484.84,52876,3.5457,12,complete_12_months,available,available_complete,Zillow ZHVI county,annual_mean_zhvi,ACS 2024 5-year B19013
GA,13021,Bibb County,2015,87213.87,36519,2.3882,12,complete_12_months,available,available_complete,Zillow ZHVI county,annual_mean_zhvi,ACS 2015 5-year B19013
GA,13021,Bibb County,2016,90179.19,37108,2.4302,12,complete_12_months,available,available_complete,Zillow ZHVI county,annual_mean_zhvi,ACS 2016 5-year B19013
GA,13021,Bibb County,2017,89965.65,38183,2.3562,12,complete_12_months,available,available_complete,Zillow ZHVI county,annual_mean_zhvi,ACS 2017 5-year B19013
GA,13021,Bibb County,2018,97030.4,39931,2.43,12,complete_12_months,available,available_complete,Zillow ZHVI county,annual_mean_zhvi,ACS 2018 5-year B19013
GA,13021,Bibb County,2019,107666.0,41334,2.6048,12,complete_12_months,available,available_complete,Zillow ZHVI county,annual_mean_zhvi,ACS 2019 5-year B19013
GA,13021,Bibb County,2020,114287.82,41317,2.7661,12,complete_12_months,available,available_complete,Zillow ZHVI county,annual_mean_zhvi,ACS 2020 5-year B19013
GA,13021,Bibb County,2021,132308.76,43862,3.0165,12,complete_12_months,available,available_complete,Zillow ZHVI county,annual_mean_zhvi,ACS 2021 5-year B19013
GA,13021,Bibb County,2022,156050.12,48897,3.1914,12,complete_12_months,available,available_complete,Zillow ZHVI county,annual_mean_zhvi,ACS 2022 5-year B19013
GA,13021,Bibb County,2023,166770.21,50747,3.2863,12,complete_12_months,available,available_complete,Zillow ZHVI county,annual_mean_zhvi,ACS 2023 5-year B19013
GA,13021,Bibb County,2024,173420.79,51234,3.3849,12,complete_12_months,available,available_complete,Zillow ZHVI county,annual_mean_zhvi,ACS 2024 5-year B19013
GA,13023,Bleckley County,2015,88517.13,38991,2.2702,12,complete_12_months,available,available_complete,Zillow ZHVI county,annual_mean_zhvi,ACS 2015 5-year B19013
GA,13023,Bleckley County,2016,91929.5,37060,2.4806,12,complete_12_months,available,available_complete,Zillow ZHVI county,annual_mean_zhvi,ACS 2016 5-year B19013
GA,13023,Bleckley County,2017,94404.51,40688,2.3202,12,complete_12_months,available,available_complete,Zillow ZHVI county,annual_mean_zhvi,ACS 2017 5-year B19013
GA,13023,Bleckley County,2018,98365.06,45029,2.1845,12,complete_12_months,available,available_complete,Zillow ZHVI county,annual_mean_zhvi,ACS 2018 5-year B19013
GA,13023,Bleckley County,2019,105962.16,48174,2.1996,12,complete_12_months,available,available_complete,Zillow ZHVI county,annual_mean_zhvi,ACS 2019 5-year B19013
GA,13023,Bleckley County,2020,112445.43,46992,2.3929,12,complete_12_months,available,available_complete,Zillow ZHVI county,annual_mean_zhvi,ACS 2020 5-year B19013
GA,13023,Bleckley County,2021,129841.27,48786,2.6614,12,complete_12_months,available,available_complete,Zillow ZHVI county,annual_mean_zhvi,ACS 2021 5-year B19013
GA,13023,Bleckley County,2022,155880.7,56021,2.7825,12,complete_12_months,available,available_complete,Zillow ZHVI county,annual_mean_zhvi,ACS 2022 5-year B19013
GA,13023,Bleckley County,2023,164696.9,53005,3.1072,12,complete_12_months,available,available_complete,Zillow ZHVI county,annual_mean_zhvi,ACS 2023 5-year B19013
GA,13023,Bleckley County,2024,169538.0,62008,2.7341,12,complete_12_months,available,available_complete,Zillow ZHVI county,annual_mean_zhvi,ACS 2024 5-year B19013
GA,13025,Brantley County,2015,,37206,,0,source_data_unavailable,available,source_data_unavailable,Zillow ZHVI county,annual_mean_zhvi,ACS 2015 5-year B19013
GA,13025,Brantley County,2016,113650.41,36837,3.0852,11,partial_10_11_months,available,available_partial,Zillow ZHVI county,annual_mean_zhvi,ACS 2016 5-year B19013
GA,13025,Brantley County,2017,113341.98,36812,3.0789,12,complete_12_months,available,available_complete,Zillow ZHVI county,annual_mean_zhvi,ACS 2017 5-year B19013
GA,13025,Brantley County,2018,123980.57,37031,3.348,12,complete_12_months,available,available_complete,Zillow ZHVI county,annual_mean_zhvi,ACS 2018 5-year B19013
GA,13025,Brantley County,2019,136007.92,38857,3.5002,12,complete_12_months,available,available_complete,Zillow ZHVI county,annual_mean_zhvi,ACS 2019 5-year B19013
GA,13025,Brantley County,2020,143678.63,34679,4.1431,12,complete_12_months,available,available_complete,Zillow ZHVI county,annual_mean_zhvi,ACS 2020 5-year B19013
GA,13025,Brantley County,2021,164217.27,38211,4.2976,12,complete_12_months,available,available_complete,Zillow ZHVI county,annual_mean_zhvi,ACS 2021 5-year B19013
GA,13025,Brantley County,2022,176803.96,40166,4.4018,12,complete_12_months,available,available_complete,Zillow ZHVI county,annual_mean_zhvi,ACS 2022 5-year B19013
GA,13025,Brantley County,2023,171758.95,47801,3.5932,12,complete_12_months,available,available_complete,Zillow ZHVI county,annual_mean_zhvi,ACS 2023 5-year B19013
GA,13025,Brantley County,2024,170644.72,58239,2.9301,12,complete_12_months,available,available_complete,Zillow ZHVI county,annual_mean_zhvi,ACS 2024 5-year B19013
GA,13027,Brooks County,2015,103344.92,32663,3.164,12,complete_12_months,available,available_complete,Zillow ZHVI county,annual_mean_zhvi,ACS 2015 5-year B19013
GA,13027,Brooks County,2016,105644.33,34547,3.058,12,complete_12_months,available,available_complete,Zillow ZHVI county,annual_mean_zhvi,ACS 2016 5-year B19013
GA,13027,Brooks County,2017,107527.72,34890,3.0819,12,complete_12_months,available,available_complete,Zillow ZHVI county,annual_mean_zhvi,ACS 2017 5-year B19013
GA,13027,Brooks County,2018,112098.11,34322,3.2661,12,complete_12_months,available,available_complete,Zillow ZHVI county,annual_mean_zhvi,ACS 2018 5-year B19013
GA,13027,Brooks County,2019,122486.86,38285,3.1993,12,complete_12_months,available,available_complete,Zillow ZHVI county,annual_mean_zhvi,ACS 2019 5-year B19013
GA,13027,Brooks County,2020,134031.27,37516,3.5726,12,complete_12_months,available,available_complete,Zillow ZHVI county,annual_mean_zhvi,ACS 2020 5-year B19013
GA,13027,Brooks County,2021,154178.48,39770,3.8768,12,complete_12_months,available,available_complete,Zillow ZHVI county,annual_mean_zhvi,ACS 2021 5-year B19013
GA,13027,Brooks County,2022,176435.24,42263,4.1747,12,complete_12_months,available,available_complete,Zillow ZHVI county,annual_mean_zhvi,ACS 2022 5-year B19013
GA,13027,Brooks County,2023,178553.57,47656,3.7467,12,complete_12_months,available,available_complete,Zillow ZHVI county,annual_mean_zhvi,ACS 2023 5-year B19013
GA,13027,Brooks County,2024,184815.2,46807,3.9485,12,complete_12_months,available,available_complete,Zillow ZHVI county,annual_mean_zhvi,ACS 2024 5-year B19013
GA,13029,Bryan County,2015,223571.45,63327,3.5304,12,complete_12_months,available,available_complete,Zillow ZHVI county,annual_mean_zhvi,ACS 2015 5-year B19013
GA,13029,Bryan County,2016,232056.37,65862,3.5234,12,complete_12_months,available,available_complete,Zillow ZHVI county,annual_mean_zhvi,ACS 2016 5-year B19013
GA,13029,Bryan County,2017,236142.09,68589,3.4429,12,complete_12_months,available,available_complete,Zillow ZHVI county,annual_mean_zhvi,ACS 2017 5-year B19013
GA,13029,Bryan County,2018,243266.62,71322,3.4108,12,complete_12_months,available,available_complete,Zillow ZHVI county,annual_mean_zhvi,ACS 2018 5-year B19013
GA,13029,Bryan County,2019,250404.85,72624,3.448,12,complete_12_months,available,available_complete,Zillow ZHVI county,annual_mean_zhvi,ACS 2019 5-year B19013
GA,13029,Bryan County,2020,260780.39,76121,3.4259,12,complete_12_months,available,available_complete,Zillow ZHVI county,annual_mean_zhvi,ACS 2020 5-year B19013
GA,13029,Bryan County,2021,292114.25,81032,3.6049,12,complete_12_months,available,available_complete,Zillow ZHVI county,annual_mean_zhvi,ACS 2021 5-year B19013
GA,13029,Bryan County,2022,346068.33,90627,3.8186,12,complete_12_months,available,available_complete,Zillow ZHVI county,annual_mean_zhvi,ACS 2022 5-year B19013
GA,13029,Bryan County,2023,373512.2,94234,3.9637,12,complete_12_months,available,available_complete,Zillow ZHVI county,annual_mean_zhvi,ACS 2023 5-year B19013
GA,13029,Bryan County,2024,402226.58,103408,3.8897,12,complete_12_months,available,available_complete,Zillow ZHVI county,annual_mean_zhvi,ACS 2024 5-year B19013
GA,13031,Bulloch County,2015,136050.5,36032,3.7758,12,complete_12_months,available,available_complete,Zillow ZHVI county,annual_mean_zhvi,ACS 2015 5-year B19013
GA,13031,Bulloch County,2016,139133.64,37125,3.7477,12,complete_12_months,available,available_complete,Zillow ZHVI county,annual_mean_zhvi,ACS 2016 5-year B19013
GA,13031,Bulloch County,2017,144504.51,39305,3.6765,12,complete_12_months,available,available_complete,Zillow ZHVI county,annual_mean_zhvi,ACS 2017 5-year B19013
GA,13031,Bulloch County,2018,152280.25,41789,3.644,12,complete_12_months,available,available_complete,Zillow ZHVI county,annual_mean_zhvi,ACS 2018 5-year B19013
GA,13031,Bulloch County,2019,158349.95,45550,3.4764,12,complete_12_months,available,available_complete,Zillow ZHVI county,annual_mean_zhvi,ACS 2019 5-year B19013
GA,13031,Bulloch County,2020,167179.37,48786,3.4268,12,complete_12_months,available,available_complete,Zillow ZHVI county,annual_mean_zhvi,ACS 2020 5-year B19013
GA,13031,Bulloch County,2021,190417.0,50583,3.7644,12,complete_12_months,available,available_complete,Zillow ZHVI county,annual_mean_zhvi,ACS 2021 5-year B19013
GA,13031,Bulloch County,2022,225291.49,53675,4.1973,12,complete_12_months,available,available_complete,Zillow ZHVI county,annual_mean_zhvi,ACS 2022 5-year B19013
GA,13031,Bulloch County,2023,248322.55,56832,4.3694,12,complete_12_months,available,available_complete,Zillow ZHVI county,annual_mean_zhvi,ACS 2023 5-year B19013
GA,13031,Bulloch County,2024,274811.81,58810,4.6729,12,complete_12_months,available,available_complete,Zillow ZHVI county,annual_mean_zhvi,ACS 2024 5-year B19013
GA,13033,Burke County,2015,88130.54,33641,2.6197,12,complete_12_months,available,available_complete,Zillow ZHVI county,annual_mean_zhvi,ACS 2015 5-year B19013
GA,13033,Burke County,2016,90905.78,34589,2.6282,12,complete_12_months,available,available_complete,Zillow ZHVI county,annual_mean_zhvi,ACS 2016 5-year B19013
GA,13033,Burke County,2017,92896.0,38707,2.4,12,complete_12_months,available,available_complete,Zillow ZHVI county,annual_mean_zhvi,ACS 2017 5-year B19013
GA,13033,Burke County,2018,99898.35,42773,2.3355,12,complete_12_months,available,available_complete,Zillow ZHVI county,annual_mean_zhvi,ACS 2018 5-year B19013
GA,13033,Burke County,2019,113700.77,44151,2.5753,12,complete_12_months,available,available_complete,Zillow ZHVI county,annual_mean_zhvi,ACS 2019 5-year B19013
GA,13033,Burke County,2020,122848.35,45699,2.6882,12,complete_12_months,available,available_complete,Zillow ZHVI county,annual_mean_zhvi,ACS 2020 5-year B19013
GA,13033,Burke County,2021,144700.02,47837,3.0249,12,complete_12_months,available,available_complete,Zillow ZHVI county,annual_mean_zhvi,ACS 2021 5-year B19013
GA,13033,Burke County,2022,163379.73,50321,3.2468,12,complete_12_months,available,available_complete,Zillow ZHVI county,annual_mean_zhvi,ACS 2022 5-year B19013
GA,13033,Burke County,2023,165333.4,50739,3.2585,12,complete_12_months,available,available_complete,Zillow ZHVI county,annual_mean_zhvi,ACS 2023 5-year B19013
GA,13033,Burke County,2024,168201.41,53014,3.1728,12,complete_12_months,available,available_complete,Zillow ZHVI county,annual_mean_zhvi,ACS 2024 5-year B19013
GA,13035,Butts County,2015,122716.86,41667,2.9452,12,complete_12_months,available,available_complete,Zillow ZHVI county,annual_mean_zhvi,ACS 2015 5-year B19013
GA,13035,Butts County,2016,132419.68,40753,3.2493,12,complete_12_months,available,available_complete,Zillow ZHVI county,annual_mean_zhvi,ACS 2016 5-year B19013
GA,13035,Butts County,2017,138126.45,39655,3.4832,12,complete_12_months,available,available_complete,Zillow ZHVI county,annual_mean_zhvi,ACS 2017 5-year B19013
GA,13035,Butts County,2018,150875.48,41845,3.6056,12,complete_12_months,available,available_complete,Zillow ZHVI county,annual_mean_zhvi,ACS 2018 5-year B19013
GA,13035,Butts County,2019,167011.04,43471,3.8419,12,complete_12_months,available,available_complete,Zillow ZHVI county,annual_mean_zhvi,ACS 2019 5-year B19013
GA,13035,Butts County,2020,181641.0,48282,3.7621,12,complete_12_months,available,available_complete,Zillow ZHVI county,annual_mean_zhvi,ACS 2020 5-year B19013
GA,13035,Butts County,2021,216449.97,53613,4.0373,12,complete_12_months,available,available_complete,Zillow ZHVI county,annual_mean_zhvi,ACS 2021 5-year B19013
GA,13035,Butts County,2022,257239.67,60076,4.2819,12,complete_12_months,available,available_complete,Zillow ZHVI county,annual_mean_zhvi,ACS 2022 5-year B19013
GA,13035,Butts County,2023,269346.08,59221,4.5482,12,complete_12_months,available,available_complete,Zillow ZHVI county,annual_mean_zhvi,ACS 2023 5-year B19013
GA,13035,Butts County,2024,280940.11,69241,4.0574,12,complete_12_months,available,available_complete,Zillow ZHVI county,annual_mean_zhvi,ACS 2024 5-year B19013
GA,13037,Calhoun County,2015,76561.95,25513,3.0009,12,complete_12_months,available,available_complete,Zillow ZHVI county,annual_mean_zhvi,ACS 2015 5-year B19013
GA,13037,Calhoun County,2016,78395.13,28200,2.78,12,complete_12_months,available,available_complete,Zillow ZHVI county,annual_mean_zhvi,ACS 2016 5-year B19013
GA,13037,Calhoun County,2017,81993.18,29617,2.7684,12,complete_12_months,available,available_complete,Zillow ZHVI county,annual_mean_zhvi,ACS 2017 5-year B19013
GA,13037,Calhoun County,2018,86290.35,31725,2.7199,12,complete_12_months,available,available_complete,Zillow ZHVI county,annual_mean_zhvi,ACS 2018 5-year B19013
GA,13037,Calhoun County,2019,89255.72,34167,2.6123,12,complete_12_months,available,available_complete,Zillow ZHVI county,annual_mean_zhvi,ACS 2019 5-year B19013
GA,13037,Calhoun County,2020,93971.32,41962,2.2394,12,complete_12_months,available,available_complete,Zillow ZHVI county,annual_mean_zhvi,ACS 2020 5-year B19013
GA,13037,Calhoun County,2021,105884.57,43549,2.4314,12,complete_12_months,available,available_complete,Zillow ZHVI county,annual_mean_zhvi,ACS 2021 5-year B19013
GA,13037,Calhoun County,2022,111921.93,48663,2.2999,12,complete_12_months,available,available_complete,Zillow ZHVI county,annual_mean_zhvi,ACS 2022 5-year B19013
GA,13037,Calhoun County,2023,110912.14,55714,1.9907,12,complete_12_months,available,available_complete,Zillow ZHVI county,annual_mean_zhvi,ACS 2023 5-year B19013
GA,13037,Calhoun County,2024,109156.25,46940,2.3254,12,complete_12_months,available,available_complete,Zillow ZHVI county,annual_mean_zhvi,ACS 2024 5-year B19013
GA,13039,Camden County,2015,150655.15,52473,2.8711,12,complete_12_months,available,available_complete,Zillow ZHVI county,annual_mean_zhvi,ACS 2015 5-year B19013
GA,13039,Camden County,2016,157137.77,53327,2.9467,12,complete_12_months,available,available_complete,Zillow ZHVI county,annual_mean_zhvi,ACS 2016 5-year B19013
GA,13039,Camden County,2017,163633.74,53687,3.0479,12,complete_12_months,available,available_complete,Zillow ZHVI county,annual_mean_zhvi,ACS 2017 5-year B19013
GA,13039,Camden County,2018,173111.26,56397,3.0695,12,complete_12_months,available,available_complete,Zillow ZHVI county,annual_mean_zhvi,ACS 2018 5-year B19013
GA,13039,Camden County,2019,180728.98,56951,3.1734,12,complete_12_months,available,available_complete,Zillow ZHVI county,annual_mean_zhvi,ACS 2019 5-year B19013
GA,13039,Camden County,2020,193341.45,60594,3.1908,12,complete_12_months,available,available_complete,Zillow ZHVI county,annual_mean_zhvi,ACS 2020 5-year B19013
GA,13039,Camden County,2021,225849.97,61636,3.6643,12,complete_12_months,available,available_complete,Zillow ZHVI county,annual_mean_zhvi,ACS 2021 5-year B19013
GA,13039,Camden County,2022,265620.32,68104,3.9002,12,complete_12_months,available,available_complete,Zillow ZHVI county,annual_mean_zhvi,ACS 2022 5-year B19013
GA,13039,Camden County,2023,288171.43,72399,3.9803,12,complete_12_months,available,available_complete,Zillow ZHVI county,annual_mean_zhvi,ACS 2023 5-year B19013
GA,13039,Camden County,2024,302152.6,74378,4.0624,12,complete_12_months,available,available_complete,Zillow ZHVI county,annual_mean_zhvi,ACS 2024 5-year B19013
GA,13043,Candler County,2015,97231.13,30185,3.2212,12,complete_12_months,available,available_complete,Zillow ZHVI county,annual_mean_zhvi,ACS 2015 5-year B19013
GA,13043,Candler County,2016,100513.5,33379,3.0113,12,complete_12_months,available,available_complete,Zillow ZHVI county,annual_mean_zhvi,ACS 2016 5-year B19013
GA,13043,Candler County,2017,105523.16,33125,3.1856,12,complete_12_months,available,available_complete,Zillow ZHVI county,annual_mean_zhvi,ACS 2017 5-year B19013
GA,13043,Candler County,2018,109694.52,32937,3.3304,12,complete_12_months,available,available_complete,Zillow ZHVI county,annual_mean_zhvi,ACS 2018 5-year B19013
GA,13043,Candler County,2019,117066.21,33736,3.4701,12,complete_12_months,available,available_complete,Zillow ZHVI county,annual_mean_zhvi,ACS 2019 5-year B19013
GA,13043,Candler County,2020,125348.62,36955,3.3919,12,complete_12_months,available,available_complete,Zillow ZHVI county,annual_mean_zhvi,ACS 2020 5-year B19013
GA,13043,Candler County,2021,148259.51,36763,4.0328,12,complete_12_months,available,available_complete,Zillow ZHVI county,annual_mean_zhvi,ACS 2021 5-year B19013
GA,13043,Candler County,2022,173342.86,45519,3.8081,12,complete_12_months,available,available_complete,Zillow ZHVI county,annual_mean_zhvi,ACS 2022 5-year B19013
GA,13043,Candler County,2023,181020.34,50431,3.5895,12,complete_12_months,available,available_complete,Zillow ZHVI county,annual_mean_zhvi,ACS 2023 5-year B19013
GA,13043,Candler County,2024,202958.66,49581,4.0935,12,complete_12_months,available,available_complete,Zillow ZHVI county,annual_mean_zhvi,ACS 2024 5-year B19013
GA,13045,Carroll County,2015,122048.99,43586,2.8002,12,complete_12_months,available,available_complete,Zillow ZHVI county,annual_mean_zhvi,ACS 2015 5-year B19013
GA,13045,Carroll County,2016,130484.44,45486,2.8687,12,complete_12_months,available,available_complete,Zillow ZHVI county,annual_mean_zhvi,ACS 2016 5-year B19013
GA,13045,Carroll County,2017,141922.16,46844,3.0297,12,complete_12_months,available,available_complete,Zillow ZHVI county,annual_mean_zhvi,ACS 2017 5-year B19013
GA,13045,Carroll County,2018,156327.37,49608,3.1513,12,complete_12_months,available,available_complete,Zillow ZHVI county,annual_mean_zhvi,ACS 2018 5-year B19013
GA,13045,Carroll County,2019,169403.1,53737,3.1524,12,complete_12_months,available,available_complete,Zillow ZHVI county,annual_mean_zhvi,ACS 2019 5-year B19013
GA,13045,Carroll County,2020,184924.88,59197,3.1239,12,complete_12_months,available,available_complete,Zillow ZHVI county,annual_mean_zhvi,ACS 2020 5-year B19013
GA,13045,Carroll County,2021,223562.09,62498,3.5771,12,complete_12_months,available,available_complete,Zillow ZHVI county,annual_mean_zhvi,ACS 2021 5-year B19013
GA,13045,Carroll County,2022,272570.03,66895,4.0746,12,complete_12_months,available,available_complete,Zillow ZHVI county,annual_mean_zhvi,ACS 2022 5-year B19013
GA,13045,Carroll County,2023,281432.42,72327,3.8911,12,complete_12_months,available,available_complete,Zillow ZHVI county,annual_mean_zhvi,ACS 2023 5-year B19013
GA,13045,Carroll County,2024,293646.12,73714,3.9836,12,complete_12_months,available,available_complete,Zillow ZHVI county,annual_mean_zhvi,ACS 2024 5-year B19013
GA,13047,Catoosa County,2015,142962.77,50876,2.81,12,complete_12_months,available,available_complete,Zillow ZHVI county,annual_mean_zhvi,ACS 2015 5-year B19013
GA,13047,Catoosa County,2016,149354.19,52265,2.8576,12,complete_12_months,available,available_complete,Zillow ZHVI county,annual_mean_zhvi,ACS 2016 5-year B19013
GA,13047,Catoosa County,2017,154461.43,54537,2.8322,12,complete_12_months,available,available_complete,Zillow ZHVI county,annual_mean_zhvi,ACS 2017 5-year B19013
GA,13047,Catoosa County,2018,163381.75,55125,2.9638,12,complete_12_months,available,available_complete,Zillow ZHVI county,annual_mean_zhvi,ACS 2018 5-year B19013
GA,13047,Catoosa County,2019,174550.6,56235,3.1039,12,complete_12_months,available,available_complete,Zillow ZHVI county,annual_mean_zhvi,ACS 2019 5-year B19013
GA,13047,Catoosa County,2020,191304.62,58932,3.2462,12,complete_12_months,available,available_complete,Zillow ZHVI county,annual_mean_zhvi,ACS 2020 5-year B19013
GA,13047,Catoosa County,2021,223582.21,62669,3.5677,12,complete_12_months,available,available_complete,Zillow ZHVI county,annual_mean_zhvi,ACS 2021 5-year B19013
GA,13047,Catoosa County,2022,259403.04,68896,3.7651,12,complete_12_months,available,available_complete,Zillow ZHVI county,annual_mean_zhvi,ACS 2022 5-year B19013
GA,13047,Catoosa County,2023,274781.68,72425,3.794,12,complete_12_months,available,available_complete,Zillow ZHVI county,annual_mean_zhvi,ACS 2023 5-year B19013
GA,13047,Catoosa County,2024,290640.34,74639,3.8939,12,complete_12_months,available,available_complete,Zillow ZHVI county,annual_mean_zhvi,ACS 2024 5-year B19013
GA,13049,Charlton County,2015,89053.94,42778,2.0818,12,complete_12_months,available,available_complete,Zillow ZHVI county,annual_mean_zhvi,ACS 2015 5-year B19013
GA,13049,Charlton County,2016,96125.51,43871,2.1911,12,complete_12_months,available,available_complete,Zillow ZHVI county,annual_mean_zhvi,ACS 2016 5-year B19013
GA,13049,Charlton County,2017,99738.55,43257,2.3057,12,complete_12_months,available,available_complete,Zillow ZHVI county,annual_mean_zhvi,ACS 2017 5-year B19013
GA,13049,Charlton County,2018,106895.36,40283,2.6536,12,complete_12_months,available,available_complete,Zillow ZHVI county,annual_mean_zhvi,ACS 2018 5-year B19013
GA,13049,Charlton County,2019,115214.65,41961,2.7458,12,complete_12_months,available,available_complete,Zillow ZHVI county,annual_mean_zhvi,ACS 2019 5-year B19013
GA,13049,Charlton County,2020,129270.23,42743,3.0244,12,complete_12_months,available,available_complete,Zillow ZHVI county,annual_mean_zhvi,ACS 2020 5-year B19013
GA,13049,Charlton County,2021,158319.49,45494,3.48,12,complete_12_months,available,available_complete,Zillow ZHVI county,annual_mean_zhvi,ACS 2021 5-year B19013
GA,13049,Charlton County,2022,186981.86,45770,4.0852,12,complete_12_months,available,available_complete,Zillow ZHVI county,annual_mean_zhvi,ACS 2022 5-year B19013
GA,13049,Charlton County,2023,194642.91,48534,4.0104,12,complete_12_months,available,available_complete,Zillow ZHVI county,annual_mean_zhvi,ACS 2023 5-year B19013
GA,13049,Charlton County,2024,210305.16,61276,3.4321,12,complete_12_months,available,available_complete,Zillow ZHVI county,annual_mean_zhvi,ACS 2024 5-year B19013
GA,13051,Chatham County,2015,175591.2,47218,3.7187,12,complete_12_months,available,available_complete,Zillow ZHVI county,annual_mean_zhvi,ACS 2015 5-year B19013
GA,13051,Chatham County,2016,182947.82,49596,3.6888,12,complete_12_months,available,available_complete,Zillow ZHVI county,annual_mean_zhvi,ACS 2016 5-year B19013
GA,13051,Chatham County,2017,187597.41,52215,3.5928,12,complete_12_months,available,available_complete,Zillow ZHVI county,annual_mean_zhvi,ACS 2017 5-year B19013
GA,13051,Chatham County,2018,198946.43,54911,3.6231,12,complete_12_months,available,available_complete,Zillow ZHVI county,annual_mean_zhvi,ACS 2018 5-year B19013
GA,13051,Chatham County,2019,208867.16,56842,3.6745,12,complete_12_months,available,available_complete,Zillow ZHVI county,annual_mean_zhvi,ACS 2019 5-year B19013
GA,13051,Chatham County,2020,220810.4,57739,3.8243,12,complete_12_months,available,available_complete,Zillow ZHVI county,annual_mean_zhvi,ACS 2020 5-year B19013
GA,13051,Chatham County,2021,251672.19,61064,4.1214,12,complete_12_months,available,available_complete,Zillow ZHVI county,annual_mean_zhvi,ACS 2021 5-year B19013
GA,13051,Chatham County,2022,301682.65,66171,4.5591,12,complete_12_months,available,available_complete,Zillow ZHVI county,annual_mean_zhvi,ACS 2022 5-year B19013
GA,13051,Chatham County,2023,331140.72,69575,4.7595,12,complete_12_months,available,available_complete,Zillow ZHVI county,annual_mean_zhvi,ACS 2023 5-year B19013
GA,13051,Chatham County,2024,354901.72,71097,4.9918,12,complete_12_months,available,available_complete,Zillow ZHVI county,annual_mean_zhvi,ACS 2024 5-year B19013
GA,13053,Chattahoochee County,2015,96790.83,43378,2.2313,12,complete_12_months,available,available_complete,Zillow ZHVI county,annual_mean_zhvi,ACS 2015 5-year B19013
GA,13053,Chattahoochee County,2016,104090.39,43929,2.3695,12,complete_12_months,available,available_complete,Zillow ZHVI county,annual_mean_zhvi,ACS 2016 5-year B19013
GA,13053,Chattahoochee County,2017,101102.6,46096,2.1933,12,complete_12_months,available,available_complete,Zillow ZHVI county,annual_mean_zhvi,ACS 2017 5-year B19013
GA,13053,Chattahoochee County,2018,110388.02,46453,2.3763,12,complete_12_months,available,available_complete,Zillow ZHVI county,annual_mean_zhvi,ACS 2018 5-year B19013
GA,13053,Chattahoochee County,2019,108129.76,47096,2.2959,12,complete_12_months,available,available_complete,Zillow ZHVI county,annual_mean_zhvi,ACS 2019 5-year B19013
GA,13053,Chattahoochee County,2020,118266.39,45700,2.5879,12,complete_12_months,available,available_complete,Zillow ZHVI county,annual_mean_zhvi,ACS 2020 5-year B19013
GA,13053,Chattahoochee County,2021,128275.79,50018,2.5646,12,complete_12_months,available,available_complete,Zillow ZHVI county,annual_mean_zhvi,ACS 2021 5-year B19013
GA,13053,Chattahoochee County,2022,136724.62,52943,2.5825,12,complete_12_months,available,available_complete,Zillow ZHVI county,annual_mean_zhvi,ACS 2022 5-year B19013
GA,13053,Chattahoochee County,2023,127393.28,59221,2.1512,12,complete_12_months,available,available_complete,Zillow ZHVI county,annual_mean_zhvi,ACS 2023 5-year B19013
GA,13053,Chattahoochee County,2024,135235.15,61042,2.2154,12,complete_12_months,available,available_complete,Zillow ZHVI county,annual_mean_zhvi,ACS 2024 5-year B19013
GA,13055,Chattooga County,2015,89021.99,32913,2.7048,12,complete_12_months,available,available_complete,Zillow ZHVI county,annual_mean_zhvi,ACS 2015 5-year B19013
GA,13055,Chattooga County,2016,92629.93,35245,2.6282,12,complete_12_months,available,available_complete,Zillow ZHVI county,annual_mean_zhvi,ACS 2016 5-year B19013
GA,13055,Chattooga County,2017,92978.42,35718,2.6031,12,complete_12_months,available,available_complete,Zillow ZHVI county,annual_mean_zhvi,ACS 2017 5-year B19013
GA,13055,Chattooga County,2018,97715.23,36107,2.7063,12,complete_12_months,available,available_complete,Zillow ZHVI county,annual_mean_zhvi,ACS 2018 5-year B19013
GA,13055,Chattooga County,2019,110274.34,36807,2.996,12,complete_12_months,available,available_complete,Zillow ZHVI county,annual_mean_zhvi,ACS 2019 5-year B19013
GA,13055,Chattooga County,2020,119463.06,37351,3.1984,12,complete_12_months,available,available_complete,Zillow ZHVI county,annual_mean_zhvi,ACS 2020 5-year B19013
GA,13055,Chattooga County,2021,146084.7,37946,3.8498,12,complete_12_months,available,available_complete,Zillow ZHVI county,annual_mean_zhvi,ACS 2021 5-year B19013
GA,13055,Chattooga County,2022,170175.83,43556,3.9071,12,complete_12_months,available,available_complete,Zillow ZHVI county,annual_mean_zhvi,ACS 2022 5-year B19013
GA,13055,Chattooga County,2023,171762.52,47785,3.5945,12,complete_12_months,available,available_complete,Zillow ZHVI county,annual_mean_zhvi,ACS 2023 5-year B19013
GA,13055,Chattooga County,2024,176728.87,50285,3.5145,12,complete_12_months,available,available_complete,Zillow ZHVI county,annual_mean_zhvi,ACS 2024 5-year B19013
GA,13057,Cherokee County,2015,225169.97,68926,3.2668,12,complete_12_months,available,available_complete,Zillow ZHVI county,annual_mean_zhvi,ACS 2015 5-year B19013
GA,13057,Cherokee County,2016,241229.52,72586,3.3234,12,complete_12_months,available,available_complete,Zillow ZHVI county,annual_mean_zhvi,ACS 2016 5-year B19013
GA,13057,Cherokee County,2017,259526.24,75477,3.4385,12,complete_12_months,available,available_complete,Zillow ZHVI county,annual_mean_zhvi,ACS 2017 5-year B19013
GA,13057,Cherokee County,2018,278555.89,79670,3.4964,12,complete_12_months,available,available_complete,Zillow ZHVI county,annual_mean_zhvi,ACS 2018 5-year B19013
GA,13057,Cherokee County,2019,295083.44,82740,3.5664,12,complete_12_months,available,available_complete,Zillow ZHVI county,annual_mean_zhvi,ACS 2019 5-year B19013
GA,13057,Cherokee County,2020,312728.33,84817,3.6871,12,complete_12_months,available,available_complete,Zillow ZHVI county,annual_mean_zhvi,ACS 2020 5-year B19013
GA,13057,Cherokee County,2021,367463.17,90681,4.0523,12,complete_12_months,available,available_complete,Zillow ZHVI county,annual_mean_zhvi,ACS 2021 5-year B19013
GA,13057,Cherokee County,2022,446106.65,100824,4.4246,12,complete_12_months,available,available_complete,Zillow ZHVI county,annual_mean_zhvi,ACS 2022 5-year B19013
GA,13057,Cherokee County,2023,463002.51,105442,4.3911,12,complete_12_months,available,available_complete,Zillow ZHVI county,annual_mean_zhvi,ACS 2023 5-year B19013
GA,13057,Cherokee County,2024,486076.75,108115,4.4959,12,complete_12_months,available,available_complete,Zillow ZHVI county,annual_mean_zhvi,ACS 2024 5-year B19013
GA,13059,Clarke County,2015,140085.87,32162,4.3556,12,complete_12_months,available,available_complete,Zillow ZHVI county,annual_mean_zhvi,ACS 2015 5-year B19013
GA,13059,Clarke County,2016,147272.4,33116,4.4472,12,complete_12_months,available,available_complete,Zillow ZHVI county,annual_mean_zhvi,ACS 2016 5-year B19013
GA,13059,Clarke County,2017,156593.89,34557,4.5315,12,complete_12_months,available,available_complete,Zillow ZHVI county,annual_mean_zhvi,ACS 2017 5-year B19013
GA,13059,Clarke County,2018,170712.35,36889,4.6277,12,complete_12_months,available,available_complete,Zillow ZHVI county,annual_mean_zhvi,ACS 2018 5-year B19013
GA,13059,Clarke County,2019,187700.25,38623,4.8598,12,complete_12_months,available,available_complete,Zillow ZHVI county,annual_mean_zhvi,ACS 2019 5-year B19013
GA,13059,Clarke County,2020,207709.78,40363,5.146,12,complete_12_months,available,available_complete,Zillow ZHVI county,annual_mean_zhvi,ACS 2020 5-year B19013
GA,13059,Clarke County,2021,245189.1,44070,5.5636,12,complete_12_months,available,available_complete,Zillow ZHVI county,annual_mean_zhvi,ACS 2021 5-year B19013
GA,13059,Clarke County,2022,288422.37,48692,5.9234,12,complete_12_months,available,available_complete,Zillow ZHVI county,annual_mean_zhvi,ACS 2022 5-year B19013
GA,13059,Clarke County,2023,306419.22,52267,5.8626,12,complete_12_months,available,available_complete,Zillow ZHVI county,annual_mean_zhvi,ACS 2023 5-year B19013
GA,13059,Clarke County,2024,324577.42,53625,6.0527,12,complete_12_months,available,available_complete,Zillow ZHVI county,annual_mean_zhvi,ACS 2024 5-year B19013
GA,13061,Clay County,2015,109665.65,20438,5.3658,12,complete_12_months,available,available_complete,Zillow ZHVI county,annual_mean_zhvi,ACS 2015 5-year B19013
GA,13061,Clay County,2016,115051.7,22120,5.2013,12,complete_12_months,available,available_complete,Zillow ZHVI county,annual_mean_zhvi,ACS 2016 5-year B19013
GA,13061,Clay County,2017,115865.15,23315,4.9696,12,complete_12_months,available,available_complete,Zillow ZHVI county,annual_mean_zhvi,ACS 2017 5-year B19013
GA,13061,Clay County,2018,122440.17,25000,4.8976,12,complete_12_months,available,available_complete,Zillow ZHVI county,annual_mean_zhvi,ACS 2018 5-year B19013
GA,13061,Clay County,2019,123936.88,22325,5.5515,12,complete_12_months,available,available_complete,Zillow ZHVI county,annual_mean_zhvi,ACS 2019 5-year B19013
GA,13061,Clay County,2020,128887.12,32434,3.9738,12,complete_12_months,available,available_complete,Zillow ZHVI county,annual_mean_zhvi,ACS 2020 5-year B19013
GA,13061,Clay County,2021,150610.22,35893,4.1961,12,complete_12_months,available,available_complete,Zillow ZHVI county,annual_mean_zhvi,ACS 2021 5-year B19013
GA,13061,Clay County,2022,168479.23,43264,3.8942,12,complete_12_months,available,available_complete,Zillow ZHVI county,annual_mean_zhvi,ACS 2022 5-year B19013
GA,13061,Clay County,2023,168339.5,48715,3.4556,12,complete_12_months,available,available_complete,Zillow ZHVI county,annual_mean_zhvi,ACS 2023 5-year B19013
GA,13061,Clay County,2024,172050.85,49147,3.5007,12,complete_12_months,available,available_complete,Zillow ZHVI county,annual_mean_zhvi,ACS 2024 5-year B19013
GA,13063,Clayton County,2015,83518.31,40938,2.0401,12,complete_12_months,available,available_complete,Zillow ZHVI county,annual_mean_zhvi,ACS 2015 5-year B19013
GA,13063,Clayton County,2016,93002.04,42470,2.1898,12,complete_12_months,available,available_complete,Zillow ZHVI county,annual_mean_zhvi,ACS 2016 5-year B19013
GA,13063,Clayton County,2017,104546.38,44106,2.3703,12,complete_12_months,available,available_complete,Zillow ZHVI county,annual_mean_zhvi,ACS 2017 5-year B19013
GA,13063,Clayton County,2018,122972.84,45778,2.6863,12,complete_12_months,available,available_complete,Zillow ZHVI county,annual_mean_zhvi,ACS 2018 5-year B19013
GA,13063,Clayton County,2019,141273.16,47864,2.9516,12,complete_12_months,available,available_complete,Zillow ZHVI county,annual_mean_zhvi,ACS 2019 5-year B19013
GA,13063,Clayton County,2020,157622.19,49460,3.1869,12,complete_12_months,available,available_complete,Zillow ZHVI county,annual_mean_zhvi,ACS 2020 5-year B19013
GA,13063,Clayton County,2021,191866.92,51945,3.6937,12,complete_12_months,available,available_complete,Zillow ZHVI county,annual_mean_zhvi,ACS 2021 5-year B19013
GA,13063,Clayton County,2022,245416.81,56207,4.3663,12,complete_12_months,available,available_complete,Zillow ZHVI county,annual_mean_zhvi,ACS 2022 5-year B19013
GA,13063,Clayton County,2023,254388.33,58507,4.348,12,complete_12_months,available,available_complete,Zillow ZHVI county,annual_mean_zhvi,ACS 2023 5-year B19013
GA,13063,Clayton County,2024,258767.67,59806,4.3268,12,complete_12_months,available,available_complete,Zillow ZHVI county,annual_mean_zhvi,ACS 2024 5-year B19013
GA,13065,Clinch County,2015,73084.45,24015,3.0433,12,complete_12_months,available,available_complete,Zillow ZHVI county,annual_mean_zhvi,ACS 2015 5-year B19013
GA,13065,Clinch County,2016,77365.66,24848,3.1136,12,complete_12_months,available,available_complete,Zillow ZHVI county,annual_mean_zhvi,ACS 2016 5-year B19013
GA,13065,Clinch County,2017,76381.26,21838,3.4976,12,complete_12_months,available,available_complete,Zillow ZHVI county,annual_mean_zhvi,ACS 2017 5-year B19013
GA,13065,Clinch County,2018,82344.32,25236,3.263,12,complete_12_months,available,available_complete,Zillow ZHVI county,annual_mean_zhvi,ACS 2018 5-year B19013
GA,13065,Clinch County,2019,86783.87,27658,3.1377,12,complete_12_months,available,available_complete,Zillow ZHVI county,annual_mean_zhvi,ACS 2019 5-year B19013
GA,13065,Clinch County,2020,91986.3,38844,2.3681,12,complete_12_months,available,available_complete,Zillow ZHVI county,annual_mean_zhvi,ACS 2020 5-year B19013
GA,13065,Clinch County,2021,107478.67,47750,2.2509,12,complete_12_months,available,available_complete,Zillow ZHVI county,annual_mean_zhvi,ACS 2021 5-year B19013
GA,13065,Clinch County,2022,116489.67,53350,2.1835,12,complete_12_months,available,available_complete,Zillow ZHVI county,annual_mean_zhvi,ACS 2022 5-year B19013
GA,13065,Clinch County,2023,112137.9,55549,2.0187,12,complete_12_months,available,available_complete,Zillow ZHVI county,annual_mean_zhvi,ACS 2023 5-year B19013
GA,13065,Clinch County,2024,122735.82,45847,2.6771,12,complete_12_months,available,available_complete,Zillow ZHVI county,annual_mean_zhvi,ACS 2024 5-year B19013
GA,13067,Cobb County,2015,215901.98,65873,3.2775,12,complete_12_months,available,available_complete,Zillow ZHVI county,annual_mean_zhvi,ACS 2015 5-year B19013
GA,13067,Cobb County,2016,232780.82,68818,3.3826,12,complete_12_months,available,available_complete,Zillow ZHVI county,annual_mean_zhvi,ACS 2016 5-year B19013
GA,13067,Cobb County,2017,249308.81,72004,3.4624,12,complete_12_months,available,available_complete,Zillow ZHVI county,annual_mean_zhvi,ACS 2017 5-year B19013
GA,13067,Cobb County,2018,268084.9,75153,3.5672,12,complete_12_months,available,available_complete,Zillow ZHVI county,annual_mean_zhvi,ACS 2018 5-year B19013
GA,13067,Cobb County,2019,283468.93,77932,3.6374,12,complete_12_months,available,available_complete,Zillow ZHVI county,annual_mean_zhvi,ACS 2019 5-year B19013
GA,13067,Cobb County,2020,300405.76,80830,3.7165,12,complete_12_months,available,available_complete,Zillow ZHVI county,annual_mean_zhvi,ACS 2020 5-year B19013
GA,13067,Cobb County,2021,350568.22,86013,4.0758,12,complete_12_months,available,available_complete,Zillow ZHVI county,annual_mean_zhvi,ACS 2021 5-year B19013
GA,13067,Cobb County,2022,419144.53,94244,4.4474,12,complete_12_months,available,available_complete,Zillow ZHVI county,annual_mean_zhvi,ACS 2022 5-year B19013
GA,13067,Cobb County,2023,432651.79,98712,4.383,12,complete_12_months,available,available_complete,Zillow ZHVI county,annual_mean_zhvi,ACS 2023 5-year B19013
GA,13067,Cobb County,2024,448219.39,102738,4.3627,12,complete_12_months,available,available_complete,Zillow ZHVI county,annual_mean_zhvi,ACS 2024 5-year B19013
GA,13069,Coffee County,2015,104817.56,33965,3.086,12,complete_12_months,available,available_complete,Zillow ZHVI county,annual_mean_zhvi,ACS 2015 5-year B19013
GA,13069,Coffee County,2016,107095.14,34536,3.101,12,complete_12_months,available,available_complete,Zillow ZHVI county,annual_mean_zhvi,ACS 2016 5-year B19013
GA,13069,Coffee County,2017,108827.86,36572,2.9757,12,complete_12_months,available,available_complete,Zillow ZHVI county,annual_mean_zhvi,ACS 2017 5-year B19013
GA,13069,Coffee County,2018,114538.02,38266,2.9932,12,complete_12_months,available,available_complete,Zillow ZHVI county,annual_mean_zhvi,ACS 2018 5-year B19013
GA,13069,Coffee County,2019,119724.79,40859,2.9302,12,complete_12_months,available,available_complete,Zillow ZHVI county,annual_mean_zhvi,ACS 2019 5-year B19013
GA,13069,Coffee County,2020,131240.18,42526,3.0861,12,complete_12_months,available,available_complete,Zillow ZHVI county,annual_mean_zhvi,ACS 2020 5-year B19013
GA,13069,Coffee County,2021,149888.97,44450,3.3721,12,complete_12_months,available,available_complete,Zillow ZHVI county,annual_mean_zhvi,ACS 2021 5-year B19013
GA,13069,Coffee County,2022,175267.37,48398,3.6214,12,complete_12_months,available,available_complete,Zillow ZHVI county,annual_mean_zhvi,ACS 2022 5-year B19013
GA,13069,Coffee County,2023,179014.41,50175,3.5678,12,complete_12_months,available,available_complete,Zillow ZHVI county,annual_mean_zhvi,ACS 2023 5-year B19013
GA,13069,Coffee County,2024,183497.06,50683,3.6205,12,complete_12_months,available,available_complete,Zillow ZHVI county,annual_mean_zhvi,ACS 2024 5-year B19013
GA,13071,Colquitt County,2015,100244.05,32409,3.0931,12,complete_12_months,available,available_complete,Zillow ZHVI county,annual_mean_zhvi,ACS 2015 5-year B19013
GA,13071,Colquitt County,2016,101820.97,33968,2.9976,12,complete_12_months,available,available_complete,Zillow ZHVI county,annual_mean_zhvi,ACS 2016 5-year B19013
GA,13071,Colquitt County,2017,102204.25,34503,2.9622,12,complete_12_months,available,available_complete,Zillow ZHVI county,annual_mean_zhvi,ACS 2017 5-year B19013
GA,13071,Colquitt County,2018,108392.68,35472,3.0557,12,complete_12_months,available,available_complete,Zillow ZHVI county,annual_mean_zhvi,ACS 2018 5-year B19013
GA,13071,Colquitt County,2019,115524.6,36435,3.1707,12,complete_12_months,available,available_complete,Zillow ZHVI county,annual_mean_zhvi,ACS 2019 5-year B19013
GA,13071,Colquitt County,2020,122489.42,36799,3.3286,12,complete_12_months,available,available_complete,Zillow ZHVI county,annual_mean_zhvi,ACS 2020 5-year B19013
GA,13071,Colquitt County,2021,138719.41,41623,3.3328,12,complete_12_months,available,available_complete,Zillow ZHVI county,annual_mean_zhvi,ACS 2021 5-year B19013
GA,13071,Colquitt County,2022,151670.14,47235,3.211,12,complete_12_months,available,available_complete,Zillow ZHVI county,annual_mean_zhvi,ACS 2022 5-year B19013
GA,13071,Colquitt County,2023,145788.44,49691,2.9339,12,complete_12_months,available,available_complete,Zillow ZHVI county,annual_mean_zhvi,ACS 2023 5-year B19013
GA,13071,Colquitt County,2024,158700.24,49341,3.2164,12,complete_12_months,available,available_complete,Zillow ZHVI county,annual_mean_zhvi,ACS 2024 5-year B19013
GA,13073,Columbia County,2015,191358.88,71021,2.6944,12,complete_12_months,available,available_complete,Zillow ZHVI county,annual_mean_zhvi,ACS 2015 5-year B19013
GA,13073,Columbia County,2016,198968.77,71962,2.7649,12,complete_12_months,available,available_complete,Zillow ZHVI county,annual_mean_zhvi,ACS 2016 5-year B19013
GA,13073,Columbia County,2017,203642.51,74162,2.7459,12,complete_12_months,available,available_complete,Zillow ZHVI county,annual_mean_zhvi,ACS 2017 5-year B19013
GA,13073,Columbia County,2018,212885.66,76938,2.767,12,complete_12_months,available,available_complete,Zillow ZHVI county,annual_mean_zhvi,ACS 2018 5-year B19013
GA,13073,Columbia County,2019,221907.11,82339,2.695,12,complete_12_months,available,available_complete,Zillow ZHVI county,annual_mean_zhvi,ACS 2019 5-year B19013
GA,13073,Columbia County,2020,235267.86,82251,2.8604,12,complete_12_months,available,available_complete,Zillow ZHVI county,annual_mean_zhvi,ACS 2020 5-year B19013
GA,13073,Columbia County,2021,267636.24,85928,3.1147,12,complete_12_months,available,available_complete,Zillow ZHVI county,annual_mean_zhvi,ACS 2021 5-year B19013
GA,13073,Columbia County,2022,308387.04,92571,3.3314,12,complete_12_months,available,available_complete,Zillow ZHVI county,annual_mean_zhvi,ACS 2022 5-year B19013
GA,13073,Columbia County,2023,320698.89,96122,3.3364,12,complete_12_months,available,available_complete,Zillow ZHVI county,annual_mean_zhvi,ACS 2023 5-year B19013
GA,13073,Columbia County,2024,326293.46,95592,3.4134,12,complete_12_months,available,available_complete,Zillow ZHVI county,annual_mean_zhvi,ACS 2024 5-year B19013
GA,13075,Cook County,2015,96342.65,35683,2.7,12,complete_12_months,available,available_complete,Zillow ZHVI county,annual_mean_zhvi,ACS 2015 5-year B19013
GA,13075,Cook County,2016,98604.4,35199,2.8013,12,complete_12_months,available,available_complete,Zillow ZHVI county,annual_mean_zhvi,ACS 2016 5-year B19013
GA,13075,Cook County,2017,100764.83,35539,2.8353,12,complete_12_months,available,available_complete,Zillow ZHVI county,annual_mean_zhvi,ACS 2017 5-year B19013
GA,13075,Cook County,2018,106537.83,38408,2.7738,12,complete_12_months,available,available_complete,Zillow ZHVI county,annual_mean_zhvi,ACS 2018 5-year B19013
GA,13075,Cook County,2019,113644.84,41854,2.7153,12,complete_12_months,available,available_complete,Zillow ZHVI county,annual_mean_zhvi,ACS 2019 5-year B19013
GA,13075,Cook County,2020,122671.58,40943,2.9962,12,complete_12_months,available,available_complete,Zillow ZHVI county,annual_mean_zhvi,ACS 2020 5-year B19013
GA,13075,Cook County,2021,139757.4,45702,3.058,12,complete_12_months,available,available_complete,Zillow ZHVI county,annual_mean_zhvi,ACS 2021 5-year B19013
GA,13075,Cook County,2022,158060.41,46706,3.3842,12,complete_12_months,available,available_complete,Zillow ZHVI county,annual_mean_zhvi,ACS 2022 5-year B19013
GA,13075,Cook County,2023,161981.04,50133,3.231,12,complete_12_months,available,available_complete,Zillow ZHVI county,annual_mean_zhvi,ACS 2023 5-year B19013
GA,13075,Cook County,2024,166132.92,53651,3.0965,12,complete_12_months,available,available_complete,Zillow ZHVI county,annual_mean_zhvi,ACS 2024 5-year B19013
GA,13077,Coweta County,2015,195211.37,62461,3.1253,12,complete_12_months,available,available_complete,Zillow ZHVI county,annual_mean_zhvi,ACS 2015 5-year B19013
GA,13077,Coweta County,2016,208362.56,65244,3.1936,12,complete_12_months,available,available_complete,Zillow ZHVI county,annual_mean_zhvi,ACS 2016 5-year B19013
GA,13077,Coweta County,2017,221423.88,67570,3.277,12,complete_12_months,available,available_complete,Zillow ZHVI county,annual_mean_zhvi,ACS 2017 5-year B19013
GA,13077,Coweta County,2018,239115.39,70717,3.3813,12,complete_12_months,available,available_complete,Zillow ZHVI county,annual_mean_zhvi,ACS 2018 5-year B19013
GA,13077,Coweta County,2019,250697.86,75913,3.3024,12,complete_12_months,available,available_complete,Zillow ZHVI county,annual_mean_zhvi,ACS 2019 5-year B19013
GA,13077,Coweta County,2020,267624.61,79795,3.3539,12,complete_12_months,available,available_complete,Zillow ZHVI county,annual_mean_zhvi,ACS 2020 5-year B19013
GA,13077,Coweta County,2021,307505.48,83486,3.6833,12,complete_12_months,available,available_complete,Zillow ZHVI county,annual_mean_zhvi,ACS 2021 5-year B19013
GA,13077,Coweta County,2022,368204.87,90031,4.0898,12,complete_12_months,available,available_complete,Zillow ZHVI county,annual_mean_zhvi,ACS 2022 5-year B19013
GA,13077,Coweta County,2023,388332.42,94142,4.125,12,complete_12_months,available,available_complete,Zillow ZHVI county,annual_mean_zhvi,ACS 2023 5-year B19013
GA,13077,Coweta County,2024,402350.02,95548,4.211,12,complete_12_months,available,available_complete,Zillow ZHVI county,annual_mean_zhvi,ACS 2024 5-year B19013
GA,13079,Crawford County,2015,,41825,,0,source_data_unavailable,available,source_data_unavailable,Zillow ZHVI county,annual_mean_zhvi,ACS 2015 5-year B19013
GA,13079,Crawford County,2016,104465.21,40459,2.582,11,partial_10_11_months,available,available_partial,Zillow ZHVI county,annual_mean_zhvi,ACS 2016 5-year B19013
GA,13079,Crawford County,2017,106668.52,41032,2.5996,12,complete_12_months,available,available_complete,Zillow ZHVI county,annual_mean_zhvi,ACS 2017 5-year B19013
GA,13079,Crawford County,2018,117215.37,43257,2.7097,12,complete_12_months,available,available_complete,Zillow ZHVI county,annual_mean_zhvi,ACS 2018 5-year B19013
GA,13079,Crawford County,2019,126753.58,46283,2.7387,12,complete_12_months,available,available_complete,Zillow ZHVI county,annual_mean_zhvi,ACS 2019 5-year B19013
GA,13079,Crawford County,2020,137490.73,47917,2.8694,12,complete_12_months,available,available_complete,Zillow ZHVI county,annual_mean_zhvi,ACS 2020 5-year B19013
GA,13079,Crawford County,2021,155786.81,53132,2.9321,12,complete_12_months,available,available_complete,Zillow ZHVI county,annual_mean_zhvi,ACS 2021 5-year B19013
GA,13079,Crawford County,2022,180091.84,56948,3.1624,12,complete_12_months,available,available_complete,Zillow ZHVI county,annual_mean_zhvi,ACS 2022 5-year B19013
GA,13079,Crawford County,2023,190931.76,60905,3.1349,12,complete_12_months,available,available_complete,Zillow ZHVI county,annual_mean_zhvi,ACS 2023 5-year B19013
GA,13079,Crawford County,2024,204054.51,67116,3.0403,12,complete_12_months,available,available_complete,Zillow ZHVI county,annual_mean_zhvi,ACS 2024 5-year B19013
GA,13081,Crisp County,2015,86952.45,31615,2.7504,12,complete_12_months,available,available_complete,Zillow ZHVI county,annual_mean_zhvi,ACS 2015 5-year B19013
GA,13081,Crisp County,2016,89047.76,31672,2.8116,12,complete_12_months,available,available_complete,Zillow ZHVI county,annual_mean_zhvi,ACS 2016 5-year B19013
GA,13081,Crisp County,2017,90701.67,33194,2.7325,12,complete_12_months,available,available_complete,Zillow ZHVI county,annual_mean_zhvi,ACS 2017 5-year B19013
GA,13081,Crisp County,2018,94128.86,35096,2.682,12,complete_12_months,available,available_complete,Zillow ZHVI county,annual_mean_zhvi,ACS 2018 5-year B19013
GA,13081,Crisp County,2019,98269.34,36042,2.7265,12,complete_12_months,available,available_complete,Zillow ZHVI county,annual_mean_zhvi,ACS 2019 5-year B19013
GA,13081,Crisp County,2020,105183.5,38272,2.7483,12,complete_12_months,available,available_complete,Zillow ZHVI county,annual_mean_zhvi,ACS 2020 5-year B19013
GA,13081,Crisp County,2021,119822.5,41605,2.88,12,complete_12_months,available,available_complete,Zillow ZHVI county,annual_mean_zhvi,ACS 2021 5-year B19013
GA,13081,Crisp County,2022,138454.45,47463,2.9171,12,complete_12_months,available,available_complete,Zillow ZHVI county,annual_mean_zhvi,ACS 2022 5-year B19013
GA,13081,Crisp County,2023,143714.07,42745,3.3621,12,complete_12_months,available,available_complete,Zillow ZHVI county,annual_mean_zhvi,ACS 2023 5-year B19013
GA,13081,Crisp County,2024,147588.31,45105,3.2721,12,complete_12_months,available,available_complete,Zillow ZHVI county,annual_mean_zhvi,ACS 2024 5-year B19013
GA,13083,Dade County,2015,127034.75,46434,2.7358,12,complete_12_months,available,available_complete,Zillow ZHVI county,annual_mean_zhvi,ACS 2015 5-year B19013
GA,13083,Dade County,2016,133348.44,43463,3.0681,12,complete_12_months,available,available_complete,Zillow ZHVI county,annual_mean_zhvi,ACS 2016 5-year B19013
GA,13083,Dade County,2017,135337.58,43163,3.1355,12,complete_12_months,available,available_complete,Zillow ZHVI county,annual_mean_zhvi,ACS 2017 5-year B19013
GA,13083,Dade County,2018,143985.21,44471,3.2377,12,complete_12_months,available,available_complete,Zillow ZHVI county,annual_mean_zhvi,ACS 2018 5-year B19013
GA,13083,Dade County,2019,155950.48,42581,3.6624,12,complete_12_months,available,available_complete,Zillow ZHVI county,annual_mean_zhvi,ACS 2019 5-year B19013
GA,13083,Dade County,2020,169343.95,40384,4.1933,12,complete_12_months,available,available_complete,Zillow ZHVI county,annual_mean_zhvi,ACS 2020 5-year B19013
GA,13083,Dade County,2021,196428.77,47675,4.1202,12,complete_12_months,available,available_complete,Zillow ZHVI county,annual_mean_zhvi,ACS 2021 5-year B19013
GA,13083,Dade County,2022,226124.41,59531,3.7984,12,complete_12_months,available,available_complete,Zillow ZHVI county,annual_mean_zhvi,ACS 2022 5-year B19013
GA,13083,Dade County,2023,235409.16,58936,3.9943,12,complete_12_months,available,available_complete,Zillow ZHVI county,annual_mean_zhvi,ACS 2023 5-year B19013
GA,13083,Dade County,2024,250880.99,64568,3.8855,12,complete_12_months,available,available_complete,Zillow ZHVI county,annual_mean_zhvi,ACS 2024 5-year B19013
GA,13085,Dawson County,2015,207473.86,56943,3.6435,12,complete_12_months,available,available_complete,Zillow ZHVI county,annual_mean_zhvi,ACS 2015 5-year B19013
GA,13085,Dawson County,2016,217596.16,59265,3.6716,12,complete_12_months,available,available_complete,Zillow ZHVI county,annual_mean_zhvi,ACS 2016 5-year B19013
GA,13085,Dawson County,2017,233162.24,62284,3.7435,12,complete_12_months,available,available_complete,Zillow ZHVI county,annual_mean_zhvi,ACS 2017 5-year B19013
GA,13085,Dawson County,2018,259981.02,65805,3.9508,12,complete_12_months,available,available_complete,Zillow ZHVI county,annual_mean_zhvi,ACS 2018 5-year B19013
GA,13085,Dawson County,2019,278437.43,66281,4.2009,12,complete_12_months,available,available_complete,Zillow ZHVI county,annual_mean_zhvi,ACS 2019 5-year B19013
GA,13085,Dawson County,2020,297206.32,72260,4.113,12,complete_12_months,available,available_complete,Zillow ZHVI county,annual_mean_zhvi,ACS 2020 5-year B19013
GA,13085,Dawson County,2021,353923.61,77630,4.5591,12,complete_12_months,available,available_complete,Zillow ZHVI county,annual_mean_zhvi,ACS 2021 5-year B19013
GA,13085,Dawson County,2022,422584.04,84516,5.0,12,complete_12_months,available,available_complete,Zillow ZHVI county,annual_mean_zhvi,ACS 2022 5-year B19013
GA,13085,Dawson County,2023,438522.48,88986,4.928,12,complete_12_months,available,available_complete,Zillow ZHVI county,annual_mean_zhvi,ACS 2023 5-year B19013
GA,13085,Dawson County,2024,464493.52,92991,4.995,12,complete_12_months,available,available_complete,Zillow ZHVI county,annual_mean_zhvi,ACS 2024 5-year B19013
GA,13087,Decatur County,2015,101953.34,31284,3.259,12,complete_12_months,available,available_complete,Zillow ZHVI county,annual_mean_zhvi,ACS 2015 5-year B19013
GA,13087,Decatur County,2016,102044.7,33514,3.0448,12,complete_12_months,available,available_complete,Zillow ZHVI county,annual_mean_zhvi,ACS 2016 5-year B19013
GA,13087,Decatur County,2017,99239.02,36934,2.6869,12,complete_12_months,available,available_complete,Zillow ZHVI county,annual_mean_zhvi,ACS 2017 5-year B19013
GA,13087,Decatur County,2018,101868.46,39148,2.6021,12,complete_12_months,available,available_complete,Zillow ZHVI county,annual_mean_zhvi,ACS 2018 5-year B19013
GA,13087,Decatur County,2019,109997.11,41481,2.6517,12,complete_12_months,available,available_complete,Zillow ZHVI county,annual_mean_zhvi,ACS 2019 5-year B19013
GA,13087,Decatur County,2020,119585.53,40567,2.9479,12,complete_12_months,available,available_complete,Zillow ZHVI county,annual_mean_zhvi,ACS 2020 5-year B19013
GA,13087,Decatur County,2021,137162.16,45134,3.039,12,complete_12_months,available,available_complete,Zillow ZHVI county,annual_mean_zhvi,ACS 2021 5-year B19013
GA,13087,Decatur County,2022,158639.1,47383,3.348,12,complete_12_months,available,available_complete,Zillow ZHVI county,annual_mean_zhvi,ACS 2022 5-year B19013
GA,13087,Decatur County,2023,168770.84,50485,3.343,12,complete_12_months,available,available_complete,Zillow ZHVI county,annual_mean_zhvi,ACS 2023 5-year B19013
GA,13087,Decatur County,2024,175660.48,53317,3.2946,12,complete_12_months,available,available_complete,Zillow ZHVI county,annual_mean_zhvi,ACS 2024 5-year B19013
GA,13089,DeKalb County,2015,167592.12,51376,3.2621,12,complete_12_months,available,available_complete,Zillow ZHVI county,annual_mean_zhvi,ACS 2015 5-year B19013
GA,13089,DeKalb County,2016,185554.64,52623,3.5261,12,complete_12_months,available,available_complete,Zillow ZHVI county,annual_mean_zhvi,ACS 2016 5-year B19013
GA,13089,DeKalb County,2017,205917.2,55876,3.6853,12,complete_12_months,available,available_complete,Zillow ZHVI county,annual_mean_zhvi,ACS 2017 5-year B19013
GA,13089,DeKalb County,2018,229115.32,59280,3.865,12,complete_12_months,available,available_complete,Zillow ZHVI county,annual_mean_zhvi,ACS 2018 5-year B19013
GA,13089,DeKalb County,2019,243868.83,62399,3.9082,12,complete_12_months,available,available_complete,Zillow ZHVI county,annual_mean_zhvi,ACS 2019 5-year B19013
GA,13089,DeKalb County,2020,256103.14,65116,3.933,12,complete_12_months,available,available_complete,Zillow ZHVI county,annual_mean_zhvi,ACS 2020 5-year B19013
GA,13089,DeKalb County,2021,299066.56,69423,4.3079,12,complete_12_months,available,available_complete,Zillow ZHVI county,annual_mean_zhvi,ACS 2021 5-year B19013
GA,13089,DeKalb County,2022,353726.76,76044,4.6516,12,complete_12_months,available,available_complete,Zillow ZHVI county,annual_mean_zhvi,ACS 2022 5-year B19013
GA,13089,DeKalb County,2023,357123.91,77683,4.5972,12,complete_12_months,available,available_complete,Zillow ZHVI county,annual_mean_zhvi,ACS 2023 5-year B19013
GA,13089,DeKalb County,2024,362896.66,80644,4.5,12,complete_12_months,available,available_complete,Zillow ZHVI county,annual_mean_zhvi,ACS 2024 5-year B19013
GA,13091,Dodge County,2015,92070.8,34271,2.6866,12,complete_12_months,available,available_complete,Zillow ZHVI county,annual_mean_zhvi,ACS 2015 5-year B19013
GA,13091,Dodge County,2016,93683.79,35544,2.6357,12,complete_12_months,available,available_complete,Zillow ZHVI county,annual_mean_zhvi,ACS 2016 5-year B19013
GA,13091,Dodge County,2017,95506.29,35290,2.7063,12,complete_12_months,available,available_complete,Zillow ZHVI county,annual_mean_zhvi,ACS 2017 5-year B19013
GA,13091,Dodge County,2018,99596.22,35757,2.7854,12,complete_12_months,available,available_complete,Zillow ZHVI county,annual_mean_zhvi,ACS 2018 5-year B19013
GA,13091,Dodge County,2019,104172.55,39302,2.6506,12,complete_12_months,available,available_complete,Zillow ZHVI county,annual_mean_zhvi,ACS 2019 5-year B19013
GA,13091,Dodge County,2020,114136.74,42211,2.704,12,complete_12_months,available,available_complete,Zillow ZHVI county,annual_mean_zhvi,ACS 2020 5-year B19013
GA,13091,Dodge County,2021,137376.53,41362,3.3213,12,complete_12_months,available,available_complete,Zillow ZHVI county,annual_mean_zhvi,ACS 2021 5-year B19013
GA,13091,Dodge County,2022,151904.21,46091,3.2957,12,complete_12_months,available,available_complete,Zillow ZHVI county,annual_mean_zhvi,ACS 2022 5-year B19013
GA,13091,Dodge County,2023,151641.46,50152,3.0236,12,complete_12_months,available,available_complete,Zillow ZHVI county,annual_mean_zhvi,ACS 2023 5-year B19013
GA,13091,Dodge County,2024,153069.66,51587,2.9672,12,complete_12_months,available,available_complete,Zillow ZHVI county,annual_mean_zhvi,ACS 2024 5-year B19013
GA,13093,Dooly County,2015,81235.84,28696,2.8309,12,complete_12_months,available,available_complete,Zillow ZHVI county,annual_mean_zhvi,ACS 2015 5-year B19013
GA,13093,Dooly County,2016,86483.94,33319,2.5956,12,complete_12_months,available,available_complete,Zillow ZHVI county,annual_mean_zhvi,ACS 2016 5-year B19013
GA,13093,Dooly County,2017,83514.76,33389,2.5013,12,complete_12_months,available,available_complete,Zillow ZHVI county,annual_mean_zhvi,ACS 2017 5-year B19013
GA,13093,Dooly County,2018,87271.66,35629,2.4495,12,complete_12_months,available,available_complete,Zillow ZHVI county,annual_mean_zhvi,ACS 2018 5-year B19013
GA,13093,Dooly County,2019,89868.38,37340,2.4068,12,complete_12_months,available,available_complete,Zillow ZHVI county,annual_mean_zhvi,ACS 2019 5-year B19013
GA,13093,Dooly County,2020,95261.14,48039,1.983,12,complete_12_months,available,available_complete,Zillow ZHVI county,annual_mean_zhvi,ACS 2020 5-year B19013
GA,13093,Dooly County,2021,112315.5,39641,2.8333,12,complete_12_months,available,available_complete,Zillow ZHVI county,annual_mean_zhvi,ACS 2021 5-year B19013
GA,13093,Dooly County,2022,124439.83,54109,2.2998,12,complete_12_months,available,available_complete,Zillow ZHVI county,annual_mean_zhvi,ACS 2022 5-year B19013
GA,13093,Dooly County,2023,129365.41,56545,2.2878,12,complete_12_months,available,available_complete,Zillow ZHVI county,annual_mean_zhvi,ACS 2023 5-year B19013
GA,13093,Dooly County,2024,138771.62,60987,2.2754,12,complete_12_months,available,available_complete,Zillow ZHVI county,annual_mean_zhvi,ACS 2024 5-year B19013
GA,13095,Dougherty County,2015,73901.4,32084,2.3034,12,complete_12_months,available,available_complete,Zillow ZHVI county,annual_mean_zhvi,ACS 2015 5-year B19013
GA,13095,Dougherty County,2016,73881.41,33605,2.1985,12,complete_12_months,available,available_complete,Zillow ZHVI county,annual_mean_zhvi,ACS 2016 5-year B19013
GA,13095,Dougherty County,2017,71218.65,34541,2.0619,12,complete_12_months,available,available_complete,Zillow ZHVI county,annual_mean_zhvi,ACS 2017 5-year B19013
GA,13095,Dougherty County,2018,77525.38,37633,2.06,12,complete_12_months,available,available_complete,Zillow ZHVI county,annual_mean_zhvi,ACS 2018 5-year B19013
GA,13095,Dougherty County,2019,80761.34,39584,2.0403,12,complete_12_months,available,available_complete,Zillow ZHVI county,annual_mean_zhvi,ACS 2019 5-year B19013
GA,13095,Dougherty County,2020,87729.81,40947,2.1425,12,complete_12_months,available,available_complete,Zillow ZHVI county,annual_mean_zhvi,ACS 2020 5-year B19013
GA,13095,Dougherty County,2021,100148.66,42225,2.3718,12,complete_12_months,available,available_complete,Zillow ZHVI county,annual_mean_zhvi,ACS 2021 5-year B19013
GA,13095,Dougherty County,2022,119902.81,45640,2.6271,12,complete_12_months,available,available_complete,Zillow ZHVI county,annual_mean_zhvi,ACS 2022 5-year B19013
GA,13095,Dougherty County,2023,127374.66,46784,2.7226,12,complete_12_months,available,available_complete,Zillow ZHVI county,annual_mean_zhvi,ACS 2023 5-year B19013
GA,13095,Dougherty County,2024,135587.67,49044,2.7646,12,complete_12_months,available,available_complete,Zillow ZHVI county,annual_mean_zhvi,ACS 2024 5-year B19013
GA,13097,Douglas County,2015,141729.11,53881,2.6304,12,complete_12_months,available,available_complete,Zillow ZHVI county,annual_mean_zhvi,ACS 2015 5-year B19013
GA,13097,Douglas County,2016,150721.87,57384,2.6265,12,complete_12_months,available,available_complete,Zillow ZHVI county,annual_mean_zhvi,ACS 2016 5-year B19013
GA,13097,Douglas County,2017,163955.66,59333,2.7633,12,complete_12_months,available,available_complete,Zillow ZHVI county,annual_mean_zhvi,ACS 2017 5-year B19013
GA,13097,Douglas County,2018,180974.03,62147,2.912,12,complete_12_months,available,available_complete,Zillow ZHVI county,annual_mean_zhvi,ACS 2018 5-year B19013
GA,13097,Douglas County,2019,194203.58,63835,3.0423,12,complete_12_months,available,available_complete,Zillow ZHVI county,annual_mean_zhvi,ACS 2019 5-year B19013
GA,13097,Douglas County,2020,209097.99,67651,3.0908,12,complete_12_months,available,available_complete,Zillow ZHVI county,annual_mean_zhvi,ACS 2020 5-year B19013
GA,13097,Douglas County,2021,257613.65,67731,3.8035,12,complete_12_months,available,available_complete,Zillow ZHVI county,annual_mean_zhvi,ACS 2021 5-year B19013
GA,13097,Douglas County,2022,318545.22,76930,4.1407,12,complete_12_months,available,available_complete,Zillow ZHVI county,annual_mean_zhvi,ACS 2022 5-year B19013
GA,13097,Douglas County,2023,323634.33,80764,4.0072,12,complete_12_months,available,available_complete,Zillow ZHVI county,annual_mean_zhvi,ACS 2023 5-year B19013
GA,13097,Douglas County,2024,327265.84,82984,3.9437,12,complete_12_months,available,available_complete,Zillow ZHVI county,annual_mean_zhvi,ACS 2024 5-year B19013
GA,13099,Early County,2015,77228.46,31680,2.4378,12,complete_12_months,available,available_complete,Zillow ZHVI county,annual_mean_zhvi,ACS 2015 5-year B19013
GA,13099,Early County,2016,80483.95,28599,2.8142,12,complete_12_months,available,available_complete,Zillow ZHVI county,annual_mean_zhvi,ACS 2016 5-year B19013
GA,13099,Early County,2017,81505.28,29493,2.7635,12,complete_12_months,available,available_complete,Zillow ZHVI county,annual_mean_zhvi,ACS 2017 5-year B19013
GA,13099,Early County,2018,87233.65,31567,2.7634,12,complete_12_months,available,available_complete,Zillow ZHVI county,annual_mean_zhvi,ACS 2018 5-year B19013
GA,13099,Early County,2019,92770.94,30640,3.0278,12,complete_12_months,available,available_complete,Zillow ZHVI county,annual_mean_zhvi,ACS 2019 5-year B19013
GA,13099,Early County,2020,98428.98,34811,2.8275,12,complete_12_months,available,available_complete,Zillow ZHVI county,annual_mean_zhvi,ACS 2020 5-year B19013
GA,13099,Early County,2021,109376.38,39665,2.7575,12,complete_12_months,available,available_complete,Zillow ZHVI county,annual_mean_zhvi,ACS 2021 5-year B19013
GA,13099,Early County,2022,123335.6,48355,2.5506,12,complete_12_months,available,available_complete,Zillow ZHVI county,annual_mean_zhvi,ACS 2022 5-year B19013
GA,13099,Early County,2023,125067.62,53750,2.3268,12,complete_12_months,available,available_complete,Zillow ZHVI county,annual_mean_zhvi,ACS 2023 5-year B19013
GA,13099,Early County,2024,125471.37,54083,2.32,12,complete_12_months,available,available_complete,Zillow ZHVI county,annual_mean_zhvi,ACS 2024 5-year B19013
GA,13101,Echols County,2015,104704.27,32959,3.1768,12,complete_12_months,available,available_complete,Zillow ZHVI county,annual_mean_zhvi,ACS 2015 5-year B19013
GA,13101,Echols County,2016,107184.82,35354,3.0318,12,complete_12_months,available,available_complete,Zillow ZHVI county,annual_mean_zhvi,ACS 2016 5-year B19013
GA,13101,Echols County,2017,110208.95,34315,3.2117,12,complete_12_months,available,available_complete,Zillow ZHVI county,annual_mean_zhvi,ACS 2017 5-year B19013
GA,13101,Echols County,2018,114999.37,34447,3.3384,12,complete_12_months,available,available_complete,Zillow ZHVI county,annual_mean_zhvi,ACS 2018 5-year B19013
GA,13101,Echols County,2019,124597.54,39494,3.1548,12,complete_12_months,available,available_complete,Zillow ZHVI county,annual_mean_zhvi,ACS 2019 5-year B19013
GA,13101,Echols County,2020,137196.35,44454,3.0863,12,complete_12_months,available,available_complete,Zillow ZHVI county,annual_mean_zhvi,ACS 2020 5-year B19013
GA,13101,Echols County,2021,155446.21,45151,3.4428,12,complete_12_months,available,available_complete,Zillow ZHVI county,annual_mean_zhvi,ACS 2021 5-year B19013
GA,13101,Echols County,2022,168486.44,61184,2.7538,12,complete_12_months,available,available_complete,Zillow ZHVI county,annual_mean_zhvi,ACS 2022 5-year B19013
GA,13101,Echols County,2023,165197.73,61723,2.6764,12,complete_12_months,available,available_complete,Zillow ZHVI county,annual_mean_zhvi,ACS 2023 5-year B19013
GA,13101,Echols County,2024,171483.33,59489,2.8826,12,complete_12_months,available,available_complete,Zillow ZHVI county,annual_mean_zhvi,ACS 2024 5-year B19013
GA,13103,Effingham County,2015,170428.99,63100,2.7009,12,complete_12_months,available,available_complete,Zillow ZHVI county,annual_mean_zhvi,ACS 2015 5-year B19013
GA,13103,Effingham County,2016,177277.79,62820,2.822,12,complete_12_months,available,available_complete,Zillow ZHVI county,annual_mean_zhvi,ACS 2016 5-year B19013
GA,13103,Effingham County,2017,179787.97,64279,2.797,12,complete_12_months,available,available_complete,Zillow ZHVI county,annual_mean_zhvi,ACS 2017 5-year B19013
GA,13103,Effingham County,2018,187980.82,65153,2.8852,12,complete_12_months,available,available_complete,Zillow ZHVI county,annual_mean_zhvi,ACS 2018 5-year B19013
GA,13103,Effingham County,2019,204032.25,66822,3.0534,12,complete_12_months,available,available_complete,Zillow ZHVI county,annual_mean_zhvi,ACS 2019 5-year B19013
GA,13103,Effingham County,2020,215209.44,67050,3.2097,12,complete_12_months,available,available_complete,Zillow ZHVI county,annual_mean_zhvi,ACS 2020 5-year B19013
GA,13103,Effingham County,2021,242938.98,72279,3.3611,12,complete_12_months,available,available_complete,Zillow ZHVI county,annual_mean_zhvi,ACS 2021 5-year B19013
GA,13103,Effingham County,2022,285360.91,79474,3.5906,12,complete_12_months,available,available_complete,Zillow ZHVI county,annual_mean_zhvi,ACS 2022 5-year B19013
GA,13103,Effingham County,2023,311327.59,85465,3.6427,12,complete_12_months,available,available_complete,Zillow ZHVI county,annual_mean_zhvi,ACS 2023 5-year B19013
GA,13103,Effingham County,2024,335715.41,88438,3.7961,12,complete_12_months,available,available_complete,Zillow ZHVI county,annual_mean_zhvi,ACS 2024 5-year B19013
GA,13105,Elbert County,2015,76270.16,35388,2.1553,12,complete_12_months,available,available_complete,Zillow ZHVI county,annual_mean_zhvi,ACS 2015 5-year B19013
GA,13105,Elbert County,2016,81011.11,35739,2.2667,12,complete_12_months,available,available_complete,Zillow ZHVI county,annual_mean_zhvi,ACS 2016 5-year B19013
GA,13105,Elbert County,2017,83517.35,35207,2.3722,12,complete_12_months,available,available_complete,Zillow ZHVI county,annual_mean_zhvi,ACS 2017 5-year B19013
GA,13105,Elbert County,2018,90580.87,37943,2.3873,12,complete_12_months,available,available_complete,Zillow ZHVI county,annual_mean_zhvi,ACS 2018 5-year B19013
GA,13105,Elbert County,2019,99099.35,38678,2.5622,12,complete_12_months,available,available_complete,Zillow ZHVI county,annual_mean_zhvi,ACS 2019 5-year B19013
GA,13105,Elbert County,2020,106908.33,39323,2.7187,12,complete_12_months,available,available_complete,Zillow ZHVI county,annual_mean_zhvi,ACS 2020 5-year B19013
GA,13105,Elbert County,2021,128311.86,39904,3.2155,12,complete_12_months,available,available_complete,Zillow ZHVI county,annual_mean_zhvi,ACS 2021 5-year B19013
GA,13105,Elbert County,2022,152173.25,48190,3.1578,12,complete_12_months,available,available_complete,Zillow ZHVI county,annual_mean_zhvi,ACS 2022 5-year B19013
GA,13105,Elbert County,2023,160006.68,49727,3.2177,12,complete_12_months,available,available_complete,Zillow ZHVI county,annual_mean_zhvi,ACS 2023 5-year B19013
GA,13105,Elbert County,2024,173297.62,58450,2.9649,12,complete_12_months,available,available_complete,Zillow ZHVI county,annual_mean_zhvi,ACS 2024 5-year B19013
GA,13107,Emanuel County,2015,68244.06,32229,2.1175,12,complete_12_months,available,available_complete,Zillow ZHVI county,annual_mean_zhvi,ACS 2015 5-year B19013
GA,13107,Emanuel County,2016,69577.82,31522,2.2073,12,complete_12_months,available,available_complete,Zillow ZHVI county,annual_mean_zhvi,ACS 2016 5-year B19013
GA,13107,Emanuel County,2017,71142.1,33089,2.15,12,complete_12_months,available,available_complete,Zillow ZHVI county,annual_mean_zhvi,ACS 2017 5-year B19013
GA,13107,Emanuel County,2018,73009.67,34946,2.0892,12,complete_12_months,available,available_complete,Zillow ZHVI county,annual_mean_zhvi,ACS 2018 5-year B19013
GA,13107,Emanuel County,2019,79445.25,37453,2.1212,12,complete_12_months,available,available_complete,Zillow ZHVI county,annual_mean_zhvi,ACS 2019 5-year B19013
GA,13107,Emanuel County,2020,87444.62,38423,2.2758,12,complete_12_months,available,available_complete,Zillow ZHVI county,annual_mean_zhvi,ACS 2020 5-year B19013
GA,13107,Emanuel County,2021,102304.94,42880,2.3858,12,complete_12_months,available,available_complete,Zillow ZHVI county,annual_mean_zhvi,ACS 2021 5-year B19013
GA,13107,Emanuel County,2022,118646.74,47905,2.4767,12,complete_12_months,available,available_complete,Zillow ZHVI county,annual_mean_zhvi,ACS 2022 5-year B19013
GA,13107,Emanuel County,2023,122967.06,50053,2.4567,12,complete_12_months,available,available_complete,Zillow ZHVI county,annual_mean_zhvi,ACS 2023 5-year B19013
GA,13107,Emanuel County,2024,134709.77,52772,2.5527,12,complete_12_months,available,available_complete,Zillow ZHVI county,annual_mean_zhvi,ACS 2024 5-year B19013
GA,13109,Evans County,2015,93595.27,37865,2.4718,12,complete_12_months,available,available_complete,Zillow ZHVI county,annual_mean_zhvi,ACS 2015 5-year B19013
GA,13109,Evans County,2016,96567.38,40594,2.3789,12,complete_12_months,available,available_complete,Zillow ZHVI county,annual_mean_zhvi,ACS 2016 5-year B19013
GA,13109,Evans County,2017,97645.55,38736,2.5208,12,complete_12_months,available,available_complete,Zillow ZHVI county,annual_mean_zhvi,ACS 2017 5-year B19013
GA,13109,Evans County,2018,106842.64,39701,2.6912,12,complete_12_months,available,available_complete,Zillow ZHVI county,annual_mean_zhvi,ACS 2018 5-year B19013
GA,13109,Evans County,2019,113043.18,42607,2.6532,12,complete_12_months,available,available_complete,Zillow ZHVI county,annual_mean_zhvi,ACS 2019 5-year B19013
GA,13109,Evans County,2020,121082.54,46392,2.61,12,complete_12_months,available,available_complete,Zillow ZHVI county,annual_mean_zhvi,ACS 2020 5-year B19013
GA,13109,Evans County,2021,144326.68,49325,2.926,12,complete_12_months,available,available_complete,Zillow ZHVI county,annual_mean_zhvi,ACS 2021 5-year B19013
GA,13109,Evans County,2022,165312.27,55222,2.9936,12,complete_12_months,available,available_complete,Zillow ZHVI county,annual_mean_zhvi,ACS 2022 5-year B19013
GA,13109,Evans County,2023,169717.26,53908,3.1483,12,complete_12_months,available,available_complete,Zillow ZHVI county,annual_mean_zhvi,ACS 2023 5-year B19013
GA,13109,Evans County,2024,177889.73,53259,3.3401,12,complete_12_months,available,available_complete,Zillow ZHVI county,annual_mean_zhvi,ACS 2024 5-year B19013
GA,13111,Fannin County,2015,219068.66,37049,5.9129,12,complete_12_months,available,available_complete,Zillow ZHVI county,annual_mean_zhvi,ACS 2015 5-year B19013
GA,13111,Fannin County,2016,237760.01,39011,6.0947,12,complete_12_months,available,available_complete,Zillow ZHVI county,annual_mean_zhvi,ACS 2016 5-year B19013
GA,13111,Fannin County,2017,257750.94,43344,5.9466,12,complete_12_months,available,available_complete,Zillow ZHVI county,annual_mean_zhvi,ACS 2017 5-year B19013
GA,13111,Fannin County,2018,285877.84,45647,6.2628,12,complete_12_months,available,available_complete,Zillow ZHVI county,annual_mean_zhvi,ACS 2018 5-year B19013
GA,13111,Fannin County,2019,305628.63,47997,6.3677,12,complete_12_months,available,available_complete,Zillow ZHVI county,annual_mean_zhvi,ACS 2019 5-year B19013
GA,13111,Fannin County,2020,333158.78,46028,7.2382,12,complete_12_months,available,available_complete,Zillow ZHVI county,annual_mean_zhvi,ACS 2020 5-year B19013
GA,13111,Fannin County,2021,433455.29,49810,8.7022,12,complete_12_months,available,available_complete,Zillow ZHVI county,annual_mean_zhvi,ACS 2021 5-year B19013
GA,13111,Fannin County,2022,521919.1,54857,9.5142,12,complete_12_months,available,available_complete,Zillow ZHVI county,annual_mean_zhvi,ACS 2022 5-year B19013
GA,13111,Fannin County,2023,497917.79,58073,8.574,12,complete_12_months,available,available_complete,Zillow ZHVI county,annual_mean_zhvi,ACS 2023 5-year B19013
GA,13111,Fannin County,2024,506299.57,57073,8.8711,12,complete_12_months,available,available_complete,Zillow ZHVI county,annual_mean_zhvi,ACS 2024 5-year B19013
GA,13113,Fayette County,2015,258111.35,79066,3.2645,12,complete_12_months,available,available_complete,Zillow ZHVI county,annual_mean_zhvi,ACS 2015 5-year B19013
GA,13113,Fayette County,2016,276787.87,81689,3.3883,12,complete_12_months,available,available_complete,Zillow ZHVI county,annual_mean_zhvi,ACS 2016 5-year B19013
GA,13113,Fayette County,2017,298127.61,84861,3.5131,12,complete_12_months,available,available_complete,Zillow ZHVI county,annual_mean_zhvi,ACS 2017 5-year B19013
GA,13113,Fayette County,2018,315511.34,87272,3.6153,12,complete_12_months,available,available_complete,Zillow ZHVI county,annual_mean_zhvi,ACS 2018 5-year B19013
GA,13113,Fayette County,2019,331681.61,90145,3.6794,12,complete_12_months,available,available_complete,Zillow ZHVI county,annual_mean_zhvi,ACS 2019 5-year B19013
GA,13113,Fayette County,2020,348079.53,93777,3.7118,12,complete_12_months,available,available_complete,Zillow ZHVI county,annual_mean_zhvi,ACS 2020 5-year B19013
GA,13113,Fayette County,2021,393746.74,96084,4.0979,12,complete_12_months,available,available_complete,Zillow ZHVI county,annual_mean_zhvi,ACS 2021 5-year B19013
GA,13113,Fayette County,2022,456413.25,105910,4.3094,12,complete_12_months,available,available_complete,Zillow ZHVI county,annual_mean_zhvi,ACS 2022 5-year B19013
GA,13113,Fayette County,2023,477090.43,108986,4.3775,12,complete_12_months,available,available_complete,Zillow ZHVI county,annual_mean_zhvi,ACS 2023 5-year B19013
GA,13113,Fayette County,2024,498013.11,111978,4.4474,12,complete_12_months,available,available_complete,Zillow ZHVI county,annual_mean_zhvi,ACS 2024 5-year B19013
GA,13115,Floyd County,2015,108597.55,41549,2.6137,12,complete_12_months,available,available_complete,Zillow ZHVI county,annual_mean_zhvi,ACS 2015 5-year B19013
GA,13115,Floyd County,2016,115327.19,42955,2.6848,12,complete_12_months,available,available_complete,Zillow ZHVI county,annual_mean_zhvi,ACS 2016 5-year B19013
GA,13115,Floyd County,2017,117284.84,46096,2.5444,12,complete_12_months,available,available_complete,Zillow ZHVI county,annual_mean_zhvi,ACS 2017 5-year B19013
GA,13115,Floyd County,2018,127023.32,46367,2.7395,12,complete_12_months,available,available_complete,Zillow ZHVI county,annual_mean_zhvi,ACS 2018 5-year B19013
GA,13115,Floyd County,2019,143061.83,48336,2.9597,12,complete_12_months,available,available_complete,Zillow ZHVI county,annual_mean_zhvi,ACS 2019 5-year B19013
GA,13115,Floyd County,2020,156544.51,50657,3.0903,12,complete_12_months,available,available_complete,Zillow ZHVI county,annual_mean_zhvi,ACS 2020 5-year B19013
GA,13115,Floyd County,2021,182262.11,52388,3.4791,12,complete_12_months,available,available_complete,Zillow ZHVI county,annual_mean_zhvi,ACS 2021 5-year B19013
GA,13115,Floyd County,2022,213746.84,57868,3.6937,12,complete_12_months,available,available_complete,Zillow ZHVI county,annual_mean_zhvi,ACS 2022 5-year B19013
GA,13115,Floyd County,2023,219581.49,62540,3.5111,12,complete_12_months,available,available_complete,Zillow ZHVI county,annual_mean_zhvi,ACS 2023 5-year B19013
GA,13115,Floyd County,2024,229705.78,65565,3.5035,12,complete_12_months,available,available_complete,Zillow ZHVI county,annual_mean_zhvi,ACS 2024 5-year B19013
GA,13117,Forsyth County,2015,312592.26,88816,3.5195,12,complete_12_months,available,available_complete,Zillow ZHVI county,annual_mean_zhvi,ACS 2015 5-year B19013
GA,13117,Forsyth County,2016,328831.21,91842,3.5804,12,complete_12_months,available,available_complete,Zillow ZHVI county,annual_mean_zhvi,ACS 2016 5-year B19013
GA,13117,Forsyth County,2017,348096.35,96445,3.6093,12,complete_12_months,available,available_complete,Zillow ZHVI county,annual_mean_zhvi,ACS 2017 5-year B19013
GA,13117,Forsyth County,2018,365636.83,101743,3.5937,12,complete_12_months,available,available_complete,Zillow ZHVI county,annual_mean_zhvi,ACS 2018 5-year B19013
GA,13117,Forsyth County,2019,375220.42,107218,3.4996,12,complete_12_months,available,available_complete,Zillow ZHVI county,annual_mean_zhvi,ACS 2019 5-year B19013
GA,13117,Forsyth County,2020,390069.51,112834,3.457,12,complete_12_months,available,available_complete,Zillow ZHVI county,annual_mean_zhvi,ACS 2020 5-year B19013
GA,13117,Forsyth County,2021,460156.82,120999,3.803,12,complete_12_months,available,available_complete,Zillow ZHVI county,annual_mean_zhvi,ACS 2021 5-year B19013
GA,13117,Forsyth County,2022,574541.51,131660,4.3638,12,complete_12_months,available,available_complete,Zillow ZHVI county,annual_mean_zhvi,ACS 2022 5-year B19013
GA,13117,Forsyth County,2023,600063.73,138000,4.3483,12,complete_12_months,available,available_complete,Zillow ZHVI county,annual_mean_zhvi,ACS 2023 5-year B19013
GA,13117,Forsyth County,2024,642703.87,143784,4.4699,12,complete_12_months,available,available_complete,Zillow ZHVI county,annual_mean_zhvi,ACS 2024 5-year B19013
GA,13119,Franklin County,2015,114657.54,33816,3.3906,12,complete_12_months,available,available_complete,Zillow ZHVI county,annual_mean_zhvi,ACS 2015 5-year B19013
GA,13119,Franklin County,2016,123423.99,37298,3.3091,12,complete_12_months,available,available_complete,Zillow ZHVI county,annual_mean_zhvi,ACS 2016 5-year B19013
GA,13119,Franklin County,2017,129638.04,39246,3.3032,12,complete_12_months,available,available_complete,Zillow ZHVI county,annual_mean_zhvi,ACS 2017 5-year B19013
GA,13119,Franklin County,2018,142310.25,40198,3.5402,12,complete_12_months,available,available_complete,Zillow ZHVI county,annual_mean_zhvi,ACS 2018 5-year B19013
GA,13119,Franklin County,2019,155009.1,42488,3.6483,12,complete_12_months,available,available_complete,Zillow ZHVI county,annual_mean_zhvi,ACS 2019 5-year B19013
GA,13119,Franklin County,2020,172649.65,47821,3.6103,12,complete_12_months,available,available_complete,Zillow ZHVI county,annual_mean_zhvi,ACS 2020 5-year B19013
GA,13119,Franklin County,2021,212624.27,49636,4.2837,12,complete_12_months,available,available_complete,Zillow ZHVI county,annual_mean_zhvi,ACS 2021 5-year B19013
GA,13119,Franklin County,2022,253076.35,52597,4.8116,12,complete_12_months,available,available_complete,Zillow ZHVI county,annual_mean_zhvi,ACS 2022 5-year B19013
GA,13119,Franklin County,2023,265257.95,52264,5.0753,12,complete_12_months,available,available_complete,Zillow ZHVI county,annual_mean_zhvi,ACS 2023 5-year B19013
GA,13119,Franklin County,2024,280452.15,53046,5.287,12,complete_12_months,available,available_complete,Zillow ZHVI county,annual_mean_zhvi,ACS 2024 5-year B19013
GA,13121,Fulton County,2015,227904.39,57207,3.9839,12,complete_12_months,available,available_complete,Zillow ZHVI county,annual_mean_zhvi,ACS 2015 5-year B19013
GA,13121,Fulton County,2016,250990.24,58851,4.2648,12,complete_12_months,available,available_complete,Zillow ZHVI county,annual_mean_zhvi,ACS 2016 5-year B19013
GA,13121,Fulton County,2017,272581.81,61336,4.4441,12,complete_12_months,available,available_complete,Zillow ZHVI county,annual_mean_zhvi,ACS 2017 5-year B19013
GA,13121,Fulton County,2018,296242.22,64787,4.5726,12,complete_12_months,available,available_complete,Zillow ZHVI county,annual_mean_zhvi,ACS 2018 5-year B19013
GA,13121,Fulton County,2019,312690.77,69673,4.488,12,complete_12_months,available,available_complete,Zillow ZHVI county,annual_mean_zhvi,ACS 2019 5-year B19013
GA,13121,Fulton County,2020,324991.43,72741,4.4678,12,complete_12_months,available,available_complete,Zillow ZHVI county,annual_mean_zhvi,ACS 2020 5-year B19013
GA,13121,Fulton County,2021,366995.78,77635,4.7272,12,complete_12_months,available,available_complete,Zillow ZHVI county,annual_mean_zhvi,ACS 2021 5-year B19013
GA,13121,Fulton County,2022,428055.04,86267,4.962,12,complete_12_months,available,available_complete,Zillow ZHVI county,annual_mean_zhvi,ACS 2022 5-year B19013
GA,13121,Fulton County,2023,435188.85,91490,4.7567,12,complete_12_months,available,available_complete,Zillow ZHVI county,annual_mean_zhvi,ACS 2023 5-year B19013
GA,13121,Fulton County,2024,444495.99,95292,4.6646,12,complete_12_months,available,available_complete,Zillow ZHVI county,annual_mean_zhvi,ACS 2024 5-year B19013
GA,13123,Gilmer County,2015,158709.05,40228,3.9452,12,complete_12_months,available,available_complete,Zillow ZHVI county,annual_mean_zhvi,ACS 2015 5-year B19013
GA,13123,Gilmer County,2016,168183.52,43775,3.842,12,complete_12_months,available,available_complete,Zillow ZHVI county,annual_mean_zhvi,ACS 2016 5-year B19013
GA,13123,Gilmer County,2017,184124.53,46211,3.9844,12,complete_12_months,available,available_complete,Zillow ZHVI county,annual_mean_zhvi,ACS 2017 5-year B19013
GA,13123,Gilmer County,2018,205579.05,49389,4.1624,12,complete_12_months,available,available_complete,Zillow ZHVI county,annual_mean_zhvi,ACS 2018 5-year B19013
GA,13123,Gilmer County,2019,227056.3,52625,4.3146,12,complete_12_months,available,available_complete,Zillow ZHVI county,annual_mean_zhvi,ACS 2019 5-year B19013
GA,13123,Gilmer County,2020,247954.51,57376,4.3216,12,complete_12_months,available,available_complete,Zillow ZHVI county,annual_mean_zhvi,ACS 2020 5-year B19013
GA,13123,Gilmer County,2021,323527.58,60504,5.3472,12,complete_12_months,available,available_complete,Zillow ZHVI county,annual_mean_zhvi,ACS 2021 5-year B19013
GA,13123,Gilmer County,2022,406180.02,70334,5.775,12,complete_12_months,available,available_complete,Zillow ZHVI county,annual_mean_zhvi,ACS 2022 5-year B19013
GA,13123,Gilmer County,2023,412428.42,72542,5.6854,12,complete_12_months,available,available_complete,Zillow ZHVI county,annual_mean_zhvi,ACS 2023 5-year B19013
GA,13123,Gilmer County,2024,424614.68,74499,5.6996,12,complete_12_months,available,available_complete,Zillow ZHVI county,annual_mean_zhvi,ACS 2024 5-year B19013
GA,13125,Glascock County,2015,,40759,,0,source_data_unavailable,available,source_data_unavailable,Zillow ZHVI county,annual_mean_zhvi,ACS 2015 5-year B19013
GA,13125,Glascock County,2016,,43884,,0,source_data_unavailable,available,source_data_unavailable,Zillow ZHVI county,annual_mean_zhvi,ACS 2016 5-year B19013
GA,13125,Glascock County,2017,,45273,,0,source_data_unavailable,available,source_data_unavailable,Zillow ZHVI county,annual_mean_zhvi,ACS 2017 5-year B19013
GA,13125,Glascock County,2018,,41686,,0,source_data_unavailable,available,source_data_unavailable,Zillow ZHVI county,annual_mean_zhvi,ACS 2018 5-year B19013
GA,13125,Glascock County,2019,,45000,,0,source_data_unavailable,available,source_data_unavailable,Zillow ZHVI county,annual_mean_zhvi,ACS 2019 5-year B19013
GA,13125,Glascock County,2020,,46500,,0,source_data_unavailable,available,source_data_unavailable,Zillow ZHVI county,annual_mean_zhvi,ACS 2020 5-year B19013
GA,13125,Glascock County,2021,177822.29,53125,3.3472,11,partial_10_11_months,available,available_partial,Zillow ZHVI county,annual_mean_zhvi,ACS 2021 5-year B19013
GA,13125,Glascock County,2022,189866.02,60469,3.1399,12,complete_12_months,available,available_complete,Zillow ZHVI county,annual_mean_zhvi,ACS 2022 5-year B19013
GA,13125,Glascock County,2023,188414.77,55250,3.4102,12,complete_12_months,available,available_complete,Zillow ZHVI county,annual_mean_zhvi,ACS 2023 5-year B19013
GA,13125,Glascock County,2024,199181.24,54934,3.6258,12,complete_12_months,available,available_complete,Zillow ZHVI county,annual_mean_zhvi,ACS 2024 5-year B19013
GA,13127,Glynn County,2015,184202.04,45918,4.0115,12,complete_12_months,available,available_complete,Zillow ZHVI county,annual_mean_zhvi,ACS 2015 5-year B19013
GA,13127,Glynn County,2016,191217.98,46475,4.1144,12,complete_12_months,available,available_complete,Zillow ZHVI county,annual_mean_zhvi,ACS 2016 5-year B19013
GA,13127,Glynn County,2017,198837.31,47546,4.182,12,complete_12_months,available,available_complete,Zillow ZHVI county,annual_mean_zhvi,ACS 2017 5-year B19013
GA,13127,Glynn County,2018,217125.71,50672,4.2849,12,complete_12_months,available,available_complete,Zillow ZHVI county,annual_mean_zhvi,ACS 2018 5-year B19013
GA,13127,Glynn County,2019,230375.57,52977,4.3486,12,complete_12_months,available,available_complete,Zillow ZHVI county,annual_mean_zhvi,ACS 2019 5-year B19013
GA,13127,Glynn County,2020,242778.46,56952,4.2629,12,complete_12_months,available,available_complete,Zillow ZHVI county,annual_mean_zhvi,ACS 2020 5-year B19013
GA,13127,Glynn County,2021,276423.23,60775,4.5483,12,complete_12_months,available,available_complete,Zillow ZHVI county,annual_mean_zhvi,ACS 2021 5-year B19013
GA,13127,Glynn County,2022,327726.53,65970,4.9678,12,complete_12_months,available,available_complete,Zillow ZHVI county,annual_mean_zhvi,ACS 2022 5-year B19013
GA,13127,Glynn County,2023,347583.14,68546,5.0708,12,complete_12_months,available,available_complete,Zillow ZHVI county,annual_mean_zhvi,ACS 2023 5-year B19013
GA,13127,Glynn County,2024,361416.76,69799,5.178,12,complete_12_months,available,available_complete,Zillow ZHVI county,annual_mean_zhvi,ACS 2024 5-year B19013
GA,13129,Gordon County,2015,113354.64,41612,2.7241,12,complete_12_months,available,available_complete,Zillow ZHVI county,annual_mean_zhvi,ACS 2015 5-year B19013
GA,13129,Gordon County,2016,120980.95,41390,2.923,12,complete_12_months,available,available_complete,Zillow ZHVI county,annual_mean_zhvi,ACS 2016 5-year B19013
GA,13129,Gordon County,2017,130137.48,43452,2.995,12,complete_12_months,available,available_complete,Zillow ZHVI county,annual_mean_zhvi,ACS 2017 5-year B19013
GA,13129,Gordon County,2018,141786.04,44313,3.1996,12,complete_12_months,available,available_complete,Zillow ZHVI county,annual_mean_zhvi,ACS 2018 5-year B19013
GA,13129,Gordon County,2019,153354.47,45865,3.3436,12,complete_12_months,available,available_complete,Zillow ZHVI county,annual_mean_zhvi,ACS 2019 5-year B19013
GA,13129,Gordon County,2020,166497.22,48662,3.4215,12,complete_12_months,available,available_complete,Zillow ZHVI county,annual_mean_zhvi,ACS 2020 5-year B19013
GA,13129,Gordon County,2021,198010.56,50520,3.9194,12,complete_12_months,available,available_complete,Zillow ZHVI county,annual_mean_zhvi,ACS 2021 5-year B19013
GA,13129,Gordon County,2022,235500.02,57555,4.0917,12,complete_12_months,available,available_complete,Zillow ZHVI county,annual_mean_zhvi,ACS 2022 5-year B19013
GA,13129,Gordon County,2023,247856.26,61997,3.9979,12,complete_12_months,available,available_complete,Zillow ZHVI county,annual_mean_zhvi,ACS 2023 5-year B19013
GA,13129,Gordon County,2024,265964.99,63650,4.1786,12,complete_12_months,available,available_complete,Zillow ZHVI county,annual_mean_zhvi,ACS 2024 5-year B19013
GA,13131,Grady County,2015,,34187,,0,source_data_unavailable,available,source_data_unavailable,Zillow ZHVI county,annual_mean_zhvi,ACS 2015 5-year B19013
GA,13131,Grady County,2016,114760.2,35518,3.231,11,partial_10_11_months,available,available_partial,Zillow ZHVI county,annual_mean_zhvi,ACS 2016 5-year B19013
GA,13131,Grady County,2017,113148.83,39462,2.8673,12,complete_12_months,available,available_complete,Zillow ZHVI county,annual_mean_zhvi,ACS 2017 5-year B19013
GA,13131,Grady County,2018,123107.35,42348,2.907,12,complete_12_months,available,available_complete,Zillow ZHVI county,annual_mean_zhvi,ACS 2018 5-year B19013
GA,13131,Grady County,2019,131403.34,43531,3.0186,12,complete_12_months,available,available_complete,Zillow ZHVI county,annual_mean_zhvi,ACS 2019 5-year B19013
GA,13131,Grady County,2020,145169.92,48047,3.0214,12,complete_12_months,available,available_complete,Zillow ZHVI county,annual_mean_zhvi,ACS 2020 5-year B19013
GA,13131,Grady County,2021,165005.3,47721,3.4577,12,complete_12_months,available,available_complete,Zillow ZHVI county,annual_mean_zhvi,ACS 2021 5-year B19013
GA,13131,Grady County,2022,184509.98,51929,3.5531,12,complete_12_months,available,available_complete,Zillow ZHVI county,annual_mean_zhvi,ACS 2022 5-year B19013
GA,13131,Grady County,2023,187969.65,54312,3.4609,12,complete_12_months,available,available_complete,Zillow ZHVI county,annual_mean_zhvi,ACS 2023 5-year B19013
GA,13131,Grady County,2024,193034.35,58980,3.2729,12,complete_12_months,available,available_complete,Zillow ZHVI county,annual_mean_zhvi,ACS 2024 5-year B19013
GA,13133,Greene County,2015,323439.81,42408,7.6269,12,complete_12_months,available,available_complete,Zillow ZHVI county,annual_mean_zhvi,ACS 2015 5-year B19013
GA,13133,Greene County,2016,332860.12,44299,7.5139,12,complete_12_months,available,available_complete,Zillow ZHVI county,annual_mean_zhvi,ACS 2016 5-year B19013
GA,13133,Greene County,2017,342598.12,45069,7.6016,12,complete_12_months,available,available_complete,Zillow ZHVI county,annual_mean_zhvi,ACS 2017 5-year B19013
GA,13133,Greene County,2018,362649.71,49755,7.2887,12,complete_12_months,available,available_complete,Zillow ZHVI county,annual_mean_zhvi,ACS 2018 5-year B19013
GA,13133,Greene County,2019,382129.77,52129,7.3305,12,complete_12_months,available,available_complete,Zillow ZHVI county,annual_mean_zhvi,ACS 2019 5-year B19013
GA,13133,Greene County,2020,407194.49,57880,7.0352,12,complete_12_months,available,available_complete,Zillow ZHVI county,annual_mean_zhvi,ACS 2020 5-year B19013
GA,13133,Greene County,2021,502670.7,65759,7.6441,12,complete_12_months,available,available_complete,Zillow ZHVI county,annual_mean_zhvi,ACS 2021 5-year B19013
GA,13133,Greene County,2022,588054.54,77527,7.5852,12,complete_12_months,available,available_complete,Zillow ZHVI county,annual_mean_zhvi,ACS 2022 5-year B19013
GA,13133,Greene County,2023,596532.46,84530,7.0571,12,complete_12_months,available,available_complete,Zillow ZHVI county,annual_mean_zhvi,ACS 2023 5-year B19013
GA,13133,Greene County,2024,611950.09,86272,7.0933,12,complete_12_months,available,available_complete,Zillow ZHVI county,annual_mean_zhvi,ACS 2024 5-year B19013
GA,13135,Gwinnett County,2015,192526.74,60289,3.1934,12,complete_12_months,available,available_complete,Zillow ZHVI county,annual_mean_zhvi,ACS 2015 5-year B19013
GA,13135,Gwinnett County,2016,208962.38,61865,3.3777,12,complete_12_months,available,available_complete,Zillow ZHVI county,annual_mean_zhvi,ACS 2016 5-year B19013
GA,13135,Gwinnett County,2017,224225.61,64496,3.4766,12,complete_12_months,available,available_complete,Zillow ZHVI county,annual_mean_zhvi,ACS 2017 5-year B19013
GA,13135,Gwinnett County,2018,243222.38,67769,3.589,12,complete_12_months,available,available_complete,Zillow ZHVI county,annual_mean_zhvi,ACS 2018 5-year B19013
GA,13135,Gwinnett County,2019,258881.54,71026,3.6449,12,complete_12_months,available,available_complete,Zillow ZHVI county,annual_mean_zhvi,ACS 2019 5-year B19013
GA,13135,Gwinnett County,2020,274836.77,72787,3.7759,12,complete_12_months,available,available_complete,Zillow ZHVI county,annual_mean_zhvi,ACS 2020 5-year B19013
GA,13135,Gwinnett County,2021,327788.51,75853,4.3214,12,complete_12_months,available,available_complete,Zillow ZHVI county,annual_mean_zhvi,ACS 2021 5-year B19013
GA,13135,Gwinnett County,2022,407325.46,82296,4.9495,12,complete_12_months,available,available_complete,Zillow ZHVI county,annual_mean_zhvi,ACS 2022 5-year B19013
GA,13135,Gwinnett County,2023,414484.51,84823,4.8865,12,complete_12_months,available,available_complete,Zillow ZHVI county,annual_mean_zhvi,ACS 2023 5-year B19013
GA,13135,Gwinnett County,2024,430829.86,87890,4.9019,12,complete_12_months,available,available_complete,Zillow ZHVI county,annual_mean_zhvi,ACS 2024 5-year B19013
GA,13137,Habersham County,2015,132494.44,40907,3.2389,12,complete_12_months,available,available_complete,Zillow ZHVI county,annual_mean_zhvi,ACS 2015 5-year B19013
GA,13137,Habersham County,2016,141664.52,41600,3.4054,12,complete_12_months,available,available_complete,Zillow ZHVI county,annual_mean_zhvi,ACS 2016 5-year B19013
GA,13137,Habersham County,2017,146518.77,44474,3.2945,12,complete_12_months,available,available_complete,Zillow ZHVI county,annual_mean_zhvi,ACS 2017 5-year B19013
GA,13137,Habersham County,2018,161126.94,49140,3.2789,12,complete_12_months,available,available_complete,Zillow ZHVI county,annual_mean_zhvi,ACS 2018 5-year B19013
GA,13137,Habersham County,2019,173495.21,50563,3.4313,12,complete_12_months,available,available_complete,Zillow ZHVI county,annual_mean_zhvi,ACS 2019 5-year B19013
GA,13137,Habersham County,2020,191055.98,54147,3.5285,12,complete_12_months,available,available_complete,Zillow ZHVI county,annual_mean_zhvi,ACS 2020 5-year B19013
GA,13137,Habersham County,2021,230631.57,56680,4.069,12,complete_12_months,available,available_complete,Zillow ZHVI county,annual_mean_zhvi,ACS 2021 5-year B19013
GA,13137,Habersham County,2022,273188.88,61292,4.4572,12,complete_12_months,available,available_complete,Zillow ZHVI county,annual_mean_zhvi,ACS 2022 5-year B19013
GA,13137,Habersham County,2023,286817.45,65622,4.3708,12,complete_12_months,available,available_complete,Zillow ZHVI county,annual_mean_zhvi,ACS 2023 5-year B19013
GA,13137,Habersham County,2024,308033.68,67309,4.5764,12,complete_12_months,available,available_complete,Zillow ZHVI county,annual_mean_zhvi,ACS 2024 5-year B19013
GA,13139,Hall County,2015,182528.87,51202,3.5649,12,complete_12_months,available,available_complete,Zillow ZHVI county,annual_mean_zhvi,ACS 2015 5-year B19013
GA,13139,Hall County,2016,197599.71,51902,3.8072,12,complete_12_months,available,available_complete,Zillow ZHVI county,annual_mean_zhvi,ACS 2016 5-year B19013
GA,13139,Hall County,2017,211442.85,55622,3.8014,12,complete_12_months,available,available_complete,Zillow ZHVI county,annual_mean_zhvi,ACS 2017 5-year B19013
GA,13139,Hall County,2018,225092.33,59898,3.7579,12,complete_12_months,available,available_complete,Zillow ZHVI county,annual_mean_zhvi,ACS 2018 5-year B19013
GA,13139,Hall County,2019,239175.58,62984,3.7974,12,complete_12_months,available,available_complete,Zillow ZHVI county,annual_mean_zhvi,ACS 2019 5-year B19013
GA,13139,Hall County,2020,255217.12,63651,4.0096,12,complete_12_months,available,available_complete,Zillow ZHVI county,annual_mean_zhvi,ACS 2020 5-year B19013
GA,13139,Hall County,2021,303389.51,67571,4.4899,12,complete_12_months,available,available_complete,Zillow ZHVI county,annual_mean_zhvi,ACS 2021 5-year B19013
GA,13139,Hall County,2022,368609.28,74153,4.9709,12,complete_12_months,available,available_complete,Zillow ZHVI county,annual_mean_zhvi,ACS 2022 5-year B19013
GA,13139,Hall County,2023,381862.72,77430,4.9317,12,complete_12_months,available,available_complete,Zillow ZHVI county,annual_mean_zhvi,ACS 2023 5-year B19013
GA,13139,Hall County,2024,400216.13,80901,4.947,12,complete_12_months,available,available_complete,Zillow ZHVI county,annual_mean_zhvi,ACS 2024 5-year B19013
GA,13141,Hancock County,2015,105126.53,24925,4.2177,12,complete_12_months,available,available_complete,Zillow ZHVI county,annual_mean_zhvi,ACS 2015 5-year B19013
GA,13141,Hancock County,2016,109386.89,26386,4.1456,12,complete_12_months,available,available_complete,Zillow ZHVI county,annual_mean_zhvi,ACS 2016 5-year B19013
GA,13141,Hancock County,2017,109741.68,29268,3.7495,12,complete_12_months,available,available_complete,Zillow ZHVI county,annual_mean_zhvi,ACS 2017 5-year B19013
GA,13141,Hancock County,2018,118878.15,31984,3.7168,12,complete_12_months,available,available_complete,Zillow ZHVI county,annual_mean_zhvi,ACS 2018 5-year B19013
GA,13141,Hancock County,2019,127025.27,31860,3.987,12,complete_12_months,available,available_complete,Zillow ZHVI county,annual_mean_zhvi,ACS 2019 5-year B19013
GA,13141,Hancock County,2020,143782.83,32914,4.3684,12,complete_12_months,available,available_complete,Zillow ZHVI county,annual_mean_zhvi,ACS 2020 5-year B19013
GA,13141,Hancock County,2021,175016.36,33946,5.1557,12,complete_12_months,available,available_complete,Zillow ZHVI county,annual_mean_zhvi,ACS 2021 5-year B19013
GA,13141,Hancock County,2022,199049.24,31767,6.2659,12,complete_12_months,available,available_complete,Zillow ZHVI county,annual_mean_zhvi,ACS 2022 5-year B19013
GA,13141,Hancock County,2023,206132.02,33182,6.2122,12,complete_12_months,available,available_complete,Zillow ZHVI county,annual_mean_zhvi,ACS 2023 5-year B19013
GA,13141,Hancock County,2024,207855.19,40082,5.1857,12,complete_12_months,available,available_complete,Zillow ZHVI county,annual_mean_zhvi,ACS 2024 5-year B19013
GA,13143,Haralson County,2015,109484.76,41910,2.6124,12,complete_12_months,available,available_complete,Zillow ZHVI county,annual_mean_zhvi,ACS 2015 5-year B19013
GA,13143,Haralson County,2016,121522.31,42281,2.8742,12,complete_12_months,available,available_complete,Zillow ZHVI county,annual_mean_zhvi,ACS 2016 5-year B19013
GA,13143,Haralson County,2017,132878.59,43663,3.0433,12,complete_12_months,available,available_complete,Zillow ZHVI county,annual_mean_zhvi,ACS 2017 5-year B19013
GA,13143,Haralson County,2018,147930.45,46353,3.1914,12,complete_12_months,available,available_complete,Zillow ZHVI county,annual_mean_zhvi,ACS 2018 5-year B19013
GA,13143,Haralson County,2019,159815.28,48550,3.2918,12,complete_12_months,available,available_complete,Zillow ZHVI county,annual_mean_zhvi,ACS 2019 5-year B19013
GA,13143,Haralson County,2020,172452.78,52021,3.3151,12,complete_12_months,available,available_complete,Zillow ZHVI county,annual_mean_zhvi,ACS 2020 5-year B19013
GA,13143,Haralson County,2021,205152.5,57752,3.5523,12,complete_12_months,available,available_complete,Zillow ZHVI county,annual_mean_zhvi,ACS 2021 5-year B19013
GA,13143,Haralson County,2022,243595.37,65940,3.6942,12,complete_12_months,available,available_complete,Zillow ZHVI county,annual_mean_zhvi,ACS 2022 5-year B19013
GA,13143,Haralson County,2023,251842.65,65016,3.8735,12,complete_12_months,available,available_complete,Zillow ZHVI county,annual_mean_zhvi,ACS 2023 5-year B19013
GA,13143,Haralson County,2024,269622.96,72127,3.7382,12,complete_12_months,available,available_complete,Zillow ZHVI county,annual_mean_zhvi,ACS 2024 5-year B19013
GA,13145,Harris County,2015,213523.85,63824,3.3455,12,complete_12_months,available,available_complete,Zillow ZHVI county,annual_mean_zhvi,ACS 2015 5-year B19013
GA,13145,Harris County,2016,216143.05,65336,3.3082,12,complete_12_months,available,available_complete,Zillow ZHVI county,annual_mean_zhvi,ACS 2016 5-year B19013
GA,13145,Harris County,2017,217671.24,69539,3.1302,12,complete_12_months,available,available_complete,Zillow ZHVI county,annual_mean_zhvi,ACS 2017 5-year B19013
GA,13145,Harris County,2018,229118.13,74261,3.0853,12,complete_12_months,available,available_complete,Zillow ZHVI county,annual_mean_zhvi,ACS 2018 5-year B19013
GA,13145,Harris County,2019,238435.57,76319,3.1242,12,complete_12_months,available,available_complete,Zillow ZHVI county,annual_mean_zhvi,ACS 2019 5-year B19013
GA,13145,Harris County,2020,257339.91,79860,3.2224,12,complete_12_months,available,available_complete,Zillow ZHVI county,annual_mean_zhvi,ACS 2020 5-year B19013
GA,13145,Harris County,2021,290992.59,82244,3.5382,12,complete_12_months,available,available_complete,Zillow ZHVI county,annual_mean_zhvi,ACS 2021 5-year B19013
GA,13145,Harris County,2022,326366.14,85936,3.7978,12,complete_12_months,available,available_complete,Zillow ZHVI county,annual_mean_zhvi,ACS 2022 5-year B19013
GA,13145,Harris County,2023,340124.5,89184,3.8137,12,complete_12_months,available,available_complete,Zillow ZHVI county,annual_mean_zhvi,ACS 2023 5-year B19013
GA,13145,Harris County,2024,353215.51,97302,3.6301,12,complete_12_months,available,available_complete,Zillow ZHVI county,annual_mean_zhvi,ACS 2024 5-year B19013
GA,13147,Hart County,2015,145049.44,37653,3.8523,12,complete_12_months,available,available_complete,Zillow ZHVI county,annual_mean_zhvi,ACS 2015 5-year B19013
GA,13147,Hart County,2016,154522.44,37983,4.0682,12,complete_12_months,available,available_complete,Zillow ZHVI county,annual_mean_zhvi,ACS 2016 5-year B19013
GA,13147,Hart County,2017,160332.23,41216,3.89,12,complete_12_months,available,available_complete,Zillow ZHVI county,annual_mean_zhvi,ACS 2017 5-year B19013
GA,13147,Hart County,2018,174177.32,41358,4.2115,12,complete_12_months,available,available_complete,Zillow ZHVI county,annual_mean_zhvi,ACS 2018 5-year B19013
GA,13147,Hart County,2019,188848.24,43204,4.3711,12,complete_12_months,available,available_complete,Zillow ZHVI county,annual_mean_zhvi,ACS 2019 5-year B19013
GA,13147,Hart County,2020,208495.04,45874,4.545,12,complete_12_months,available,available_complete,Zillow ZHVI county,annual_mean_zhvi,ACS 2020 5-year B19013
GA,13147,Hart County,2021,256896.96,54506,4.7132,12,complete_12_months,available,available_complete,Zillow ZHVI county,annual_mean_zhvi,ACS 2021 5-year B19013
GA,13147,Hart County,2022,294719.07,61765,4.7716,12,complete_12_months,available,available_complete,Zillow ZHVI county,annual_mean_zhvi,ACS 2022 5-year B19013
GA,13147,Hart County,2023,296437.97,57241,5.1788,12,complete_12_months,available,available_complete,Zillow ZHVI county,annual_mean_zhvi,ACS 2023 5-year B19013
GA,13147,Hart County,2024,311376.69,59385,5.2434,12,complete_12_months,available,available_complete,Zillow ZHVI county,annual_mean_zhvi,ACS 2024 5-year B19013
GA,13149,Heard County,2015,111789.19,41525,2.6921,12,complete_12_months,available,available_complete,Zillow ZHVI county,annual_mean_zhvi,ACS 2015 5-year B19013
GA,13149,Heard County,2016,119538.38,44185,2.7054,12,complete_12_months,available,available_complete,Zillow ZHVI county,annual_mean_zhvi,ACS 2016 5-year B19013
GA,13149,Heard County,2017,127942.49,44897,2.8497,12,complete_12_months,available,available_complete,Zillow ZHVI county,annual_mean_zhvi,ACS 2017 5-year B19013
GA,13149,Heard County,2018,141210.72,48094,2.9361,12,complete_12_months,available,available_complete,Zillow ZHVI county,annual_mean_zhvi,ACS 2018 5-year B19013
GA,13149,Heard County,2019,154662.78,51358,3.0115,12,complete_12_months,available,available_complete,Zillow ZHVI county,annual_mean_zhvi,ACS 2019 5-year B19013
GA,13149,Heard County,2020,169142.69,50583,3.3439,12,complete_12_months,available,available_complete,Zillow ZHVI county,annual_mean_zhvi,ACS 2020 5-year B19013
GA,13149,Heard County,2021,201130.75,55635,3.6152,12,complete_12_months,available,available_complete,Zillow ZHVI county,annual_mean_zhvi,ACS 2021 5-year B19013
GA,13149,Heard County,2022,233430.49,62965,3.7073,12,complete_12_months,available,available_complete,Zillow ZHVI county,annual_mean_zhvi,ACS 2022 5-year B19013
GA,13149,Heard County,2023,245357.2,62907,3.9003,12,complete_12_months,available,available_complete,Zillow ZHVI county,annual_mean_zhvi,ACS 2023 5-year B19013
GA,13149,Heard County,2024,265777.6,65868,4.035,12,complete_12_months,available,available_complete,Zillow ZHVI county,annual_mean_zhvi,ACS 2024 5-year B19013
GA,13151,Henry County,2015,155512.39,60424,2.5737,12,complete_12_months,available,available_complete,Zillow ZHVI county,annual_mean_zhvi,ACS 2015 5-year B19013
GA,13151,Henry County,2016,164954.24,62561,2.6367,12,complete_12_months,available,available_complete,Zillow ZHVI county,annual_mean_zhvi,ACS 2016 5-year B19013
GA,13151,Henry County,2017,175489.48,64752,2.7102,12,complete_12_months,available,available_complete,Zillow ZHVI county,annual_mean_zhvi,ACS 2017 5-year B19013
GA,13151,Henry County,2018,190301.1,68609,2.7737,12,complete_12_months,available,available_complete,Zillow ZHVI county,annual_mean_zhvi,ACS 2018 5-year B19013
GA,13151,Henry County,2019,204817.19,71288,2.8731,12,complete_12_months,available,available_complete,Zillow ZHVI county,annual_mean_zhvi,ACS 2019 5-year B19013
GA,13151,Henry County,2020,220977.3,71110,3.1075,12,complete_12_months,available,available_complete,Zillow ZHVI county,annual_mean_zhvi,ACS 2020 5-year B19013
GA,13151,Henry County,2021,265918.36,73491,3.6184,12,complete_12_months,available,available_complete,Zillow ZHVI county,annual_mean_zhvi,ACS 2021 5-year B19013
GA,13151,Henry County,2022,332629.44,79663,4.1755,12,complete_12_months,available,available_complete,Zillow ZHVI county,annual_mean_zhvi,ACS 2022 5-year B19013
GA,13151,Henry County,2023,342118.66,81612,4.192,12,complete_12_months,available,available_complete,Zillow ZHVI county,annual_mean_zhvi,ACS 2023 5-year B19013
GA,13151,Henry County,2024,343898.68,83146,4.1361,12,complete_12_months,available,available_complete,Zillow ZHVI county,annual_mean_zhvi,ACS 2024 5-year B19013
GA,13153,Houston County,2015,134451.19,53270,2.524,12,complete_12_months,available,available_complete,Zillow ZHVI county,annual_mean_zhvi,ACS 2015 5-year B19013
GA,13153,Houston County,2016,137667.5,55480,2.4814,12,complete_12_months,available,available_complete,Zillow ZHVI county,annual_mean_zhvi,ACS 2016 5-year B19013
GA,13153,Houston County,2017,141392.85,55965,2.5265,12,complete_12_months,available,available_complete,Zillow ZHVI county,annual_mean_zhvi,ACS 2017 5-year B19013
GA,13153,Houston County,2018,149223.24,58770,2.5391,12,complete_12_months,available,available_complete,Zillow ZHVI county,annual_mean_zhvi,ACS 2018 5-year B19013
GA,13153,Houston County,2019,157756.77,61723,2.5559,12,complete_12_months,available,available_complete,Zillow ZHVI county,annual_mean_zhvi,ACS 2019 5-year B19013
GA,13153,Houston County,2020,166493.07,65870,2.5276,12,complete_12_months,available,available_complete,Zillow ZHVI county,annual_mean_zhvi,ACS 2020 5-year B19013
GA,13153,Houston County,2021,184536.84,70313,2.6245,12,complete_12_months,available,available_complete,Zillow ZHVI county,annual_mean_zhvi,ACS 2021 5-year B19013
GA,13153,Houston County,2022,214919.32,76968,2.7923,12,complete_12_months,available,available_complete,Zillow ZHVI county,annual_mean_zhvi,ACS 2022 5-year B19013
GA,13153,Houston County,2023,232858.0,80743,2.8839,12,complete_12_months,available,available_complete,Zillow ZHVI county,annual_mean_zhvi,ACS 2023 5-year B19013
GA,13153,Houston County,2024,243657.32,80698,3.0194,12,complete_12_months,available,available_complete,Zillow ZHVI county,annual_mean_zhvi,ACS 2024 5-year B19013
GA,13155,Irwin County,2015,85079.73,34156,2.4909,12,complete_12_months,available,available_complete,Zillow ZHVI county,annual_mean_zhvi,ACS 2015 5-year B19013
GA,13155,Irwin County,2016,91038.24,29846,3.0503,12,complete_12_months,available,available_complete,Zillow ZHVI county,annual_mean_zhvi,ACS 2016 5-year B19013
GA,13155,Irwin County,2017,94789.97,34677,2.7335,12,complete_12_months,available,available_complete,Zillow ZHVI county,annual_mean_zhvi,ACS 2017 5-year B19013
GA,13155,Irwin County,2018,98622.75,32339,3.0497,12,complete_12_months,available,available_complete,Zillow ZHVI county,annual_mean_zhvi,ACS 2018 5-year B19013
GA,13155,Irwin County,2019,103692.55,37736,2.7478,12,complete_12_months,available,available_complete,Zillow ZHVI county,annual_mean_zhvi,ACS 2019 5-year B19013
GA,13155,Irwin County,2020,110347.88,41484,2.66,12,complete_12_months,available,available_complete,Zillow ZHVI county,annual_mean_zhvi,ACS 2020 5-year B19013
GA,13155,Irwin County,2021,130112.55,42312,3.0751,12,complete_12_months,available,available_complete,Zillow ZHVI county,annual_mean_zhvi,ACS 2021 5-year B19013
GA,13155,Irwin County,2022,147706.77,46383,3.1845,12,complete_12_months,available,available_complete,Zillow ZHVI county,annual_mean_zhvi,ACS 2022 5-year B19013
GA,13155,Irwin County,2023,151575.63,53915,2.8114,12,complete_12_months,available,available_complete,Zillow ZHVI county,annual_mean_zhvi,ACS 2023 5-year B19013
GA,13155,Irwin County,2024,160660.19,51384,3.1267,12,complete_12_months,available,available_complete,Zillow ZHVI county,annual_mean_zhvi,ACS 2024 5-year B19013
GA,13157,Jackson County,2015,179423.31,53379,3.3613,12,complete_12_months,available,available_complete,Zillow ZHVI county,annual_mean_zhvi,ACS 2015 5-year B19013
GA,13157,Jackson County,2016,192460.91,54246,3.5479,12,complete_12_months,available,available_complete,Zillow ZHVI county,annual_mean_zhvi,ACS 2016 5-year B19013
GA,13157,Jackson County,2017,207808.67,57999,3.583,12,complete_12_months,available,available_complete,Zillow ZHVI county,annual_mean_zhvi,ACS 2017 5-year B19013
GA,13157,Jackson County,2018,226665.02,62495,3.6269,12,complete_12_months,available,available_complete,Zillow ZHVI county,annual_mean_zhvi,ACS 2018 5-year B19013
GA,13157,Jackson County,2019,243966.4,65385,3.7312,12,complete_12_months,available,available_complete,Zillow ZHVI county,annual_mean_zhvi,ACS 2019 5-year B19013
GA,13157,Jackson County,2020,261644.05,68307,3.8304,12,complete_12_months,available,available_complete,Zillow ZHVI county,annual_mean_zhvi,ACS 2020 5-year B19013
GA,13157,Jackson County,2021,312165.97,73455,4.2498,12,complete_12_months,available,available_complete,Zillow ZHVI county,annual_mean_zhvi,ACS 2021 5-year B19013
GA,13157,Jackson County,2022,380127.71,82056,4.6325,12,complete_12_months,available,available_complete,Zillow ZHVI county,annual_mean_zhvi,ACS 2022 5-year B19013
GA,13157,Jackson County,2023,386664.25,85012,4.5483,12,complete_12_months,available,available_complete,Zillow ZHVI county,annual_mean_zhvi,ACS 2023 5-year B19013
GA,13157,Jackson County,2024,403377.11,89544,4.5048,12,complete_12_months,available,available_complete,Zillow ZHVI county,annual_mean_zhvi,ACS 2024 5-year B19013
GA,13159,Jasper County,2015,119313.01,42368,2.8161,12,complete_12_months,available,available_complete,Zillow ZHVI county,annual_mean_zhvi,ACS 2015 5-year B19013
GA,13159,Jasper County,2016,131352.38,41434,3.1702,12,complete_12_months,available,available_complete,Zillow ZHVI county,annual_mean_zhvi,ACS 2016 5-year B19013
GA,13159,Jasper County,2017,145221.97,42067,3.4522,12,complete_12_months,available,available_complete,Zillow ZHVI county,annual_mean_zhvi,ACS 2017 5-year B19013
GA,13159,Jasper County,2018,161165.35,43284,3.7234,12,complete_12_months,available,available_complete,Zillow ZHVI county,annual_mean_zhvi,ACS 2018 5-year B19013
GA,13159,Jasper County,2019,175736.48,51250,3.429,12,complete_12_months,available,available_complete,Zillow ZHVI county,annual_mean_zhvi,ACS 2019 5-year B19013
GA,13159,Jasper County,2020,196248.28,52409,3.7446,12,complete_12_months,available,available_complete,Zillow ZHVI county,annual_mean_zhvi,ACS 2020 5-year B19013
GA,13159,Jasper County,2021,238312.41,52322,4.5547,12,complete_12_months,available,available_complete,Zillow ZHVI county,annual_mean_zhvi,ACS 2021 5-year B19013
GA,13159,Jasper County,2022,282449.46,57374,4.923,12,complete_12_months,available,available_complete,Zillow ZHVI county,annual_mean_zhvi,ACS 2022 5-year B19013
GA,13159,Jasper County,2023,294246.28,59574,4.9392,12,complete_12_months,available,available_complete,Zillow ZHVI county,annual_mean_zhvi,ACS 2023 5-year B19013
GA,13159,Jasper County,2024,309982.68,60134,5.1549,12,complete_12_months,available,available_complete,Zillow ZHVI county,annual_mean_zhvi,ACS 2024 5-year B19013
GA,13161,Jeff Davis County,2015,78762.38,36385,2.1647,12,complete_12_months,available,available_complete,Zillow ZHVI county,annual_mean_zhvi,ACS 2015 5-year B19013
GA,13161,Jeff Davis County,2016,82244.08,36566,2.2492,12,complete_12_months,available,available_complete,Zillow ZHVI county,annual_mean_zhvi,ACS 2016 5-year B19013
GA,13161,Jeff Davis County,2017,84543.55,37267,2.2686,12,complete_12_months,available,available_complete,Zillow ZHVI county,annual_mean_zhvi,ACS 2017 5-year B19013
GA,13161,Jeff Davis County,2018,89233.47,36531,2.4427,12,complete_12_months,available,available_complete,Zillow ZHVI county,annual_mean_zhvi,ACS 2018 5-year B19013
GA,13161,Jeff Davis County,2019,95658.26,36669,2.6087,12,complete_12_months,available,available_complete,Zillow ZHVI county,annual_mean_zhvi,ACS 2019 5-year B19013
GA,13161,Jeff Davis County,2020,102485.79,36987,2.7709,12,complete_12_months,available,available_complete,Zillow ZHVI county,annual_mean_zhvi,ACS 2020 5-year B19013
GA,13161,Jeff Davis County,2021,117530.68,39668,2.9629,12,complete_12_months,available,available_complete,Zillow ZHVI county,annual_mean_zhvi,ACS 2021 5-year B19013
GA,13161,Jeff Davis County,2022,134560.92,41780,3.2207,12,complete_12_months,available,available_complete,Zillow ZHVI county,annual_mean_zhvi,ACS 2022 5-year B19013
GA,13161,Jeff Davis County,2023,138776.94,40879,3.3948,12,complete_12_months,available,available_complete,Zillow ZHVI county,annual_mean_zhvi,ACS 2023 5-year B19013
GA,13161,Jeff Davis County,2024,146955.9,40283,3.6481,12,complete_12_months,available,available_complete,Zillow ZHVI county,annual_mean_zhvi,ACS 2024 5-year B19013
GA,13163,Jefferson County,2015,76127.25,26557,2.8666,12,complete_12_months,available,available_complete,Zillow ZHVI county,annual_mean_zhvi,ACS 2015 5-year B19013
GA,13163,Jefferson County,2016,75114.56,28417,2.6433,12,complete_12_months,available,available_complete,Zillow ZHVI county,annual_mean_zhvi,ACS 2016 5-year B19013
GA,13163,Jefferson County,2017,80885.1,29640,2.7289,12,complete_12_months,available,available_complete,Zillow ZHVI county,annual_mean_zhvi,ACS 2017 5-year B19013
GA,13163,Jefferson County,2018,87130.02,34300,2.5402,12,complete_12_months,available,available_complete,Zillow ZHVI county,annual_mean_zhvi,ACS 2018 5-year B19013
GA,13163,Jefferson County,2019,93596.93,33944,2.7574,12,complete_12_months,available,available_complete,Zillow ZHVI county,annual_mean_zhvi,ACS 2019 5-year B19013
GA,13163,Jefferson County,2020,102364.96,37009,2.7659,12,complete_12_months,available,available_complete,Zillow ZHVI county,annual_mean_zhvi,ACS 2020 5-year B19013
GA,13163,Jefferson County,2021,119370.48,42238,2.8261,12,complete_12_months,available,available_complete,Zillow ZHVI county,annual_mean_zhvi,ACS 2021 5-year B19013
GA,13163,Jefferson County,2022,127969.83,46865,2.7306,12,complete_12_months,available,available_complete,Zillow ZHVI county,annual_mean_zhvi,ACS 2022 5-year B19013
GA,13163,Jefferson County,2023,119412.65,46561,2.5646,12,complete_12_months,available,available_complete,Zillow ZHVI county,annual_mean_zhvi,ACS 2023 5-year B19013
GA,13163,Jefferson County,2024,125121.39,53014,2.3602,12,complete_12_months,available,available_complete,Zillow ZHVI county,annual_mean_zhvi,ACS 2024 5-year B19013
GA,13165,Jenkins County,2015,61010.75,24604,2.4797,12,complete_12_months,available,available_complete,Zillow ZHVI county,annual_mean_zhvi,ACS 2015 5-year B19013
GA,13165,Jenkins County,2016,62882.62,27398,2.2952,12,complete_12_months,available,available_complete,Zillow ZHVI county,annual_mean_zhvi,ACS 2016 5-year B19013
GA,13165,Jenkins County,2017,64130.65,27197,2.358,12,complete_12_months,available,available_complete,Zillow ZHVI county,annual_mean_zhvi,ACS 2017 5-year B19013
GA,13165,Jenkins County,2018,69283.55,27311,2.5368,12,complete_12_months,available,available_complete,Zillow ZHVI county,annual_mean_zhvi,ACS 2018 5-year B19013
GA,13165,Jenkins County,2019,75556.54,27375,2.7601,12,complete_12_months,available,available_complete,Zillow ZHVI county,annual_mean_zhvi,ACS 2019 5-year B19013
GA,13165,Jenkins County,2020,87550.29,25712,3.405,12,complete_12_months,available,available_complete,Zillow ZHVI county,annual_mean_zhvi,ACS 2020 5-year B19013
GA,13165,Jenkins County,2021,108170.29,29061,3.7222,12,complete_12_months,available,available_complete,Zillow ZHVI county,annual_mean_zhvi,ACS 2021 5-year B19013
GA,13165,Jenkins County,2022,129741.35,31463,4.1236,12,complete_12_months,available,available_complete,Zillow ZHVI county,annual_mean_zhvi,ACS 2022 5-year B19013
GA,13165,Jenkins County,2023,136209.18,36906,3.6907,12,complete_12_months,available,available_complete,Zillow ZHVI county,annual_mean_zhvi,ACS 2023 5-year B19013
GA,13165,Jenkins County,2024,153999.83,44389,3.4693,12,complete_12_months,available,available_complete,Zillow ZHVI county,annual_mean_zhvi,ACS 2024 5-year B19013
GA,13167,Johnson County,2015,75763.71,34438,2.2,12,complete_12_months,available,available_complete,Zillow ZHVI county,annual_mean_zhvi,ACS 2015 5-year B19013
GA,13167,Johnson County,2016,79929.81,32685,2.4455,12,complete_12_months,available,available_complete,Zillow ZHVI county,annual_mean_zhvi,ACS 2016 5-year B19013
GA,13167,Johnson County,2017,82374.6,36423,2.2616,12,complete_12_months,available,available_complete,Zillow ZHVI county,annual_mean_zhvi,ACS 2017 5-year B19013
GA,13167,Johnson County,2018,87349.96,39813,2.194,12,complete_12_months,available,available_complete,Zillow ZHVI county,annual_mean_zhvi,ACS 2018 5-year B19013
GA,13167,Johnson County,2019,92650.7,42446,2.1828,12,complete_12_months,available,available_complete,Zillow ZHVI county,annual_mean_zhvi,ACS 2019 5-year B19013
GA,13167,Johnson County,2020,101701.12,42421,2.3974,12,complete_12_months,available,available_complete,Zillow ZHVI county,annual_mean_zhvi,ACS 2020 5-year B19013
GA,13167,Johnson County,2021,112555.48,46292,2.4314,12,complete_12_months,available,available_complete,Zillow ZHVI county,annual_mean_zhvi,ACS 2021 5-year B19013
GA,13167,Johnson County,2022,121247.29,47796,2.5368,12,complete_12_months,available,available_complete,Zillow ZHVI county,annual_mean_zhvi,ACS 2022 5-year B19013
GA,13167,Johnson County,2023,126043.8,54183,2.3263,12,complete_12_months,available,available_complete,Zillow ZHVI county,annual_mean_zhvi,ACS 2023 5-year B19013
GA,13167,Johnson County,2024,135174.87,51028,2.649,12,complete_12_months,available,available_complete,Zillow ZHVI county,annual_mean_zhvi,ACS 2024 5-year B19013
GA,13169,Jones County,2015,135177.95,51857,2.6067,12,complete_12_months,available,available_complete,Zillow ZHVI county,annual_mean_zhvi,ACS 2015 5-year B19013
GA,13169,Jones County,2016,140833.71,54020,2.6071,12,complete_12_months,available,available_complete,Zillow ZHVI county,annual_mean_zhvi,ACS 2016 5-year B19013
GA,13169,Jones County,2017,140796.57,55110,2.5548,12,complete_12_months,available,available_complete,Zillow ZHVI county,annual_mean_zhvi,ACS 2017 5-year B19013
GA,13169,Jones County,2018,150877.64,53155,2.8384,12,complete_12_months,available,available_complete,Zillow ZHVI county,annual_mean_zhvi,ACS 2018 5-year B19013
GA,13169,Jones County,2019,162153.7,56020,2.8946,12,complete_12_months,available,available_complete,Zillow ZHVI county,annual_mean_zhvi,ACS 2019 5-year B19013
GA,13169,Jones County,2020,172996.26,63046,2.744,12,complete_12_months,available,available_complete,Zillow ZHVI county,annual_mean_zhvi,ACS 2020 5-year B19013
GA,13169,Jones County,2021,193316.87,61701,3.1331,12,complete_12_months,available,available_complete,Zillow ZHVI county,annual_mean_zhvi,ACS 2021 5-year B19013
GA,13169,Jones County,2022,221284.18,66288,3.3382,12,complete_12_months,available,available_complete,Zillow ZHVI county,annual_mean_zhvi,ACS 2022 5-year B19013
GA,13169,Jones County,2023,231129.18,68259,3.3861,12,complete_12_months,available,available_complete,Zillow ZHVI county,annual_mean_zhvi,ACS 2023 5-year B19013
GA,13169,Jones County,2024,241428.83,75500,3.1977,12,complete_12_months,available,available_complete,Zillow ZHVI county,annual_mean_zhvi,ACS 2024 5-year B19013
GA,13171,Lamar County,2015,113236.13,40344,2.8068,12,complete_12_months,available,available_complete,Zillow ZHVI county,annual_mean_zhvi,ACS 2015 5-year B19013
GA,13171,Lamar County,2016,122343.11,40364,3.031,12,complete_12_months,available,available_complete,Zillow ZHVI county,annual_mean_zhvi,ACS 2016 5-year B19013
GA,13171,Lamar County,2017,132312.67,41157,3.2148,12,complete_12_months,available,available_complete,Zillow ZHVI county,annual_mean_zhvi,ACS 2017 5-year B19013
GA,13171,Lamar County,2018,145693.33,41464,3.5137,12,complete_12_months,available,available_complete,Zillow ZHVI county,annual_mean_zhvi,ACS 2018 5-year B19013
GA,13171,Lamar County,2019,156420.03,44846,3.4879,12,complete_12_months,available,available_complete,Zillow ZHVI county,annual_mean_zhvi,ACS 2019 5-year B19013
GA,13171,Lamar County,2020,170135.44,50088,3.3967,12,complete_12_months,available,available_complete,Zillow ZHVI county,annual_mean_zhvi,ACS 2020 5-year B19013
GA,13171,Lamar County,2021,204753.06,53802,3.8057,12,complete_12_months,available,available_complete,Zillow ZHVI county,annual_mean_zhvi,ACS 2021 5-year B19013
GA,13171,Lamar County,2022,246211.6,64966,3.7899,12,complete_12_months,available,available_complete,Zillow ZHVI county,annual_mean_zhvi,ACS 2022 5-year B19013
GA,13171,Lamar County,2023,259398.53,68457,3.7892,12,complete_12_months,available,available_complete,Zillow ZHVI county,annual_mean_zhvi,ACS 2023 5-year B19013
GA,13171,Lamar County,2024,277217.21,67062,4.1337,12,complete_12_months,available,available_complete,Zillow ZHVI county,annual_mean_zhvi,ACS 2024 5-year B19013
GA,13173,Lanier County,2015,108574.65,37605,2.8872,12,complete_12_months,available,available_complete,Zillow ZHVI county,annual_mean_zhvi,ACS 2015 5-year B19013
GA,13173,Lanier County,2016,112608.5,31682,3.5543,12,complete_12_months,available,available_complete,Zillow ZHVI county,annual_mean_zhvi,ACS 2016 5-year B19013
GA,13173,Lanier County,2017,113984.23,31109,3.664,12,complete_12_months,available,available_complete,Zillow ZHVI county,annual_mean_zhvi,ACS 2017 5-year B19013
GA,13173,Lanier County,2018,117302.99,39104,2.9998,12,complete_12_months,available,available_complete,Zillow ZHVI county,annual_mean_zhvi,ACS 2018 5-year B19013
GA,13173,Lanier County,2019,124409.04,40986,3.0354,12,complete_12_months,available,available_complete,Zillow ZHVI county,annual_mean_zhvi,ACS 2019 5-year B19013
GA,13173,Lanier County,2020,134552.41,32158,4.1841,12,complete_12_months,available,available_complete,Zillow ZHVI county,annual_mean_zhvi,ACS 2020 5-year B19013
GA,13173,Lanier County,2021,153656.45,33956,4.5252,12,complete_12_months,available,available_complete,Zillow ZHVI county,annual_mean_zhvi,ACS 2021 5-year B19013
GA,13173,Lanier County,2022,183295.21,39971,4.5857,12,complete_12_months,available,available_complete,Zillow ZHVI county,annual_mean_zhvi,ACS 2022 5-year B19013
GA,13173,Lanier County,2023,193293.51,44361,4.3573,12,complete_12_months,available,available_complete,Zillow ZHVI county,annual_mean_zhvi,ACS 2023 5-year B19013
GA,13173,Lanier County,2024,203896.76,47186,4.3211,12,complete_12_months,available,available_complete,Zillow ZHVI county,annual_mean_zhvi,ACS 2024 5-year B19013
GA,13175,Laurens County,2015,104377.86,32356,3.2259,12,complete_12_months,available,available_complete,Zillow ZHVI county,annual_mean_zhvi,ACS 2015 5-year B19013
GA,13175,Laurens County,2016,109593.59,33632,3.2586,12,complete_12_months,available,available_complete,Zillow ZHVI county,annual_mean_zhvi,ACS 2016 5-year B19013
GA,13175,Laurens County,2017,114282.95,35202,3.2465,12,complete_12_months,available,available_complete,Zillow ZHVI county,annual_mean_zhvi,ACS 2017 5-year B19013
GA,13175,Laurens County,2018,122305.79,37369,3.2729,12,complete_12_months,available,available_complete,Zillow ZHVI county,annual_mean_zhvi,ACS 2018 5-year B19013
GA,13175,Laurens County,2019,130734.52,39120,3.3419,12,complete_12_months,available,available_complete,Zillow ZHVI county,annual_mean_zhvi,ACS 2019 5-year B19013
GA,13175,Laurens County,2020,140633.17,39476,3.5625,12,complete_12_months,available,available_complete,Zillow ZHVI county,annual_mean_zhvi,ACS 2020 5-year B19013
GA,13175,Laurens County,2021,158721.68,42315,3.751,12,complete_12_months,available,available_complete,Zillow ZHVI county,annual_mean_zhvi,ACS 2021 5-year B19013
GA,13175,Laurens County,2022,175901.52,46776,3.7605,12,complete_12_months,available,available_complete,Zillow ZHVI county,annual_mean_zhvi,ACS 2022 5-year B19013
GA,13175,Laurens County,2023,180564.72,49705,3.6327,12,complete_12_months,available,available_complete,Zillow ZHVI county,annual_mean_zhvi,ACS 2023 5-year B19013
GA,13175,Laurens County,2024,185772.75,55010,3.3771,12,complete_12_months,available,available_complete,Zillow ZHVI county,annual_mean_zhvi,ACS 2024 5-year B19013
GA,13177,Lee County,2015,154577.9,61537,2.512,12,complete_12_months,available,available_complete,Zillow ZHVI county,annual_mean_zhvi,ACS 2015 5-year B19013
GA,13177,Lee County,2016,154256.63,62797,2.4564,12,complete_12_months,available,available_complete,Zillow ZHVI county,annual_mean_zhvi,ACS 2016 5-year B19013
GA,13177,Lee County,2017,153127.08,65018,2.3551,12,complete_12_months,available,available_complete,Zillow ZHVI county,annual_mean_zhvi,ACS 2017 5-year B19013
GA,13177,Lee County,2018,159656.36,65420,2.4405,12,complete_12_months,available,available_complete,Zillow ZHVI county,annual_mean_zhvi,ACS 2018 5-year B19013
GA,13177,Lee County,2019,166887.44,69280,2.4089,12,complete_12_months,available,available_complete,Zillow ZHVI county,annual_mean_zhvi,ACS 2019 5-year B19013
GA,13177,Lee County,2020,175902.88,68338,2.574,12,complete_12_months,available,available_complete,Zillow ZHVI county,annual_mean_zhvi,ACS 2020 5-year B19013
GA,13177,Lee County,2021,199526.67,74935,2.6627,12,complete_12_months,available,available_complete,Zillow ZHVI county,annual_mean_zhvi,ACS 2021 5-year B19013
GA,13177,Lee County,2022,233255.1,83632,2.7891,12,complete_12_months,available,available_complete,Zillow ZHVI county,annual_mean_zhvi,ACS 2022 5-year B19013
GA,13177,Lee County,2023,248764.82,88024,2.8261,12,complete_12_months,available,available_complete,Zillow ZHVI county,annual_mean_zhvi,ACS 2023 5-year B19013
GA,13177,Lee County,2024,260375.5,89168,2.9201,12,complete_12_months,available,available_complete,Zillow ZHVI county,annual_mean_zhvi,ACS 2024 5-year B19013
GA,13179,Liberty County,2015,132197.05,42201,3.1326,12,complete_12_months,available,available_complete,Zillow ZHVI county,annual_mean_zhvi,ACS 2015 5-year B19013
GA,13179,Liberty County,2016,130810.99,42484,3.0791,12,complete_12_months,available,available_complete,Zillow ZHVI county,annual_mean_zhvi,ACS 2016 5-year B19013
GA,13179,Liberty County,2017,129504.35,43493,2.9776,12,complete_12_months,available,available_complete,Zillow ZHVI county,annual_mean_zhvi,ACS 2017 5-year B19013
GA,13179,Liberty County,2018,135138.59,45959,2.9404,12,complete_12_months,available,available_complete,Zillow ZHVI county,annual_mean_zhvi,ACS 2018 5-year B19013
GA,13179,Liberty County,2019,142885.13,48007,2.9763,12,complete_12_months,available,available_complete,Zillow ZHVI county,annual_mean_zhvi,ACS 2019 5-year B19013
GA,13179,Liberty County,2020,151564.09,50411,3.0066,12,complete_12_months,available,available_complete,Zillow ZHVI county,annual_mean_zhvi,ACS 2020 5-year B19013
GA,13179,Liberty County,2021,169640.54,50617,3.3515,12,complete_12_months,available,available_complete,Zillow ZHVI county,annual_mean_zhvi,ACS 2021 5-year B19013
GA,13179,Liberty County,2022,205659.37,55149,3.7292,12,complete_12_months,available,available_complete,Zillow ZHVI county,annual_mean_zhvi,ACS 2022 5-year B19013
GA,13179,Liberty County,2023,226601.22,59013,3.8399,12,complete_12_months,available,available_complete,Zillow ZHVI county,annual_mean_zhvi,ACS 2023 5-year B19013
GA,13179,Liberty County,2024,241826.29,60456,4.0,12,complete_12_months,available,available_complete,Zillow ZHVI county,annual_mean_zhvi,ACS 2024 5-year B19013
GA,13181,Lincoln County,2015,118342.24,34243,3.456,12,complete_12_months,available,available_complete,Zillow ZHVI county,annual_mean_zhvi,ACS 2015 5-year B19013
GA,13181,Lincoln County,2016,124487.46,34720,3.5855,12,complete_12_months,available,available_complete,Zillow ZHVI county,annual_mean_zhvi,ACS 2016 5-year B19013
GA,13181,Lincoln County,2017,125447.46,37711,3.3265,12,complete_12_months,available,available_complete,Zillow ZHVI county,annual_mean_zhvi,ACS 2017 5-year B19013
GA,13181,Lincoln County,2018,138496.67,41014,3.3768,12,complete_12_months,available,available_complete,Zillow ZHVI county,annual_mean_zhvi,ACS 2018 5-year B19013
GA,13181,Lincoln County,2019,152000.07,39742,3.8247,12,complete_12_months,available,available_complete,Zillow ZHVI county,annual_mean_zhvi,ACS 2019 5-year B19013
GA,13181,Lincoln County,2020,165389.36,42036,3.9345,12,complete_12_months,available,available_complete,Zillow ZHVI county,annual_mean_zhvi,ACS 2020 5-year B19013
GA,13181,Lincoln County,2021,201834.39,44087,4.5781,12,complete_12_months,available,available_complete,Zillow ZHVI county,annual_mean_zhvi,ACS 2021 5-year B19013
GA,13181,Lincoln County,2022,230279.55,50754,4.5372,12,complete_12_months,available,available_complete,Zillow ZHVI county,annual_mean_zhvi,ACS 2022 5-year B19013
GA,13181,Lincoln County,2023,226067.81,50688,4.46,12,complete_12_months,available,available_complete,Zillow ZHVI county,annual_mean_zhvi,ACS 2023 5-year B19013
GA,13181,Lincoln County,2024,238451.63,56907,4.1902,12,complete_12_months,available,available_complete,Zillow ZHVI county,annual_mean_zhvi,ACS 2024 5-year B19013
GA,13183,Long County,2015,151019.17,48863,3.0907,12,complete_12_months,available,available_complete,Zillow ZHVI county,annual_mean_zhvi,ACS 2015 5-year B19013
GA,13183,Long County,2016,153954.71,50848,3.0277,12,complete_12_months,available,available_complete,Zillow ZHVI county,annual_mean_zhvi,ACS 2016 5-year B19013
GA,13183,Long County,2017,152052.93,53083,2.8644,12,complete_12_months,available,available_complete,Zillow ZHVI county,annual_mean_zhvi,ACS 2017 5-year B19013
GA,13183,Long County,2018,161282.09,55439,2.9092,12,complete_12_months,available,available_complete,Zillow ZHVI county,annual_mean_zhvi,ACS 2018 5-year B19013
GA,13183,Long County,2019,171165.1,54605,3.1346,12,complete_12_months,available,available_complete,Zillow ZHVI county,annual_mean_zhvi,ACS 2019 5-year B19013
GA,13183,Long County,2020,182249.42,52099,3.4981,12,complete_12_months,available,available_complete,Zillow ZHVI county,annual_mean_zhvi,ACS 2020 5-year B19013
GA,13183,Long County,2021,203361.8,52742,3.8558,12,complete_12_months,available,available_complete,Zillow ZHVI county,annual_mean_zhvi,ACS 2021 5-year B19013
GA,13183,Long County,2022,239002.7,56819,4.2064,12,complete_12_months,available,available_complete,Zillow ZHVI county,annual_mean_zhvi,ACS 2022 5-year B19013
GA,13183,Long County,2023,259157.48,64747,4.0026,12,complete_12_months,available,available_complete,Zillow ZHVI county,annual_mean_zhvi,ACS 2023 5-year B19013
GA,13183,Long County,2024,272235.41,68808,3.9564,12,complete_12_months,available,available_complete,Zillow ZHVI county,annual_mean_zhvi,ACS 2024 5-year B19013
GA,13185,Lowndes County,2015,129651.24,36834,3.5199,12,complete_12_months,available,available_complete,Zillow ZHVI county,annual_mean_zhvi,ACS 2015 5-year B19013
GA,13185,Lowndes County,2016,129746.54,38915,3.3341,12,complete_12_months,available,available_complete,Zillow ZHVI county,annual_mean_zhvi,ACS 2016 5-year B19013
GA,13185,Lowndes County,2017,128058.34,39911,3.2086,12,complete_12_months,available,available_complete,Zillow ZHVI county,annual_mean_zhvi,ACS 2017 5-year B19013
GA,13185,Lowndes County,2018,133460.51,41390,3.2245,12,complete_12_months,available,available_complete,Zillow ZHVI county,annual_mean_zhvi,ACS 2018 5-year B19013
GA,13185,Lowndes County,2019,140558.21,42441,3.3118,12,complete_12_months,available,available_complete,Zillow ZHVI county,annual_mean_zhvi,ACS 2019 5-year B19013
GA,13185,Lowndes County,2020,148859.3,46113,3.2281,12,complete_12_months,available,available_complete,Zillow ZHVI county,annual_mean_zhvi,ACS 2020 5-year B19013
GA,13185,Lowndes County,2021,169360.62,48703,3.4774,12,complete_12_months,available,available_complete,Zillow ZHVI county,annual_mean_zhvi,ACS 2021 5-year B19013
GA,13185,Lowndes County,2022,195734.46,52821,3.7056,12,complete_12_months,available,available_complete,Zillow ZHVI county,annual_mean_zhvi,ACS 2022 5-year B19013
GA,13185,Lowndes County,2023,208703.08,55887,3.7344,12,complete_12_months,available,available_complete,Zillow ZHVI county,annual_mean_zhvi,ACS 2023 5-year B19013
GA,13185,Lowndes County,2024,219283.61,58541,3.7458,12,complete_12_months,available,available_complete,Zillow ZHVI county,annual_mean_zhvi,ACS 2024 5-year B19013
GA,13187,Lumpkin County,2015,178842.95,43804,4.0828,12,complete_12_months,available,available_complete,Zillow ZHVI county,annual_mean_zhvi,ACS 2015 5-year B19013
GA,13187,Lumpkin County,2016,187977.26,40634,4.6261,12,complete_12_months,available,available_complete,Zillow ZHVI county,annual_mean_zhvi,ACS 2016 5-year B19013
GA,13187,Lumpkin County,2017,198350.08,43039,4.6086,12,complete_12_months,available,available_complete,Zillow ZHVI county,annual_mean_zhvi,ACS 2017 5-year B19013
GA,13187,Lumpkin County,2018,213451.12,47488,4.4948,12,complete_12_months,available,available_complete,Zillow ZHVI county,annual_mean_zhvi,ACS 2018 5-year B19013
GA,13187,Lumpkin County,2019,230975.19,51790,4.4598,12,complete_12_months,available,available_complete,Zillow ZHVI county,annual_mean_zhvi,ACS 2019 5-year B19013
GA,13187,Lumpkin County,2020,251900.29,52872,4.7643,12,complete_12_months,available,available_complete,Zillow ZHVI county,annual_mean_zhvi,ACS 2020 5-year B19013
GA,13187,Lumpkin County,2021,300877.6,64179,4.6881,12,complete_12_months,available,available_complete,Zillow ZHVI county,annual_mean_zhvi,ACS 2021 5-year B19013
GA,13187,Lumpkin County,2022,351218.06,67592,5.1961,12,complete_12_months,available,available_complete,Zillow ZHVI county,annual_mean_zhvi,ACS 2022 5-year B19013
GA,13187,Lumpkin County,2023,357495.62,72388,4.9386,12,complete_12_months,available,available_complete,Zillow ZHVI county,annual_mean_zhvi,ACS 2023 5-year B19013
GA,13187,Lumpkin County,2024,386628.0,77448,4.9921,12,complete_12_months,available,available_complete,Zillow ZHVI county,annual_mean_zhvi,ACS 2024 5-year B19013
GA,13189,McDuffie County,2015,102181.05,36656,2.7876,12,complete_12_months,available,available_complete,Zillow ZHVI county,annual_mean_zhvi,ACS 2015 5-year B19013
GA,13189,McDuffie County,2016,106295.06,37021,2.8712,12,complete_12_months,available,available_complete,Zillow ZHVI county,annual_mean_zhvi,ACS 2016 5-year B19013
GA,13189,McDuffie County,2017,106834.4,40469,2.6399,12,complete_12_months,available,available_complete,Zillow ZHVI county,annual_mean_zhvi,ACS 2017 5-year B19013
GA,13189,McDuffie County,2018,112566.2,39199,2.8717,12,complete_12_months,available,available_complete,Zillow ZHVI county,annual_mean_zhvi,ACS 2018 5-year B19013
GA,13189,McDuffie County,2019,123510.11,43468,2.8414,12,complete_12_months,available,available_complete,Zillow ZHVI county,annual_mean_zhvi,ACS 2019 5-year B19013
GA,13189,McDuffie County,2020,133921.26,47327,2.8297,12,complete_12_months,available,available_complete,Zillow ZHVI county,annual_mean_zhvi,ACS 2020 5-year B19013
GA,13189,McDuffie County,2021,153152.93,50721,3.0195,12,complete_12_months,available,available_complete,Zillow ZHVI county,annual_mean_zhvi,ACS 2021 5-year B19013
GA,13189,McDuffie County,2022,176489.1,54752,3.2234,12,complete_12_months,available,available_complete,Zillow ZHVI county,annual_mean_zhvi,ACS 2022 5-year B19013
GA,13189,McDuffie County,2023,184713.57,54058,3.417,12,complete_12_months,available,available_complete,Zillow ZHVI county,annual_mean_zhvi,ACS 2023 5-year B19013
GA,13189,McDuffie County,2024,196988.78,56733,3.4722,12,complete_12_months,available,available_complete,Zillow ZHVI county,annual_mean_zhvi,ACS 2024 5-year B19013
GA,13191,McIntosh County,2015,134568.66,42988,3.1304,12,complete_12_months,available,available_complete,Zillow ZHVI county,annual_mean_zhvi,ACS 2015 5-year B19013
GA,13191,McIntosh County,2016,138585.32,45248,3.0628,12,complete_12_months,available,available_complete,Zillow ZHVI county,annual_mean_zhvi,ACS 2016 5-year B19013
GA,13191,McIntosh County,2017,141471.27,43285,3.2684,12,complete_12_months,available,available_complete,Zillow ZHVI county,annual_mean_zhvi,ACS 2017 5-year B19013
GA,13191,McIntosh County,2018,154713.39,47114,3.2838,12,complete_12_months,available,available_complete,Zillow ZHVI county,annual_mean_zhvi,ACS 2018 5-year B19013
GA,13191,McIntosh County,2019,166351.79,49504,3.3604,12,complete_12_months,available,available_complete,Zillow ZHVI county,annual_mean_zhvi,ACS 2019 5-year B19013
GA,13191,McIntosh County,2020,176940.36,56262,3.1449,12,complete_12_months,available,available_complete,Zillow ZHVI county,annual_mean_zhvi,ACS 2020 5-year B19013
GA,13191,McIntosh County,2021,203523.0,49951,4.0745,12,complete_12_months,available,available_complete,Zillow ZHVI county,annual_mean_zhvi,ACS 2021 5-year B19013
GA,13191,McIntosh County,2022,234966.77,51262,4.5836,12,complete_12_months,available,available_complete,Zillow ZHVI county,annual_mean_zhvi,ACS 2022 5-year B19013
GA,13191,McIntosh County,2023,255888.42,50348,5.0824,12,complete_12_months,available,available_complete,Zillow ZHVI county,annual_mean_zhvi,ACS 2023 5-year B19013
GA,13191,McIntosh County,2024,274313.19,50273,5.4565,12,complete_12_months,available,available_complete,Zillow ZHVI county,annual_mean_zhvi,ACS 2024 5-year B19013
GA,13193,Macon County,2015,55227.75,28684,1.9254,12,complete_12_months,available,available_complete,Zillow ZHVI county,annual_mean_zhvi,ACS 2015 5-year B19013
GA,13193,Macon County,2016,57945.66,28285,2.0486,12,complete_12_months,available,available_complete,Zillow ZHVI county,annual_mean_zhvi,ACS 2016 5-year B19013
GA,13193,Macon County,2017,59925.0,30851,1.9424,12,complete_12_months,available,available_complete,Zillow ZHVI county,annual_mean_zhvi,ACS 2017 5-year B19013
GA,13193,Macon County,2018,62089.49,31999,1.9404,12,complete_12_months,available,available_complete,Zillow ZHVI county,annual_mean_zhvi,ACS 2018 5-year B19013
GA,13193,Macon County,2019,64600.36,32161,2.0087,12,complete_12_months,available,available_complete,Zillow ZHVI county,annual_mean_zhvi,ACS 2019 5-year B19013
GA,13193,Macon County,2020,72274.07,31910,2.2649,12,complete_12_months,available,available_complete,Zillow ZHVI county,annual_mean_zhvi,ACS 2020 5-year B19013
GA,13193,Macon County,2021,87341.22,33163,2.6337,12,complete_12_months,available,available_complete,Zillow ZHVI county,annual_mean_zhvi,ACS 2021 5-year B19013
GA,13193,Macon County,2022,93986.81,33960,2.7676,12,complete_12_months,available,available_complete,Zillow ZHVI county,annual_mean_zhvi,ACS 2022 5-year B19013
GA,13193,Macon County,2023,92629.31,37177,2.4916,12,complete_12_months,available,available_complete,Zillow ZHVI county,annual_mean_zhvi,ACS 2023 5-year B19013
GA,13193,Macon County,2024,108543.1,41031,2.6454,12,complete_12_months,available,available_complete,Zillow ZHVI county,annual_mean_zhvi,ACS 2024 5-year B19013
GA,13195,Madison County,2015,134057.79,41912,3.1986,12,complete_12_months,available,available_complete,Zillow ZHVI county,annual_mean_zhvi,ACS 2015 5-year B19013
GA,13195,Madison County,2016,142266.32,45063,3.1571,12,complete_12_months,available,available_complete,Zillow ZHVI county,annual_mean_zhvi,ACS 2016 5-year B19013
GA,13195,Madison County,2017,151775.53,47653,3.185,12,complete_12_months,available,available_complete,Zillow ZHVI county,annual_mean_zhvi,ACS 2017 5-year B19013
GA,13195,Madison County,2018,167503.32,51701,3.2398,12,complete_12_months,available,available_complete,Zillow ZHVI county,annual_mean_zhvi,ACS 2018 5-year B19013
GA,13195,Madison County,2019,182737.99,52500,3.4807,12,complete_12_months,available,available_complete,Zillow ZHVI county,annual_mean_zhvi,ACS 2019 5-year B19013
GA,13195,Madison County,2020,201077.22,51142,3.9317,12,complete_12_months,available,available_complete,Zillow ZHVI county,annual_mean_zhvi,ACS 2020 5-year B19013
GA,13195,Madison County,2021,243853.03,51854,4.7027,12,complete_12_months,available,available_complete,Zillow ZHVI county,annual_mean_zhvi,ACS 2021 5-year B19013
GA,13195,Madison County,2022,282024.38,53626,5.2591,12,complete_12_months,available,available_complete,Zillow ZHVI county,annual_mean_zhvi,ACS 2022 5-year B19013
GA,13195,Madison County,2023,286315.05,58784,4.8706,12,complete_12_months,available,available_complete,Zillow ZHVI county,annual_mean_zhvi,ACS 2023 5-year B19013
GA,13195,Madison County,2024,305732.02,61963,4.9341,12,complete_12_months,available,available_complete,Zillow ZHVI county,annual_mean_zhvi,ACS 2024 5-year B19013
GA,13197,Marion County,2015,114339.66,36242,3.1549,12,complete_12_months,available,available_complete,Zillow ZHVI county,annual_mean_zhvi,ACS 2015 5-year B19013
GA,13197,Marion County,2016,121766.12,35484,3.4316,12,complete_12_months,available,available_complete,Zillow ZHVI county,annual_mean_zhvi,ACS 2016 5-year B19013
GA,13197,Marion County,2017,122434.36,39015,3.1381,12,complete_12_months,available,available_complete,Zillow ZHVI county,annual_mean_zhvi,ACS 2017 5-year B19013
GA,13197,Marion County,2018,126389.19,44309,2.8524,12,complete_12_months,available,available_complete,Zillow ZHVI county,annual_mean_zhvi,ACS 2018 5-year B19013
GA,13197,Marion County,2019,133718.49,44643,2.9953,12,complete_12_months,available,available_complete,Zillow ZHVI county,annual_mean_zhvi,ACS 2019 5-year B19013
GA,13197,Marion County,2020,141561.8,52450,2.699,12,complete_12_months,available,available_complete,Zillow ZHVI county,annual_mean_zhvi,ACS 2020 5-year B19013
GA,13197,Marion County,2021,159640.03,47250,3.3786,12,complete_12_months,available,available_complete,Zillow ZHVI county,annual_mean_zhvi,ACS 2021 5-year B19013
GA,13197,Marion County,2022,171804.27,48836,3.518,12,complete_12_months,available,available_complete,Zillow ZHVI county,annual_mean_zhvi,ACS 2022 5-year B19013
GA,13197,Marion County,2023,165002.53,50484,3.2684,12,complete_12_months,available,available_complete,Zillow ZHVI county,annual_mean_zhvi,ACS 2023 5-year B19013
GA,13197,Marion County,2024,182391.52,51667,3.5301,12,complete_12_months,available,available_complete,Zillow ZHVI county,annual_mean_zhvi,ACS 2024 5-year B19013
GA,13199,Meriwether County,2015,105457.22,35832,2.9431,12,complete_12_months,available,available_complete,Zillow ZHVI county,annual_mean_zhvi,ACS 2015 5-year B19013
GA,13199,Meriwether County,2016,109893.24,34989,3.1408,12,complete_12_months,available,available_complete,Zillow ZHVI county,annual_mean_zhvi,ACS 2016 5-year B19013
GA,13199,Meriwether County,2017,114860.77,36368,3.1583,12,complete_12_months,available,available_complete,Zillow ZHVI county,annual_mean_zhvi,ACS 2017 5-year B19013
GA,13199,Meriwether County,2018,123681.97,36351,3.4024,12,complete_12_months,available,available_complete,Zillow ZHVI county,annual_mean_zhvi,ACS 2018 5-year B19013
GA,13199,Meriwether County,2019,129689.41,37121,3.4937,12,complete_12_months,available,available_complete,Zillow ZHVI county,annual_mean_zhvi,ACS 2019 5-year B19013
GA,13199,Meriwether County,2020,139711.09,40769,3.4269,12,complete_12_months,available,available_complete,Zillow ZHVI county,annual_mean_zhvi,ACS 2020 5-year B19013
GA,13199,Meriwether County,2021,168633.18,46789,3.6041,12,complete_12_months,available,available_complete,Zillow ZHVI county,annual_mean_zhvi,ACS 2021 5-year B19013
GA,13199,Meriwether County,2022,199301.94,52392,3.8041,12,complete_12_months,available,available_complete,Zillow ZHVI county,annual_mean_zhvi,ACS 2022 5-year B19013
GA,13199,Meriwether County,2023,207584.96,56458,3.6768,12,complete_12_months,available,available_complete,Zillow ZHVI county,annual_mean_zhvi,ACS 2023 5-year B19013
GA,13199,Meriwether County,2024,223496.36,57340,3.8977,12,complete_12_months,available,available_complete,Zillow ZHVI county,annual_mean_zhvi,ACS 2024 5-year B19013
GA,13201,Miller County,2015,72761.08,33983,2.1411,12,complete_12_months,available,available_complete,Zillow ZHVI county,annual_mean_zhvi,ACS 2015 5-year B19013
GA,13201,Miller County,2016,75763.87,36463,2.0778,12,complete_12_months,available,available_complete,Zillow ZHVI county,annual_mean_zhvi,ACS 2016 5-year B19013
GA,13201,Miller County,2017,77981.86,37255,2.0932,12,complete_12_months,available,available_complete,Zillow ZHVI county,annual_mean_zhvi,ACS 2017 5-year B19013
GA,13201,Miller County,2018,83842.84,42927,1.9531,12,complete_12_months,available,available_complete,Zillow ZHVI county,annual_mean_zhvi,ACS 2018 5-year B19013
GA,13201,Miller County,2019,87175.97,44542,1.9572,12,complete_12_months,available,available_complete,Zillow ZHVI county,annual_mean_zhvi,ACS 2019 5-year B19013
GA,13201,Miller County,2020,91767.18,49771,1.8438,12,complete_12_months,available,available_complete,Zillow ZHVI county,annual_mean_zhvi,ACS 2020 5-year B19013
GA,13201,Miller County,2021,112057.37,51983,2.1557,12,complete_12_months,available,available_complete,Zillow ZHVI county,annual_mean_zhvi,ACS 2021 5-year B19013
GA,13201,Miller County,2022,128549.17,52132,2.4658,12,complete_12_months,available,available_complete,Zillow ZHVI county,annual_mean_zhvi,ACS 2022 5-year B19013
GA,13201,Miller County,2023,132080.25,58407,2.2614,12,complete_12_months,available,available_complete,Zillow ZHVI county,annual_mean_zhvi,ACS 2023 5-year B19013
GA,13201,Miller County,2024,145363.49,51425,2.8267,12,complete_12_months,available,available_complete,Zillow ZHVI county,annual_mean_zhvi,ACS 2024 5-year B19013
GA,13205,Mitchell County,2015,88118.53,31915,2.761,12,complete_12_months,available,available_complete,Zillow ZHVI county,annual_mean_zhvi,ACS 2015 5-year B19013
GA,13205,Mitchell County,2016,91018.71,31111,2.9256,12,complete_12_months,available,available_complete,Zillow ZHVI county,annual_mean_zhvi,ACS 2016 5-year B19013
GA,13205,Mitchell County,2017,89900.01,34122,2.6347,12,complete_12_months,available,available_complete,Zillow ZHVI county,annual_mean_zhvi,ACS 2017 5-year B19013
GA,13205,Mitchell County,2018,93888.74,37027,2.5357,12,complete_12_months,available,available_complete,Zillow ZHVI county,annual_mean_zhvi,ACS 2018 5-year B19013
GA,13205,Mitchell County,2019,96424.83,38116,2.5298,12,complete_12_months,available,available_complete,Zillow ZHVI county,annual_mean_zhvi,ACS 2019 5-year B19013
GA,13205,Mitchell County,2020,100946.17,39404,2.5618,12,complete_12_months,available,available_complete,Zillow ZHVI county,annual_mean_zhvi,ACS 2020 5-year B19013
GA,13205,Mitchell County,2021,117086.99,43427,2.6962,12,complete_12_months,available,available_complete,Zillow ZHVI county,annual_mean_zhvi,ACS 2021 5-year B19013
GA,13205,Mitchell County,2022,130493.24,45966,2.8389,12,complete_12_months,available,available_complete,Zillow ZHVI county,annual_mean_zhvi,ACS 2022 5-year B19013
GA,13205,Mitchell County,2023,136480.66,51908,2.6293,12,complete_12_months,available,available_complete,Zillow ZHVI county,annual_mean_zhvi,ACS 2023 5-year B19013
GA,13205,Mitchell County,2024,152729.17,57613,2.6509,12,complete_12_months,available,available_complete,Zillow ZHVI county,annual_mean_zhvi,ACS 2024 5-year B19013
GA,13207,Monroe County,2015,187452.14,48744,3.8456,12,complete_12_months,available,available_complete,Zillow ZHVI county,annual_mean_zhvi,ACS 2015 5-year B19013
GA,13207,Monroe County,2016,192954.16,50625,3.8114,12,complete_12_months,available,available_complete,Zillow ZHVI county,annual_mean_zhvi,ACS 2016 5-year B19013
GA,13207,Monroe County,2017,197404.06,50666,3.8962,12,complete_12_months,available,available_complete,Zillow ZHVI county,annual_mean_zhvi,ACS 2017 5-year B19013
GA,13207,Monroe County,2018,204964.53,54050,3.7921,12,complete_12_months,available,available_complete,Zillow ZHVI county,annual_mean_zhvi,ACS 2018 5-year B19013
GA,13207,Monroe County,2019,219884.18,54754,4.0159,12,complete_12_months,available,available_complete,Zillow ZHVI county,annual_mean_zhvi,ACS 2019 5-year B19013
GA,13207,Monroe County,2020,237276.71,60491,3.9225,12,complete_12_months,available,available_complete,Zillow ZHVI county,annual_mean_zhvi,ACS 2020 5-year B19013
GA,13207,Monroe County,2021,269194.74,67154,4.0086,12,complete_12_months,available,available_complete,Zillow ZHVI county,annual_mean_zhvi,ACS 2021 5-year B19013
GA,13207,Monroe County,2022,302224.17,74867,4.0368,12,complete_12_months,available,available_complete,Zillow ZHVI county,annual_mean_zhvi,ACS 2022 5-year B19013
GA,13207,Monroe County,2023,309251.64,82863,3.7321,12,complete_12_months,available,available_complete,Zillow ZHVI county,annual_mean_zhvi,ACS 2023 5-year B19013
GA,13207,Monroe County,2024,320916.9,83183,3.858,12,complete_12_months,available,available_complete,Zillow ZHVI county,annual_mean_zhvi,ACS 2024 5-year B19013
GA,13209,Montgomery County,2015,100412.74,34672,2.8961,12,complete_12_months,available,available_complete,Zillow ZHVI county,annual_mean_zhvi,ACS 2015 5-year B19013
GA,13209,Montgomery County,2016,105881.25,38111,2.7782,12,complete_12_months,available,available_complete,Zillow ZHVI county,annual_mean_zhvi,ACS 2016 5-year B19013
GA,13209,Montgomery County,2017,110498.13,40308,2.7413,12,complete_12_months,available,available_complete,Zillow ZHVI county,annual_mean_zhvi,ACS 2017 5-year B19013
GA,13209,Montgomery County,2018,114537.57,40728,2.8123,12,complete_12_months,available,available_complete,Zillow ZHVI county,annual_mean_zhvi,ACS 2018 5-year B19013
GA,13209,Montgomery County,2019,122395.49,41996,2.9145,12,complete_12_months,available,available_complete,Zillow ZHVI county,annual_mean_zhvi,ACS 2019 5-year B19013
GA,13209,Montgomery County,2020,130135.74,45230,2.8772,12,complete_12_months,available,available_complete,Zillow ZHVI county,annual_mean_zhvi,ACS 2020 5-year B19013
GA,13209,Montgomery County,2021,151258.99,48717,3.1049,12,complete_12_months,available,available_complete,Zillow ZHVI county,annual_mean_zhvi,ACS 2021 5-year B19013
GA,13209,Montgomery County,2022,169307.78,49138,3.4456,12,complete_12_months,available,available_complete,Zillow ZHVI county,annual_mean_zhvi,ACS 2022 5-year B19013
GA,13209,Montgomery County,2023,170516.71,51188,3.3312,12,complete_12_months,available,available_complete,Zillow ZHVI county,annual_mean_zhvi,ACS 2023 5-year B19013
GA,13209,Montgomery County,2024,176983.39,51941,3.4074,12,complete_12_months,available,available_complete,Zillow ZHVI county,annual_mean_zhvi,ACS 2024 5-year B19013
GA,13211,Morgan County,2015,207735.52,51820,4.0088,12,complete_12_months,available,available_complete,Zillow ZHVI county,annual_mean_zhvi,ACS 2015 5-year B19013
GA,13211,Morgan County,2016,225068.99,54506,4.1293,12,complete_12_months,available,available_complete,Zillow ZHVI county,annual_mean_zhvi,ACS 2016 5-year B19013
GA,13211,Morgan County,2017,238881.1,59572,4.01,12,complete_12_months,available,available_complete,Zillow ZHVI county,annual_mean_zhvi,ACS 2017 5-year B19013
GA,13211,Morgan County,2018,256666.49,62530,4.1047,12,complete_12_months,available,available_complete,Zillow ZHVI county,annual_mean_zhvi,ACS 2018 5-year B19013
GA,13211,Morgan County,2019,272044.84,66178,4.1108,12,complete_12_months,available,available_complete,Zillow ZHVI county,annual_mean_zhvi,ACS 2019 5-year B19013
GA,13211,Morgan County,2020,293314.77,68669,4.2714,12,complete_12_months,available,available_complete,Zillow ZHVI county,annual_mean_zhvi,ACS 2020 5-year B19013
GA,13211,Morgan County,2021,344048.66,71000,4.8458,12,complete_12_months,available,available_complete,Zillow ZHVI county,annual_mean_zhvi,ACS 2021 5-year B19013
GA,13211,Morgan County,2022,399537.73,81524,4.9009,12,complete_12_months,available,available_complete,Zillow ZHVI county,annual_mean_zhvi,ACS 2022 5-year B19013
GA,13211,Morgan County,2023,421421.48,85692,4.9179,12,complete_12_months,available,available_complete,Zillow ZHVI county,annual_mean_zhvi,ACS 2023 5-year B19013
GA,13211,Morgan County,2024,442581.9,78111,5.6661,12,complete_12_months,available,available_complete,Zillow ZHVI county,annual_mean_zhvi,ACS 2024 5-year B19013
GA,13213,Murray County,2015,115524.19,35539,3.2506,12,complete_12_months,available,available_complete,Zillow ZHVI county,annual_mean_zhvi,ACS 2015 5-year B19013
GA,13213,Murray County,2016,122669.24,38136,3.2166,12,complete_12_months,available,available_complete,Zillow ZHVI county,annual_mean_zhvi,ACS 2016 5-year B19013
GA,13213,Murray County,2017,130943.8,41617,3.1464,12,complete_12_months,available,available_complete,Zillow ZHVI county,annual_mean_zhvi,ACS 2017 5-year B19013
GA,13213,Murray County,2018,139602.45,45238,3.086,12,complete_12_months,available,available_complete,Zillow ZHVI county,annual_mean_zhvi,ACS 2018 5-year B19013
GA,13213,Murray County,2019,152037.76,48033,3.1653,12,complete_12_months,available,available_complete,Zillow ZHVI county,annual_mean_zhvi,ACS 2019 5-year B19013
GA,13213,Murray County,2020,166197.71,51133,3.2503,12,complete_12_months,available,available_complete,Zillow ZHVI county,annual_mean_zhvi,ACS 2020 5-year B19013
GA,13213,Murray County,2021,192935.3,53821,3.5848,12,complete_12_months,available,available_complete,Zillow ZHVI county,annual_mean_zhvi,ACS 2021 5-year B19013
GA,13213,Murray County,2022,221665.46,60617,3.6568,12,complete_12_months,available,available_complete,Zillow ZHVI county,annual_mean_zhvi,ACS 2022 5-year B19013
GA,13213,Murray County,2023,228011.63,67880,3.359,12,complete_12_months,available,available_complete,Zillow ZHVI county,annual_mean_zhvi,ACS 2023 5-year B19013
GA,13213,Murray County,2024,243011.07,69253,3.509,12,complete_12_months,available,available_complete,Zillow ZHVI county,annual_mean_zhvi,ACS 2024 5-year B19013
GA,13215,Muscogee County,2015,106769.31,42306,2.5237,12,complete_12_months,available,available_complete,Zillow ZHVI county,annual_mean_zhvi,ACS 2015 5-year B19013
GA,13215,Muscogee County,2016,106851.81,42661,2.5047,12,complete_12_months,available,available_complete,Zillow ZHVI county,annual_mean_zhvi,ACS 2016 5-year B19013
GA,13215,Muscogee County,2017,107059.73,43239,2.476,12,complete_12_months,available,available_complete,Zillow ZHVI county,annual_mean_zhvi,ACS 2017 5-year B19013
GA,13215,Muscogee County,2018,112541.47,45389,2.4795,12,complete_12_months,available,available_complete,Zillow ZHVI county,annual_mean_zhvi,ACS 2018 5-year B19013
GA,13215,Muscogee County,2019,118208.7,46408,2.5472,12,complete_12_months,available,available_complete,Zillow ZHVI county,annual_mean_zhvi,ACS 2019 5-year B19013
GA,13215,Muscogee County,2020,126384.62,47418,2.6653,12,complete_12_months,available,available_complete,Zillow ZHVI county,annual_mean_zhvi,ACS 2020 5-year B19013
GA,13215,Muscogee County,2021,144821.31,50542,2.8654,12,complete_12_months,available,available_complete,Zillow ZHVI county,annual_mean_zhvi,ACS 2021 5-year B19013
GA,13215,Muscogee County,2022,162583.05,54561,2.9798,12,complete_12_months,available,available_complete,Zillow ZHVI county,annual_mean_zhvi,ACS 2022 5-year B19013
GA,13215,Muscogee County,2023,170715.06,56622,3.015,12,complete_12_months,available,available_complete,Zillow ZHVI county,annual_mean_zhvi,ACS 2023 5-year B19013
GA,13215,Muscogee County,2024,180609.52,58073,3.11,12,complete_12_months,available,available_complete,Zillow ZHVI county,annual_mean_zhvi,ACS 2024 5-year B19013
GA,13217,Newton County,2015,129217.75,49179,2.6275,12,complete_12_months,available,available_complete,Zillow ZHVI county,annual_mean_zhvi,ACS 2015 5-year B19013
GA,13217,Newton County,2016,139998.38,51068,2.7414,12,complete_12_months,available,available_complete,Zillow ZHVI county,annual_mean_zhvi,ACS 2016 5-year B19013
GA,13217,Newton County,2017,149947.62,52784,2.8408,12,complete_12_months,available,available_complete,Zillow ZHVI county,annual_mean_zhvi,ACS 2017 5-year B19013
GA,13217,Newton County,2018,165178.87,53309,3.0985,12,complete_12_months,available,available_complete,Zillow ZHVI county,annual_mean_zhvi,ACS 2018 5-year B19013
GA,13217,Newton County,2019,181949.47,56316,3.2309,12,complete_12_months,available,available_complete,Zillow ZHVI county,annual_mean_zhvi,ACS 2019 5-year B19013
GA,13217,Newton County,2020,197804.66,59178,3.3425,12,complete_12_months,available,available_complete,Zillow ZHVI county,annual_mean_zhvi,ACS 2020 5-year B19013
GA,13217,Newton County,2021,238170.54,64767,3.6773,12,complete_12_months,available,available_complete,Zillow ZHVI county,annual_mean_zhvi,ACS 2021 5-year B19013
GA,13217,Newton County,2022,298299.16,70732,4.2173,12,complete_12_months,available,available_complete,Zillow ZHVI county,annual_mean_zhvi,ACS 2022 5-year B19013
GA,13217,Newton County,2023,306535.99,73732,4.1574,12,complete_12_months,available,available_complete,Zillow ZHVI county,annual_mean_zhvi,ACS 2023 5-year B19013
GA,13217,Newton County,2024,310947.01,77179,4.0289,12,complete_12_months,available,available_complete,Zillow ZHVI county,annual_mean_zhvi,ACS 2024 5-year B19013
GA,13219,Oconee County,2015,280174.48,72182,3.8815,12,complete_12_months,available,available_complete,Zillow ZHVI county,annual_mean_zhvi,ACS 2015 5-year B19013
GA,13219,Oconee County,2016,290777.1,75946,3.8287,12,complete_12_months,available,available_complete,Zillow ZHVI county,annual_mean_zhvi,ACS 2016 5-year B19013
GA,13219,Oconee County,2017,305816.39,77388,3.9517,12,complete_12_months,available,available_complete,Zillow ZHVI county,annual_mean_zhvi,ACS 2017 5-year B19013
GA,13219,Oconee County,2018,323947.0,88308,3.6684,12,complete_12_months,available,available_complete,Zillow ZHVI county,annual_mean_zhvi,ACS 2018 5-year B19013
GA,13219,Oconee County,2019,347270.9,90751,3.8266,12,complete_12_months,available,available_complete,Zillow ZHVI county,annual_mean_zhvi,ACS 2019 5-year B19013
GA,13219,Oconee County,2020,372170.52,95064,3.9149,12,complete_12_months,available,available_complete,Zillow ZHVI county,annual_mean_zhvi,ACS 2020 5-year B19013
GA,13219,Oconee County,2021,429890.25,106165,4.0493,12,complete_12_months,available,available_complete,Zillow ZHVI county,annual_mean_zhvi,ACS 2021 5-year B19013
GA,13219,Oconee County,2022,501882.84,116221,4.3183,12,complete_12_months,available,available_complete,Zillow ZHVI county,annual_mean_zhvi,ACS 2022 5-year B19013
GA,13219,Oconee County,2023,516154.26,115925,4.4525,12,complete_12_months,available,available_complete,Zillow ZHVI county,annual_mean_zhvi,ACS 2023 5-year B19013
GA,13219,Oconee County,2024,547651.4,121217,4.5179,12,complete_12_months,available,available_complete,Zillow ZHVI county,annual_mean_zhvi,ACS 2024 5-year B19013
GA,13221,Oglethorpe County,2015,129547.16,44226,2.9292,12,complete_12_months,available,available_complete,Zillow ZHVI county,annual_mean_zhvi,ACS 2015 5-year B19013
GA,13221,Oglethorpe County,2016,138702.0,44403,3.1237,12,complete_12_months,available,available_complete,Zillow ZHVI county,annual_mean_zhvi,ACS 2016 5-year B19013
GA,13221,Oglethorpe County,2017,149023.5,43938,3.3917,12,complete_12_months,available,available_complete,Zillow ZHVI county,annual_mean_zhvi,ACS 2017 5-year B19013
GA,13221,Oglethorpe County,2018,163164.55,44927,3.6318,12,complete_12_months,available,available_complete,Zillow ZHVI county,annual_mean_zhvi,ACS 2018 5-year B19013
GA,13221,Oglethorpe County,2019,178701.65,47120,3.7925,12,complete_12_months,available,available_complete,Zillow ZHVI county,annual_mean_zhvi,ACS 2019 5-year B19013
GA,13221,Oglethorpe County,2020,195886.14,52816,3.7088,12,complete_12_months,available,available_complete,Zillow ZHVI county,annual_mean_zhvi,ACS 2020 5-year B19013
GA,13221,Oglethorpe County,2021,231825.97,58791,3.9432,12,complete_12_months,available,available_complete,Zillow ZHVI county,annual_mean_zhvi,ACS 2021 5-year B19013
GA,13221,Oglethorpe County,2022,273104.88,66672,4.0962,12,complete_12_months,available,available_complete,Zillow ZHVI county,annual_mean_zhvi,ACS 2022 5-year B19013
GA,13221,Oglethorpe County,2023,286884.52,69784,4.111,12,complete_12_months,available,available_complete,Zillow ZHVI county,annual_mean_zhvi,ACS 2023 5-year B19013
GA,13221,Oglethorpe County,2024,308241.88,75034,4.108,12,complete_12_months,available,available_complete,Zillow ZHVI county,annual_mean_zhvi,ACS 2024 5-year B19013
GA,13223,Paulding County,2015,,60109,,0,source_data_unavailable,available,source_data_unavailable,Zillow ZHVI county,annual_mean_zhvi,ACS 2015 5-year B19013
GA,13223,Paulding County,2016,172514.89,60971,2.8295,11,partial_10_11_months,available,available_partial,Zillow ZHVI county,annual_mean_zhvi,ACS 2016 5-year B19013
GA,13223,Paulding County,2017,183721.95,63669,2.8856,12,complete_12_months,available,available_complete,Zillow ZHVI county,annual_mean_zhvi,ACS 2017 5-year B19013
GA,13223,Paulding County,2018,199527.76,66467,3.0019,12,complete_12_months,available,available_complete,Zillow ZHVI county,annual_mean_zhvi,ACS 2018 5-year B19013
GA,13223,Paulding County,2019,215128.04,68370,3.1465,12,complete_12_months,available,available_complete,Zillow ZHVI county,annual_mean_zhvi,ACS 2019 5-year B19013
GA,13223,Paulding County,2020,232165.07,74154,3.1309,12,complete_12_months,available,available_complete,Zillow ZHVI county,annual_mean_zhvi,ACS 2020 5-year B19013
GA,13223,Paulding County,2021,280997.92,80234,3.5022,12,complete_12_months,available,available_complete,Zillow ZHVI county,annual_mean_zhvi,ACS 2021 5-year B19013
GA,13223,Paulding County,2022,350146.33,89237,3.9238,12,complete_12_months,available,available_complete,Zillow ZHVI county,annual_mean_zhvi,ACS 2022 5-year B19013
GA,13223,Paulding County,2023,352881.62,94557,3.7319,12,complete_12_months,available,available_complete,Zillow ZHVI county,annual_mean_zhvi,ACS 2023 5-year B19013
GA,13223,Paulding County,2024,355207.58,98031,3.6234,12,complete_12_months,available,available_complete,Zillow ZHVI county,annual_mean_zhvi,ACS 2024 5-year B19013
GA,13225,Peach County,2015,126144.09,41588,3.0332,12,complete_12_months,available,available_complete,Zillow ZHVI county,annual_mean_zhvi,ACS 2015 5-year B19013
GA,13225,Peach County,2016,128766.1,41128,3.1309,12,complete_12_months,available,available_complete,Zillow ZHVI county,annual_mean_zhvi,ACS 2016 5-year B19013
GA,13225,Peach County,2017,126969.51,43645,2.9091,12,complete_12_months,available,available_complete,Zillow ZHVI county,annual_mean_zhvi,ACS 2017 5-year B19013
GA,13225,Peach County,2018,134576.24,42802,3.1442,12,complete_12_months,available,available_complete,Zillow ZHVI county,annual_mean_zhvi,ACS 2018 5-year B19013
GA,13225,Peach County,2019,144757.06,46636,3.104,12,complete_12_months,available,available_complete,Zillow ZHVI county,annual_mean_zhvi,ACS 2019 5-year B19013
GA,13225,Peach County,2020,154776.01,50267,3.0791,12,complete_12_months,available,available_complete,Zillow ZHVI county,annual_mean_zhvi,ACS 2020 5-year B19013
GA,13225,Peach County,2021,175602.23,53215,3.2999,12,complete_12_months,available,available_complete,Zillow ZHVI county,annual_mean_zhvi,ACS 2021 5-year B19013
GA,13225,Peach County,2022,204612.39,60940,3.3576,12,complete_12_months,available,available_complete,Zillow ZHVI county,annual_mean_zhvi,ACS 2022 5-year B19013
GA,13225,Peach County,2023,217111.21,68365,3.1758,12,complete_12_months,available,available_complete,Zillow ZHVI county,annual_mean_zhvi,ACS 2023 5-year B19013
GA,13225,Peach County,2024,226602.03,71293,3.1785,12,complete_12_months,available,available_complete,Zillow ZHVI county,annual_mean_zhvi,ACS 2024 5-year B19013
GA,13227,Pickens County,2015,177635.81,54123,3.2821,12,complete_12_months,available,available_complete,Zillow ZHVI county,annual_mean_zhvi,ACS 2015 5-year B19013
GA,13227,Pickens County,2016,186230.3,56769,3.2805,12,complete_12_months,available,available_complete,Zillow ZHVI county,annual_mean_zhvi,ACS 2016 5-year B19013
GA,13227,Pickens County,2017,198478.77,61542,3.2251,12,complete_12_months,available,available_complete,Zillow ZHVI county,annual_mean_zhvi,ACS 2017 5-year B19013
GA,13227,Pickens County,2018,219963.07,64512,3.4096,12,complete_12_months,available,available_complete,Zillow ZHVI county,annual_mean_zhvi,ACS 2018 5-year B19013
GA,13227,Pickens County,2019,232133.58,67631,3.4324,12,complete_12_months,available,available_complete,Zillow ZHVI county,annual_mean_zhvi,ACS 2019 5-year B19013
GA,13227,Pickens County,2020,251867.7,68365,3.6842,12,complete_12_months,available,available_complete,Zillow ZHVI county,annual_mean_zhvi,ACS 2020 5-year B19013
GA,13227,Pickens County,2021,305564.04,71637,4.2654,12,complete_12_months,available,available_complete,Zillow ZHVI county,annual_mean_zhvi,ACS 2021 5-year B19013
GA,13227,Pickens County,2022,361545.45,72558,4.9828,12,complete_12_months,available,available_complete,Zillow ZHVI county,annual_mean_zhvi,ACS 2022 5-year B19013
GA,13227,Pickens County,2023,372898.28,75293,4.9526,12,complete_12_months,available,available_complete,Zillow ZHVI county,annual_mean_zhvi,ACS 2023 5-year B19013
GA,13227,Pickens County,2024,391571.47,78930,4.961,12,complete_12_months,available,available_complete,Zillow ZHVI county,annual_mean_zhvi,ACS 2024 5-year B19013
GA,13229,Pierce County,2015,103170.17,40247,2.5634,12,complete_12_months,available,available_complete,Zillow ZHVI county,annual_mean_zhvi,ACS 2015 5-year B19013
GA,13229,Pierce County,2016,107178.0,42730,2.5083,12,complete_12_months,available,available_complete,Zillow ZHVI county,annual_mean_zhvi,ACS 2016 5-year B19013
GA,13229,Pierce County,2017,111799.9,39863,2.8046,12,complete_12_months,available,available_complete,Zillow ZHVI county,annual_mean_zhvi,ACS 2017 5-year B19013
GA,13229,Pierce County,2018,117593.83,44167,2.6625,12,complete_12_months,available,available_complete,Zillow ZHVI county,annual_mean_zhvi,ACS 2018 5-year B19013
GA,13229,Pierce County,2019,125108.58,42804,2.9228,12,complete_12_months,available,available_complete,Zillow ZHVI county,annual_mean_zhvi,ACS 2019 5-year B19013
GA,13229,Pierce County,2020,136518.03,48969,2.7878,12,complete_12_months,available,available_complete,Zillow ZHVI county,annual_mean_zhvi,ACS 2020 5-year B19013
GA,13229,Pierce County,2021,154720.7,50820,3.0445,12,complete_12_months,available,available_complete,Zillow ZHVI county,annual_mean_zhvi,ACS 2021 5-year B19013
GA,13229,Pierce County,2022,174143.16,54861,3.1743,12,complete_12_months,available,available_complete,Zillow ZHVI county,annual_mean_zhvi,ACS 2022 5-year B19013
GA,13229,Pierce County,2023,188423.4,56691,3.3237,12,complete_12_months,available,available_complete,Zillow ZHVI county,annual_mean_zhvi,ACS 2023 5-year B19013
GA,13229,Pierce County,2024,199059.25,60517,3.2893,12,complete_12_months,available,available_complete,Zillow ZHVI county,annual_mean_zhvi,ACS 2024 5-year B19013
GA,13231,Pike County,2015,170553.37,51338,3.3222,12,complete_12_months,available,available_complete,Zillow ZHVI county,annual_mean_zhvi,ACS 2015 5-year B19013
GA,13231,Pike County,2016,180661.59,50819,3.555,12,complete_12_months,available,available_complete,Zillow ZHVI county,annual_mean_zhvi,ACS 2016 5-year B19013
GA,13231,Pike County,2017,190407.84,52377,3.6353,12,complete_12_months,available,available_complete,Zillow ZHVI county,annual_mean_zhvi,ACS 2017 5-year B19013
GA,13231,Pike County,2018,208514.42,58765,3.5483,12,complete_12_months,available,available_complete,Zillow ZHVI county,annual_mean_zhvi,ACS 2018 5-year B19013
GA,13231,Pike County,2019,222323.12,64878,3.4268,12,complete_12_months,available,available_complete,Zillow ZHVI county,annual_mean_zhvi,ACS 2019 5-year B19013
GA,13231,Pike County,2020,240526.51,68138,3.53,11,partial_10_11_months,available,available_partial,Zillow ZHVI county,annual_mean_zhvi,ACS 2020 5-year B19013
GA,13231,Pike County,2021,288094.79,76152,3.7832,12,complete_12_months,available,available_complete,Zillow ZHVI county,annual_mean_zhvi,ACS 2021 5-year B19013
GA,13231,Pike County,2022,337281.96,83866,4.0217,12,complete_12_months,available,available_complete,Zillow ZHVI county,annual_mean_zhvi,ACS 2022 5-year B19013
GA,13231,Pike County,2023,351008.0,84184,4.1695,12,complete_12_months,available,available_complete,Zillow ZHVI county,annual_mean_zhvi,ACS 2023 5-year B19013
GA,13231,Pike County,2024,375177.02,86719,4.3264,12,complete_12_months,available,available_complete,Zillow ZHVI county,annual_mean_zhvi,ACS 2024 5-year B19013
GA,13233,Polk County,2015,88048.87,37853,2.3261,12,complete_12_months,available,available_complete,Zillow ZHVI county,annual_mean_zhvi,ACS 2015 5-year B19013
GA,13233,Polk County,2016,92989.83,39356,2.3628,12,complete_12_months,available,available_complete,Zillow ZHVI county,annual_mean_zhvi,ACS 2016 5-year B19013
GA,13233,Polk County,2017,98567.2,40652,2.4247,12,complete_12_months,available,available_complete,Zillow ZHVI county,annual_mean_zhvi,ACS 2017 5-year B19013
GA,13233,Polk County,2018,111051.75,43491,2.5534,12,complete_12_months,available,available_complete,Zillow ZHVI county,annual_mean_zhvi,ACS 2018 5-year B19013
GA,13233,Polk County,2019,120943.89,44891,2.6942,12,complete_12_months,available,available_complete,Zillow ZHVI county,annual_mean_zhvi,ACS 2019 5-year B19013
GA,13233,Polk County,2020,133894.75,46846,2.8582,12,complete_12_months,available,available_complete,Zillow ZHVI county,annual_mean_zhvi,ACS 2020 5-year B19013
GA,13233,Polk County,2021,166161.18,48958,3.394,12,complete_12_months,available,available_complete,Zillow ZHVI county,annual_mean_zhvi,ACS 2021 5-year B19013
GA,13233,Polk County,2022,200890.01,51956,3.8665,12,complete_12_months,available,available_complete,Zillow ZHVI county,annual_mean_zhvi,ACS 2022 5-year B19013
GA,13233,Polk County,2023,212070.52,55308,3.8344,12,complete_12_months,available,available_complete,Zillow ZHVI county,annual_mean_zhvi,ACS 2023 5-year B19013
GA,13233,Polk County,2024,226366.9,58515,3.8685,12,complete_12_months,available,available_complete,Zillow ZHVI county,annual_mean_zhvi,ACS 2024 5-year B19013
GA,13235,Pulaski County,2015,88595.99,38750,2.2863,12,complete_12_months,available,available_complete,Zillow ZHVI county,annual_mean_zhvi,ACS 2015 5-year B19013
GA,13235,Pulaski County,2016,89606.05,38880,2.3047,12,complete_12_months,available,available_complete,Zillow ZHVI county,annual_mean_zhvi,ACS 2016 5-year B19013
GA,13235,Pulaski County,2017,90544.79,38750,2.3366,12,complete_12_months,available,available_complete,Zillow ZHVI county,annual_mean_zhvi,ACS 2017 5-year B19013
GA,13235,Pulaski County,2018,97094.43,38770,2.5044,12,complete_12_months,available,available_complete,Zillow ZHVI county,annual_mean_zhvi,ACS 2018 5-year B19013
GA,13235,Pulaski County,2019,102786.91,45148,2.2767,12,complete_12_months,available,available_complete,Zillow ZHVI county,annual_mean_zhvi,ACS 2019 5-year B19013
GA,13235,Pulaski County,2020,111682.15,42213,2.6457,12,complete_12_months,available,available_complete,Zillow ZHVI county,annual_mean_zhvi,ACS 2020 5-year B19013
GA,13235,Pulaski County,2021,127958.36,44946,2.8469,12,complete_12_months,available,available_complete,Zillow ZHVI county,annual_mean_zhvi,ACS 2021 5-year B19013
GA,13235,Pulaski County,2022,151188.45,42545,3.5536,12,complete_12_months,available,available_complete,Zillow ZHVI county,annual_mean_zhvi,ACS 2022 5-year B19013
GA,13235,Pulaski County,2023,160829.94,47688,3.3725,12,complete_12_months,available,available_complete,Zillow ZHVI county,annual_mean_zhvi,ACS 2023 5-year B19013
GA,13235,Pulaski County,2024,171534.13,50406,3.403,12,complete_12_months,available,available_complete,Zillow ZHVI county,annual_mean_zhvi,ACS 2024 5-year B19013
GA,13237,Putnam County,2015,197832.89,44299,4.4659,12,complete_12_months,available,available_complete,Zillow ZHVI county,annual_mean_zhvi,ACS 2015 5-year B19013
GA,13237,Putnam County,2016,203202.88,45762,4.4404,12,complete_12_months,available,available_complete,Zillow ZHVI county,annual_mean_zhvi,ACS 2016 5-year B19013
GA,13237,Putnam County,2017,212055.12,48340,4.3867,12,complete_12_months,available,available_complete,Zillow ZHVI county,annual_mean_zhvi,ACS 2017 5-year B19013
GA,13237,Putnam County,2018,225104.04,51245,4.3927,12,complete_12_months,available,available_complete,Zillow ZHVI county,annual_mean_zhvi,ACS 2018 5-year B19013
GA,13237,Putnam County,2019,239526.37,51606,4.6414,12,complete_12_months,available,available_complete,Zillow ZHVI county,annual_mean_zhvi,ACS 2019 5-year B19013
GA,13237,Putnam County,2020,261243.77,52910,4.9375,12,complete_12_months,available,available_complete,Zillow ZHVI county,annual_mean_zhvi,ACS 2020 5-year B19013
GA,13237,Putnam County,2021,328834.88,55757,5.8976,12,complete_12_months,available,available_complete,Zillow ZHVI county,annual_mean_zhvi,ACS 2021 5-year B19013
GA,13237,Putnam County,2022,386554.87,60825,6.3552,12,complete_12_months,available,available_complete,Zillow ZHVI county,annual_mean_zhvi,ACS 2022 5-year B19013
GA,13237,Putnam County,2023,389914.28,64163,6.0769,12,complete_12_months,available,available_complete,Zillow ZHVI county,annual_mean_zhvi,ACS 2023 5-year B19013
GA,13237,Putnam County,2024,403739.46,72096,5.6,12,complete_12_months,available,available_complete,Zillow ZHVI county,annual_mean_zhvi,ACS 2024 5-year B19013
GA,13239,Quitman County,2015,65353.37,31487,2.0756,12,complete_12_months,available,available_complete,Zillow ZHVI county,annual_mean_zhvi,ACS 2015 5-year B19013
GA,13239,Quitman County,2016,69425.79,29773,2.3318,12,complete_12_months,available,available_complete,Zillow ZHVI county,annual_mean_zhvi,ACS 2016 5-year B19013
GA,13239,Quitman County,2017,68166.13,26750,2.5483,12,complete_12_months,available,available_complete,Zillow ZHVI county,annual_mean_zhvi,ACS 2017 5-year B19013
GA,13239,Quitman County,2018,70963.48,30000,2.3654,12,complete_12_months,available,available_complete,Zillow ZHVI county,annual_mean_zhvi,ACS 2018 5-year B19013
GA,13239,Quitman County,2019,75278.67,26667,2.8229,12,complete_12_months,available,available_complete,Zillow ZHVI county,annual_mean_zhvi,ACS 2019 5-year B19013
GA,13239,Quitman County,2020,82044.83,34394,2.3854,12,complete_12_months,available,available_complete,Zillow ZHVI county,annual_mean_zhvi,ACS 2020 5-year B19013
GA,13239,Quitman County,2021,96395.05,31594,3.0511,12,complete_12_months,available,available_complete,Zillow ZHVI county,annual_mean_zhvi,ACS 2021 5-year B19013
GA,13239,Quitman County,2022,113244.97,38889,2.912,12,complete_12_months,available,available_complete,Zillow ZHVI county,annual_mean_zhvi,ACS 2022 5-year B19013
GA,13239,Quitman County,2023,116801.86,36838,3.1707,12,complete_12_months,available,available_complete,Zillow ZHVI county,annual_mean_zhvi,ACS 2023 5-year B19013
GA,13239,Quitman County,2024,123921.67,40179,3.0842,12,complete_12_months,available,available_complete,Zillow ZHVI county,annual_mean_zhvi,ACS 2024 5-year B19013
GA,13241,Rabun County,2015,187958.92,35211,5.3381,12,complete_12_months,available,available_complete,Zillow ZHVI county,annual_mean_zhvi,ACS 2015 5-year B19013
GA,13241,Rabun County,2016,191128.17,38277,4.9933,12,complete_12_months,available,available_complete,Zillow ZHVI county,annual_mean_zhvi,ACS 2016 5-year B19013
GA,13241,Rabun County,2017,201098.27,39297,5.1174,12,complete_12_months,available,available_complete,Zillow ZHVI county,annual_mean_zhvi,ACS 2017 5-year B19013
GA,13241,Rabun County,2018,212174.62,40902,5.1874,12,complete_12_months,available,available_complete,Zillow ZHVI county,annual_mean_zhvi,ACS 2018 5-year B19013
GA,13241,Rabun County,2019,225826.82,42500,5.3136,12,complete_12_months,available,available_complete,Zillow ZHVI county,annual_mean_zhvi,ACS 2019 5-year B19013
GA,13241,Rabun County,2020,242096.03,44871,5.3954,12,complete_12_months,available,available_complete,Zillow ZHVI county,annual_mean_zhvi,ACS 2020 5-year B19013
GA,13241,Rabun County,2021,312273.33,48652,6.4185,12,complete_12_months,available,available_complete,Zillow ZHVI county,annual_mean_zhvi,ACS 2021 5-year B19013
GA,13241,Rabun County,2022,373046.68,57261,6.5148,12,complete_12_months,available,available_complete,Zillow ZHVI county,annual_mean_zhvi,ACS 2022 5-year B19013
GA,13241,Rabun County,2023,379099.38,61466,6.1676,12,complete_12_months,available,available_complete,Zillow ZHVI county,annual_mean_zhvi,ACS 2023 5-year B19013
GA,13241,Rabun County,2024,396710.81,67493,5.8778,12,complete_12_months,available,available_complete,Zillow ZHVI county,annual_mean_zhvi,ACS 2024 5-year B19013
GA,13243,Randolph County,2015,56777.91,28377,2.0008,12,complete_12_months,available,available_complete,Zillow ZHVI county,annual_mean_zhvi,ACS 2015 5-year B19013
GA,13243,Randolph County,2016,59102.82,30358,1.9469,12,complete_12_months,available,available_complete,Zillow ZHVI county,annual_mean_zhvi,ACS 2016 5-year B19013
GA,13243,Randolph County,2017,60570.15,30640,1.9768,12,complete_12_months,available,available_complete,Zillow ZHVI county,annual_mean_zhvi,ACS 2017 5-year B19013
GA,13243,Randolph County,2018,64536.35,30914,2.0876,12,complete_12_months,available,available_complete,Zillow ZHVI county,annual_mean_zhvi,ACS 2018 5-year B19013
GA,13243,Randolph County,2019,67678.5,31699,2.135,12,complete_12_months,available,available_complete,Zillow ZHVI county,annual_mean_zhvi,ACS 2019 5-year B19013
GA,13243,Randolph County,2020,73241.96,29400,2.4912,12,complete_12_months,available,available_complete,Zillow ZHVI county,annual_mean_zhvi,ACS 2020 5-year B19013
GA,13243,Randolph County,2021,87754.69,28870,3.0396,12,complete_12_months,available,available_complete,Zillow ZHVI county,annual_mean_zhvi,ACS 2021 5-year B19013
GA,13243,Randolph County,2022,95557.82,24638,3.8785,12,complete_12_months,available,available_complete,Zillow ZHVI county,annual_mean_zhvi,ACS 2022 5-year B19013
GA,13243,Randolph County,2023,91708.52,25425,3.607,12,complete_12_months,available,available_complete,Zillow ZHVI county,annual_mean_zhvi,ACS 2023 5-year B19013
GA,13243,Randolph County,2024,98316.17,28380,3.4643,12,complete_12_months,available,available_complete,Zillow ZHVI county,annual_mean_zhvi,ACS 2024 5-year B19013
GA,13245,Richmond County,2015,,37424,,0,source_data_unavailable,available,source_data_unavailable,Zillow ZHVI county,annual_mean_zhvi,ACS 2015 5-year B19013
GA,13245,Richmond County,2016,99901.12,38595,2.5884,11,partial_10_11_months,available,available_partial,Zillow ZHVI county,annual_mean_zhvi,ACS 2016 5-year B19013
GA,13245,Richmond County,2017,100169.23,39430,2.5404,12,complete_12_months,available,available_complete,Zillow ZHVI county,annual_mean_zhvi,ACS 2017 5-year B19013
GA,13245,Richmond County,2018,107148.37,40644,2.6363,12,complete_12_months,available,available_complete,Zillow ZHVI county,annual_mean_zhvi,ACS 2018 5-year B19013
GA,13245,Richmond County,2019,118257.84,42728,2.7677,12,complete_12_months,available,available_complete,Zillow ZHVI county,annual_mean_zhvi,ACS 2019 5-year B19013
GA,13245,Richmond County,2020,129864.1,43882,2.9594,12,complete_12_months,available,available_complete,Zillow ZHVI county,annual_mean_zhvi,ACS 2020 5-year B19013
GA,13245,Richmond County,2021,153060.71,46237,3.3104,12,complete_12_months,available,available_complete,Zillow ZHVI county,annual_mean_zhvi,ACS 2021 5-year B19013
GA,13245,Richmond County,2022,178525.56,50605,3.5278,12,complete_12_months,available,available_complete,Zillow ZHVI county,annual_mean_zhvi,ACS 2022 5-year B19013
GA,13245,Richmond County,2023,188021.65,53197,3.5344,12,complete_12_months,available,available_complete,Zillow ZHVI county,annual_mean_zhvi,ACS 2023 5-year B19013
GA,13245,Richmond County,2024,195136.03,55637,3.5073,12,complete_12_months,available,available_complete,Zillow ZHVI county,annual_mean_zhvi,ACS 2024 5-year B19013
GA,13247,Rockdale County,2015,135736.89,50455,2.6903,12,complete_12_months,available,available_complete,Zillow ZHVI county,annual_mean_zhvi,ACS 2015 5-year B19013
GA,13247,Rockdale County,2016,142211.55,51072,2.7845,12,complete_12_months,available,available_complete,Zillow ZHVI county,annual_mean_zhvi,ACS 2016 5-year B19013
GA,13247,Rockdale County,2017,152621.61,54175,2.8172,12,complete_12_months,available,available_complete,Zillow ZHVI county,annual_mean_zhvi,ACS 2017 5-year B19013
GA,13247,Rockdale County,2018,170989.2,57049,2.9972,12,complete_12_months,available,available_complete,Zillow ZHVI county,annual_mean_zhvi,ACS 2018 5-year B19013
GA,13247,Rockdale County,2019,187130.59,60189,3.109,12,complete_12_months,available,available_complete,Zillow ZHVI county,annual_mean_zhvi,ACS 2019 5-year B19013
GA,13247,Rockdale County,2020,202313.44,62505,3.2368,12,complete_12_months,available,available_complete,Zillow ZHVI county,annual_mean_zhvi,ACS 2020 5-year B19013
GA,13247,Rockdale County,2021,246349.21,64230,3.8354,12,complete_12_months,available,available_complete,Zillow ZHVI county,annual_mean_zhvi,ACS 2021 5-year B19013
GA,13247,Rockdale County,2022,308481.45,68999,4.4708,12,complete_12_months,available,available_complete,Zillow ZHVI county,annual_mean_zhvi,ACS 2022 5-year B19013
GA,13247,Rockdale County,2023,315675.03,72349,4.3632,12,complete_12_months,available,available_complete,Zillow ZHVI county,annual_mean_zhvi,ACS 2023 5-year B19013
GA,13247,Rockdale County,2024,321123.15,77247,4.1571,12,complete_12_months,available,available_complete,Zillow ZHVI county,annual_mean_zhvi,ACS 2024 5-year B19013
GA,13249,Schley County,2015,104918.02,39375,2.6646,12,complete_12_months,available,available_complete,Zillow ZHVI county,annual_mean_zhvi,ACS 2015 5-year B19013
GA,13249,Schley County,2016,107194.69,41227,2.6001,12,complete_12_months,available,available_complete,Zillow ZHVI county,annual_mean_zhvi,ACS 2016 5-year B19013
GA,13249,Schley County,2017,105129.59,41267,2.5475,12,complete_12_months,available,available_complete,Zillow ZHVI county,annual_mean_zhvi,ACS 2017 5-year B19013
GA,13249,Schley County,2018,108594.01,41276,2.6309,12,complete_12_months,available,available_complete,Zillow ZHVI county,annual_mean_zhvi,ACS 2018 5-year B19013
GA,13249,Schley County,2019,119332.96,44448,2.6848,12,complete_12_months,available,available_complete,Zillow ZHVI county,annual_mean_zhvi,ACS 2019 5-year B19013
GA,13249,Schley County,2020,130044.05,49105,2.6483,12,complete_12_months,available,available_complete,Zillow ZHVI county,annual_mean_zhvi,ACS 2020 5-year B19013
GA,13249,Schley County,2021,152551.77,50586,3.0157,12,complete_12_months,available,available_complete,Zillow ZHVI county,annual_mean_zhvi,ACS 2021 5-year B19013
GA,13249,Schley County,2022,169502.81,53274,3.1817,12,complete_12_months,available,available_complete,Zillow ZHVI county,annual_mean_zhvi,ACS 2022 5-year B19013
GA,13249,Schley County,2023,180504.57,59647,3.0262,12,complete_12_months,available,available_complete,Zillow ZHVI county,annual_mean_zhvi,ACS 2023 5-year B19013
GA,13249,Schley County,2024,193086.27,56875,3.3949,12,complete_12_months,available,available_complete,Zillow ZHVI county,annual_mean_zhvi,ACS 2024 5-year B19013
GA,13251,Screven County,2015,92331.66,34466,2.6789,12,complete_12_months,available,available_complete,Zillow ZHVI county,annual_mean_zhvi,ACS 2015 5-year B19013
GA,13251,Screven County,2016,98502.54,35047,2.8106,12,complete_12_months,available,available_complete,Zillow ZHVI county,annual_mean_zhvi,ACS 2016 5-year B19013
GA,13251,Screven County,2017,99737.68,36556,2.7284,12,complete_12_months,available,available_complete,Zillow ZHVI county,annual_mean_zhvi,ACS 2017 5-year B19013
GA,13251,Screven County,2018,104862.24,37588,2.7898,12,complete_12_months,available,available_complete,Zillow ZHVI county,annual_mean_zhvi,ACS 2018 5-year B19013
GA,13251,Screven County,2019,113807.0,39842,2.8565,12,complete_12_months,available,available_complete,Zillow ZHVI county,annual_mean_zhvi,ACS 2019 5-year B19013
GA,13251,Screven County,2020,126190.93,39852,3.1665,12,complete_12_months,available,available_complete,Zillow ZHVI county,annual_mean_zhvi,ACS 2020 5-year B19013
GA,13251,Screven County,2021,148724.91,43167,3.4453,12,complete_12_months,available,available_complete,Zillow ZHVI county,annual_mean_zhvi,ACS 2021 5-year B19013
GA,13251,Screven County,2022,167481.94,49941,3.3536,12,complete_12_months,available,available_complete,Zillow ZHVI county,annual_mean_zhvi,ACS 2022 5-year B19013
GA,13251,Screven County,2023,173593.16,53017,3.2743,12,complete_12_months,available,available_complete,Zillow ZHVI county,annual_mean_zhvi,ACS 2023 5-year B19013
GA,13251,Screven County,2024,186114.61,52792,3.5254,12,complete_12_months,available,available_complete,Zillow ZHVI county,annual_mean_zhvi,ACS 2024 5-year B19013
GA,13253,Seminole County,2015,88571.88,34905,2.5375,12,complete_12_months,available,available_complete,Zillow ZHVI county,annual_mean_zhvi,ACS 2015 5-year B19013
GA,13253,Seminole County,2016,93199.06,35410,2.632,12,complete_12_months,available,available_complete,Zillow ZHVI county,annual_mean_zhvi,ACS 2016 5-year B19013
GA,13253,Seminole County,2017,93119.03,33999,2.7389,12,complete_12_months,available,available_complete,Zillow ZHVI county,annual_mean_zhvi,ACS 2017 5-year B19013
GA,13253,Seminole County,2018,99176.39,34338,2.8882,12,complete_12_months,available,available_complete,Zillow ZHVI county,annual_mean_zhvi,ACS 2018 5-year B19013
GA,13253,Seminole County,2019,99332.36,33357,2.9779,12,complete_12_months,available,available_complete,Zillow ZHVI county,annual_mean_zhvi,ACS 2019 5-year B19013
GA,13253,Seminole County,2020,105656.35,35286,2.9943,12,complete_12_months,available,available_complete,Zillow ZHVI county,annual_mean_zhvi,ACS 2020 5-year B19013
GA,13253,Seminole County,2021,122888.15,40579,3.0284,12,complete_12_months,available,available_complete,Zillow ZHVI county,annual_mean_zhvi,ACS 2021 5-year B19013
GA,13253,Seminole County,2022,137031.9,46063,2.9749,12,complete_12_months,available,available_complete,Zillow ZHVI county,annual_mean_zhvi,ACS 2022 5-year B19013
GA,13253,Seminole County,2023,140229.8,49559,2.8296,12,complete_12_months,available,available_complete,Zillow ZHVI county,annual_mean_zhvi,ACS 2023 5-year B19013
GA,13253,Seminole County,2024,150860.87,49495,3.048,12,complete_12_months,available,available_complete,Zillow ZHVI county,annual_mean_zhvi,ACS 2024 5-year B19013
GA,13255,Spalding County,2015,99925.61,40246,2.4829,9,partial_1_9_months,available,available_partial,Zillow ZHVI county,annual_mean_zhvi,ACS 2015 5-year B19013
GA,13255,Spalding County,2016,103333.94,40548,2.5484,12,complete_12_months,available,available_complete,Zillow ZHVI county,annual_mean_zhvi,ACS 2016 5-year B19013
GA,13255,Spalding County,2017,113783.83,42398,2.6837,12,complete_12_months,available,available_complete,Zillow ZHVI county,annual_mean_zhvi,ACS 2017 5-year B19013
GA,13255,Spalding County,2018,127452.93,42671,2.9869,12,complete_12_months,available,available_complete,Zillow ZHVI county,annual_mean_zhvi,ACS 2018 5-year B19013
GA,13255,Spalding County,2019,143208.15,47111,3.0398,12,complete_12_months,available,available_complete,Zillow ZHVI county,annual_mean_zhvi,ACS 2019 5-year B19013
GA,13255,Spalding County,2020,157661.4,48970,3.2196,12,complete_12_months,available,available_complete,Zillow ZHVI county,annual_mean_zhvi,ACS 2020 5-year B19013
GA,13255,Spalding County,2021,188119.76,51972,3.6196,12,complete_12_months,available,available_complete,Zillow ZHVI county,annual_mean_zhvi,ACS 2021 5-year B19013
GA,13255,Spalding County,2022,225269.94,57367,3.9268,12,complete_12_months,available,available_complete,Zillow ZHVI county,annual_mean_zhvi,ACS 2022 5-year B19013
GA,13255,Spalding County,2023,237090.39,60217,3.9373,12,complete_12_months,available,available_complete,Zillow ZHVI county,annual_mean_zhvi,ACS 2023 5-year B19013
GA,13255,Spalding County,2024,245613.0,62071,3.957,12,complete_12_months,available,available_complete,Zillow ZHVI county,annual_mean_zhvi,ACS 2024 5-year B19013
GA,13257,Stephens County,2015,90041.19,40315,2.2334,12,complete_12_months,available,available_complete,Zillow ZHVI county,annual_mean_zhvi,ACS 2015 5-year B19013
GA,13257,Stephens County,2016,94217.49,37088,2.5404,12,complete_12_months,available,available_complete,Zillow ZHVI county,annual_mean_zhvi,ACS 2016 5-year B19013
GA,13257,Stephens County,2017,99659.84,39756,2.5068,12,complete_12_months,available,available_complete,Zillow ZHVI county,annual_mean_zhvi,ACS 2017 5-year B19013
GA,13257,Stephens County,2018,110731.74,43416,2.5505,12,complete_12_months,available,available_complete,Zillow ZHVI county,annual_mean_zhvi,ACS 2018 5-year B19013
GA,13257,Stephens County,2019,125763.48,47164,2.6665,12,complete_12_months,available,available_complete,Zillow ZHVI county,annual_mean_zhvi,ACS 2019 5-year B19013
GA,13257,Stephens County,2020,139472.25,46766,2.9823,12,complete_12_months,available,available_complete,Zillow ZHVI county,annual_mean_zhvi,ACS 2020 5-year B19013
GA,13257,Stephens County,2021,171636.05,50194,3.4195,12,complete_12_months,available,available_complete,Zillow ZHVI county,annual_mean_zhvi,ACS 2021 5-year B19013
GA,13257,Stephens County,2022,206520.79,52901,3.9039,12,complete_12_months,available,available_complete,Zillow ZHVI county,annual_mean_zhvi,ACS 2022 5-year B19013
GA,13257,Stephens County,2023,215925.77,52264,4.1314,12,complete_12_months,available,available_complete,Zillow ZHVI county,annual_mean_zhvi,ACS 2023 5-year B19013
GA,13257,Stephens County,2024,233014.92,54754,4.2557,12,complete_12_months,available,available_complete,Zillow ZHVI county,annual_mean_zhvi,ACS 2024 5-year B19013
GA,13259,Stewart County,2015,63150.39,21118,2.9904,12,complete_12_months,available,available_complete,Zillow ZHVI county,annual_mean_zhvi,ACS 2015 5-year B19013
GA,13259,Stewart County,2016,61387.96,20882,2.9398,12,complete_12_months,available,available_complete,Zillow ZHVI county,annual_mean_zhvi,ACS 2016 5-year B19013
GA,13259,Stewart County,2017,58999.41,22413,2.6324,12,complete_12_months,available,available_complete,Zillow ZHVI county,annual_mean_zhvi,ACS 2017 5-year B19013
GA,13259,Stewart County,2018,64046.64,25385,2.523,12,complete_12_months,available,available_complete,Zillow ZHVI county,annual_mean_zhvi,ACS 2018 5-year B19013
GA,13259,Stewart County,2019,67153.63,29732,2.2586,12,complete_12_months,available,available_complete,Zillow ZHVI county,annual_mean_zhvi,ACS 2019 5-year B19013
GA,13259,Stewart County,2020,68960.94,34028,2.0266,12,complete_12_months,available,available_complete,Zillow ZHVI county,annual_mean_zhvi,ACS 2020 5-year B19013
GA,13259,Stewart County,2021,83665.37,39020,2.1442,12,complete_12_months,available,available_complete,Zillow ZHVI county,annual_mean_zhvi,ACS 2021 5-year B19013
GA,13259,Stewart County,2022,90451.64,43094,2.0989,12,complete_12_months,available,available_complete,Zillow ZHVI county,annual_mean_zhvi,ACS 2022 5-year B19013
GA,13259,Stewart County,2023,83252.22,35000,2.3786,12,complete_12_months,available,available_complete,Zillow ZHVI county,annual_mean_zhvi,ACS 2023 5-year B19013
GA,13259,Stewart County,2024,94699.49,33250,2.8481,12,complete_12_months,available,available_complete,Zillow ZHVI county,annual_mean_zhvi,ACS 2024 5-year B19013
GA,13261,Sumter County,2015,85270.09,32758,2.603,12,complete_12_months,available,available_complete,Zillow ZHVI county,annual_mean_zhvi,ACS 2015 5-year B19013
GA,13261,Sumter County,2016,84665.69,33534,2.5248,12,complete_12_months,available,available_complete,Zillow ZHVI county,annual_mean_zhvi,ACS 2016 5-year B19013
GA,13261,Sumter County,2017,79956.73,34219,2.3366,12,complete_12_months,available,available_complete,Zillow ZHVI county,annual_mean_zhvi,ACS 2017 5-year B19013
GA,13261,Sumter County,2018,84462.16,36205,2.3329,12,complete_12_months,available,available_complete,Zillow ZHVI county,annual_mean_zhvi,ACS 2018 5-year B19013
GA,13261,Sumter County,2019,88071.58,36681,2.401,12,complete_12_months,available,available_complete,Zillow ZHVI county,annual_mean_zhvi,ACS 2019 5-year B19013
GA,13261,Sumter County,2020,92608.16,37174,2.4912,12,complete_12_months,available,available_complete,Zillow ZHVI county,annual_mean_zhvi,ACS 2020 5-year B19013
GA,13261,Sumter County,2021,108727.37,36687,2.9636,12,complete_12_months,available,available_complete,Zillow ZHVI county,annual_mean_zhvi,ACS 2021 5-year B19013
GA,13261,Sumter County,2022,126604.95,38899,3.2547,12,complete_12_months,available,available_complete,Zillow ZHVI county,annual_mean_zhvi,ACS 2022 5-year B19013
GA,13261,Sumter County,2023,128673.44,41877,3.0727,12,complete_12_months,available,available_complete,Zillow ZHVI county,annual_mean_zhvi,ACS 2023 5-year B19013
GA,13261,Sumter County,2024,135912.13,42653,3.1865,12,complete_12_months,available,available_complete,Zillow ZHVI county,annual_mean_zhvi,ACS 2024 5-year B19013
GA,13263,Talbot County,2015,106796.27,34078,3.1339,12,complete_12_months,available,available_complete,Zillow ZHVI county,annual_mean_zhvi,ACS 2015 5-year B19013
GA,13263,Talbot County,2016,109466.72,36957,2.962,12,complete_12_months,available,available_complete,Zillow ZHVI county,annual_mean_zhvi,ACS 2016 5-year B19013
GA,13263,Talbot County,2017,112361.8,37226,3.0184,12,complete_12_months,available,available_complete,Zillow ZHVI county,annual_mean_zhvi,ACS 2017 5-year B19013
GA,13263,Talbot County,2018,117267.12,36213,3.2383,12,complete_12_months,available,available_complete,Zillow ZHVI county,annual_mean_zhvi,ACS 2018 5-year B19013
GA,13263,Talbot County,2019,126447.05,38549,3.2802,12,complete_12_months,available,available_complete,Zillow ZHVI county,annual_mean_zhvi,ACS 2019 5-year B19013
GA,13263,Talbot County,2020,136538.21,40020,3.4117,12,complete_12_months,available,available_complete,Zillow ZHVI county,annual_mean_zhvi,ACS 2020 5-year B19013
GA,13263,Talbot County,2021,160828.53,40719,3.9497,12,complete_12_months,available,available_complete,Zillow ZHVI county,annual_mean_zhvi,ACS 2021 5-year B19013
GA,13263,Talbot County,2022,184427.06,48065,3.837,12,complete_12_months,available,available_complete,Zillow ZHVI county,annual_mean_zhvi,ACS 2022 5-year B19013
GA,13263,Talbot County,2023,180265.57,45098,3.9972,12,complete_12_months,available,available_complete,Zillow ZHVI county,annual_mean_zhvi,ACS 2023 5-year B19013
GA,13263,Talbot County,2024,195345.67,41597,4.6961,12,complete_12_months,available,available_complete,Zillow ZHVI county,annual_mean_zhvi,ACS 2024 5-year B19013
GA,13265,Taliaferro County,2015,83757.53,26306,3.184,12,complete_12_months,available,available_complete,Zillow ZHVI county,annual_mean_zhvi,ACS 2015 5-year B19013
GA,13265,Taliaferro County,2016,88473.73,28152,3.1427,12,complete_12_months,available,available_complete,Zillow ZHVI county,annual_mean_zhvi,ACS 2016 5-year B19013
GA,13265,Taliaferro County,2017,90747.98,30500,2.9753,12,complete_12_months,available,available_complete,Zillow ZHVI county,annual_mean_zhvi,ACS 2017 5-year B19013
GA,13265,Taliaferro County,2018,93743.11,31797,2.9482,12,complete_12_months,available,available_complete,Zillow ZHVI county,annual_mean_zhvi,ACS 2018 5-year B19013
GA,13265,Taliaferro County,2019,95777.87,37446,2.5578,12,complete_12_months,available,available_complete,Zillow ZHVI county,annual_mean_zhvi,ACS 2019 5-year B19013
GA,13265,Taliaferro County,2020,105743.24,37717,2.8036,12,complete_12_months,available,available_complete,Zillow ZHVI county,annual_mean_zhvi,ACS 2020 5-year B19013
GA,13265,Taliaferro County,2021,128020.25,39670,3.2271,12,complete_12_months,available,available_complete,Zillow ZHVI county,annual_mean_zhvi,ACS 2021 5-year B19013
GA,13265,Taliaferro County,2022,147484.14,45881,3.2145,12,complete_12_months,available,available_complete,Zillow ZHVI county,annual_mean_zhvi,ACS 2022 5-year B19013
GA,13265,Taliaferro County,2023,143970.26,48036,2.9971,12,complete_12_months,available,available_complete,Zillow ZHVI county,annual_mean_zhvi,ACS 2023 5-year B19013
GA,13265,Taliaferro County,2024,149076.47,52500,2.8396,12,complete_12_months,available,available_complete,Zillow ZHVI county,annual_mean_zhvi,ACS 2024 5-year B19013
GA,13267,Tattnall County,2015,98990.52,33980,2.9132,12,complete_12_months,available,available_complete,Zillow ZHVI county,annual_mean_zhvi,ACS 2015 5-year B19013
GA,13267,Tattnall County,2016,101871.63,35578,2.8633,12,complete_12_months,available,available_complete,Zillow ZHVI county,annual_mean_zhvi,ACS 2016 5-year B19013
GA,13267,Tattnall County,2017,104183.28,36355,2.8657,12,complete_12_months,available,available_complete,Zillow ZHVI county,annual_mean_zhvi,ACS 2017 5-year B19013
GA,13267,Tattnall County,2018,111222.19,38034,2.9243,12,complete_12_months,available,available_complete,Zillow ZHVI county,annual_mean_zhvi,ACS 2018 5-year B19013
GA,13267,Tattnall County,2019,119084.01,40730,2.9237,12,complete_12_months,available,available_complete,Zillow ZHVI county,annual_mean_zhvi,ACS 2019 5-year B19013
GA,13267,Tattnall County,2020,126870.22,44053,2.8799,12,complete_12_months,available,available_complete,Zillow ZHVI county,annual_mean_zhvi,ACS 2020 5-year B19013
GA,13267,Tattnall County,2021,144728.52,49977,2.8959,12,complete_12_months,available,available_complete,Zillow ZHVI county,annual_mean_zhvi,ACS 2021 5-year B19013
GA,13267,Tattnall County,2022,164437.33,51868,3.1703,12,complete_12_months,available,available_complete,Zillow ZHVI county,annual_mean_zhvi,ACS 2022 5-year B19013
GA,13267,Tattnall County,2023,170855.58,52351,3.2637,12,complete_12_months,available,available_complete,Zillow ZHVI county,annual_mean_zhvi,ACS 2023 5-year B19013
GA,13267,Tattnall County,2024,181460.77,50747,3.5758,12,complete_12_months,available,available_complete,Zillow ZHVI county,annual_mean_zhvi,ACS 2024 5-year B19013
GA,13269,Taylor County,2015,89746.28,28143,3.1889,12,complete_12_months,available,available_complete,Zillow ZHVI county,annual_mean_zhvi,ACS 2015 5-year B19013
GA,13269,Taylor County,2016,90799.45,27114,3.3488,12,complete_12_months,available,available_complete,Zillow ZHVI county,annual_mean_zhvi,ACS 2016 5-year B19013
GA,13269,Taylor County,2017,93057.19,29875,3.1149,12,complete_12_months,available,available_complete,Zillow ZHVI county,annual_mean_zhvi,ACS 2017 5-year B19013
GA,13269,Taylor County,2018,95061.25,33442,2.8426,12,complete_12_months,available,available_complete,Zillow ZHVI county,annual_mean_zhvi,ACS 2018 5-year B19013
GA,13269,Taylor County,2019,101398.04,33832,2.9971,12,complete_12_months,available,available_complete,Zillow ZHVI county,annual_mean_zhvi,ACS 2019 5-year B19013
GA,13269,Taylor County,2020,113315.09,28550,3.969,12,complete_12_months,available,available_complete,Zillow ZHVI county,annual_mean_zhvi,ACS 2020 5-year B19013
GA,13269,Taylor County,2021,130118.29,36293,3.5852,12,complete_12_months,available,available_complete,Zillow ZHVI county,annual_mean_zhvi,ACS 2021 5-year B19013
GA,13269,Taylor County,2022,143666.02,40727,3.5275,12,complete_12_months,available,available_complete,Zillow ZHVI county,annual_mean_zhvi,ACS 2022 5-year B19013
GA,13269,Taylor County,2023,142758.6,41743,3.4199,12,complete_12_months,available,available_complete,Zillow ZHVI county,annual_mean_zhvi,ACS 2023 5-year B19013
GA,13269,Taylor County,2024,150602.28,41788,3.604,12,complete_12_months,available,available_complete,Zillow ZHVI county,annual_mean_zhvi,ACS 2024 5-year B19013
GA,13271,Telfair County,2015,72458.57,26449,2.7396,12,complete_12_months,available,available_complete,Zillow ZHVI county,annual_mean_zhvi,ACS 2015 5-year B19013
GA,13271,Telfair County,2016,74465.8,27657,2.6925,12,complete_12_months,available,available_complete,Zillow ZHVI county,annual_mean_zhvi,ACS 2016 5-year B19013
GA,13271,Telfair County,2017,73972.27,28044,2.6377,12,complete_12_months,available,available_complete,Zillow ZHVI county,annual_mean_zhvi,ACS 2017 5-year B19013
GA,13271,Telfair County,2018,74148.65,30288,2.4481,12,complete_12_months,available,available_complete,Zillow ZHVI county,annual_mean_zhvi,ACS 2018 5-year B19013
GA,13271,Telfair County,2019,81484.79,32405,2.5146,12,complete_12_months,available,available_complete,Zillow ZHVI county,annual_mean_zhvi,ACS 2019 5-year B19013
GA,13271,Telfair County,2020,89444.21,32764,2.73,12,complete_12_months,available,available_complete,Zillow ZHVI county,annual_mean_zhvi,ACS 2020 5-year B19013
GA,13271,Telfair County,2021,106195.3,42971,2.4713,12,complete_12_months,available,available_complete,Zillow ZHVI county,annual_mean_zhvi,ACS 2021 5-year B19013
GA,13271,Telfair County,2022,118146.07,41801,2.8264,12,complete_12_months,available,available_complete,Zillow ZHVI county,annual_mean_zhvi,ACS 2022 5-year B19013
GA,13271,Telfair County,2023,119885.98,44948,2.6672,12,complete_12_months,available,available_complete,Zillow ZHVI county,annual_mean_zhvi,ACS 2023 5-year B19013
GA,13271,Telfair County,2024,121936.29,50929,2.3942,12,complete_12_months,available,available_complete,Zillow ZHVI county,annual_mean_zhvi,ACS 2024 5-year B19013
GA,13273,Terrell County,2015,64432.23,28688,2.246,12,complete_12_months,available,available_complete,Zillow ZHVI county,annual_mean_zhvi,ACS 2015 5-year B19013
GA,13273,Terrell County,2016,65127.73,30438,2.1397,12,complete_12_months,available,available_complete,Zillow ZHVI county,annual_mean_zhvi,ACS 2016 5-year B19013
GA,13273,Terrell County,2017,65814.28,32219,2.0427,12,complete_12_months,available,available_complete,Zillow ZHVI county,annual_mean_zhvi,ACS 2017 5-year B19013
GA,13273,Terrell County,2018,69597.98,38015,1.8308,12,complete_12_months,available,available_complete,Zillow ZHVI county,annual_mean_zhvi,ACS 2018 5-year B19013
GA,13273,Terrell County,2019,74917.29,34768,2.1548,12,complete_12_months,available,available_complete,Zillow ZHVI county,annual_mean_zhvi,ACS 2019 5-year B19013
GA,13273,Terrell County,2020,81985.96,35335,2.3202,12,complete_12_months,available,available_complete,Zillow ZHVI county,annual_mean_zhvi,ACS 2020 5-year B19013
GA,13273,Terrell County,2021,92837.51,38879,2.3879,12,complete_12_months,available,available_complete,Zillow ZHVI county,annual_mean_zhvi,ACS 2021 5-year B19013
GA,13273,Terrell County,2022,107570.92,43507,2.4725,12,complete_12_months,available,available_complete,Zillow ZHVI county,annual_mean_zhvi,ACS 2022 5-year B19013
GA,13273,Terrell County,2023,111516.4,43812,2.5453,12,complete_12_months,available,available_complete,Zillow ZHVI county,annual_mean_zhvi,ACS 2023 5-year B19013
GA,13273,Terrell County,2024,116119.6,46171,2.515,12,complete_12_months,available,available_complete,Zillow ZHVI county,annual_mean_zhvi,ACS 2024 5-year B19013
GA,13275,Thomas County,2015,122307.17,36641,3.338,12,complete_12_months,available,available_complete,Zillow ZHVI county,annual_mean_zhvi,ACS 2015 5-year B19013
GA,13275,Thomas County,2016,125338.54,38241,3.2776,12,complete_12_months,available,available_complete,Zillow ZHVI county,annual_mean_zhvi,ACS 2016 5-year B19013
GA,13275,Thomas County,2017,126884.96,41336,3.0696,12,complete_12_months,available,available_complete,Zillow ZHVI county,annual_mean_zhvi,ACS 2017 5-year B19013
GA,13275,Thomas County,2018,136917.04,40112,3.4134,12,complete_12_months,available,available_complete,Zillow ZHVI county,annual_mean_zhvi,ACS 2018 5-year B19013
GA,13275,Thomas County,2019,144805.52,43740,3.3106,12,complete_12_months,available,available_complete,Zillow ZHVI county,annual_mean_zhvi,ACS 2019 5-year B19013
GA,13275,Thomas County,2020,153349.63,47133,3.2536,12,complete_12_months,available,available_complete,Zillow ZHVI county,annual_mean_zhvi,ACS 2020 5-year B19013
GA,13275,Thomas County,2021,172949.3,52315,3.3059,12,complete_12_months,available,available_complete,Zillow ZHVI county,annual_mean_zhvi,ACS 2021 5-year B19013
GA,13275,Thomas County,2022,199963.74,55958,3.5735,12,complete_12_months,available,available_complete,Zillow ZHVI county,annual_mean_zhvi,ACS 2022 5-year B19013
GA,13275,Thomas County,2023,208082.11,60140,3.46,12,complete_12_months,available,available_complete,Zillow ZHVI county,annual_mean_zhvi,ACS 2023 5-year B19013
GA,13275,Thomas County,2024,217890.89,60736,3.5875,12,complete_12_months,available,available_complete,Zillow ZHVI county,annual_mean_zhvi,ACS 2024 5-year B19013
GA,13277,Tift County,2015,130603.18,37653,3.4686,12,complete_12_months,available,available_complete,Zillow ZHVI county,annual_mean_zhvi,ACS 2015 5-year B19013
GA,13277,Tift County,2016,134311.23,37613,3.5709,12,complete_12_months,available,available_complete,Zillow ZHVI county,annual_mean_zhvi,ACS 2016 5-year B19013
GA,13277,Tift County,2017,135165.54,38728,3.4901,12,complete_12_months,available,available_complete,Zillow ZHVI county,annual_mean_zhvi,ACS 2017 5-year B19013
GA,13277,Tift County,2018,141774.71,42790,3.3133,12,complete_12_months,available,available_complete,Zillow ZHVI county,annual_mean_zhvi,ACS 2018 5-year B19013
GA,13277,Tift County,2019,150424.9,45639,3.296,12,complete_12_months,available,available_complete,Zillow ZHVI county,annual_mean_zhvi,ACS 2019 5-year B19013
GA,13277,Tift County,2020,160107.91,44827,3.5717,12,complete_12_months,available,available_complete,Zillow ZHVI county,annual_mean_zhvi,ACS 2020 5-year B19013
GA,13277,Tift County,2021,175891.02,46245,3.8035,12,complete_12_months,available,available_complete,Zillow ZHVI county,annual_mean_zhvi,ACS 2021 5-year B19013
GA,13277,Tift County,2022,196212.34,52561,3.733,12,complete_12_months,available,available_complete,Zillow ZHVI county,annual_mean_zhvi,ACS 2022 5-year B19013
GA,13277,Tift County,2023,205315.11,53165,3.8618,12,complete_12_months,available,available_complete,Zillow ZHVI county,annual_mean_zhvi,ACS 2023 5-year B19013
GA,13277,Tift County,2024,210161.52,53255,3.9463,12,complete_12_months,available,available_complete,Zillow ZHVI county,annual_mean_zhvi,ACS 2024 5-year B19013
GA,13279,Toombs County,2015,87926.1,33679,2.6107,12,complete_12_months,available,available_complete,Zillow ZHVI county,annual_mean_zhvi,ACS 2015 5-year B19013
GA,13279,Toombs County,2016,90317.45,33081,2.7302,12,complete_12_months,available,available_complete,Zillow ZHVI county,annual_mean_zhvi,ACS 2016 5-year B19013
GA,13279,Toombs County,2017,96572.17,35750,2.7013,12,complete_12_months,available,available_complete,Zillow ZHVI county,annual_mean_zhvi,ACS 2017 5-year B19013
GA,13279,Toombs County,2018,104027.58,36575,2.8442,12,complete_12_months,available,available_complete,Zillow ZHVI county,annual_mean_zhvi,ACS 2018 5-year B19013
GA,13279,Toombs County,2019,110501.63,40175,2.7505,12,complete_12_months,available,available_complete,Zillow ZHVI county,annual_mean_zhvi,ACS 2019 5-year B19013
GA,13279,Toombs County,2020,117296.04,41244,2.844,12,complete_12_months,available,available_complete,Zillow ZHVI county,annual_mean_zhvi,ACS 2020 5-year B19013
GA,13279,Toombs County,2021,133255.31,42975,3.1008,12,complete_12_months,available,available_complete,Zillow ZHVI county,annual_mean_zhvi,ACS 2021 5-year B19013
GA,13279,Toombs County,2022,149739.26,47310,3.1651,12,complete_12_months,available,available_complete,Zillow ZHVI county,annual_mean_zhvi,ACS 2022 5-year B19013
GA,13279,Toombs County,2023,152210.45,54130,2.8119,12,complete_12_months,available,available_complete,Zillow ZHVI county,annual_mean_zhvi,ACS 2023 5-year B19013
GA,13279,Toombs County,2024,165783.67,52621,3.1505,12,complete_12_months,available,available_complete,Zillow ZHVI county,annual_mean_zhvi,ACS 2024 5-year B19013
GA,13281,Towns County,2015,194533.36,37000,5.2577,12,complete_12_months,available,available_complete,Zillow ZHVI county,annual_mean_zhvi,ACS 2015 5-year B19013
GA,13281,Towns County,2016,202038.84,39321,5.1382,12,complete_12_months,available,available_complete,Zillow ZHVI county,annual_mean_zhvi,ACS 2016 5-year B19013
GA,13281,Towns County,2017,209222.13,41182,5.0804,12,complete_12_months,available,available_complete,Zillow ZHVI county,annual_mean_zhvi,ACS 2017 5-year B19013
GA,13281,Towns County,2018,221898.95,43927,5.0515,12,complete_12_months,available,available_complete,Zillow ZHVI county,annual_mean_zhvi,ACS 2018 5-year B19013
GA,13281,Towns County,2019,238147.97,48219,4.9389,12,complete_12_months,available,available_complete,Zillow ZHVI county,annual_mean_zhvi,ACS 2019 5-year B19013
GA,13281,Towns County,2020,257780.7,51257,5.0292,12,complete_12_months,available,available_complete,Zillow ZHVI county,annual_mean_zhvi,ACS 2020 5-year B19013
GA,13281,Towns County,2021,316507.96,53084,5.9624,12,complete_12_months,available,available_complete,Zillow ZHVI county,annual_mean_zhvi,ACS 2021 5-year B19013
GA,13281,Towns County,2022,376512.73,55574,6.775,12,complete_12_months,available,available_complete,Zillow ZHVI county,annual_mean_zhvi,ACS 2022 5-year B19013
GA,13281,Towns County,2023,381689.24,58400,6.5358,12,complete_12_months,available,available_complete,Zillow ZHVI county,annual_mean_zhvi,ACS 2023 5-year B19013
GA,13281,Towns County,2024,399053.24,59135,6.7482,12,complete_12_months,available,available_complete,Zillow ZHVI county,annual_mean_zhvi,ACS 2024 5-year B19013
GA,13283,Treutlen County,2015,88085.65,38596,2.2822,12,complete_12_months,available,available_complete,Zillow ZHVI county,annual_mean_zhvi,ACS 2015 5-year B19013
GA,13283,Treutlen County,2016,89958.82,40204,2.2376,12,complete_12_months,available,available_complete,Zillow ZHVI county,annual_mean_zhvi,ACS 2016 5-year B19013
GA,13283,Treutlen County,2017,93857.68,39375,2.3837,12,complete_12_months,available,available_complete,Zillow ZHVI county,annual_mean_zhvi,ACS 2017 5-year B19013
GA,13283,Treutlen County,2018,95731.85,37606,2.5457,12,complete_12_months,available,available_complete,Zillow ZHVI county,annual_mean_zhvi,ACS 2018 5-year B19013
GA,13283,Treutlen County,2019,100068.47,32241,3.1038,12,complete_12_months,available,available_complete,Zillow ZHVI county,annual_mean_zhvi,ACS 2019 5-year B19013
GA,13283,Treutlen County,2020,108014.93,32072,3.3679,12,complete_12_months,available,available_complete,Zillow ZHVI county,annual_mean_zhvi,ACS 2020 5-year B19013
GA,13283,Treutlen County,2021,128762.03,35441,3.6331,12,complete_12_months,available,available_complete,Zillow ZHVI county,annual_mean_zhvi,ACS 2021 5-year B19013
GA,13283,Treutlen County,2022,138721.46,38641,3.59,12,complete_12_months,available,available_complete,Zillow ZHVI county,annual_mean_zhvi,ACS 2022 5-year B19013
GA,13283,Treutlen County,2023,134519.93,43750,3.0747,12,complete_12_months,available,available_complete,Zillow ZHVI county,annual_mean_zhvi,ACS 2023 5-year B19013
GA,13283,Treutlen County,2024,139706.4,55518,2.5164,12,complete_12_months,available,available_complete,Zillow ZHVI county,annual_mean_zhvi,ACS 2024 5-year B19013
GA,13285,Troup County,2015,111247.51,41489,2.6814,12,complete_12_months,available,available_complete,Zillow ZHVI county,annual_mean_zhvi,ACS 2015 5-year B19013
GA,13285,Troup County,2016,113947.99,42545,2.6783,12,complete_12_months,available,available_complete,Zillow ZHVI county,annual_mean_zhvi,ACS 2016 5-year B19013
GA,13285,Troup County,2017,116606.98,43597,2.6747,12,complete_12_months,available,available_complete,Zillow ZHVI county,annual_mean_zhvi,ACS 2017 5-year B19013
GA,13285,Troup County,2018,128919.35,43850,2.94,12,complete_12_months,available,available_complete,Zillow ZHVI county,annual_mean_zhvi,ACS 2018 5-year B19013
GA,13285,Troup County,2019,138180.13,45649,3.027,12,complete_12_months,available,available_complete,Zillow ZHVI county,annual_mean_zhvi,ACS 2019 5-year B19013
GA,13285,Troup County,2020,145642.11,46796,3.1123,12,complete_12_months,available,available_complete,Zillow ZHVI county,annual_mean_zhvi,ACS 2020 5-year B19013
GA,13285,Troup County,2021,168275.7,49042,3.4313,12,complete_12_months,available,available_complete,Zillow ZHVI county,annual_mean_zhvi,ACS 2021 5-year B19013
GA,13285,Troup County,2022,197317.32,53599,3.6814,12,complete_12_months,available,available_complete,Zillow ZHVI county,annual_mean_zhvi,ACS 2022 5-year B19013
GA,13285,Troup County,2023,212637.89,54905,3.8728,12,complete_12_months,available,available_complete,Zillow ZHVI county,annual_mean_zhvi,ACS 2023 5-year B19013
GA,13285,Troup County,2024,230662.59,56776,4.0627,12,complete_12_months,available,available_complete,Zillow ZHVI county,annual_mean_zhvi,ACS 2024 5-year B19013
GA,13287,Turner County,2015,82170.21,31806,2.5835,12,complete_12_months,available,available_complete,Zillow ZHVI county,annual_mean_zhvi,ACS 2015 5-year B19013
GA,13287,Turner County,2016,85454.66,34667,2.465,12,complete_12_months,available,available_complete,Zillow ZHVI county,annual_mean_zhvi,ACS 2016 5-year B19013
GA,13287,Turner County,2017,85715.01,42622,2.0111,12,complete_12_months,available,available_complete,Zillow ZHVI county,annual_mean_zhvi,ACS 2017 5-year B19013
GA,13287,Turner County,2018,88266.6,38341,2.3021,12,complete_12_months,available,available_complete,Zillow ZHVI county,annual_mean_zhvi,ACS 2018 5-year B19013
GA,13287,Turner County,2019,98053.24,37039,2.6473,12,complete_12_months,available,available_complete,Zillow ZHVI county,annual_mean_zhvi,ACS 2019 5-year B19013
GA,13287,Turner County,2020,105067.1,34514,3.0442,12,complete_12_months,available,available_complete,Zillow ZHVI county,annual_mean_zhvi,ACS 2020 5-year B19013
GA,13287,Turner County,2021,122076.19,35828,3.4073,12,complete_12_months,available,available_complete,Zillow ZHVI county,annual_mean_zhvi,ACS 2021 5-year B19013
GA,13287,Turner County,2022,137632.77,39666,3.4698,12,complete_12_months,available,available_complete,Zillow ZHVI county,annual_mean_zhvi,ACS 2022 5-year B19013
GA,13287,Turner County,2023,133822.59,39565,3.3823,12,complete_12_months,available,available_complete,Zillow ZHVI county,annual_mean_zhvi,ACS 2023 5-year B19013
GA,13287,Turner County,2024,140460.96,36799,3.817,12,complete_12_months,available,available_complete,Zillow ZHVI county,annual_mean_zhvi,ACS 2024 5-year B19013
GA,13289,Twiggs County,2015,66560.61,30468,2.1846,12,complete_12_months,available,available_complete,Zillow ZHVI county,annual_mean_zhvi,ACS 2015 5-year B19013
GA,13289,Twiggs County,2016,68132.76,31625,2.1544,12,complete_12_months,available,available_complete,Zillow ZHVI county,annual_mean_zhvi,ACS 2016 5-year B19013
GA,13289,Twiggs County,2017,65218.35,30629,2.1293,12,complete_12_months,available,available_complete,Zillow ZHVI county,annual_mean_zhvi,ACS 2017 5-year B19013
GA,13289,Twiggs County,2018,74814.82,33037,2.2646,12,complete_12_months,available,available_complete,Zillow ZHVI county,annual_mean_zhvi,ACS 2018 5-year B19013
GA,13289,Twiggs County,2019,80389.5,34879,2.3048,12,complete_12_months,available,available_complete,Zillow ZHVI county,annual_mean_zhvi,ACS 2019 5-year B19013
GA,13289,Twiggs County,2020,85141.6,43477,1.9583,12,complete_12_months,available,available_complete,Zillow ZHVI county,annual_mean_zhvi,ACS 2020 5-year B19013
GA,13289,Twiggs County,2021,102903.33,45824,2.2456,12,complete_12_months,available,available_complete,Zillow ZHVI county,annual_mean_zhvi,ACS 2021 5-year B19013
GA,13289,Twiggs County,2022,116548.35,50446,2.3104,12,complete_12_months,available,available_complete,Zillow ZHVI county,annual_mean_zhvi,ACS 2022 5-year B19013
GA,13289,Twiggs County,2023,115200.95,55439,2.078,12,complete_12_months,available,available_complete,Zillow ZHVI county,annual_mean_zhvi,ACS 2023 5-year B19013
GA,13289,Twiggs County,2024,115309.18,56324,2.0472,12,complete_12_months,available,available_complete,Zillow ZHVI county,annual_mean_zhvi,ACS 2024 5-year B19013
GA,13291,Union County,2015,171828.46,40799,4.2116,12,complete_12_months,available,available_complete,Zillow ZHVI county,annual_mean_zhvi,ACS 2015 5-year B19013
GA,13291,Union County,2016,181259.14,41686,4.3482,12,complete_12_months,available,available_complete,Zillow ZHVI county,annual_mean_zhvi,ACS 2016 5-year B19013
GA,13291,Union County,2017,191320.12,42767,4.4735,12,complete_12_months,available,available_complete,Zillow ZHVI county,annual_mean_zhvi,ACS 2017 5-year B19013
GA,13291,Union County,2018,209039.24,44978,4.6476,12,complete_12_months,available,available_complete,Zillow ZHVI county,annual_mean_zhvi,ACS 2018 5-year B19013
GA,13291,Union County,2019,226537.33,50021,4.5288,12,complete_12_months,available,available_complete,Zillow ZHVI county,annual_mean_zhvi,ACS 2019 5-year B19013
GA,13291,Union County,2020,244345.06,49703,4.9161,12,complete_12_months,available,available_complete,Zillow ZHVI county,annual_mean_zhvi,ACS 2020 5-year B19013
GA,13291,Union County,2021,303936.0,52509,5.7883,12,complete_12_months,available,available_complete,Zillow ZHVI county,annual_mean_zhvi,ACS 2021 5-year B19013
GA,13291,Union County,2022,356625.38,59783,5.9653,12,complete_12_months,available,available_complete,Zillow ZHVI county,annual_mean_zhvi,ACS 2022 5-year B19013
GA,13291,Union County,2023,364474.71,65697,5.5478,12,complete_12_months,available,available_complete,Zillow ZHVI county,annual_mean_zhvi,ACS 2023 5-year B19013
GA,13291,Union County,2024,385456.27,66176,5.8247,12,complete_12_months,available,available_complete,Zillow ZHVI county,annual_mean_zhvi,ACS 2024 5-year B19013
GA,13293,Upson County,2015,69563.86,35774,1.9445,12,complete_12_months,available,available_complete,Zillow ZHVI county,annual_mean_zhvi,ACS 2015 5-year B19013
GA,13293,Upson County,2016,73321.14,35699,2.0539,12,complete_12_months,available,available_complete,Zillow ZHVI county,annual_mean_zhvi,ACS 2016 5-year B19013
GA,13293,Upson County,2017,74148.36,35375,2.0961,12,complete_12_months,available,available_complete,Zillow ZHVI county,annual_mean_zhvi,ACS 2017 5-year B19013
GA,13293,Upson County,2018,81696.89,36529,2.2365,12,complete_12_months,available,available_complete,Zillow ZHVI county,annual_mean_zhvi,ACS 2018 5-year B19013
GA,13293,Upson County,2019,91867.85,37640,2.4407,12,complete_12_months,available,available_complete,Zillow ZHVI county,annual_mean_zhvi,ACS 2019 5-year B19013
GA,13293,Upson County,2020,103970.34,39221,2.6509,12,complete_12_months,available,available_complete,Zillow ZHVI county,annual_mean_zhvi,ACS 2020 5-year B19013
GA,13293,Upson County,2021,128025.74,43257,2.9597,12,complete_12_months,available,available_complete,Zillow ZHVI county,annual_mean_zhvi,ACS 2021 5-year B19013
GA,13293,Upson County,2022,154581.09,48740,3.1715,12,complete_12_months,available,available_complete,Zillow ZHVI county,annual_mean_zhvi,ACS 2022 5-year B19013
GA,13293,Upson County,2023,168671.98,50904,3.3135,12,complete_12_months,available,available_complete,Zillow ZHVI county,annual_mean_zhvi,ACS 2023 5-year B19013
GA,13293,Upson County,2024,180371.47,55429,3.2541,12,complete_12_months,available,available_complete,Zillow ZHVI county,annual_mean_zhvi,ACS 2024 5-year B19013
GA,13295,Walker County,2015,116946.05,41632,2.809,12,complete_12_months,available,available_complete,Zillow ZHVI county,annual_mean_zhvi,ACS 2015 5-year B19013
GA,13295,Walker County,2016,122031.77,41539,2.9378,12,complete_12_months,available,available_complete,Zillow ZHVI county,annual_mean_zhvi,ACS 2016 5-year B19013
GA,13295,Walker County,2017,127705.29,43581,2.9303,12,complete_12_months,available,available_complete,Zillow ZHVI county,annual_mean_zhvi,ACS 2017 5-year B19013
GA,13295,Walker County,2018,136779.85,43650,3.1336,12,complete_12_months,available,available_complete,Zillow ZHVI county,annual_mean_zhvi,ACS 2018 5-year B19013
GA,13295,Walker County,2019,149522.6,46157,3.2394,12,complete_12_months,available,available_complete,Zillow ZHVI county,annual_mean_zhvi,ACS 2019 5-year B19013
GA,13295,Walker County,2020,163543.59,46601,3.5094,12,complete_12_months,available,available_complete,Zillow ZHVI county,annual_mean_zhvi,ACS 2020 5-year B19013
GA,13295,Walker County,2021,190519.41,48633,3.9175,12,complete_12_months,available,available_complete,Zillow ZHVI county,annual_mean_zhvi,ACS 2021 5-year B19013
GA,13295,Walker County,2022,215723.7,52276,4.1266,12,complete_12_months,available,available_complete,Zillow ZHVI county,annual_mean_zhvi,ACS 2022 5-year B19013
GA,13295,Walker County,2023,227979.39,55887,4.0793,12,complete_12_months,available,available_complete,Zillow ZHVI county,annual_mean_zhvi,ACS 2023 5-year B19013
GA,13295,Walker County,2024,240819.72,59469,4.0495,12,complete_12_months,available,available_complete,Zillow ZHVI county,annual_mean_zhvi,ACS 2024 5-year B19013
GA,13297,Walton County,2015,172374.44,54453,3.1656,12,complete_12_months,available,available_complete,Zillow ZHVI county,annual_mean_zhvi,ACS 2015 5-year B19013
GA,13297,Walton County,2016,187842.3,54459,3.4492,12,complete_12_months,available,available_complete,Zillow ZHVI county,annual_mean_zhvi,ACS 2016 5-year B19013
GA,13297,Walton County,2017,201456.78,55876,3.6054,12,complete_12_months,available,available_complete,Zillow ZHVI county,annual_mean_zhvi,ACS 2017 5-year B19013
GA,13297,Walton County,2018,217183.55,58370,3.7208,12,complete_12_months,available,available_complete,Zillow ZHVI county,annual_mean_zhvi,ACS 2018 5-year B19013
GA,13297,Walton County,2019,233233.35,61599,3.7863,12,complete_12_months,available,available_complete,Zillow ZHVI county,annual_mean_zhvi,ACS 2019 5-year B19013
GA,13297,Walton County,2020,252605.87,65491,3.8571,12,complete_12_months,available,available_complete,Zillow ZHVI county,annual_mean_zhvi,ACS 2020 5-year B19013
GA,13297,Walton County,2021,301669.8,71692,4.2079,12,complete_12_months,available,available_complete,Zillow ZHVI county,annual_mean_zhvi,ACS 2021 5-year B19013
GA,13297,Walton County,2022,364601.56,79425,4.5905,12,complete_12_months,available,available_complete,Zillow ZHVI county,annual_mean_zhvi,ACS 2022 5-year B19013
GA,13297,Walton County,2023,372415.31,82381,4.5206,12,complete_12_months,available,available_complete,Zillow ZHVI county,annual_mean_zhvi,ACS 2023 5-year B19013
GA,13297,Walton County,2024,389232.86,84945,4.5822,12,complete_12_months,available,available_complete,Zillow ZHVI county,annual_mean_zhvi,ACS 2024 5-year B19013
GA,13299,Ware County,2015,76253.4,34909,2.1843,12,complete_12_months,available,available_complete,Zillow ZHVI county,annual_mean_zhvi,ACS 2015 5-year B19013
GA,13299,Ware County,2016,79458.46,34705,2.2895,12,complete_12_months,available,available_complete,Zillow ZHVI county,annual_mean_zhvi,ACS 2016 5-year B19013
GA,13299,Ware County,2017,81294.73,36962,2.1994,12,complete_12_months,available,available_complete,Zillow ZHVI county,annual_mean_zhvi,ACS 2017 5-year B19013
GA,13299,Ware County,2018,86220.17,39887,2.1616,12,complete_12_months,available,available_complete,Zillow ZHVI county,annual_mean_zhvi,ACS 2018 5-year B19013
GA,13299,Ware County,2019,94203.42,36869,2.5551,12,complete_12_months,available,available_complete,Zillow ZHVI county,annual_mean_zhvi,ACS 2019 5-year B19013
GA,13299,Ware County,2020,100503.27,37041,2.7133,12,complete_12_months,available,available_complete,Zillow ZHVI county,annual_mean_zhvi,ACS 2020 5-year B19013
GA,13299,Ware County,2021,118468.65,39419,3.0054,12,complete_12_months,available,available_complete,Zillow ZHVI county,annual_mean_zhvi,ACS 2021 5-year B19013
GA,13299,Ware County,2022,141877.28,44138,3.2144,12,complete_12_months,available,available_complete,Zillow ZHVI county,annual_mean_zhvi,ACS 2022 5-year B19013
GA,13299,Ware County,2023,146773.08,44833,3.2738,12,complete_12_months,available,available_complete,Zillow ZHVI county,annual_mean_zhvi,ACS 2023 5-year B19013
GA,13299,Ware County,2024,151854.14,47448,3.2004,12,complete_12_months,available,available_complete,Zillow ZHVI county,annual_mean_zhvi,ACS 2024 5-year B19013
GA,13301,Warren County,2015,75278.95,29176,2.5802,12,complete_12_months,available,available_complete,Zillow ZHVI county,annual_mean_zhvi,ACS 2015 5-year B19013
GA,13301,Warren County,2016,74542.79,31875,2.3386,12,complete_12_months,available,available_complete,Zillow ZHVI county,annual_mean_zhvi,ACS 2016 5-year B19013
GA,13301,Warren County,2017,77108.16,32860,2.3466,12,complete_12_months,available,available_complete,Zillow ZHVI county,annual_mean_zhvi,ACS 2017 5-year B19013
GA,13301,Warren County,2018,80989.37,34730,2.332,12,complete_12_months,available,available_complete,Zillow ZHVI county,annual_mean_zhvi,ACS 2018 5-year B19013
GA,13301,Warren County,2019,88851.83,37203,2.3883,12,complete_12_months,available,available_complete,Zillow ZHVI county,annual_mean_zhvi,ACS 2019 5-year B19013
GA,13301,Warren County,2020,93598.62,38250,2.447,12,complete_12_months,available,available_complete,Zillow ZHVI county,annual_mean_zhvi,ACS 2020 5-year B19013
GA,13301,Warren County,2021,110274.24,37309,2.9557,12,complete_12_months,available,available_complete,Zillow ZHVI county,annual_mean_zhvi,ACS 2021 5-year B19013
GA,13301,Warren County,2022,124794.85,45091,2.7676,12,complete_12_months,available,available_complete,Zillow ZHVI county,annual_mean_zhvi,ACS 2022 5-year B19013
GA,13301,Warren County,2023,121131.7,46776,2.5896,12,complete_12_months,available,available_complete,Zillow ZHVI county,annual_mean_zhvi,ACS 2023 5-year B19013
GA,13301,Warren County,2024,120845.6,44289,2.7286,12,complete_12_months,available,available_complete,Zillow ZHVI county,annual_mean_zhvi,ACS 2024 5-year B19013
GA,13303,Washington County,2015,100731.93,37932,2.6556,12,complete_12_months,available,available_complete,Zillow ZHVI county,annual_mean_zhvi,ACS 2015 5-year B19013
GA,13303,Washington County,2016,104001.89,37417,2.7795,12,complete_12_months,available,available_complete,Zillow ZHVI county,annual_mean_zhvi,ACS 2016 5-year B19013
GA,13303,Washington County,2017,104306.11,38097,2.7379,12,complete_12_months,available,available_complete,Zillow ZHVI county,annual_mean_zhvi,ACS 2017 5-year B19013
GA,13303,Washington County,2018,111349.24,38092,2.9232,12,complete_12_months,available,available_complete,Zillow ZHVI county,annual_mean_zhvi,ACS 2018 5-year B19013
GA,13303,Washington County,2019,117581.98,38068,3.0887,12,complete_12_months,available,available_complete,Zillow ZHVI county,annual_mean_zhvi,ACS 2019 5-year B19013
GA,13303,Washington County,2020,124951.68,36402,3.4325,12,complete_12_months,available,available_complete,Zillow ZHVI county,annual_mean_zhvi,ACS 2020 5-year B19013
GA,13303,Washington County,2021,141375.88,39350,3.5928,12,complete_12_months,available,available_complete,Zillow ZHVI county,annual_mean_zhvi,ACS 2021 5-year B19013
GA,13303,Washington County,2022,159809.46,43810,3.6478,12,complete_12_months,available,available_complete,Zillow ZHVI county,annual_mean_zhvi,ACS 2022 5-year B19013
GA,13303,Washington County,2023,158882.11,44009,3.6102,12,complete_12_months,available,available_complete,Zillow ZHVI county,annual_mean_zhvi,ACS 2023 5-year B19013
GA,13303,Washington County,2024,158853.2,46023,3.4516,12,complete_12_months,available,available_complete,Zillow ZHVI county,annual_mean_zhvi,ACS 2024 5-year B19013
GA,13305,Wayne County,2015,113391.76,38955,2.9108,12,complete_12_months,available,available_complete,Zillow ZHVI county,annual_mean_zhvi,ACS 2015 5-year B19013
GA,13305,Wayne County,2016,114886.84,39908,2.8788,12,complete_12_months,available,available_complete,Zillow ZHVI county,annual_mean_zhvi,ACS 2016 5-year B19013
GA,13305,Wayne County,2017,115739.72,41534,2.7866,12,complete_12_months,available,available_complete,Zillow ZHVI county,annual_mean_zhvi,ACS 2017 5-year B19013
GA,13305,Wayne County,2018,122604.03,44869,2.7325,12,complete_12_months,available,available_complete,Zillow ZHVI county,annual_mean_zhvi,ACS 2018 5-year B19013
GA,13305,Wayne County,2019,132084.93,45483,2.9041,12,complete_12_months,available,available_complete,Zillow ZHVI county,annual_mean_zhvi,ACS 2019 5-year B19013
GA,13305,Wayne County,2020,144802.02,45773,3.1635,12,complete_12_months,available,available_complete,Zillow ZHVI county,annual_mean_zhvi,ACS 2020 5-year B19013
GA,13305,Wayne County,2021,163849.83,45115,3.6318,12,complete_12_months,available,available_complete,Zillow ZHVI county,annual_mean_zhvi,ACS 2021 5-year B19013
GA,13305,Wayne County,2022,186916.39,49847,3.7498,12,complete_12_months,available,available_complete,Zillow ZHVI county,annual_mean_zhvi,ACS 2022 5-year B19013
GA,13305,Wayne County,2023,189926.05,49562,3.8321,12,complete_12_months,available,available_complete,Zillow ZHVI county,annual_mean_zhvi,ACS 2023 5-year B19013
GA,13305,Wayne County,2024,201632.42,53427,3.774,12,complete_12_months,available,available_complete,Zillow ZHVI county,annual_mean_zhvi,ACS 2024 5-year B19013
GA,13307,Webster County,2015,83123.26,37063,2.2428,12,complete_12_months,available,available_complete,Zillow ZHVI county,annual_mean_zhvi,ACS 2015 5-year B19013
GA,13307,Webster County,2016,86082.44,37072,2.322,12,complete_12_months,available,available_complete,Zillow ZHVI county,annual_mean_zhvi,ACS 2016 5-year B19013
GA,13307,Webster County,2017,84188.37,36658,2.2966,12,complete_12_months,available,available_complete,Zillow ZHVI county,annual_mean_zhvi,ACS 2017 5-year B19013
GA,13307,Webster County,2018,88411.08,35755,2.4727,12,complete_12_months,available,available_complete,Zillow ZHVI county,annual_mean_zhvi,ACS 2018 5-year B19013
GA,13307,Webster County,2019,93444.4,37297,2.5054,12,complete_12_months,available,available_complete,Zillow ZHVI county,annual_mean_zhvi,ACS 2019 5-year B19013
GA,13307,Webster County,2020,103848.95,31629,3.2833,12,complete_12_months,available,available_complete,Zillow ZHVI county,annual_mean_zhvi,ACS 2020 5-year B19013
GA,13307,Webster County,2021,127483.21,32083,3.9735,12,complete_12_months,available,available_complete,Zillow ZHVI county,annual_mean_zhvi,ACS 2021 5-year B19013
GA,13307,Webster County,2022,151294.2,35000,4.3227,12,complete_12_months,available,available_complete,Zillow ZHVI county,annual_mean_zhvi,ACS 2022 5-year B19013
GA,13307,Webster County,2023,153838.35,40764,3.7739,12,complete_12_months,available,available_complete,Zillow ZHVI county,annual_mean_zhvi,ACS 2023 5-year B19013
GA,13307,Webster County,2024,162648.59,46792,3.476,12,complete_12_months,available,available_complete,Zillow ZHVI county,annual_mean_zhvi,ACS 2024 5-year B19013
GA,13309,Wheeler County,2015,80414.99,27620,2.9115,12,complete_12_months,available,available_complete,Zillow ZHVI county,annual_mean_zhvi,ACS 2015 5-year B19013
GA,13309,Wheeler County,2016,81185.04,27779,2.9225,12,complete_12_months,available,available_complete,Zillow ZHVI county,annual_mean_zhvi,ACS 2016 5-year B19013
GA,13309,Wheeler County,2017,81141.06,28490,2.8481,12,complete_12_months,available,available_complete,Zillow ZHVI county,annual_mean_zhvi,ACS 2017 5-year B19013
GA,13309,Wheeler County,2018,86752.32,27626,3.1402,12,complete_12_months,available,available_complete,Zillow ZHVI county,annual_mean_zhvi,ACS 2018 5-year B19013
GA,13309,Wheeler County,2019,90243.86,30192,2.989,12,complete_12_months,available,available_complete,Zillow ZHVI county,annual_mean_zhvi,ACS 2019 5-year B19013
GA,13309,Wheeler County,2020,95334.61,28864,3.3029,12,complete_12_months,available,available_complete,Zillow ZHVI county,annual_mean_zhvi,ACS 2020 5-year B19013
GA,13309,Wheeler County,2021,112666.41,26776,4.2077,12,complete_12_months,available,available_complete,Zillow ZHVI county,annual_mean_zhvi,ACS 2021 5-year B19013
GA,13309,Wheeler County,2022,122954.89,36354,3.3822,12,complete_12_months,available,available_complete,Zillow ZHVI county,annual_mean_zhvi,ACS 2022 5-year B19013
GA,13309,Wheeler County,2023,125949.18,45262,2.7827,12,complete_12_months,available,available_complete,Zillow ZHVI county,annual_mean_zhvi,ACS 2023 5-year B19013
GA,13309,Wheeler County,2024,137131.08,40539,3.3827,12,complete_12_months,available,available_complete,Zillow ZHVI county,annual_mean_zhvi,ACS 2024 5-year B19013
GA,13311,White County,2015,141665.61,40888,3.4647,12,complete_12_months,available,available_complete,Zillow ZHVI county,annual_mean_zhvi,ACS 2015 5-year B19013
GA,13311,White County,2016,145232.36,42264,3.4363,12,complete_12_months,available,available_complete,Zillow ZHVI county,annual_mean_zhvi,ACS 2016 5-year B19013
GA,13311,White County,2017,151671.92,43944,3.4515,12,complete_12_months,available,available_complete,Zillow ZHVI county,annual_mean_zhvi,ACS 2017 5-year B19013
GA,13311,White County,2018,163797.51,46288,3.5387,12,complete_12_months,available,available_complete,Zillow ZHVI county,annual_mean_zhvi,ACS 2018 5-year B19013
GA,13311,White County,2019,175457.64,52493,3.3425,12,complete_12_months,available,available_complete,Zillow ZHVI county,annual_mean_zhvi,ACS 2019 5-year B19013
GA,13311,White County,2020,191566.87,55788,3.4338,12,complete_12_months,available,available_complete,Zillow ZHVI county,annual_mean_zhvi,ACS 2020 5-year B19013
GA,13311,White County,2021,236586.76,64729,3.655,12,complete_12_months,available,available_complete,Zillow ZHVI county,annual_mean_zhvi,ACS 2021 5-year B19013
GA,13311,White County,2022,287104.33,66256,4.3333,12,complete_12_months,available,available_complete,Zillow ZHVI county,annual_mean_zhvi,ACS 2022 5-year B19013
GA,13311,White County,2023,291233.65,69747,4.1756,12,complete_12_months,available,available_complete,Zillow ZHVI county,annual_mean_zhvi,ACS 2023 5-year B19013
GA,13311,White County,2024,309967.17,70666,4.3864,12,complete_12_months,available,available_complete,Zillow ZHVI county,annual_mean_zhvi,ACS 2024 5-year B19013
GA,13313,Whitfield County,2015,116522.65,40596,2.8703,12,complete_12_months,available,available_complete,Zillow ZHVI county,annual_mean_zhvi,ACS 2015 5-year B19013
GA,13313,Whitfield County,2016,122645.09,41764,2.9366,12,complete_12_months,available,available_complete,Zillow ZHVI county,annual_mean_zhvi,ACS 2016 5-year B19013
GA,13313,Whitfield County,2017,132556.46,43871,3.0215,12,complete_12_months,available,available_complete,Zillow ZHVI county,annual_mean_zhvi,ACS 2017 5-year B19013
GA,13313,Whitfield County,2018,142328.88,46970,3.0302,12,complete_12_months,available,available_complete,Zillow ZHVI county,annual_mean_zhvi,ACS 2018 5-year B19013
GA,13313,Whitfield County,2019,151368.77,48623,3.1131,12,complete_12_months,available,available_complete,Zillow ZHVI county,annual_mean_zhvi,ACS 2019 5-year B19013
GA,13313,Whitfield County,2020,161851.02,50055,3.2335,12,complete_12_months,available,available_complete,Zillow ZHVI county,annual_mean_zhvi,ACS 2020 5-year B19013
GA,13313,Whitfield County,2021,186655.07,52439,3.5595,12,complete_12_months,available,available_complete,Zillow ZHVI county,annual_mean_zhvi,ACS 2021 5-year B19013
GA,13313,Whitfield County,2022,215975.35,59659,3.6202,12,complete_12_months,available,available_complete,Zillow ZHVI county,annual_mean_zhvi,ACS 2022 5-year B19013
GA,13313,Whitfield County,2023,224129.21,64262,3.4877,12,complete_12_months,available,available_complete,Zillow ZHVI county,annual_mean_zhvi,ACS 2023 5-year B19013
GA,13313,Whitfield County,2024,240369.29,67070,3.5839,12,complete_12_months,available,available_complete,Zillow ZHVI county,annual_mean_zhvi,ACS 2024 5-year B19013
GA,13315,Wilcox County,2015,76818.47,32043,2.3974,12,complete_12_months,available,available_complete,Zillow ZHVI county,annual_mean_zhvi,ACS 2015 5-year B19013
GA,13315,Wilcox County,2016,78859.49,34071,2.3146,12,complete_12_months,available,available_complete,Zillow ZHVI county,annual_mean_zhvi,ACS 2016 5-year B19013
GA,13315,Wilcox County,2017,80122.52,35457,2.2597,12,complete_12_months,available,available_complete,Zillow ZHVI county,annual_mean_zhvi,ACS 2017 5-year B19013
GA,13315,Wilcox County,2018,84854.99,36077,2.3521,12,complete_12_months,available,available_complete,Zillow ZHVI county,annual_mean_zhvi,ACS 2018 5-year B19013
GA,13315,Wilcox County,2019,90442.57,36964,2.4468,12,complete_12_months,available,available_complete,Zillow ZHVI county,annual_mean_zhvi,ACS 2019 5-year B19013
GA,13315,Wilcox County,2020,94261.98,39216,2.4037,12,complete_12_months,available,available_complete,Zillow ZHVI county,annual_mean_zhvi,ACS 2020 5-year B19013
GA,13315,Wilcox County,2021,111031.08,41406,2.6815,12,complete_12_months,available,available_complete,Zillow ZHVI county,annual_mean_zhvi,ACS 2021 5-year B19013
GA,13315,Wilcox County,2022,125538.48,46759,2.6848,12,complete_12_months,available,available_complete,Zillow ZHVI county,annual_mean_zhvi,ACS 2022 5-year B19013
GA,13315,Wilcox County,2023,127410.42,48036,2.6524,12,complete_12_months,available,available_complete,Zillow ZHVI county,annual_mean_zhvi,ACS 2023 5-year B19013
GA,13315,Wilcox County,2024,133296.05,54138,2.4622,12,complete_12_months,available,available_complete,Zillow ZHVI county,annual_mean_zhvi,ACS 2024 5-year B19013
GA,13317,Wilkes County,2015,81737.99,32727,2.4976,12,complete_12_months,available,available_complete,Zillow ZHVI county,annual_mean_zhvi,ACS 2015 5-year B19013
GA,13317,Wilkes County,2016,84365.68,33462,2.5212,12,complete_12_months,available,available_complete,Zillow ZHVI county,annual_mean_zhvi,ACS 2016 5-year B19013
GA,13317,Wilkes County,2017,87086.3,34234,2.5439,12,complete_12_months,available,available_complete,Zillow ZHVI county,annual_mean_zhvi,ACS 2017 5-year B19013
GA,13317,Wilkes County,2018,90949.08,35106,2.5907,12,complete_12_months,available,available_complete,Zillow ZHVI county,annual_mean_zhvi,ACS 2018 5-year B19013
GA,13317,Wilkes County,2019,94083.17,37838,2.4865,12,complete_12_months,available,available_complete,Zillow ZHVI county,annual_mean_zhvi,ACS 2019 5-year B19013
GA,13317,Wilkes County,2020,100846.25,36486,2.764,12,complete_12_months,available,available_complete,Zillow ZHVI county,annual_mean_zhvi,ACS 2020 5-year B19013
GA,13317,Wilkes County,2021,121799.79,43859,2.7771,12,complete_12_months,available,available_complete,Zillow ZHVI county,annual_mean_zhvi,ACS 2021 5-year B19013
GA,13317,Wilkes County,2022,146651.15,51780,2.8322,12,complete_12_months,available,available_complete,Zillow ZHVI county,annual_mean_zhvi,ACS 2022 5-year B19013
GA,13317,Wilkes County,2023,155698.26,52542,2.9633,12,complete_12_months,available,available_complete,Zillow ZHVI county,annual_mean_zhvi,ACS 2023 5-year B19013
GA,13317,Wilkes County,2024,166962.97,52043,3.2082,12,complete_12_months,available,available_complete,Zillow ZHVI county,annual_mean_zhvi,ACS 2024 5-year B19013
GA,13319,Wilkinson County,2015,78750.87,38485,2.0463,12,complete_12_months,available,available_complete,Zillow ZHVI county,annual_mean_zhvi,ACS 2015 5-year B19013
GA,13319,Wilkinson County,2016,80349.57,38827,2.0694,12,complete_12_months,available,available_complete,Zillow ZHVI county,annual_mean_zhvi,ACS 2016 5-year B19013
GA,13319,Wilkinson County,2017,82228.51,38711,2.1242,12,complete_12_months,available,available_complete,Zillow ZHVI county,annual_mean_zhvi,ACS 2017 5-year B19013
GA,13319,Wilkinson County,2018,86224.9,37583,2.2943,12,complete_12_months,available,available_complete,Zillow ZHVI county,annual_mean_zhvi,ACS 2018 5-year B19013
GA,13319,Wilkinson County,2019,91634.7,38996,2.3498,12,complete_12_months,available,available_complete,Zillow ZHVI county,annual_mean_zhvi,ACS 2019 5-year B19013
GA,13319,Wilkinson County,2020,101677.34,36896,2.7558,12,complete_12_months,available,available_complete,Zillow ZHVI county,annual_mean_zhvi,ACS 2020 5-year B19013
GA,13319,Wilkinson County,2021,119123.36,34680,3.4349,12,complete_12_months,available,available_complete,Zillow ZHVI county,annual_mean_zhvi,ACS 2021 5-year B19013
GA,13319,Wilkinson County,2022,134091.78,40757,3.29,12,complete_12_months,available,available_complete,Zillow ZHVI county,annual_mean_zhvi,ACS 2022 5-year B19013
GA,13319,Wilkinson County,2023,130650.66,46673,2.7993,12,complete_12_months,available,available_complete,Zillow ZHVI county,annual_mean_zhvi,ACS 2023 5-year B19013
GA,13319,Wilkinson County,2024,138848.17,45465,3.054,12,complete_12_months,available,available_complete,Zillow ZHVI county,annual_mean_zhvi,ACS 2024 5-year B19013
GA,13321,Worth County,2015,114347.32,37974,3.0112,12,complete_12_months,available,available_complete,Zillow ZHVI county,annual_mean_zhvi,ACS 2015 5-year B19013
GA,13321,Worth County,2016,110497.13,38684,2.8564,12,complete_12_months,available,available_complete,Zillow ZHVI county,annual_mean_zhvi,ACS 2016 5-year B19013
GA,13321,Worth County,2017,105670.56,40369,2.6176,12,complete_12_months,available,available_complete,Zillow ZHVI county,annual_mean_zhvi,ACS 2017 5-year B19013
GA,13321,Worth County,2018,112218.86,46076,2.4355,12,complete_12_months,available,available_complete,Zillow ZHVI county,annual_mean_zhvi,ACS 2018 5-year B19013
GA,13321,Worth County,2019,119198.67,45398,2.6256,12,complete_12_months,available,available_complete,Zillow ZHVI county,annual_mean_zhvi,ACS 2019 5-year B19013
GA,13321,Worth County,2020,125805.0,50913,2.471,12,complete_12_months,available,available_complete,Zillow ZHVI county,annual_mean_zhvi,ACS 2020 5-year B19013
GA,13321,Worth County,2021,138588.61,54791,2.5294,12,complete_12_months,available,available_complete,Zillow ZHVI county,annual_mean_zhvi,ACS 2021 5-year B19013
GA,13321,Worth County,2022,154828.49,56496,2.7405,12,complete_12_months,available,available_complete,Zillow ZHVI county,annual_mean_zhvi,ACS 2022 5-year B19013
GA,13321,Worth County,2023,157947.73,57201,2.7613,12,complete_12_months,available,available_complete,Zillow ZHVI county,annual_mean_zhvi,ACS 2023 5-year B19013
GA,13321,Worth County,2024,167228.66,58694,2.8492,12,complete_12_months,available,available_complete,Zillow ZHVI county,annual_mean_zhvi,ACS 2024 5-year B19013
NC,37001,Alamance County,2015,,41814,,0,source_data_unavailable,available,source_data_unavailable,Zillow ZHVI county,annual_mean_zhvi,ACS 2015 5-year B19013
NC,37001,Alamance County,2016,148782.96,43209,3.4433,11,partial_10_11_months,available,available_partial,Zillow ZHVI county,annual_mean_zhvi,ACS 2016 5-year B19013
NC,37001,Alamance County,2017,156048.19,44281,3.524,12,complete_12_months,available,available_complete,Zillow ZHVI county,annual_mean_zhvi,ACS 2017 5-year B19013
NC,37001,Alamance County,2018,165726.66,45735,3.6236,12,complete_12_months,available,available_complete,Zillow ZHVI county,annual_mean_zhvi,ACS 2018 5-year B19013
NC,37001,Alamance County,2019,174666.61,49688,3.5153,12,complete_12_months,available,available_complete,Zillow ZHVI county,annual_mean_zhvi,ACS 2019 5-year B19013
NC,37001,Alamance County,2020,186134.71,51580,3.6087,12,complete_12_months,available,available_complete,Zillow ZHVI county,annual_mean_zhvi,ACS 2020 5-year B19013
NC,37001,Alamance County,2021,216023.37,55078,3.9221,12,complete_12_months,available,available_complete,Zillow ZHVI county,annual_mean_zhvi,ACS 2021 5-year B19013
NC,37001,Alamance County,2022,260307.97,60866,4.2767,12,complete_12_months,available,available_complete,Zillow ZHVI county,annual_mean_zhvi,ACS 2022 5-year B19013
NC,37001,Alamance County,2023,279356.27,64445,4.3348,12,complete_12_months,available,available_complete,Zillow ZHVI county,annual_mean_zhvi,ACS 2023 5-year B19013
NC,37001,Alamance County,2024,292045.57,65651,4.4485,12,complete_12_months,available,available_complete,Zillow ZHVI county,annual_mean_zhvi,ACS 2024 5-year B19013
NC,37003,Alexander County,2015,126905.09,39365,3.2238,12,complete_12_months,available,available_complete,Zillow ZHVI county,annual_mean_zhvi,ACS 2015 5-year B19013
NC,37003,Alexander County,2016,130221.45,40404,3.223,12,complete_12_months,available,available_complete,Zillow ZHVI county,annual_mean_zhvi,ACS 2016 5-year B19013
NC,37003,Alexander County,2017,137635.06,44523,3.0913,12,complete_12_months,available,available_complete,Zillow ZHVI county,annual_mean_zhvi,ACS 2017 5-year B19013
NC,37003,Alexander County,2018,142411.35,44961,3.1674,12,complete_12_months,available,available_complete,Zillow ZHVI county,annual_mean_zhvi,ACS 2018 5-year B19013
NC,37003,Alexander County,2019,154229.09,48756,3.1633,12,complete_12_months,available,available_complete,Zillow ZHVI county,annual_mean_zhvi,ACS 2019 5-year B19013
NC,37003,Alexander County,2020,171982.08,51329,3.3506,12,complete_12_months,available,available_complete,Zillow ZHVI county,annual_mean_zhvi,ACS 2020 5-year B19013
NC,37003,Alexander County,2021,201234.92,55041,3.6561,12,complete_12_months,available,available_complete,Zillow ZHVI county,annual_mean_zhvi,ACS 2021 5-year B19013
NC,37003,Alexander County,2022,220878.98,62764,3.5192,12,complete_12_months,available,available_complete,Zillow ZHVI county,annual_mean_zhvi,ACS 2022 5-year B19013
NC,37003,Alexander County,2023,236400.52,65268,3.622,12,complete_12_months,available,available_complete,Zillow ZHVI county,annual_mean_zhvi,ACS 2023 5-year B19013
NC,37003,Alexander County,2024,244310.75,65354,3.7383,12,complete_12_months,available,available_complete,Zillow ZHVI county,annual_mean_zhvi,ACS 2024 5-year B19013
NC,37005,Alleghany County,2015,136174.85,36968,3.6836,12,complete_12_months,available,available_complete,Zillow ZHVI county,annual_mean_zhvi,ACS 2015 5-year B19013
NC,37005,Alleghany County,2016,140949.43,38352,3.6752,12,complete_12_months,available,available_complete,Zillow ZHVI county,annual_mean_zhvi,ACS 2016 5-year B19013
NC,37005,Alleghany County,2017,146497.84,38944,3.7618,12,complete_12_months,available,available_complete,Zillow ZHVI county,annual_mean_zhvi,ACS 2017 5-year B19013
NC,37005,Alleghany County,2018,152333.46,37558,4.056,12,complete_12_months,available,available_complete,Zillow ZHVI county,annual_mean_zhvi,ACS 2018 5-year B19013
NC,37005,Alleghany County,2019,160187.95,37830,4.2344,12,complete_12_months,available,available_complete,Zillow ZHVI county,annual_mean_zhvi,ACS 2019 5-year B19013
NC,37005,Alleghany County,2020,171034.95,37158,4.6029,12,complete_12_months,available,available_complete,Zillow ZHVI county,annual_mean_zhvi,ACS 2020 5-year B19013
NC,37005,Alleghany County,2021,203892.6,38930,5.2374,12,complete_12_months,available,available_complete,Zillow ZHVI county,annual_mean_zhvi,ACS 2021 5-year B19013
NC,37005,Alleghany County,2022,239740.59,42115,5.6925,12,complete_12_months,available,available_complete,Zillow ZHVI county,annual_mean_zhvi,ACS 2022 5-year B19013
NC,37005,Alleghany County,2023,247909.51,44272,5.5997,12,complete_12_months,available,available_complete,Zillow ZHVI county,annual_mean_zhvi,ACS 2023 5-year B19013
NC,37005,Alleghany County,2024,263807.84,47172,5.5925,12,complete_12_months,available,available_complete,Zillow ZHVI county,annual_mean_zhvi,ACS 2024 5-year B19013
NC,37007,Anson County,2015,77039.96,33228,2.3185,12,complete_12_months,available,available_complete,Zillow ZHVI county,annual_mean_zhvi,ACS 2015 5-year B19013
NC,37007,Anson County,2016,82974.35,34656,2.3942,12,complete_12_months,available,available_complete,Zillow ZHVI county,annual_mean_zhvi,ACS 2016 5-year B19013
NC,37007,Anson County,2017,84839.0,38123,2.2254,12,complete_12_months,available,available_complete,Zillow ZHVI county,annual_mean_zhvi,ACS 2017 5-year B19013
NC,37007,Anson County,2018,86830.06,39126,2.2192,12,complete_12_months,available,available_complete,Zillow ZHVI county,annual_mean_zhvi,ACS 2018 5-year B19013
NC,37007,Anson County,2019,93793.43,40213,2.3324,12,complete_12_months,available,available_complete,Zillow ZHVI county,annual_mean_zhvi,ACS 2019 5-year B19013
NC,37007,Anson County,2020,104710.27,39799,2.631,12,complete_12_months,available,available_complete,Zillow ZHVI county,annual_mean_zhvi,ACS 2020 5-year B19013
NC,37007,Anson County,2021,128963.99,39862,3.2353,12,complete_12_months,available,available_complete,Zillow ZHVI county,annual_mean_zhvi,ACS 2021 5-year B19013
NC,37007,Anson County,2022,147859.7,42000,3.5205,12,complete_12_months,available,available_complete,Zillow ZHVI county,annual_mean_zhvi,ACS 2022 5-year B19013
NC,37007,Anson County,2023,163576.98,44245,3.6971,12,complete_12_months,available,available_complete,Zillow ZHVI county,annual_mean_zhvi,ACS 2023 5-year B19013
NC,37007,Anson County,2024,168473.09,47302,3.5616,12,complete_12_months,available,available_complete,Zillow ZHVI county,annual_mean_zhvi,ACS 2024 5-year B19013
NC,37009,Ashe County,2015,207785.61,36267,5.7293,12,complete_12_months,available,available_complete,Zillow ZHVI county,annual_mean_zhvi,ACS 2015 5-year B19013
NC,37009,Ashe County,2016,216194.77,37360,5.7868,12,complete_12_months,available,available_complete,Zillow ZHVI county,annual_mean_zhvi,ACS 2016 5-year B19013
NC,37009,Ashe County,2017,223408.05,40293,5.5446,12,complete_12_months,available,available_complete,Zillow ZHVI county,annual_mean_zhvi,ACS 2017 5-year B19013
NC,37009,Ashe County,2018,231239.8,40978,5.643,12,complete_12_months,available,available_complete,Zillow ZHVI county,annual_mean_zhvi,ACS 2018 5-year B19013
NC,37009,Ashe County,2019,244110.79,40962,5.9594,12,complete_12_months,available,available_complete,Zillow ZHVI county,annual_mean_zhvi,ACS 2019 5-year B19013
NC,37009,Ashe County,2020,261899.21,43030,6.0864,12,complete_12_months,available,available_complete,Zillow ZHVI county,annual_mean_zhvi,ACS 2020 5-year B19013
NC,37009,Ashe County,2021,308365.82,43938,7.0182,12,complete_12_months,available,available_complete,Zillow ZHVI county,annual_mean_zhvi,ACS 2021 5-year B19013
NC,37009,Ashe County,2022,347643.71,49176,7.0694,12,complete_12_months,available,available_complete,Zillow ZHVI county,annual_mean_zhvi,ACS 2022 5-year B19013
NC,37009,Ashe County,2023,356261.86,50827,7.0093,12,complete_12_months,available,available_complete,Zillow ZHVI county,annual_mean_zhvi,ACS 2023 5-year B19013
NC,37009,Ashe County,2024,364734.49,56866,6.4139,12,complete_12_months,available,available_complete,Zillow ZHVI county,annual_mean_zhvi,ACS 2024 5-year B19013
NC,37011,Avery County,2015,,37777,,0,source_data_unavailable,available,source_data_unavailable,Zillow ZHVI county,annual_mean_zhvi,ACS 2015 5-year B19013
NC,37011,Avery County,2016,203091.44,35891,5.6586,11,partial_10_11_months,available,available_partial,Zillow ZHVI county,annual_mean_zhvi,ACS 2016 5-year B19013
NC,37011,Avery County,2017,197880.04,37109,5.3324,12,complete_12_months,available,available_complete,Zillow ZHVI county,annual_mean_zhvi,ACS 2017 5-year B19013
NC,37011,Avery County,2018,207057.93,38134,5.4297,12,complete_12_months,available,available_complete,Zillow ZHVI county,annual_mean_zhvi,ACS 2018 5-year B19013
NC,37011,Avery County,2019,214124.89,40340,5.308,12,complete_12_months,available,available_complete,Zillow ZHVI county,annual_mean_zhvi,ACS 2019 5-year B19013
NC,37011,Avery County,2020,235646.62,42695,5.5193,12,complete_12_months,available,available_complete,Zillow ZHVI county,annual_mean_zhvi,ACS 2020 5-year B19013
NC,37011,Avery County,2021,304681.8,46383,6.5688,12,complete_12_months,available,available_complete,Zillow ZHVI county,annual_mean_zhvi,ACS 2021 5-year B19013
NC,37011,Avery County,2022,372200.52,53513,6.9553,12,complete_12_months,available,available_complete,Zillow ZHVI county,annual_mean_zhvi,ACS 2022 5-year B19013
NC,37011,Avery County,2023,380755.34,57657,6.6038,12,complete_12_months,available,available_complete,Zillow ZHVI county,annual_mean_zhvi,ACS 2023 5-year B19013
NC,37011,Avery County,2024,404002.68,61428,6.5768,12,complete_12_months,available,available_complete,Zillow ZHVI county,annual_mean_zhvi,ACS 2024 5-year B19013
NC,37013,Beaufort County,2015,117609.93,40391,2.9118,12,complete_12_months,available,available_complete,Zillow ZHVI county,annual_mean_zhvi,ACS 2015 5-year B19013
NC,37013,Beaufort County,2016,126616.59,40906,3.0953,12,complete_12_months,available,available_complete,Zillow ZHVI county,annual_mean_zhvi,ACS 2016 5-year B19013
NC,37013,Beaufort County,2017,128535.78,41101,3.1273,12,complete_12_months,available,available_complete,Zillow ZHVI county,annual_mean_zhvi,ACS 2017 5-year B19013
NC,37013,Beaufort County,2018,133222.0,43688,3.0494,12,complete_12_months,available,available_complete,Zillow ZHVI county,annual_mean_zhvi,ACS 2018 5-year B19013
NC,37013,Beaufort County,2019,139007.93,45212,3.0746,12,complete_12_months,available,available_complete,Zillow ZHVI county,annual_mean_zhvi,ACS 2019 5-year B19013
NC,37013,Beaufort County,2020,149093.78,48051,3.1028,12,complete_12_months,available,available_complete,Zillow ZHVI county,annual_mean_zhvi,ACS 2020 5-year B19013
NC,37013,Beaufort County,2021,175605.44,51894,3.3839,12,complete_12_months,available,available_complete,Zillow ZHVI county,annual_mean_zhvi,ACS 2021 5-year B19013
NC,37013,Beaufort County,2022,202980.68,56081,3.6194,12,complete_12_months,available,available_complete,Zillow ZHVI county,annual_mean_zhvi,ACS 2022 5-year B19013
NC,37013,Beaufort County,2023,215073.39,57997,3.7084,12,complete_12_months,available,available_complete,Zillow ZHVI county,annual_mean_zhvi,ACS 2023 5-year B19013
NC,37013,Beaufort County,2024,229352.08,58357,3.9302,12,complete_12_months,available,available_complete,Zillow ZHVI county,annual_mean_zhvi,ACS 2024 5-year B19013
NC,37015,Bertie County,2015,52251.54,30027,1.7402,12,complete_12_months,available,available_complete,Zillow ZHVI county,annual_mean_zhvi,ACS 2015 5-year B19013
NC,37015,Bertie County,2016,52357.35,31129,1.6819,12,complete_12_months,available,available_complete,Zillow ZHVI county,annual_mean_zhvi,ACS 2016 5-year B19013
NC,37015,Bertie County,2017,52805.82,31287,1.6878,12,complete_12_months,available,available_complete,Zillow ZHVI county,annual_mean_zhvi,ACS 2017 5-year B19013
NC,37015,Bertie County,2018,56867.8,33143,1.7158,12,complete_12_months,available,available_complete,Zillow ZHVI county,annual_mean_zhvi,ACS 2018 5-year B19013
NC,37015,Bertie County,2019,55961.47,35527,1.5752,12,complete_12_months,available,available_complete,Zillow ZHVI county,annual_mean_zhvi,ACS 2019 5-year B19013
NC,37015,Bertie County,2020,58712.08,35042,1.6755,12,complete_12_months,available,available_complete,Zillow ZHVI county,annual_mean_zhvi,ACS 2020 5-year B19013
NC,37015,Bertie County,2021,65006.79,37571,1.7302,12,complete_12_months,available,available_complete,Zillow ZHVI county,annual_mean_zhvi,ACS 2021 5-year B19013
NC,37015,Bertie County,2022,68715.87,41652,1.6498,12,complete_12_months,available,available_complete,Zillow ZHVI county,annual_mean_zhvi,ACS 2022 5-year B19013
NC,37015,Bertie County,2023,67836.41,45931,1.4769,12,complete_12_months,available,available_complete,Zillow ZHVI county,annual_mean_zhvi,ACS 2023 5-year B19013
NC,37015,Bertie County,2024,72029.84,48750,1.4775,12,complete_12_months,available,available_complete,Zillow ZHVI county,annual_mean_zhvi,ACS 2024 5-year B19013
NC,37017,Bladen County,2015,114157.11,30096,3.7931,12,complete_12_months,available,available_complete,Zillow ZHVI county,annual_mean_zhvi,ACS 2015 5-year B19013
NC,37017,Bladen County,2016,116878.47,30408,3.8437,12,complete_12_months,available,available_complete,Zillow ZHVI county,annual_mean_zhvi,ACS 2016 5-year B19013
NC,37017,Bladen County,2017,123692.27,32396,3.8181,12,complete_12_months,available,available_complete,Zillow ZHVI county,annual_mean_zhvi,ACS 2017 5-year B19013
NC,37017,Bladen County,2018,125358.87,32378,3.8717,12,complete_12_months,available,available_complete,Zillow ZHVI county,annual_mean_zhvi,ACS 2018 5-year B19013
NC,37017,Bladen County,2019,125393.25,36173,3.4665,12,complete_12_months,available,available_complete,Zillow ZHVI county,annual_mean_zhvi,ACS 2019 5-year B19013
NC,37017,Bladen County,2020,127629.97,37188,3.432,12,complete_12_months,available,available_complete,Zillow ZHVI county,annual_mean_zhvi,ACS 2020 5-year B19013
NC,37017,Bladen County,2021,145469.57,39259,3.7054,12,complete_12_months,available,available_complete,Zillow ZHVI county,annual_mean_zhvi,ACS 2021 5-year B19013
NC,37017,Bladen County,2022,156976.0,40476,3.8782,12,complete_12_months,available,available_complete,Zillow ZHVI county,annual_mean_zhvi,ACS 2022 5-year B19013
NC,37017,Bladen County,2023,159929.92,44528,3.5917,12,complete_12_months,available,available_complete,Zillow ZHVI county,annual_mean_zhvi,ACS 2023 5-year B19013
NC,37017,Bladen County,2024,159951.08,42422,3.7705,12,complete_12_months,available,available_complete,Zillow ZHVI county,annual_mean_zhvi,ACS 2024 5-year B19013
NC,37019,Brunswick County,2015,210005.52,46859,4.4816,12,complete_12_months,available,available_complete,Zillow ZHVI county,annual_mean_zhvi,ACS 2015 5-year B19013
NC,37019,Brunswick County,2016,215987.82,49356,4.3761,12,complete_12_months,available,available_complete,Zillow ZHVI county,annual_mean_zhvi,ACS 2016 5-year B19013
NC,37019,Brunswick County,2017,224719.11,51164,4.3921,12,complete_12_months,available,available_complete,Zillow ZHVI county,annual_mean_zhvi,ACS 2017 5-year B19013
NC,37019,Brunswick County,2018,236512.2,54406,4.3472,12,complete_12_months,available,available_complete,Zillow ZHVI county,annual_mean_zhvi,ACS 2018 5-year B19013
NC,37019,Brunswick County,2019,251320.95,58236,4.3156,12,complete_12_months,available,available_complete,Zillow ZHVI county,annual_mean_zhvi,ACS 2019 5-year B19013
NC,37019,Brunswick County,2020,266487.9,59763,4.4591,12,complete_12_months,available,available_complete,Zillow ZHVI county,annual_mean_zhvi,ACS 2020 5-year B19013
NC,37019,Brunswick County,2021,315470.17,64400,4.8986,12,complete_12_months,available,available_complete,Zillow ZHVI county,annual_mean_zhvi,ACS 2021 5-year B19013
NC,37019,Brunswick County,2022,383060.32,71193,5.3806,12,complete_12_months,available,available_complete,Zillow ZHVI county,annual_mean_zhvi,ACS 2022 5-year B19013
NC,37019,Brunswick County,2023,400474.06,74034,5.4093,12,complete_12_months,available,available_complete,Zillow ZHVI county,annual_mean_zhvi,ACS 2023 5-year B19013
NC,37019,Brunswick County,2024,408835.07,77024,5.3079,12,complete_12_months,available,available_complete,Zillow ZHVI county,annual_mean_zhvi,ACS 2024 5-year B19013
NC,37021,Buncombe County,2015,237451.19,45167,5.2572,12,complete_12_months,available,available_complete,Zillow ZHVI county,annual_mean_zhvi,ACS 2015 5-year B19013
NC,37021,Buncombe County,2016,255895.49,46902,5.456,12,complete_12_months,available,available_complete,Zillow ZHVI county,annual_mean_zhvi,ACS 2016 5-year B19013
NC,37021,Buncombe County,2017,277119.25,48464,5.718,12,complete_12_months,available,available_complete,Zillow ZHVI county,annual_mean_zhvi,ACS 2017 5-year B19013
NC,37021,Buncombe County,2018,297938.14,50668,5.8802,12,complete_12_months,available,available_complete,Zillow ZHVI county,annual_mean_zhvi,ACS 2018 5-year B19013
NC,37021,Buncombe County,2019,308445.17,52207,5.9081,12,complete_12_months,available,available_complete,Zillow ZHVI county,annual_mean_zhvi,ACS 2019 5-year B19013
NC,37021,Buncombe County,2020,326054.47,55032,5.9248,12,complete_12_months,available,available_complete,Zillow ZHVI county,annual_mean_zhvi,ACS 2020 5-year B19013
NC,37021,Buncombe County,2021,377779.5,59699,6.3281,12,complete_12_months,available,available_complete,Zillow ZHVI county,annual_mean_zhvi,ACS 2021 5-year B19013
NC,37021,Buncombe County,2022,439952.57,66531,6.6127,12,complete_12_months,available,available_complete,Zillow ZHVI county,annual_mean_zhvi,ACS 2022 5-year B19013
NC,37021,Buncombe County,2023,459726.16,70578,6.5137,12,complete_12_months,available,available_complete,Zillow ZHVI county,annual_mean_zhvi,ACS 2023 5-year B19013
NC,37021,Buncombe County,2024,480703.57,74436,6.4579,12,complete_12_months,available,available_complete,Zillow ZHVI county,annual_mean_zhvi,ACS 2024 5-year B19013
NC,37023,Burke County,2015,,39360,,0,source_data_unavailable,available,source_data_unavailable,Zillow ZHVI county,annual_mean_zhvi,ACS 2015 5-year B19013
NC,37023,Burke County,2016,124187.53,39759,3.1235,11,partial_10_11_months,available,available_partial,Zillow ZHVI county,annual_mean_zhvi,ACS 2016 5-year B19013
NC,37023,Burke County,2017,130694.06,40854,3.1991,12,complete_12_months,available,available_complete,Zillow ZHVI county,annual_mean_zhvi,ACS 2017 5-year B19013
NC,37023,Burke County,2018,140152.15,42516,3.2965,12,complete_12_months,available,available_complete,Zillow ZHVI county,annual_mean_zhvi,ACS 2018 5-year B19013
NC,37023,Burke County,2019,149679.48,44557,3.3593,12,complete_12_months,available,available_complete,Zillow ZHVI county,annual_mean_zhvi,ACS 2019 5-year B19013
NC,37023,Burke County,2020,168765.0,43915,3.843,12,complete_12_months,available,available_complete,Zillow ZHVI county,annual_mean_zhvi,ACS 2020 5-year B19013
NC,37023,Burke County,2021,197015.38,48142,4.0924,12,complete_12_months,available,available_complete,Zillow ZHVI county,annual_mean_zhvi,ACS 2021 5-year B19013
NC,37023,Burke County,2022,223658.45,53732,4.1625,12,complete_12_months,available,available_complete,Zillow ZHVI county,annual_mean_zhvi,ACS 2022 5-year B19013
NC,37023,Burke County,2023,236783.79,55684,4.2523,12,complete_12_months,available,available_complete,Zillow ZHVI county,annual_mean_zhvi,ACS 2023 5-year B19013
NC,37023,Burke County,2024,253474.47,58592,4.3261,12,complete_12_months,available,available_complete,Zillow ZHVI county,annual_mean_zhvi,ACS 2024 5-year B19013
NC,37025,Cabarrus County,2015,177909.4,54720,3.2513,12,complete_12_months,available,available_complete,Zillow ZHVI county,annual_mean_zhvi,ACS 2015 5-year B19013
NC,37025,Cabarrus County,2016,191546.59,58970,3.2482,12,complete_12_months,available,available_complete,Zillow ZHVI county,annual_mean_zhvi,ACS 2016 5-year B19013
NC,37025,Cabarrus County,2017,207189.58,60716,3.4124,12,complete_12_months,available,available_complete,Zillow ZHVI county,annual_mean_zhvi,ACS 2017 5-year B19013
NC,37025,Cabarrus County,2018,224854.94,64174,3.5038,12,complete_12_months,available,available_complete,Zillow ZHVI county,annual_mean_zhvi,ACS 2018 5-year B19013
NC,37025,Cabarrus County,2019,237902.53,67328,3.5335,12,complete_12_months,available,available_complete,Zillow ZHVI county,annual_mean_zhvi,ACS 2019 5-year B19013
NC,37025,Cabarrus County,2020,257202.73,71177,3.6136,12,complete_12_months,available,available_complete,Zillow ZHVI county,annual_mean_zhvi,ACS 2020 5-year B19013
NC,37025,Cabarrus County,2021,307005.13,75765,4.0521,12,complete_12_months,available,available_complete,Zillow ZHVI county,annual_mean_zhvi,ACS 2021 5-year B19013
NC,37025,Cabarrus County,2022,373421.09,83828,4.4546,12,complete_12_months,available,available_complete,Zillow ZHVI county,annual_mean_zhvi,ACS 2022 5-year B19013
NC,37025,Cabarrus County,2023,382628.62,86084,4.4448,12,complete_12_months,available,available_complete,Zillow ZHVI county,annual_mean_zhvi,ACS 2023 5-year B19013
NC,37025,Cabarrus County,2024,396032.49,89005,4.4496,12,complete_12_months,available,available_complete,Zillow ZHVI county,annual_mean_zhvi,ACS 2024 5-year B19013
NC,37027,Caldwell County,2015,102889.29,35763,2.877,12,complete_12_months,available,available_complete,Zillow ZHVI county,annual_mean_zhvi,ACS 2015 5-year B19013
NC,37027,Caldwell County,2016,112851.08,37118,3.0403,12,complete_12_months,available,available_complete,Zillow ZHVI county,annual_mean_zhvi,ACS 2016 5-year B19013
NC,37027,Caldwell County,2017,121205.91,40735,2.9755,12,complete_12_months,available,available_complete,Zillow ZHVI county,annual_mean_zhvi,ACS 2017 5-year B19013
NC,37027,Caldwell County,2018,131036.83,42072,3.1146,12,complete_12_months,available,available_complete,Zillow ZHVI county,annual_mean_zhvi,ACS 2018 5-year B19013
NC,37027,Caldwell County,2019,143939.72,44511,3.2338,12,complete_12_months,available,available_complete,Zillow ZHVI county,annual_mean_zhvi,ACS 2019 5-year B19013
NC,37027,Caldwell County,2020,157857.14,46094,3.4247,12,complete_12_months,available,available_complete,Zillow ZHVI county,annual_mean_zhvi,ACS 2020 5-year B19013
NC,37027,Caldwell County,2021,186525.95,48549,3.842,12,complete_12_months,available,available_complete,Zillow ZHVI county,annual_mean_zhvi,ACS 2021 5-year B19013
NC,37027,Caldwell County,2022,214600.0,52362,4.0984,12,complete_12_months,available,available_complete,Zillow ZHVI county,annual_mean_zhvi,ACS 2022 5-year B19013
NC,37027,Caldwell County,2023,227080.83,55401,4.0989,12,complete_12_months,available,available_complete,Zillow ZHVI county,annual_mean_zhvi,ACS 2023 5-year B19013
NC,37027,Caldwell County,2024,239443.41,56425,4.2436,12,complete_12_months,available,available_complete,Zillow ZHVI county,annual_mean_zhvi,ACS 2024 5-year B19013
NC,37029,Camden County,2015,211211.3,58780,3.5933,12,complete_12_months,available,available_complete,Zillow ZHVI county,annual_mean_zhvi,ACS 2015 5-year B19013
NC,37029,Camden County,2016,216283.48,60714,3.5623,12,complete_12_months,available,available_complete,Zillow ZHVI county,annual_mean_zhvi,ACS 2016 5-year B19013
NC,37029,Camden County,2017,228239.44,68327,3.3404,12,complete_12_months,available,available_complete,Zillow ZHVI county,annual_mean_zhvi,ACS 2017 5-year B19013
NC,37029,Camden County,2018,241852.16,63349,3.8178,12,complete_12_months,available,available_complete,Zillow ZHVI county,annual_mean_zhvi,ACS 2018 5-year B19013
NC,37029,Camden County,2019,248446.48,64572,3.8476,12,complete_12_months,available,available_complete,Zillow ZHVI county,annual_mean_zhvi,ACS 2019 5-year B19013
NC,37029,Camden County,2020,261604.49,63834,4.0982,12,complete_12_months,available,available_complete,Zillow ZHVI county,annual_mean_zhvi,ACS 2020 5-year B19013
NC,37029,Camden County,2021,295672.11,68560,4.3126,12,complete_12_months,available,available_complete,Zillow ZHVI county,annual_mean_zhvi,ACS 2021 5-year B19013
NC,37029,Camden County,2022,326665.35,79120,4.1287,12,complete_12_months,available,available_complete,Zillow ZHVI county,annual_mean_zhvi,ACS 2022 5-year B19013
NC,37029,Camden County,2023,340299.62,87781,3.8767,12,complete_12_months,available,available_complete,Zillow ZHVI county,annual_mean_zhvi,ACS 2023 5-year B19013
NC,37029,Camden County,2024,368853.79,91078,4.0499,12,complete_12_months,available,available_complete,Zillow ZHVI county,annual_mean_zhvi,ACS 2024 5-year B19013
NC,37031,Carteret County,2015,240997.77,48457,4.9734,12,complete_12_months,available,available_complete,Zillow ZHVI county,annual_mean_zhvi,ACS 2015 5-year B19013
NC,37031,Carteret County,2016,251454.04,50599,4.9695,12,complete_12_months,available,available_complete,Zillow ZHVI county,annual_mean_zhvi,ACS 2016 5-year B19013
NC,37031,Carteret County,2017,259705.68,51584,5.0346,12,complete_12_months,available,available_complete,Zillow ZHVI county,annual_mean_zhvi,ACS 2017 5-year B19013
NC,37031,Carteret County,2018,269974.82,54428,4.9602,12,complete_12_months,available,available_complete,Zillow ZHVI county,annual_mean_zhvi,ACS 2018 5-year B19013
NC,37031,Carteret County,2019,280536.39,57194,4.905,12,complete_12_months,available,available_complete,Zillow ZHVI county,annual_mean_zhvi,ACS 2019 5-year B19013
NC,37031,Carteret County,2020,296804.47,57871,5.1287,12,complete_12_months,available,available_complete,Zillow ZHVI county,annual_mean_zhvi,ACS 2020 5-year B19013
NC,37031,Carteret County,2021,353345.19,61805,5.7171,12,complete_12_months,available,available_complete,Zillow ZHVI county,annual_mean_zhvi,ACS 2021 5-year B19013
NC,37031,Carteret County,2022,421741.31,66965,6.2979,12,complete_12_months,available,available_complete,Zillow ZHVI county,annual_mean_zhvi,ACS 2022 5-year B19013
NC,37031,Carteret County,2023,447413.61,70235,6.3702,12,complete_12_months,available,available_complete,Zillow ZHVI county,annual_mean_zhvi,ACS 2023 5-year B19013
NC,37031,Carteret County,2024,463462.14,72322,6.4083,12,complete_12_months,available,available_complete,Zillow ZHVI county,annual_mean_zhvi,ACS 2024 5-year B19013
NC,37033,Caswell County,2015,114075.76,37869,3.0124,12,complete_12_months,available,available_complete,Zillow ZHVI county,annual_mean_zhvi,ACS 2015 5-year B19013
NC,37033,Caswell County,2016,119799.68,38310,3.1271,12,complete_12_months,available,available_complete,Zillow ZHVI county,annual_mean_zhvi,ACS 2016 5-year B19013
NC,37033,Caswell County,2017,122270.83,39428,3.1011,12,complete_12_months,available,available_complete,Zillow ZHVI county,annual_mean_zhvi,ACS 2017 5-year B19013
NC,37033,Caswell County,2018,128473.57,43961,2.9224,12,complete_12_months,available,available_complete,Zillow ZHVI county,annual_mean_zhvi,ACS 2018 5-year B19013
NC,37033,Caswell County,2019,133452.17,45733,2.9181,12,complete_12_months,available,available_complete,Zillow ZHVI county,annual_mean_zhvi,ACS 2019 5-year B19013
NC,37033,Caswell County,2020,146513.88,47938,3.0563,12,complete_12_months,available,available_complete,Zillow ZHVI county,annual_mean_zhvi,ACS 2020 5-year B19013
NC,37033,Caswell County,2021,174731.91,53279,3.2796,12,complete_12_months,available,available_complete,Zillow ZHVI county,annual_mean_zhvi,ACS 2021 5-year B19013
NC,37033,Caswell County,2022,193316.81,56999,3.3916,12,complete_12_months,available,available_complete,Zillow ZHVI county,annual_mean_zhvi,ACS 2022 5-year B19013
NC,37033,Caswell County,2023,201927.88,59407,3.3991,12,complete_12_months,available,available_complete,Zillow ZHVI county,annual_mean_zhvi,ACS 2023 5-year B19013
NC,37033,Caswell County,2024,213138.44,59755,3.5669,12,complete_12_months,available,available_complete,Zillow ZHVI county,annual_mean_zhvi,ACS 2024 5-year B19013
NC,37035,Catawba County,2015,132886.15,44376,2.9945,12,complete_12_months,available,available_complete,Zillow ZHVI county,annual_mean_zhvi,ACS 2015 5-year B19013
NC,37035,Catawba County,2016,139995.36,45450,3.0802,12,complete_12_months,available,available_complete,Zillow ZHVI county,annual_mean_zhvi,ACS 2016 5-year B19013
NC,37035,Catawba County,2017,147371.03,48649,3.0293,12,complete_12_months,available,available_complete,Zillow ZHVI county,annual_mean_zhvi,ACS 2017 5-year B19013
NC,37035,Catawba County,2018,157895.37,51157,3.0865,12,complete_12_months,available,available_complete,Zillow ZHVI county,annual_mean_zhvi,ACS 2018 5-year B19013
NC,37035,Catawba County,2019,171766.67,52056,3.2997,12,complete_12_months,available,available_complete,Zillow ZHVI county,annual_mean_zhvi,ACS 2019 5-year B19013
NC,37035,Catawba County,2020,187888.87,54690,3.4355,12,complete_12_months,available,available_complete,Zillow ZHVI county,annual_mean_zhvi,ACS 2020 5-year B19013
NC,37035,Catawba County,2021,222077.13,57840,3.8395,12,complete_12_months,available,available_complete,Zillow ZHVI county,annual_mean_zhvi,ACS 2021 5-year B19013
NC,37035,Catawba County,2022,258541.61,62070,4.1653,12,complete_12_months,available,available_complete,Zillow ZHVI county,annual_mean_zhvi,ACS 2022 5-year B19013
NC,37035,Catawba County,2023,275716.07,64544,4.2718,12,complete_12_months,available,available_complete,Zillow ZHVI county,annual_mean_zhvi,ACS 2023 5-year B19013
NC,37035,Catawba County,2024,290352.72,67864,4.2784,12,complete_12_months,available,available_complete,Zillow ZHVI county,annual_mean_zhvi,ACS 2024 5-year B19013
NC,37037,Chatham County,2015,294130.92,56642,5.1928,12,complete_12_months,available,available_complete,Zillow ZHVI county,annual_mean_zhvi,ACS 2015 5-year B19013
NC,37037,Chatham County,2016,310978.9,58555,5.3109,12,complete_12_months,available,available_complete,Zillow ZHVI county,annual_mean_zhvi,ACS 2016 5-year B19013
NC,37037,Chatham County,2017,327880.83,59684,5.4936,12,complete_12_months,available,available_complete,Zillow ZHVI county,annual_mean_zhvi,ACS 2017 5-year B19013
NC,37037,Chatham County,2018,342836.06,63531,5.3964,12,complete_12_months,available,available_complete,Zillow ZHVI county,annual_mean_zhvi,ACS 2018 5-year B19013
NC,37037,Chatham County,2019,356431.15,67031,5.3174,12,complete_12_months,available,available_complete,Zillow ZHVI county,annual_mean_zhvi,ACS 2019 5-year B19013
NC,37037,Chatham County,2020,375197.02,69799,5.3754,12,complete_12_months,available,available_complete,Zillow ZHVI county,annual_mean_zhvi,ACS 2020 5-year B19013
NC,37037,Chatham County,2021,431082.17,76791,5.6137,12,complete_12_months,available,available_complete,Zillow ZHVI county,annual_mean_zhvi,ACS 2021 5-year B19013
NC,37037,Chatham County,2022,519228.59,84222,6.165,12,complete_12_months,available,available_complete,Zillow ZHVI county,annual_mean_zhvi,ACS 2022 5-year B19013
NC,37037,Chatham County,2023,546764.47,88534,6.1758,12,complete_12_months,available,available_complete,Zillow ZHVI county,annual_mean_zhvi,ACS 2023 5-year B19013
NC,37037,Chatham County,2024,567361.94,94317,6.0155,12,complete_12_months,available,available_complete,Zillow ZHVI county,annual_mean_zhvi,ACS 2024 5-year B19013
NC,37039,Cherokee County,2015,121115.18,34662,3.4942,12,complete_12_months,available,available_complete,Zillow ZHVI county,annual_mean_zhvi,ACS 2015 5-year B19013
NC,37039,Cherokee County,2016,127815.92,35284,3.6225,12,complete_12_months,available,available_complete,Zillow ZHVI county,annual_mean_zhvi,ACS 2016 5-year B19013
NC,37039,Cherokee County,2017,134899.67,38115,3.5393,12,complete_12_months,available,available_complete,Zillow ZHVI county,annual_mean_zhvi,ACS 2017 5-year B19013
NC,37039,Cherokee County,2018,143144.89,40294,3.5525,12,complete_12_months,available,available_complete,Zillow ZHVI county,annual_mean_zhvi,ACS 2018 5-year B19013
NC,37039,Cherokee County,2019,152828.55,41438,3.6881,12,complete_12_months,available,available_complete,Zillow ZHVI county,annual_mean_zhvi,ACS 2019 5-year B19013
NC,37039,Cherokee County,2020,166197.71,40793,4.0742,12,complete_12_months,available,available_complete,Zillow ZHVI county,annual_mean_zhvi,ACS 2020 5-year B19013
NC,37039,Cherokee County,2021,204358.73,43319,4.7175,12,complete_12_months,available,available_complete,Zillow ZHVI county,annual_mean_zhvi,ACS 2021 5-year B19013
NC,37039,Cherokee County,2022,245169.87,49254,4.9777,12,complete_12_months,available,available_complete,Zillow ZHVI county,annual_mean_zhvi,ACS 2022 5-year B19013
NC,37039,Cherokee County,2023,256491.3,51496,4.9808,12,complete_12_months,available,available_complete,Zillow ZHVI county,annual_mean_zhvi,ACS 2023 5-year B19013
NC,37039,Cherokee County,2024,271240.2,53628,5.0578,12,complete_12_months,available,available_complete,Zillow ZHVI county,annual_mean_zhvi,ACS 2024 5-year B19013
NC,37041,Chowan County,2015,,38759,,0,source_data_unavailable,available,source_data_unavailable,Zillow ZHVI county,annual_mean_zhvi,ACS 2015 5-year B19013
NC,37041,Chowan County,2016,136002.59,41156,3.3046,11,partial_10_11_months,available,available_partial,Zillow ZHVI county,annual_mean_zhvi,ACS 2016 5-year B19013
NC,37041,Chowan County,2017,137233.17,41979,3.2691,12,complete_12_months,available,available_complete,Zillow ZHVI county,annual_mean_zhvi,ACS 2017 5-year B19013
NC,37041,Chowan County,2018,140756.1,42621,3.3025,12,complete_12_months,available,available_complete,Zillow ZHVI county,annual_mean_zhvi,ACS 2018 5-year B19013
NC,37041,Chowan County,2019,147607.36,46519,3.1731,12,complete_12_months,available,available_complete,Zillow ZHVI county,annual_mean_zhvi,ACS 2019 5-year B19013
NC,37041,Chowan County,2020,154270.79,44050,3.5022,12,complete_12_months,available,available_complete,Zillow ZHVI county,annual_mean_zhvi,ACS 2020 5-year B19013
NC,37041,Chowan County,2021,182546.55,46288,3.9437,12,complete_12_months,available,available_complete,Zillow ZHVI county,annual_mean_zhvi,ACS 2021 5-year B19013
NC,37041,Chowan County,2022,212997.76,51188,4.1611,12,complete_12_months,available,available_complete,Zillow ZHVI county,annual_mean_zhvi,ACS 2022 5-year B19013
NC,37041,Chowan County,2023,228027.52,56982,4.0017,12,complete_12_months,available,available_complete,Zillow ZHVI county,annual_mean_zhvi,ACS 2023 5-year B19013
NC,37041,Chowan County,2024,230082.39,53864,4.2715,12,complete_12_months,available,available_complete,Zillow ZHVI county,annual_mean_zhvi,ACS 2024 5-year B19013
NC,37043,Clay County,2015,159665.69,37076,4.3064,12,complete_12_months,available,available_complete,Zillow ZHVI county,annual_mean_zhvi,ACS 2015 5-year B19013
NC,37043,Clay County,2016,170581.01,36296,4.6997,12,complete_12_months,available,available_complete,Zillow ZHVI county,annual_mean_zhvi,ACS 2016 5-year B19013
NC,37043,Clay County,2017,175321.28,37070,4.7295,12,complete_12_months,available,available_complete,Zillow ZHVI county,annual_mean_zhvi,ACS 2017 5-year B19013
NC,37043,Clay County,2018,187116.26,38801,4.8225,12,complete_12_months,available,available_complete,Zillow ZHVI county,annual_mean_zhvi,ACS 2018 5-year B19013
NC,37043,Clay County,2019,195630.58,42222,4.6334,12,complete_12_months,available,available_complete,Zillow ZHVI county,annual_mean_zhvi,ACS 2019 5-year B19013
NC,37043,Clay County,2020,211317.82,42160,5.0123,12,complete_12_months,available,available_complete,Zillow ZHVI county,annual_mean_zhvi,ACS 2020 5-year B19013
NC,37043,Clay County,2021,262993.01,47155,5.5772,12,complete_12_months,available,available_complete,Zillow ZHVI county,annual_mean_zhvi,ACS 2021 5-year B19013
NC,37043,Clay County,2022,314603.64,57065,5.5131,12,complete_12_months,available,available_complete,Zillow ZHVI county,annual_mean_zhvi,ACS 2022 5-year B19013
NC,37043,Clay County,2023,328068.39,53645,6.1155,12,complete_12_months,available,available_complete,Zillow ZHVI county,annual_mean_zhvi,ACS 2023 5-year B19013
NC,37043,Clay County,2024,343188.97,56971,6.0239,12,complete_12_months,available,available_complete,Zillow ZHVI county,annual_mean_zhvi,ACS 2024 5-year B19013
NC,37045,Cleveland County,2015,110832.67,39453,2.8092,12,complete_12_months,available,available_complete,Zillow ZHVI county,annual_mean_zhvi,ACS 2015 5-year B19013
NC,37045,Cleveland County,2016,117091.46,39134,2.9921,12,complete_12_months,available,available_complete,Zillow ZHVI county,annual_mean_zhvi,ACS 2016 5-year B19013
NC,37045,Cleveland County,2017,121534.55,40002,3.0382,12,complete_12_months,available,available_complete,Zillow ZHVI county,annual_mean_zhvi,ACS 2017 5-year B19013
NC,37045,Cleveland County,2018,129697.41,40393,3.2109,12,complete_12_months,available,available_complete,Zillow ZHVI county,annual_mean_zhvi,ACS 2018 5-year B19013
NC,37045,Cleveland County,2019,145593.01,42247,3.4462,12,complete_12_months,available,available_complete,Zillow ZHVI county,annual_mean_zhvi,ACS 2019 5-year B19013
NC,37045,Cleveland County,2020,160691.91,43512,3.693,12,complete_12_months,available,available_complete,Zillow ZHVI county,annual_mean_zhvi,ACS 2020 5-year B19013
NC,37045,Cleveland County,2021,190596.09,45646,4.1755,12,complete_12_months,available,available_complete,Zillow ZHVI county,annual_mean_zhvi,ACS 2021 5-year B19013
NC,37045,Cleveland County,2022,214939.81,50723,4.2375,12,complete_12_months,available,available_complete,Zillow ZHVI county,annual_mean_zhvi,ACS 2022 5-year B19013
NC,37045,Cleveland County,2023,233023.19,55769,4.1784,12,complete_12_months,available,available_complete,Zillow ZHVI county,annual_mean_zhvi,ACS 2023 5-year B19013
NC,37045,Cleveland County,2024,231707.37,58534,3.9585,12,complete_12_months,available,available_complete,Zillow ZHVI county,annual_mean_zhvi,ACS 2024 5-year B19013
NC,37047,Columbus County,2015,100402.96,34949,2.8728,12,complete_12_months,available,available_complete,Zillow ZHVI county,annual_mean_zhvi,ACS 2015 5-year B19013
NC,37047,Columbus County,2016,108968.18,35847,3.0398,12,complete_12_months,available,available_complete,Zillow ZHVI county,annual_mean_zhvi,ACS 2016 5-year B19013
NC,37047,Columbus County,2017,114265.33,36261,3.1512,12,complete_12_months,available,available_complete,Zillow ZHVI county,annual_mean_zhvi,ACS 2017 5-year B19013
NC,37047,Columbus County,2018,119026.85,36398,3.2701,12,complete_12_months,available,available_complete,Zillow ZHVI county,annual_mean_zhvi,ACS 2018 5-year B19013
NC,37047,Columbus County,2019,120695.05,37628,3.2076,12,complete_12_months,available,available_complete,Zillow ZHVI county,annual_mean_zhvi,ACS 2019 5-year B19013
NC,37047,Columbus County,2020,130278.55,38487,3.385,12,complete_12_months,available,available_complete,Zillow ZHVI county,annual_mean_zhvi,ACS 2020 5-year B19013
NC,37047,Columbus County,2021,151440.79,40562,3.7336,12,complete_12_months,available,available_complete,Zillow ZHVI county,annual_mean_zhvi,ACS 2021 5-year B19013
NC,37047,Columbus County,2022,180750.18,43206,4.1835,12,complete_12_months,available,available_complete,Zillow ZHVI county,annual_mean_zhvi,ACS 2022 5-year B19013
NC,37047,Columbus County,2023,191472.63,48184,3.9738,12,complete_12_months,available,available_complete,Zillow ZHVI county,annual_mean_zhvi,ACS 2023 5-year B19013
NC,37047,Columbus County,2024,189390.04,49442,3.8305,12,complete_12_months,available,available_complete,Zillow ZHVI county,annual_mean_zhvi,ACS 2024 5-year B19013
NC,37049,Craven County,2015,141508.71,47985,2.949,12,complete_12_months,available,available_complete,Zillow ZHVI county,annual_mean_zhvi,ACS 2015 5-year B19013
NC,37049,Craven County,2016,145117.39,47957,3.026,12,complete_12_months,available,available_complete,Zillow ZHVI county,annual_mean_zhvi,ACS 2016 5-year B19013
NC,37049,Craven County,2017,149805.26,49391,3.033,12,complete_12_months,available,available_complete,Zillow ZHVI county,annual_mean_zhvi,ACS 2017 5-year B19013
NC,37049,Craven County,2018,156280.59,50870,3.0722,12,complete_12_months,available,available_complete,Zillow ZHVI county,annual_mean_zhvi,ACS 2018 5-year B19013
NC,37049,Craven County,2019,163799.8,52687,3.1089,12,complete_12_months,available,available_complete,Zillow ZHVI county,annual_mean_zhvi,ACS 2019 5-year B19013
NC,37049,Craven County,2020,174948.63,53894,3.2462,12,complete_12_months,available,available_complete,Zillow ZHVI county,annual_mean_zhvi,ACS 2020 5-year B19013
NC,37049,Craven County,2021,198065.6,56325,3.5165,12,complete_12_months,available,available_complete,Zillow ZHVI county,annual_mean_zhvi,ACS 2021 5-year B19013
NC,37049,Craven County,2022,230042.97,61676,3.7299,12,complete_12_months,available,available_complete,Zillow ZHVI county,annual_mean_zhvi,ACS 2022 5-year B19013
NC,37049,Craven County,2023,251712.68,64635,3.8944,12,complete_12_months,available,available_complete,Zillow ZHVI county,annual_mean_zhvi,ACS 2023 5-year B19013
NC,37049,Craven County,2024,266736.79,65873,4.0493,12,complete_12_months,available,available_complete,Zillow ZHVI county,annual_mean_zhvi,ACS 2024 5-year B19013
NC,37051,Cumberland County,2015,123981.01,44171,2.8068,12,complete_12_months,available,available_complete,Zillow ZHVI county,annual_mean_zhvi,ACS 2015 5-year B19013
NC,37051,Cumberland County,2016,123442.92,44810,2.7548,12,complete_12_months,available,available_complete,Zillow ZHVI county,annual_mean_zhvi,ACS 2016 5-year B19013
NC,37051,Cumberland County,2017,126694.33,44737,2.832,12,complete_12_months,available,available_complete,Zillow ZHVI county,annual_mean_zhvi,ACS 2017 5-year B19013
NC,37051,Cumberland County,2018,130665.02,45716,2.8582,12,complete_12_months,available,available_complete,Zillow ZHVI county,annual_mean_zhvi,ACS 2018 5-year B19013
NC,37051,Cumberland County,2019,136336.77,46875,2.9085,12,complete_12_months,available,available_complete,Zillow ZHVI county,annual_mean_zhvi,ACS 2019 5-year B19013
NC,37051,Cumberland County,2020,146240.65,48177,3.0355,12,complete_12_months,available,available_complete,Zillow ZHVI county,annual_mean_zhvi,ACS 2020 5-year B19013
NC,37051,Cumberland County,2021,168013.73,50746,3.3109,12,complete_12_months,available,available_complete,Zillow ZHVI county,annual_mean_zhvi,ACS 2021 5-year B19013
NC,37051,Cumberland County,2022,196091.52,55551,3.5299,12,complete_12_months,available,available_complete,Zillow ZHVI county,annual_mean_zhvi,ACS 2022 5-year B19013
NC,37051,Cumberland County,2023,218167.69,58780,3.7116,12,complete_12_months,available,available_complete,Zillow ZHVI county,annual_mean_zhvi,ACS 2023 5-year B19013
NC,37051,Cumberland County,2024,231112.0,61291,3.7707,12,complete_12_months,available,available_complete,Zillow ZHVI county,annual_mean_zhvi,ACS 2024 5-year B19013
NC,37053,Currituck County,2015,306840.91,60600,5.0634,12,complete_12_months,available,available_complete,Zillow ZHVI county,annual_mean_zhvi,ACS 2015 5-year B19013
NC,37053,Currituck County,2016,317550.05,61086,5.1984,12,complete_12_months,available,available_complete,Zillow ZHVI county,annual_mean_zhvi,ACS 2016 5-year B19013
NC,37053,Currituck County,2017,328710.72,65758,4.9988,12,complete_12_months,available,available_complete,Zillow ZHVI county,annual_mean_zhvi,ACS 2017 5-year B19013
NC,37053,Currituck County,2018,336974.95,66284,5.0838,12,complete_12_months,available,available_complete,Zillow ZHVI county,annual_mean_zhvi,ACS 2018 5-year B19013
NC,37053,Currituck County,2019,344280.04,69964,4.9208,12,complete_12_months,available,available_complete,Zillow ZHVI county,annual_mean_zhvi,ACS 2019 5-year B19013
NC,37053,Currituck County,2020,362179.29,73741,4.9115,12,complete_12_months,available,available_complete,Zillow ZHVI county,annual_mean_zhvi,ACS 2020 5-year B19013
NC,37053,Currituck County,2021,430010.71,79416,5.4147,12,complete_12_months,available,available_complete,Zillow ZHVI county,annual_mean_zhvi,ACS 2021 5-year B19013
NC,37053,Currituck County,2022,503584.96,82793,6.0825,12,complete_12_months,available,available_complete,Zillow ZHVI county,annual_mean_zhvi,ACS 2022 5-year B19013
NC,37053,Currituck County,2023,516522.51,91548,5.6421,12,complete_12_months,available,available_complete,Zillow ZHVI county,annual_mean_zhvi,ACS 2023 5-year B19013
NC,37053,Currituck County,2024,535730.57,93511,5.7291,12,complete_12_months,available,available_complete,Zillow ZHVI county,annual_mean_zhvi,ACS 2024 5-year B19013
NC,37055,Dare County,2015,319983.69,54496,5.8717,12,complete_12_months,available,available_complete,Zillow ZHVI county,annual_mean_zhvi,ACS 2015 5-year B19013
NC,37055,Dare County,2016,328433.89,54787,5.9947,12,complete_12_months,available,available_complete,Zillow ZHVI county,annual_mean_zhvi,ACS 2016 5-year B19013
NC,37055,Dare County,2017,341144.04,55640,6.1313,12,complete_12_months,available,available_complete,Zillow ZHVI county,annual_mean_zhvi,ACS 2017 5-year B19013
NC,37055,Dare County,2018,353213.11,58012,6.0886,12,complete_12_months,available,available_complete,Zillow ZHVI county,annual_mean_zhvi,ACS 2018 5-year B19013
NC,37055,Dare County,2019,365737.7,59381,6.1592,12,complete_12_months,available,available_complete,Zillow ZHVI county,annual_mean_zhvi,ACS 2019 5-year B19013
NC,37055,Dare County,2020,376434.82,65420,5.7541,12,complete_12_months,available,available_complete,Zillow ZHVI county,annual_mean_zhvi,ACS 2020 5-year B19013
NC,37055,Dare County,2021,460132.56,69500,6.6206,12,complete_12_months,available,available_complete,Zillow ZHVI county,annual_mean_zhvi,ACS 2021 5-year B19013
NC,37055,Dare County,2022,566361.32,79742,7.1024,12,complete_12_months,available,available_complete,Zillow ZHVI county,annual_mean_zhvi,ACS 2022 5-year B19013
NC,37055,Dare County,2023,593286.49,81214,7.3052,12,complete_12_months,available,available_complete,Zillow ZHVI county,annual_mean_zhvi,ACS 2023 5-year B19013
NC,37055,Dare County,2024,610231.43,88994,6.857,12,complete_12_months,available,available_complete,Zillow ZHVI county,annual_mean_zhvi,ACS 2024 5-year B19013
NC,37057,Davidson County,2015,133965.32,43363,3.0894,12,complete_12_months,available,available_complete,Zillow ZHVI county,annual_mean_zhvi,ACS 2015 5-year B19013
NC,37057,Davidson County,2016,139006.9,44469,3.1259,12,complete_12_months,available,available_complete,Zillow ZHVI county,annual_mean_zhvi,ACS 2016 5-year B19013
NC,37057,Davidson County,2017,145103.85,45806,3.1678,12,complete_12_months,available,available_complete,Zillow ZHVI county,annual_mean_zhvi,ACS 2017 5-year B19013
NC,37057,Davidson County,2018,153132.32,47271,3.2395,12,complete_12_months,available,available_complete,Zillow ZHVI county,annual_mean_zhvi,ACS 2018 5-year B19013
NC,37057,Davidson County,2019,162366.21,49546,3.2771,12,complete_12_months,available,available_complete,Zillow ZHVI county,annual_mean_zhvi,ACS 2019 5-year B19013
NC,37057,Davidson County,2020,175440.09,50454,3.4772,12,complete_12_months,available,available_complete,Zillow ZHVI county,annual_mean_zhvi,ACS 2020 5-year B19013
NC,37057,Davidson County,2021,204278.18,53083,3.8483,12,complete_12_months,available,available_complete,Zillow ZHVI county,annual_mean_zhvi,ACS 2021 5-year B19013
NC,37057,Davidson County,2022,234150.5,58473,4.0044,12,complete_12_months,available,available_complete,Zillow ZHVI county,annual_mean_zhvi,ACS 2022 5-year B19013
NC,37057,Davidson County,2023,248203.11,62426,3.976,12,complete_12_months,available,available_complete,Zillow ZHVI county,annual_mean_zhvi,ACS 2023 5-year B19013
NC,37057,Davidson County,2024,262389.8,64172,4.0889,12,complete_12_months,available,available_complete,Zillow ZHVI county,annual_mean_zhvi,ACS 2024 5-year B19013
NC,37059,Davie County,2015,181347.23,51527,3.5195,12,complete_12_months,available,available_complete,Zillow ZHVI county,annual_mean_zhvi,ACS 2015 5-year B19013
NC,37059,Davie County,2016,187695.65,51662,3.6331,12,complete_12_months,available,available_complete,Zillow ZHVI county,annual_mean_zhvi,ACS 2016 5-year B19013
NC,37059,Davie County,2017,193519.73,53493,3.6177,12,complete_12_months,available,available_complete,Zillow ZHVI county,annual_mean_zhvi,ACS 2017 5-year B19013
NC,37059,Davie County,2018,203084.75,57611,3.5251,12,complete_12_months,available,available_complete,Zillow ZHVI county,annual_mean_zhvi,ACS 2018 5-year B19013
NC,37059,Davie County,2019,212573.0,60434,3.5174,12,complete_12_months,available,available_complete,Zillow ZHVI county,annual_mean_zhvi,ACS 2019 5-year B19013
NC,37059,Davie County,2020,228161.1,62028,3.6784,12,complete_12_months,available,available_complete,Zillow ZHVI county,annual_mean_zhvi,ACS 2020 5-year B19013
NC,37059,Davie County,2021,263330.77,64657,4.0727,12,complete_12_months,available,available_complete,Zillow ZHVI county,annual_mean_zhvi,ACS 2021 5-year B19013
NC,37059,Davie County,2022,296469.76,69105,4.2901,12,complete_12_months,available,available_complete,Zillow ZHVI county,annual_mean_zhvi,ACS 2022 5-year B19013
NC,37059,Davie County,2023,303800.94,73234,4.1484,12,complete_12_months,available,available_complete,Zillow ZHVI county,annual_mean_zhvi,ACS 2023 5-year B19013
NC,37059,Davie County,2024,315873.06,75057,4.2084,12,complete_12_months,available,available_complete,Zillow ZHVI county,annual_mean_zhvi,ACS 2024 5-year B19013
NC,37061,Duplin County,2015,95328.19,35035,2.7209,12,complete_12_months,available,available_complete,Zillow ZHVI county,annual_mean_zhvi,ACS 2015 5-year B19013
NC,37061,Duplin County,2016,100478.11,35364,2.8413,12,complete_12_months,available,available_complete,Zillow ZHVI county,annual_mean_zhvi,ACS 2016 5-year B19013
NC,37061,Duplin County,2017,101478.76,36679,2.7667,12,complete_12_months,available,available_complete,Zillow ZHVI county,annual_mean_zhvi,ACS 2017 5-year B19013
NC,37061,Duplin County,2018,106532.48,38850,2.7421,12,complete_12_months,available,available_complete,Zillow ZHVI county,annual_mean_zhvi,ACS 2018 5-year B19013
NC,37061,Duplin County,2019,111809.51,41764,2.6772,12,complete_12_months,available,available_complete,Zillow ZHVI county,annual_mean_zhvi,ACS 2019 5-year B19013
NC,37061,Duplin County,2020,120122.75,43422,2.7664,12,complete_12_months,available,available_complete,Zillow ZHVI county,annual_mean_zhvi,ACS 2020 5-year B19013
NC,37061,Duplin County,2021,141433.53,45744,3.0918,12,complete_12_months,available,available_complete,Zillow ZHVI county,annual_mean_zhvi,ACS 2021 5-year B19013
NC,37061,Duplin County,2022,160922.19,49376,3.2591,12,complete_12_months,available,available_complete,Zillow ZHVI county,annual_mean_zhvi,ACS 2022 5-year B19013
NC,37061,Duplin County,2023,171170.05,51880,3.2993,12,complete_12_months,available,available_complete,Zillow ZHVI county,annual_mean_zhvi,ACS 2023 5-year B19013
NC,37061,Duplin County,2024,181873.9,55148,3.2979,12,complete_12_months,available,available_complete,Zillow ZHVI county,annual_mean_zhvi,ACS 2024 5-year B19013
NC,37063,Durham County,2015,191777.76,52503,3.6527,12,complete_12_months,available,available_complete,Zillow ZHVI county,annual_mean_zhvi,ACS 2015 5-year B19013
NC,37063,Durham County,2016,205339.69,54093,3.796,12,complete_12_months,available,available_complete,Zillow ZHVI county,annual_mean_zhvi,ACS 2016 5-year B19013
NC,37063,Durham County,2017,221989.79,56393,3.9365,12,complete_12_months,available,available_complete,Zillow ZHVI county,annual_mean_zhvi,ACS 2017 5-year B19013
NC,37063,Durham County,2018,241655.57,58190,4.1529,12,complete_12_months,available,available_complete,Zillow ZHVI county,annual_mean_zhvi,ACS 2018 5-year B19013
NC,37063,Durham County,2019,258024.82,60958,4.2328,12,complete_12_months,available,available_complete,Zillow ZHVI county,annual_mean_zhvi,ACS 2019 5-year B19013
NC,37063,Durham County,2020,276796.66,62812,4.4067,12,complete_12_months,available,available_complete,Zillow ZHVI county,annual_mean_zhvi,ACS 2020 5-year B19013
NC,37063,Durham County,2021,326006.66,67000,4.8658,12,complete_12_months,available,available_complete,Zillow ZHVI county,annual_mean_zhvi,ACS 2021 5-year B19013
NC,37063,Durham County,2022,401527.89,74927,5.3589,12,complete_12_months,available,available_complete,Zillow ZHVI county,annual_mean_zhvi,ACS 2022 5-year B19013
NC,37063,Durham County,2023,404236.26,79501,5.0847,12,complete_12_months,available,available_complete,Zillow ZHVI county,annual_mean_zhvi,ACS 2023 5-year B19013
NC,37063,Durham County,2024,416713.91,82316,5.0624,12,complete_12_months,available,available_complete,Zillow ZHVI county,annual_mean_zhvi,ACS 2024 5-year B19013
NC,37065,Edgecombe County,2015,71583.9,32659,2.1919,12,complete_12_months,available,available_complete,Zillow ZHVI county,annual_mean_zhvi,ACS 2015 5-year B19013
NC,37065,Edgecombe County,2016,72467.67,32298,2.2437,12,complete_12_months,available,available_complete,Zillow ZHVI county,annual_mean_zhvi,ACS 2016 5-year B19013
NC,37065,Edgecombe County,2017,76482.91,32929,2.3227,12,complete_12_months,available,available_complete,Zillow ZHVI county,annual_mean_zhvi,ACS 2017 5-year B19013
NC,37065,Edgecombe County,2018,78758.29,35516,2.2175,12,complete_12_months,available,available_complete,Zillow ZHVI county,annual_mean_zhvi,ACS 2018 5-year B19013
NC,37065,Edgecombe County,2019,80649.13,36866,2.1876,12,complete_12_months,available,available_complete,Zillow ZHVI county,annual_mean_zhvi,ACS 2019 5-year B19013
NC,37065,Edgecombe County,2020,88402.26,40489,2.1834,12,complete_12_months,available,available_complete,Zillow ZHVI county,annual_mean_zhvi,ACS 2020 5-year B19013
NC,37065,Edgecombe County,2021,106347.7,41974,2.5337,12,complete_12_months,available,available_complete,Zillow ZHVI county,annual_mean_zhvi,ACS 2021 5-year B19013
NC,37065,Edgecombe County,2022,127615.16,46370,2.7521,12,complete_12_months,available,available_complete,Zillow ZHVI county,annual_mean_zhvi,ACS 2022 5-year B19013
NC,37065,Edgecombe County,2023,140348.58,48480,2.895,12,complete_12_months,available,available_complete,Zillow ZHVI county,annual_mean_zhvi,ACS 2023 5-year B19013
NC,37065,Edgecombe County,2024,150057.89,51265,2.9271,12,complete_12_months,available,available_complete,Zillow ZHVI county,annual_mean_zhvi,ACS 2024 5-year B19013
NC,37067,Forsyth County,2015,144078.58,45471,3.1686,12,complete_12_months,available,available_complete,Zillow ZHVI county,annual_mean_zhvi,ACS 2015 5-year B19013
NC,37067,Forsyth County,2016,149130.73,46283,3.2221,12,complete_12_months,available,available_complete,Zillow ZHVI county,annual_mean_zhvi,ACS 2016 5-year B19013
NC,37067,Forsyth County,2017,155401.92,48369,3.2128,12,complete_12_months,available,available_complete,Zillow ZHVI county,annual_mean_zhvi,ACS 2017 5-year B19013
NC,37067,Forsyth County,2018,165167.66,50128,3.2949,12,complete_12_months,available,available_complete,Zillow ZHVI county,annual_mean_zhvi,ACS 2018 5-year B19013
NC,37067,Forsyth County,2019,178338.06,51569,3.4582,12,complete_12_months,available,available_complete,Zillow ZHVI county,annual_mean_zhvi,ACS 2019 5-year B19013
NC,37067,Forsyth County,2020,192353.48,53583,3.5898,12,complete_12_months,available,available_complete,Zillow ZHVI county,annual_mean_zhvi,ACS 2020 5-year B19013
NC,37067,Forsyth County,2021,223702.52,56830,3.9363,12,complete_12_months,available,available_complete,Zillow ZHVI county,annual_mean_zhvi,ACS 2021 5-year B19013
NC,37067,Forsyth County,2022,258635.82,61229,4.2241,12,complete_12_months,available,available_complete,Zillow ZHVI county,annual_mean_zhvi,ACS 2022 5-year B19013
NC,37067,Forsyth County,2023,271422.03,65541,4.1413,12,complete_12_months,available,available_complete,Zillow ZHVI county,annual_mean_zhvi,ACS 2023 5-year B19013
NC,37067,Forsyth County,2024,285170.64,67165,4.2458,12,complete_12_months,available,available_complete,Zillow ZHVI county,annual_mean_zhvi,ACS 2024 5-year B19013
NC,37069,Franklin County,2015,174325.1,42685,4.084,12,complete_12_months,available,available_complete,Zillow ZHVI county,annual_mean_zhvi,ACS 2015 5-year B19013
NC,37069,Franklin County,2016,183758.85,44272,4.1507,12,complete_12_months,available,available_complete,Zillow ZHVI county,annual_mean_zhvi,ACS 2016 5-year B19013
NC,37069,Franklin County,2017,197952.82,48344,4.0947,12,complete_12_months,available,available_complete,Zillow ZHVI county,annual_mean_zhvi,ACS 2017 5-year B19013
NC,37069,Franklin County,2018,213107.71,53175,4.0077,12,complete_12_months,available,available_complete,Zillow ZHVI county,annual_mean_zhvi,ACS 2018 5-year B19013
NC,37069,Franklin County,2019,226295.83,55193,4.1001,12,complete_12_months,available,available_complete,Zillow ZHVI county,annual_mean_zhvi,ACS 2019 5-year B19013
NC,37069,Franklin County,2020,240726.57,58172,4.1382,12,complete_12_months,available,available_complete,Zillow ZHVI county,annual_mean_zhvi,ACS 2020 5-year B19013
NC,37069,Franklin County,2021,285198.94,62332,4.5755,12,complete_12_months,available,available_complete,Zillow ZHVI county,annual_mean_zhvi,ACS 2021 5-year B19013
NC,37069,Franklin County,2022,347906.48,70493,4.9353,12,complete_12_months,available,available_complete,Zillow ZHVI county,annual_mean_zhvi,ACS 2022 5-year B19013
NC,37069,Franklin County,2023,355595.93,71386,4.9813,12,complete_12_months,available,available_complete,Zillow ZHVI county,annual_mean_zhvi,ACS 2023 5-year B19013
NC,37069,Franklin County,2024,363088.88,74240,4.8907,12,complete_12_months,available,available_complete,Zillow ZHVI county,annual_mean_zhvi,ACS 2024 5-year B19013
NC,37071,Gaston County,2015,122260.16,42429,2.8815,12,complete_12_months,available,available_complete,Zillow ZHVI county,annual_mean_zhvi,ACS 2015 5-year B19013
NC,37071,Gaston County,2016,131826.09,44288,2.9766,12,complete_12_months,available,available_complete,Zillow ZHVI county,annual_mean_zhvi,ACS 2016 5-year B19013
NC,37071,Gaston County,2017,145117.19,46626,3.1124,12,complete_12_months,available,available_complete,Zillow ZHVI county,annual_mean_zhvi,ACS 2017 5-year B19013
NC,37071,Gaston County,2018,159577.28,49384,3.2314,12,complete_12_months,available,available_complete,Zillow ZHVI county,annual_mean_zhvi,ACS 2018 5-year B19013
NC,37071,Gaston County,2019,175204.84,52835,3.3161,12,complete_12_months,available,available_complete,Zillow ZHVI county,annual_mean_zhvi,ACS 2019 5-year B19013
NC,37071,Gaston County,2020,192295.05,53474,3.596,12,complete_12_months,available,available_complete,Zillow ZHVI county,annual_mean_zhvi,ACS 2020 5-year B19013
NC,37071,Gaston County,2021,231471.15,56819,4.0738,12,complete_12_months,available,available_complete,Zillow ZHVI county,annual_mean_zhvi,ACS 2021 5-year B19013
NC,37071,Gaston County,2022,281341.92,62628,4.4923,12,complete_12_months,available,available_complete,Zillow ZHVI county,annual_mean_zhvi,ACS 2022 5-year B19013
NC,37071,Gaston County,2023,289128.31,65472,4.4161,12,complete_12_months,available,available_complete,Zillow ZHVI county,annual_mean_zhvi,ACS 2023 5-year B19013
NC,37071,Gaston County,2024,298643.99,67478,4.4258,12,complete_12_months,available,available_complete,Zillow ZHVI county,annual_mean_zhvi,ACS 2024 5-year B19013
NC,37073,Gates County,2015,122911.01,49258,2.4952,12,complete_12_months,available,available_complete,Zillow ZHVI county,annual_mean_zhvi,ACS 2015 5-year B19013
NC,37073,Gates County,2016,130045.32,51582,2.5211,12,complete_12_months,available,available_complete,Zillow ZHVI county,annual_mean_zhvi,ACS 2016 5-year B19013
NC,37073,Gates County,2017,136520.87,52481,2.6013,12,complete_12_months,available,available_complete,Zillow ZHVI county,annual_mean_zhvi,ACS 2017 5-year B19013
NC,37073,Gates County,2018,138172.9,52205,2.6467,12,complete_12_months,available,available_complete,Zillow ZHVI county,annual_mean_zhvi,ACS 2018 5-year B19013
NC,37073,Gates County,2019,135379.39,50750,2.6676,12,complete_12_months,available,available_complete,Zillow ZHVI county,annual_mean_zhvi,ACS 2019 5-year B19013
NC,37073,Gates County,2020,152568.01,45871,3.326,12,complete_12_months,available,available_complete,Zillow ZHVI county,annual_mean_zhvi,ACS 2020 5-year B19013
NC,37073,Gates County,2021,178527.67,51599,3.4599,12,complete_12_months,available,available_complete,Zillow ZHVI county,annual_mean_zhvi,ACS 2021 5-year B19013
NC,37073,Gates County,2022,193071.84,55750,3.4632,12,complete_12_months,available,available_complete,Zillow ZHVI county,annual_mean_zhvi,ACS 2022 5-year B19013
NC,37073,Gates County,2023,189896.55,61612,3.0821,12,complete_12_months,available,available_complete,Zillow ZHVI county,annual_mean_zhvi,ACS 2023 5-year B19013
NC,37073,Gates County,2024,208570.32,66333,3.1443,12,complete_12_months,available,available_complete,Zillow ZHVI county,annual_mean_zhvi,ACS 2024 5-year B19013
NC,37075,Graham County,2015,116572.97,34805,3.3493,12,complete_12_months,available,available_complete,Zillow ZHVI county,annual_mean_zhvi,ACS 2015 5-year B19013
NC,37075,Graham County,2016,119652.66,34778,3.4405,12,complete_12_months,available,available_complete,Zillow ZHVI county,annual_mean_zhvi,ACS 2016 5-year B19013
NC,37075,Graham County,2017,122427.67,36030,3.3979,12,complete_12_months,available,available_complete,Zillow ZHVI county,annual_mean_zhvi,ACS 2017 5-year B19013
NC,37075,Graham County,2018,128271.54,36525,3.5119,12,complete_12_months,available,available_complete,Zillow ZHVI county,annual_mean_zhvi,ACS 2018 5-year B19013
NC,37075,Graham County,2019,133094.89,39571,3.3634,12,complete_12_months,available,available_complete,Zillow ZHVI county,annual_mean_zhvi,ACS 2019 5-year B19013
NC,37075,Graham County,2020,142392.62,42207,3.3737,12,complete_12_months,available,available_complete,Zillow ZHVI county,annual_mean_zhvi,ACS 2020 5-year B19013
NC,37075,Graham County,2021,173537.6,41977,4.1341,12,complete_12_months,available,available_complete,Zillow ZHVI county,annual_mean_zhvi,ACS 2021 5-year B19013
NC,37075,Graham County,2022,204815.61,46010,4.4515,12,complete_12_months,available,available_complete,Zillow ZHVI county,annual_mean_zhvi,ACS 2022 5-year B19013
NC,37075,Graham County,2023,217128.05,49038,4.4278,12,complete_12_months,available,available_complete,Zillow ZHVI county,annual_mean_zhvi,ACS 2023 5-year B19013
NC,37075,Graham County,2024,229789.74,49684,4.625,12,complete_12_months,available,available_complete,Zillow ZHVI county,annual_mean_zhvi,ACS 2024 5-year B19013
NC,37077,Granville County,2015,149756.17,50225,2.9817,12,complete_12_months,available,available_complete,Zillow ZHVI county,annual_mean_zhvi,ACS 2015 5-year B19013
NC,37077,Granville County,2016,157189.26,50317,3.124,12,complete_12_months,available,available_complete,Zillow ZHVI county,annual_mean_zhvi,ACS 2016 5-year B19013
NC,37077,Granville County,2017,165262.34,52089,3.1727,12,complete_12_months,available,available_complete,Zillow ZHVI county,annual_mean_zhvi,ACS 2017 5-year B19013
NC,37077,Granville County,2018,176913.88,55628,3.1803,12,complete_12_months,available,available_complete,Zillow ZHVI county,annual_mean_zhvi,ACS 2018 5-year B19013
NC,37077,Granville County,2019,190643.01,55856,3.4131,12,complete_12_months,available,available_complete,Zillow ZHVI county,annual_mean_zhvi,ACS 2019 5-year B19013
NC,37077,Granville County,2020,208008.15,56924,3.6541,12,complete_12_months,available,available_complete,Zillow ZHVI county,annual_mean_zhvi,ACS 2020 5-year B19013
NC,37077,Granville County,2021,246502.84,60606,4.0673,12,complete_12_months,available,available_complete,Zillow ZHVI county,annual_mean_zhvi,ACS 2021 5-year B19013
NC,37077,Granville County,2022,289557.01,68079,4.2533,12,complete_12_months,available,available_complete,Zillow ZHVI county,annual_mean_zhvi,ACS 2022 5-year B19013
NC,37077,Granville County,2023,303876.96,70975,4.2815,12,complete_12_months,available,available_complete,Zillow ZHVI county,annual_mean_zhvi,ACS 2023 5-year B19013
NC,37077,Granville County,2024,317548.56,71111,4.4655,12,complete_12_months,available,available_complete,Zillow ZHVI county,annual_mean_zhvi,ACS 2024 5-year B19013
NC,37079,Greene County,2015,102502.36,35777,2.865,12,complete_12_months,available,available_complete,Zillow ZHVI county,annual_mean_zhvi,ACS 2015 5-year B19013
NC,37079,Greene County,2016,107033.64,37190,2.878,12,complete_12_months,available,available_complete,Zillow ZHVI county,annual_mean_zhvi,ACS 2016 5-year B19013
NC,37079,Greene County,2017,108938.21,36989,2.9452,12,complete_12_months,available,available_complete,Zillow ZHVI county,annual_mean_zhvi,ACS 2017 5-year B19013
NC,37079,Greene County,2018,112390.3,38306,2.934,12,complete_12_months,available,available_complete,Zillow ZHVI county,annual_mean_zhvi,ACS 2018 5-year B19013
NC,37079,Greene County,2019,119551.59,39837,3.001,12,complete_12_months,available,available_complete,Zillow ZHVI county,annual_mean_zhvi,ACS 2019 5-year B19013
NC,37079,Greene County,2020,128760.49,43563,2.9557,12,complete_12_months,available,available_complete,Zillow ZHVI county,annual_mean_zhvi,ACS 2020 5-year B19013
NC,37079,Greene County,2021,149407.32,45766,3.2646,12,complete_12_months,available,available_complete,Zillow ZHVI county,annual_mean_zhvi,ACS 2021 5-year B19013
NC,37079,Greene County,2022,171244.32,50320,3.4031,12,complete_12_months,available,available_complete,Zillow ZHVI county,annual_mean_zhvi,ACS 2022 5-year B19013
NC,37079,Greene County,2023,178487.8,50904,3.5064,12,complete_12_months,available,available_complete,Zillow ZHVI county,annual_mean_zhvi,ACS 2023 5-year B19013
NC,37079,Greene County,2024,184172.51,53244,3.459,12,complete_12_months,available,available_complete,Zillow ZHVI county,annual_mean_zhvi,ACS 2024 5-year B19013
NC,37081,Guilford County,2015,139070.64,45651,3.0464,12,complete_12_months,available,available_complete,Zillow ZHVI county,annual_mean_zhvi,ACS 2015 5-year B19013
NC,37081,Guilford County,2016,145097.94,46896,3.094,12,complete_12_months,available,available_complete,Zillow ZHVI county,annual_mean_zhvi,ACS 2016 5-year B19013
NC,37081,Guilford County,2017,153136.68,49253,3.1092,12,complete_12_months,available,available_complete,Zillow ZHVI county,annual_mean_zhvi,ACS 2017 5-year B19013
NC,37081,Guilford County,2018,164327.43,51072,3.2176,12,complete_12_months,available,available_complete,Zillow ZHVI county,annual_mean_zhvi,ACS 2018 5-year B19013
NC,37081,Guilford County,2019,175737.44,53261,3.2996,12,complete_12_months,available,available_complete,Zillow ZHVI county,annual_mean_zhvi,ACS 2019 5-year B19013
NC,37081,Guilford County,2020,189848.99,54794,3.4648,12,complete_12_months,available,available_complete,Zillow ZHVI county,annual_mean_zhvi,ACS 2020 5-year B19013
NC,37081,Guilford County,2021,219572.79,58646,3.744,12,complete_12_months,available,available_complete,Zillow ZHVI county,annual_mean_zhvi,ACS 2021 5-year B19013
NC,37081,Guilford County,2022,253328.05,62880,4.0288,12,complete_12_months,available,available_complete,Zillow ZHVI county,annual_mean_zhvi,ACS 2022 5-year B19013
NC,37081,Guilford County,2023,266713.22,66027,4.0395,12,complete_12_months,available,available_complete,Zillow ZHVI county,annual_mean_zhvi,ACS 2023 5-year B19013
NC,37081,Guilford County,2024,277468.33,68642,4.0423,12,complete_12_months,available,available_complete,Zillow ZHVI county,annual_mean_zhvi,ACS 2024 5-year B19013
NC,37083,Halifax County,2015,66553.6,32245,2.064,12,complete_12_months,available,available_complete,Zillow ZHVI county,annual_mean_zhvi,ACS 2015 5-year B19013
NC,37083,Halifax County,2016,64969.53,32549,1.9961,12,complete_12_months,available,available_complete,Zillow ZHVI county,annual_mean_zhvi,ACS 2016 5-year B19013
NC,37083,Halifax County,2017,63347.15,33573,1.8868,12,complete_12_months,available,available_complete,Zillow ZHVI county,annual_mean_zhvi,ACS 2017 5-year B19013
NC,37083,Halifax County,2018,67403.73,34251,1.9679,12,complete_12_months,available,available_complete,Zillow ZHVI county,annual_mean_zhvi,ACS 2018 5-year B19013
NC,37083,Halifax County,2019,70476.33,35502,1.9851,12,complete_12_months,available,available_complete,Zillow ZHVI county,annual_mean_zhvi,ACS 2019 5-year B19013
NC,37083,Halifax County,2020,74233.59,35904,2.0676,12,complete_12_months,available,available_complete,Zillow ZHVI county,annual_mean_zhvi,ACS 2020 5-year B19013
NC,37083,Halifax County,2021,87901.19,37832,2.3235,12,complete_12_months,available,available_complete,Zillow ZHVI county,annual_mean_zhvi,ACS 2021 5-year B19013
NC,37083,Halifax County,2022,96957.23,41629,2.3291,12,complete_12_months,available,available_complete,Zillow ZHVI county,annual_mean_zhvi,ACS 2022 5-year B19013
NC,37083,Halifax County,2023,102061.04,45071,2.2645,12,complete_12_months,available,available_complete,Zillow ZHVI county,annual_mean_zhvi,ACS 2023 5-year B19013
NC,37083,Halifax County,2024,102751.92,45590,2.2538,12,complete_12_months,available,available_complete,Zillow ZHVI county,annual_mean_zhvi,ACS 2024 5-year B19013
NC,37085,Harnett County,2015,148800.44,46353,3.2102,12,complete_12_months,available,available_complete,Zillow ZHVI county,annual_mean_zhvi,ACS 2015 5-year B19013
NC,37085,Harnett County,2016,153621.87,47930,3.2051,12,complete_12_months,available,available_complete,Zillow ZHVI county,annual_mean_zhvi,ACS 2016 5-year B19013
NC,37085,Harnett County,2017,162983.2,50323,3.2387,12,complete_12_months,available,available_complete,Zillow ZHVI county,annual_mean_zhvi,ACS 2017 5-year B19013
NC,37085,Harnett County,2018,170428.14,51630,3.301,12,complete_12_months,available,available_complete,Zillow ZHVI county,annual_mean_zhvi,ACS 2018 5-year B19013
NC,37085,Harnett County,2019,177811.97,53554,3.3202,12,complete_12_months,available,available_complete,Zillow ZHVI county,annual_mean_zhvi,ACS 2019 5-year B19013
NC,37085,Harnett County,2020,190387.54,54565,3.4892,12,complete_12_months,available,available_complete,Zillow ZHVI county,annual_mean_zhvi,ACS 2020 5-year B19013
NC,37085,Harnett County,2021,221213.78,59676,3.7069,12,complete_12_months,available,available_complete,Zillow ZHVI county,annual_mean_zhvi,ACS 2021 5-year B19013
NC,37085,Harnett County,2022,261313.21,64992,4.0207,12,complete_12_months,available,available_complete,Zillow ZHVI county,annual_mean_zhvi,ACS 2022 5-year B19013
NC,37085,Harnett County,2023,280022.42,69012,4.0576,12,complete_12_months,available,available_complete,Zillow ZHVI county,annual_mean_zhvi,ACS 2023 5-year B19013
NC,37085,Harnett County,2024,293004.35,71287,4.1102,12,complete_12_months,available,available_complete,Zillow ZHVI county,annual_mean_zhvi,ACS 2024 5-year B19013
NC,37087,Haywood County,2015,168949.13,42257,3.9981,12,complete_12_months,available,available_complete,Zillow ZHVI county,annual_mean_zhvi,ACS 2015 5-year B19013
NC,37087,Haywood County,2016,179170.73,43097,4.1574,12,complete_12_months,available,available_complete,Zillow ZHVI county,annual_mean_zhvi,ACS 2016 5-year B19013
NC,37087,Haywood County,2017,192440.79,45538,4.2259,12,complete_12_months,available,available_complete,Zillow ZHVI county,annual_mean_zhvi,ACS 2017 5-year B19013
NC,37087,Haywood County,2018,205747.5,49800,4.1315,12,complete_12_months,available,available_complete,Zillow ZHVI county,annual_mean_zhvi,ACS 2018 5-year B19013
NC,37087,Haywood County,2019,220131.26,51659,4.2612,12,complete_12_months,available,available_complete,Zillow ZHVI county,annual_mean_zhvi,ACS 2019 5-year B19013
NC,37087,Haywood County,2020,238146.96,51548,4.6199,12,complete_12_months,available,available_complete,Zillow ZHVI county,annual_mean_zhvi,ACS 2020 5-year B19013
NC,37087,Haywood County,2021,283145.27,52063,5.4385,12,complete_12_months,available,available_complete,Zillow ZHVI county,annual_mean_zhvi,ACS 2021 5-year B19013
NC,37087,Haywood County,2022,326567.21,56596,5.7701,12,complete_12_months,available,available_complete,Zillow ZHVI county,annual_mean_zhvi,ACS 2022 5-year B19013
NC,37087,Haywood County,2023,338362.52,61001,5.5468,12,complete_12_months,available,available_complete,Zillow ZHVI county,annual_mean_zhvi,ACS 2023 5-year B19013
NC,37087,Haywood County,2024,359146.05,61912,5.8009,12,complete_12_months,available,available_complete,Zillow ZHVI county,annual_mean_zhvi,ACS 2024 5-year B19013
NC,37089,Henderson County,2015,206242.4,46448,4.4403,12,complete_12_months,available,available_complete,Zillow ZHVI county,annual_mean_zhvi,ACS 2015 5-year B19013
NC,37089,Henderson County,2016,226319.36,48138,4.7015,12,complete_12_months,available,available_complete,Zillow ZHVI county,annual_mean_zhvi,ACS 2016 5-year B19013
NC,37089,Henderson County,2017,247032.95,50454,4.8962,12,complete_12_months,available,available_complete,Zillow ZHVI county,annual_mean_zhvi,ACS 2017 5-year B19013
NC,37089,Henderson County,2018,266004.12,52815,5.0365,12,complete_12_months,available,available_complete,Zillow ZHVI county,annual_mean_zhvi,ACS 2018 5-year B19013
NC,37089,Henderson County,2019,275568.03,55945,4.9257,12,complete_12_months,available,available_complete,Zillow ZHVI county,annual_mean_zhvi,ACS 2019 5-year B19013
NC,37089,Henderson County,2020,295259.59,58928,5.0105,12,complete_12_months,available,available_complete,Zillow ZHVI county,annual_mean_zhvi,ACS 2020 5-year B19013
NC,37089,Henderson County,2021,344165.27,59928,5.743,12,complete_12_months,available,available_complete,Zillow ZHVI county,annual_mean_zhvi,ACS 2021 5-year B19013
NC,37089,Henderson County,2022,402577.04,65508,6.1455,12,complete_12_months,available,available_complete,Zillow ZHVI county,annual_mean_zhvi,ACS 2022 5-year B19013
NC,37089,Henderson County,2023,419728.4,67623,6.2069,12,complete_12_months,available,available_complete,Zillow ZHVI county,annual_mean_zhvi,ACS 2023 5-year B19013
NC,37089,Henderson County,2024,440571.3,68187,6.4612,12,complete_12_months,available,available_complete,Zillow ZHVI county,annual_mean_zhvi,ACS 2024 5-year B19013
NC,37091,Hertford County,2015,85616.7,33008,2.5938,12,complete_12_months,available,available_complete,Zillow ZHVI county,annual_mean_zhvi,ACS 2015 5-year B19013
NC,37091,Hertford County,2016,87995.24,34523,2.5489,12,complete_12_months,available,available_complete,Zillow ZHVI county,annual_mean_zhvi,ACS 2016 5-year B19013
NC,37091,Hertford County,2017,89368.47,35806,2.4959,12,complete_12_months,available,available_complete,Zillow ZHVI county,annual_mean_zhvi,ACS 2017 5-year B19013
NC,37091,Hertford County,2018,93464.33,37005,2.5257,12,complete_12_months,available,available_complete,Zillow ZHVI county,annual_mean_zhvi,ACS 2018 5-year B19013
NC,37091,Hertford County,2019,96968.6,41028,2.3635,12,complete_12_months,available,available_complete,Zillow ZHVI county,annual_mean_zhvi,ACS 2019 5-year B19013
NC,37091,Hertford County,2020,100623.55,42588,2.3627,12,complete_12_months,available,available_complete,Zillow ZHVI county,annual_mean_zhvi,ACS 2020 5-year B19013
NC,37091,Hertford County,2021,115321.9,43523,2.6497,12,complete_12_months,available,available_complete,Zillow ZHVI county,annual_mean_zhvi,ACS 2021 5-year B19013
NC,37091,Hertford County,2022,125490.59,46196,2.7165,12,complete_12_months,available,available_complete,Zillow ZHVI county,annual_mean_zhvi,ACS 2022 5-year B19013
NC,37091,Hertford County,2023,124973.49,47472,2.6326,12,complete_12_months,available,available_complete,Zillow ZHVI county,annual_mean_zhvi,ACS 2023 5-year B19013
NC,37091,Hertford County,2024,126318.45,45537,2.774,12,complete_12_months,available,available_complete,Zillow ZHVI county,annual_mean_zhvi,ACS 2024 5-year B19013
NC,37093,Hoke County,2015,156445.5,41542,3.766,12,complete_12_months,available,available_complete,Zillow ZHVI county,annual_mean_zhvi,ACS 2015 5-year B19013
NC,37093,Hoke County,2016,158447.76,42704,3.7104,12,complete_12_months,available,available_complete,Zillow ZHVI county,annual_mean_zhvi,ACS 2016 5-year B19013
NC,37093,Hoke County,2017,161244.25,45713,3.5273,12,complete_12_months,available,available_complete,Zillow ZHVI county,annual_mean_zhvi,ACS 2017 5-year B19013
NC,37093,Hoke County,2018,165269.34,47535,3.4768,12,complete_12_months,available,available_complete,Zillow ZHVI county,annual_mean_zhvi,ACS 2018 5-year B19013
NC,37093,Hoke County,2019,171443.18,48072,3.5664,12,complete_12_months,available,available_complete,Zillow ZHVI county,annual_mean_zhvi,ACS 2019 5-year B19013
NC,37093,Hoke County,2020,180738.66,51140,3.5342,12,complete_12_months,available,available_complete,Zillow ZHVI county,annual_mean_zhvi,ACS 2020 5-year B19013
NC,37093,Hoke County,2021,203523.94,53456,3.8073,12,complete_12_months,available,available_complete,Zillow ZHVI county,annual_mean_zhvi,ACS 2021 5-year B19013
NC,37093,Hoke County,2022,234935.77,57141,4.1115,12,complete_12_months,available,available_complete,Zillow ZHVI county,annual_mean_zhvi,ACS 2022 5-year B19013
NC,37093,Hoke County,2023,261070.46,60095,4.3443,12,complete_12_months,available,available_complete,Zillow ZHVI county,annual_mean_zhvi,ACS 2023 5-year B19013
NC,37093,Hoke County,2024,276909.75,64912,4.2659,12,complete_12_months,available,available_complete,Zillow ZHVI county,annual_mean_zhvi,ACS 2024 5-year B19013
NC,37095,Hyde County,2015,134168.23,42897,3.1277,12,complete_12_months,available,available_complete,Zillow ZHVI county,annual_mean_zhvi,ACS 2015 5-year B19013
NC,37095,Hyde County,2016,139237.77,37741,3.6893,12,complete_12_months,available,available_complete,Zillow ZHVI county,annual_mean_zhvi,ACS 2016 5-year B19013
NC,37095,Hyde County,2017,145559.03,40532,3.5912,12,complete_12_months,available,available_complete,Zillow ZHVI county,annual_mean_zhvi,ACS 2017 5-year B19013
NC,37095,Hyde County,2018,149636.63,45466,3.2912,12,complete_12_months,available,available_complete,Zillow ZHVI county,annual_mean_zhvi,ACS 2018 5-year B19013
NC,37095,Hyde County,2019,147492.09,39663,3.7186,12,complete_12_months,available,available_complete,Zillow ZHVI county,annual_mean_zhvi,ACS 2019 5-year B19013
NC,37095,Hyde County,2020,160987.03,46667,3.4497,12,complete_12_months,available,available_complete,Zillow ZHVI county,annual_mean_zhvi,ACS 2020 5-year B19013
NC,37095,Hyde County,2021,188523.83,48577,3.8809,12,complete_12_months,available,available_complete,Zillow ZHVI county,annual_mean_zhvi,ACS 2021 5-year B19013
NC,37095,Hyde County,2022,214099.36,43724,4.8966,12,complete_12_months,available,available_complete,Zillow ZHVI county,annual_mean_zhvi,ACS 2022 5-year B19013
NC,37095,Hyde County,2023,216596.96,47338,4.5755,12,complete_12_months,available,available_complete,Zillow ZHVI county,annual_mean_zhvi,ACS 2023 5-year B19013
NC,37095,Hyde County,2024,218050.13,53713,4.0595,12,complete_12_months,available,available_complete,Zillow ZHVI county,annual_mean_zhvi,ACS 2024 5-year B19013
NC,37097,Iredell County,2015,195286.64,52306,3.7335,12,complete_12_months,available,available_complete,Zillow ZHVI county,annual_mean_zhvi,ACS 2015 5-year B19013
NC,37097,Iredell County,2016,207265.69,53937,3.8427,12,complete_12_months,available,available_complete,Zillow ZHVI county,annual_mean_zhvi,ACS 2016 5-year B19013
NC,37097,Iredell County,2017,216665.63,55957,3.872,12,complete_12_months,available,available_complete,Zillow ZHVI county,annual_mean_zhvi,ACS 2017 5-year B19013
NC,37097,Iredell County,2018,229173.82,58198,3.9378,12,complete_12_months,available,available_complete,Zillow ZHVI county,annual_mean_zhvi,ACS 2018 5-year B19013
NC,37097,Iredell County,2019,237268.55,60955,3.8925,12,complete_12_months,available,available_complete,Zillow ZHVI county,annual_mean_zhvi,ACS 2019 5-year B19013
NC,37097,Iredell County,2020,253778.97,62551,4.0572,12,complete_12_months,available,available_complete,Zillow ZHVI county,annual_mean_zhvi,ACS 2020 5-year B19013
NC,37097,Iredell County,2021,306325.16,66824,4.5841,12,complete_12_months,available,available_complete,Zillow ZHVI county,annual_mean_zhvi,ACS 2021 5-year B19013
NC,37097,Iredell County,2022,368014.72,73103,5.0342,12,complete_12_months,available,available_complete,Zillow ZHVI county,annual_mean_zhvi,ACS 2022 5-year B19013
NC,37097,Iredell County,2023,374860.71,78678,4.7645,12,complete_12_months,available,available_complete,Zillow ZHVI county,annual_mean_zhvi,ACS 2023 5-year B19013
NC,37097,Iredell County,2024,382924.74,81419,4.7031,12,complete_12_months,available,available_complete,Zillow ZHVI county,annual_mean_zhvi,ACS 2024 5-year B19013
NC,37099,Jackson County,2015,232696.81,38015,6.1212,12,complete_12_months,available,available_complete,Zillow ZHVI county,annual_mean_zhvi,ACS 2015 5-year B19013
NC,37099,Jackson County,2016,236779.58,40278,5.8786,12,complete_12_months,available,available_complete,Zillow ZHVI county,annual_mean_zhvi,ACS 2016 5-year B19013
NC,37099,Jackson County,2017,245471.77,45078,5.4455,12,complete_12_months,available,available_complete,Zillow ZHVI county,annual_mean_zhvi,ACS 2017 5-year B19013
NC,37099,Jackson County,2018,260820.9,44028,5.924,12,complete_12_months,available,available_complete,Zillow ZHVI county,annual_mean_zhvi,ACS 2018 5-year B19013
NC,37099,Jackson County,2019,268408.08,47252,5.6804,12,complete_12_months,available,available_complete,Zillow ZHVI county,annual_mean_zhvi,ACS 2019 5-year B19013
NC,37099,Jackson County,2020,281191.91,46820,6.0058,12,complete_12_months,available,available_complete,Zillow ZHVI county,annual_mean_zhvi,ACS 2020 5-year B19013
NC,37099,Jackson County,2021,348132.91,47989,7.2544,12,complete_12_months,available,available_complete,Zillow ZHVI county,annual_mean_zhvi,ACS 2021 5-year B19013
NC,37099,Jackson County,2022,408738.39,51482,7.9394,12,complete_12_months,available,available_complete,Zillow ZHVI county,annual_mean_zhvi,ACS 2022 5-year B19013
NC,37099,Jackson County,2023,419385.61,53479,7.8421,12,complete_12_months,available,available_complete,Zillow ZHVI county,annual_mean_zhvi,ACS 2023 5-year B19013
NC,37099,Jackson County,2024,438904.73,55815,7.8636,12,complete_12_months,available,available_complete,Zillow ZHVI county,annual_mean_zhvi,ACS 2024 5-year B19013
NC,37101,Johnston County,2015,168887.22,50512,3.3435,12,complete_12_months,available,available_complete,Zillow ZHVI county,annual_mean_zhvi,ACS 2015 5-year B19013
NC,37101,Johnston County,2016,178884.13,51980,3.4414,12,complete_12_months,available,available_complete,Zillow ZHVI county,annual_mean_zhvi,ACS 2016 5-year B19013
NC,37101,Johnston County,2017,191684.54,54610,3.5101,12,complete_12_months,available,available_complete,Zillow ZHVI county,annual_mean_zhvi,ACS 2017 5-year B19013
NC,37101,Johnston County,2018,204990.06,56842,3.6063,12,complete_12_months,available,available_complete,Zillow ZHVI county,annual_mean_zhvi,ACS 2018 5-year B19013
NC,37101,Johnston County,2019,216728.1,59865,3.6203,12,complete_12_months,available,available_complete,Zillow ZHVI county,annual_mean_zhvi,ACS 2019 5-year B19013
NC,37101,Johnston County,2020,232842.05,61806,3.7673,12,complete_12_months,available,available_complete,Zillow ZHVI county,annual_mean_zhvi,ACS 2020 5-year B19013
NC,37101,Johnston County,2021,276708.89,66026,4.1909,12,complete_12_months,available,available_complete,Zillow ZHVI county,annual_mean_zhvi,ACS 2021 5-year B19013
NC,37101,Johnston County,2022,341036.11,75288,4.5298,12,complete_12_months,available,available_complete,Zillow ZHVI county,annual_mean_zhvi,ACS 2022 5-year B19013
NC,37101,Johnston County,2023,344003.72,79838,4.3088,12,complete_12_months,available,available_complete,Zillow ZHVI county,annual_mean_zhvi,ACS 2023 5-year B19013
NC,37101,Johnston County,2024,349861.45,83384,4.1958,12,complete_12_months,available,available_complete,Zillow ZHVI county,annual_mean_zhvi,ACS 2024 5-year B19013
NC,37103,Jones County,2015,75870.11,34005,2.2311,12,complete_12_months,available,available_complete,Zillow ZHVI county,annual_mean_zhvi,ACS 2015 5-year B19013
NC,37103,Jones County,2016,81241.7,34080,2.3839,12,complete_12_months,available,available_complete,Zillow ZHVI county,annual_mean_zhvi,ACS 2016 5-year B19013
NC,37103,Jones County,2017,84965.03,37256,2.2806,12,complete_12_months,available,available_complete,Zillow ZHVI county,annual_mean_zhvi,ACS 2017 5-year B19013
NC,37103,Jones County,2018,88851.89,36892,2.4084,12,complete_12_months,available,available_complete,Zillow ZHVI county,annual_mean_zhvi,ACS 2018 5-year B19013
NC,37103,Jones County,2019,88751.26,38158,2.3259,12,complete_12_months,available,available_complete,Zillow ZHVI county,annual_mean_zhvi,ACS 2019 5-year B19013
NC,37103,Jones County,2020,93336.82,38324,2.4355,12,complete_12_months,available,available_complete,Zillow ZHVI county,annual_mean_zhvi,ACS 2020 5-year B19013
NC,37103,Jones County,2021,115012.46,42401,2.7125,12,complete_12_months,available,available_complete,Zillow ZHVI county,annual_mean_zhvi,ACS 2021 5-year B19013
NC,37103,Jones County,2022,135958.98,53053,2.5627,12,complete_12_months,available,available_complete,Zillow ZHVI county,annual_mean_zhvi,ACS 2022 5-year B19013
NC,37103,Jones County,2023,136058.86,55659,2.4445,12,complete_12_months,available,available_complete,Zillow ZHVI county,annual_mean_zhvi,ACS 2023 5-year B19013
NC,37103,Jones County,2024,147868.95,59641,2.4793,12,complete_12_months,available,available_complete,Zillow ZHVI county,annual_mean_zhvi,ACS 2024 5-year B19013
NC,37105,Lee County,2015,125206.44,45608,2.7453,12,complete_12_months,available,available_complete,Zillow ZHVI county,annual_mean_zhvi,ACS 2015 5-year B19013
NC,37105,Lee County,2016,131600.94,46402,2.8361,12,complete_12_months,available,available_complete,Zillow ZHVI county,annual_mean_zhvi,ACS 2016 5-year B19013
NC,37105,Lee County,2017,139313.78,49272,2.8274,12,complete_12_months,available,available_complete,Zillow ZHVI county,annual_mean_zhvi,ACS 2017 5-year B19013
NC,37105,Lee County,2018,152075.31,48873,3.1116,12,complete_12_months,available,available_complete,Zillow ZHVI county,annual_mean_zhvi,ACS 2018 5-year B19013
NC,37105,Lee County,2019,161585.63,49994,3.2321,12,complete_12_months,available,available_complete,Zillow ZHVI county,annual_mean_zhvi,ACS 2019 5-year B19013
NC,37105,Lee County,2020,179658.06,52294,3.4355,12,complete_12_months,available,available_complete,Zillow ZHVI county,annual_mean_zhvi,ACS 2020 5-year B19013
NC,37105,Lee County,2021,210660.4,57674,3.6526,12,complete_12_months,available,available_complete,Zillow ZHVI county,annual_mean_zhvi,ACS 2021 5-year B19013
NC,37105,Lee County,2022,253875.31,60941,4.1659,12,complete_12_months,available,available_complete,Zillow ZHVI county,annual_mean_zhvi,ACS 2022 5-year B19013
NC,37105,Lee County,2023,278570.95,63060,4.4176,12,complete_12_months,available,available_complete,Zillow ZHVI county,annual_mean_zhvi,ACS 2023 5-year B19013
NC,37105,Lee County,2024,291153.85,65387,4.4528,12,complete_12_months,available,available_complete,Zillow ZHVI county,annual_mean_zhvi,ACS 2024 5-year B19013
NC,37107,Lenoir County,2015,72073.45,34717,2.076,12,complete_12_months,available,available_complete,Zillow ZHVI county,annual_mean_zhvi,ACS 2015 5-year B19013
NC,37107,Lenoir County,2016,73666.4,36956,1.9934,12,complete_12_months,available,available_complete,Zillow ZHVI county,annual_mean_zhvi,ACS 2016 5-year B19013
NC,37107,Lenoir County,2017,74896.58,37515,1.9964,12,complete_12_months,available,available_complete,Zillow ZHVI county,annual_mean_zhvi,ACS 2017 5-year B19013
NC,37107,Lenoir County,2018,79409.28,38387,2.0687,12,complete_12_months,available,available_complete,Zillow ZHVI county,annual_mean_zhvi,ACS 2018 5-year B19013
NC,37107,Lenoir County,2019,82973.6,39402,2.1058,12,complete_12_months,available,available_complete,Zillow ZHVI county,annual_mean_zhvi,ACS 2019 5-year B19013
NC,37107,Lenoir County,2020,88435.41,39923,2.2151,12,complete_12_months,available,available_complete,Zillow ZHVI county,annual_mean_zhvi,ACS 2020 5-year B19013
NC,37107,Lenoir County,2021,105331.06,41092,2.5633,12,complete_12_months,available,available_complete,Zillow ZHVI county,annual_mean_zhvi,ACS 2021 5-year B19013
NC,37107,Lenoir County,2022,127731.28,43063,2.9661,12,complete_12_months,available,available_complete,Zillow ZHVI county,annual_mean_zhvi,ACS 2022 5-year B19013
NC,37107,Lenoir County,2023,139820.74,44795,3.1213,12,complete_12_months,available,available_complete,Zillow ZHVI county,annual_mean_zhvi,ACS 2023 5-year B19013
NC,37107,Lenoir County,2024,144908.81,45143,3.21,12,complete_12_months,available,available_complete,Zillow ZHVI county,annual_mean_zhvi,ACS 2024 5-year B19013
NC,37109,Lincoln County,2015,191070.05,49215,3.8824,12,complete_12_months,available,available_complete,Zillow ZHVI county,annual_mean_zhvi,ACS 2015 5-year B19013
NC,37109,Lincoln County,2016,201090.63,49283,4.0803,12,complete_12_months,available,available_complete,Zillow ZHVI county,annual_mean_zhvi,ACS 2016 5-year B19013
NC,37109,Lincoln County,2017,214186.71,50782,4.2178,12,complete_12_months,available,available_complete,Zillow ZHVI county,annual_mean_zhvi,ACS 2017 5-year B19013
NC,37109,Lincoln County,2018,230470.15,53318,4.3226,12,complete_12_months,available,available_complete,Zillow ZHVI county,annual_mean_zhvi,ACS 2018 5-year B19013
NC,37109,Lincoln County,2019,245336.87,57536,4.2641,12,complete_12_months,available,available_complete,Zillow ZHVI county,annual_mean_zhvi,ACS 2019 5-year B19013
NC,37109,Lincoln County,2020,263058.38,59592,4.4143,12,complete_12_months,available,available_complete,Zillow ZHVI county,annual_mean_zhvi,ACS 2020 5-year B19013
NC,37109,Lincoln County,2021,308259.52,65399,4.7135,12,complete_12_months,available,available_complete,Zillow ZHVI county,annual_mean_zhvi,ACS 2021 5-year B19013
NC,37109,Lincoln County,2022,366198.21,75672,4.8393,12,complete_12_months,available,available_complete,Zillow ZHVI county,annual_mean_zhvi,ACS 2022 5-year B19013
NC,37109,Lincoln County,2023,378444.1,78490,4.8216,12,complete_12_months,available,available_complete,Zillow ZHVI county,annual_mean_zhvi,ACS 2023 5-year B19013
NC,37109,Lincoln County,2024,393412.32,80016,4.9167,12,complete_12_months,available,available_complete,Zillow ZHVI county,annual_mean_zhvi,ACS 2024 5-year B19013
NC,37111,McDowell County,2015,,35965,,0,source_data_unavailable,available,source_data_unavailable,Zillow ZHVI county,annual_mean_zhvi,ACS 2015 5-year B19013
NC,37111,McDowell County,2016,146043.76,37590,3.8852,12,complete_12_months,available,available_complete,Zillow ZHVI county,annual_mean_zhvi,ACS 2016 5-year B19013
NC,37111,McDowell County,2017,152616.6,38776,3.9359,12,complete_12_months,available,available_complete,Zillow ZHVI county,annual_mean_zhvi,ACS 2017 5-year B19013
NC,37111,McDowell County,2018,163719.23,40913,4.0016,12,complete_12_months,available,available_complete,Zillow ZHVI county,annual_mean_zhvi,ACS 2018 5-year B19013
NC,37111,McDowell County,2019,180164.06,43646,4.1278,12,complete_12_months,available,available_complete,Zillow ZHVI county,annual_mean_zhvi,ACS 2019 5-year B19013
NC,37111,McDowell County,2020,190865.65,47085,4.0536,12,complete_12_months,available,available_complete,Zillow ZHVI county,annual_mean_zhvi,ACS 2020 5-year B19013
NC,37111,McDowell County,2021,227243.51,50615,4.4896,12,complete_12_months,available,available_complete,Zillow ZHVI county,annual_mean_zhvi,ACS 2021 5-year B19013
NC,37111,McDowell County,2022,251080.29,53532,4.6903,12,complete_12_months,available,available_complete,Zillow ZHVI county,annual_mean_zhvi,ACS 2022 5-year B19013
NC,37111,McDowell County,2023,259716.08,55527,4.6773,12,complete_12_months,available,available_complete,Zillow ZHVI county,annual_mean_zhvi,ACS 2023 5-year B19013
NC,37111,McDowell County,2024,269303.77,57168,4.7107,12,complete_12_months,available,available_complete,Zillow ZHVI county,annual_mean_zhvi,ACS 2024 5-year B19013
NC,37113,Macon County,2015,173525.14,39133,4.4342,12,complete_12_months,available,available_complete,Zillow ZHVI county,annual_mean_zhvi,ACS 2015 5-year B19013
NC,37113,Macon County,2016,176899.44,39593,4.4679,12,complete_12_months,available,available_complete,Zillow ZHVI county,annual_mean_zhvi,ACS 2016 5-year B19013
NC,37113,Macon County,2017,186012.79,40659,4.5749,12,complete_12_months,available,available_complete,Zillow ZHVI county,annual_mean_zhvi,ACS 2017 5-year B19013
NC,37113,Macon County,2018,197659.33,43597,4.5338,12,complete_12_months,available,available_complete,Zillow ZHVI county,annual_mean_zhvi,ACS 2018 5-year B19013
NC,37113,Macon County,2019,205303.98,45507,4.5115,12,complete_12_months,available,available_complete,Zillow ZHVI county,annual_mean_zhvi,ACS 2019 5-year B19013
NC,37113,Macon County,2020,219301.91,45703,4.7984,12,complete_12_months,available,available_complete,Zillow ZHVI county,annual_mean_zhvi,ACS 2020 5-year B19013
NC,37113,Macon County,2021,269474.4,48169,5.5944,12,complete_12_months,available,available_complete,Zillow ZHVI county,annual_mean_zhvi,ACS 2021 5-year B19013
NC,37113,Macon County,2022,319614.21,51042,6.2618,12,complete_12_months,available,available_complete,Zillow ZHVI county,annual_mean_zhvi,ACS 2022 5-year B19013
NC,37113,Macon County,2023,330264.66,53298,6.1966,12,complete_12_months,available,available_complete,Zillow ZHVI county,annual_mean_zhvi,ACS 2023 5-year B19013
NC,37113,Macon County,2024,349832.49,59061,5.9232,12,complete_12_months,available,available_complete,Zillow ZHVI county,annual_mean_zhvi,ACS 2024 5-year B19013
NC,37115,Madison County,2015,202170.73,37904,5.3338,12,complete_12_months,available,available_complete,Zillow ZHVI county,annual_mean_zhvi,ACS 2015 5-year B19013
NC,37115,Madison County,2016,221601.05,40408,5.4841,12,complete_12_months,available,available_complete,Zillow ZHVI county,annual_mean_zhvi,ACS 2016 5-year B19013
NC,37115,Madison County,2017,238830.51,40563,5.8879,12,complete_12_months,available,available_complete,Zillow ZHVI county,annual_mean_zhvi,ACS 2017 5-year B19013
NC,37115,Madison County,2018,245105.33,42410,5.7794,12,complete_12_months,available,available_complete,Zillow ZHVI county,annual_mean_zhvi,ACS 2018 5-year B19013
NC,37115,Madison County,2019,246142.96,45873,5.3657,12,complete_12_months,available,available_complete,Zillow ZHVI county,annual_mean_zhvi,ACS 2019 5-year B19013
NC,37115,Madison County,2020,265643.69,46190,5.7511,12,complete_12_months,available,available_complete,Zillow ZHVI county,annual_mean_zhvi,ACS 2020 5-year B19013
NC,37115,Madison County,2021,317794.49,51396,6.1833,12,complete_12_months,available,available_complete,Zillow ZHVI county,annual_mean_zhvi,ACS 2021 5-year B19013
NC,37115,Madison County,2022,365069.52,56664,6.4427,12,complete_12_months,available,available_complete,Zillow ZHVI county,annual_mean_zhvi,ACS 2022 5-year B19013
NC,37115,Madison County,2023,370509.46,58628,6.3197,12,complete_12_months,available,available_complete,Zillow ZHVI county,annual_mean_zhvi,ACS 2023 5-year B19013
NC,37115,Madison County,2024,388366.38,58531,6.6352,12,complete_12_months,available,available_complete,Zillow ZHVI county,annual_mean_zhvi,ACS 2024 5-year B19013
NC,37117,Martin County,2015,80531.37,35080,2.2956,12,complete_12_months,available,available_complete,Zillow ZHVI county,annual_mean_zhvi,ACS 2015 5-year B19013
NC,37117,Martin County,2016,85961.89,34957,2.4591,12,complete_12_months,available,available_complete,Zillow ZHVI county,annual_mean_zhvi,ACS 2016 5-year B19013
NC,37117,Martin County,2017,88470.33,35969,2.4596,12,complete_12_months,available,available_complete,Zillow ZHVI county,annual_mean_zhvi,ACS 2017 5-year B19013
NC,37117,Martin County,2018,86910.96,39205,2.2168,12,complete_12_months,available,available_complete,Zillow ZHVI county,annual_mean_zhvi,ACS 2018 5-year B19013
NC,37117,Martin County,2019,90428.73,40090,2.2556,12,complete_12_months,available,available_complete,Zillow ZHVI county,annual_mean_zhvi,ACS 2019 5-year B19013
NC,37117,Martin County,2020,97507.68,39909,2.4433,12,complete_12_months,available,available_complete,Zillow ZHVI county,annual_mean_zhvi,ACS 2020 5-year B19013
NC,37117,Martin County,2021,119921.48,41798,2.8691,12,complete_12_months,available,available_complete,Zillow ZHVI county,annual_mean_zhvi,ACS 2021 5-year B19013
NC,37117,Martin County,2022,133886.11,44799,2.9886,12,complete_12_months,available,available_complete,Zillow ZHVI county,annual_mean_zhvi,ACS 2022 5-year B19013
NC,37117,Martin County,2023,137744.75,46793,2.9437,12,complete_12_months,available,available_complete,Zillow ZHVI county,annual_mean_zhvi,ACS 2023 5-year B19013
NC,37117,Martin County,2024,136283.11,48578,2.8054,12,complete_12_months,available,available_complete,Zillow ZHVI county,annual_mean_zhvi,ACS 2024 5-year B19013
NC,37119,Mecklenburg County,2015,193963.67,56854,3.4116,12,complete_12_months,available,available_complete,Zillow ZHVI county,annual_mean_zhvi,ACS 2015 5-year B19013
NC,37119,Mecklenburg County,2016,211547.04,59268,3.5693,12,complete_12_months,available,available_complete,Zillow ZHVI county,annual_mean_zhvi,ACS 2016 5-year B19013
NC,37119,Mecklenburg County,2017,230823.04,61695,3.7414,12,complete_12_months,available,available_complete,Zillow ZHVI county,annual_mean_zhvi,ACS 2017 5-year B19013
NC,37119,Mecklenburg County,2018,250581.81,64312,3.8963,12,complete_12_months,available,available_complete,Zillow ZHVI county,annual_mean_zhvi,ACS 2018 5-year B19013
NC,37119,Mecklenburg County,2019,264403.41,66641,3.9676,12,complete_12_months,available,available_complete,Zillow ZHVI county,annual_mean_zhvi,ACS 2019 5-year B19013
NC,37119,Mecklenburg County,2020,282408.94,69240,4.0787,12,complete_12_months,available,available_complete,Zillow ZHVI county,annual_mean_zhvi,ACS 2020 5-year B19013
NC,37119,Mecklenburg County,2021,336714.95,73124,4.6047,12,complete_12_months,available,available_complete,Zillow ZHVI county,annual_mean_zhvi,ACS 2021 5-year B19013
NC,37119,Mecklenburg County,2022,407849.36,79265,5.1454,12,complete_12_months,available,available_complete,Zillow ZHVI county,annual_mean_zhvi,ACS 2022 5-year B19013
NC,37119,Mecklenburg County,2023,413171.9,83765,4.9325,12,complete_12_months,available,available_complete,Zillow ZHVI county,annual_mean_zhvi,ACS 2023 5-year B19013
NC,37119,Mecklenburg County,2024,429107.32,87005,4.932,12,complete_12_months,available,available_complete,Zillow ZHVI county,annual_mean_zhvi,ACS 2024 5-year B19013
NC,37121,Mitchell County,2015,130141.68,37391,3.4806,12,complete_12_months,available,available_complete,Zillow ZHVI county,annual_mean_zhvi,ACS 2015 5-year B19013
NC,37121,Mitchell County,2016,132986.21,39658,3.3533,12,complete_12_months,available,available_complete,Zillow ZHVI county,annual_mean_zhvi,ACS 2016 5-year B19013
NC,37121,Mitchell County,2017,138259.81,42534,3.2506,12,complete_12_months,available,available_complete,Zillow ZHVI county,annual_mean_zhvi,ACS 2017 5-year B19013
NC,37121,Mitchell County,2018,142426.93,44186,3.2233,12,complete_12_months,available,available_complete,Zillow ZHVI county,annual_mean_zhvi,ACS 2018 5-year B19013
NC,37121,Mitchell County,2019,149213.02,46103,3.2365,12,complete_12_months,available,available_complete,Zillow ZHVI county,annual_mean_zhvi,ACS 2019 5-year B19013
NC,37121,Mitchell County,2020,159658.29,48841,3.2689,12,complete_12_months,available,available_complete,Zillow ZHVI county,annual_mean_zhvi,ACS 2020 5-year B19013
NC,37121,Mitchell County,2021,190092.18,48320,3.934,12,complete_12_months,available,available_complete,Zillow ZHVI county,annual_mean_zhvi,ACS 2021 5-year B19013
NC,37121,Mitchell County,2022,222011.92,55534,3.9978,12,complete_12_months,available,available_complete,Zillow ZHVI county,annual_mean_zhvi,ACS 2022 5-year B19013
NC,37121,Mitchell County,2023,243193.76,58089,4.1866,12,complete_12_months,available,available_complete,Zillow ZHVI county,annual_mean_zhvi,ACS 2023 5-year B19013
NC,37121,Mitchell County,2024,243714.58,57602,4.231,12,complete_12_months,available,available_complete,Zillow ZHVI county,annual_mean_zhvi,ACS 2024 5-year B19013
NC,37123,Montgomery County,2015,95849.53,32500,2.9492,12,complete_12_months,available,available_complete,Zillow ZHVI county,annual_mean_zhvi,ACS 2015 5-year B19013
NC,37123,Montgomery County,2016,99913.67,34819,2.8695,12,complete_12_months,available,available_complete,Zillow ZHVI county,annual_mean_zhvi,ACS 2016 5-year B19013
NC,37123,Montgomery County,2017,102720.73,38254,2.6852,12,complete_12_months,available,available_complete,Zillow ZHVI county,annual_mean_zhvi,ACS 2017 5-year B19013
NC,37123,Montgomery County,2018,108558.53,42346,2.5636,12,complete_12_months,available,available_complete,Zillow ZHVI county,annual_mean_zhvi,ACS 2018 5-year B19013
NC,37123,Montgomery County,2019,114387.39,44146,2.5911,12,complete_12_months,available,available_complete,Zillow ZHVI county,annual_mean_zhvi,ACS 2019 5-year B19013
NC,37123,Montgomery County,2020,125127.41,45147,2.7716,12,complete_12_months,available,available_complete,Zillow ZHVI county,annual_mean_zhvi,ACS 2020 5-year B19013
NC,37123,Montgomery County,2021,149662.38,50618,2.9567,12,complete_12_months,available,available_complete,Zillow ZHVI county,annual_mean_zhvi,ACS 2021 5-year B19013
NC,37123,Montgomery County,2022,173715.86,55523,3.1287,12,complete_12_months,available,available_complete,Zillow ZHVI county,annual_mean_zhvi,ACS 2022 5-year B19013
NC,37123,Montgomery County,2023,182128.93,55849,3.2611,12,complete_12_months,available,available_complete,Zillow ZHVI county,annual_mean_zhvi,ACS 2023 5-year B19013
NC,37123,Montgomery County,2024,189088.1,57766,3.2733,12,complete_12_months,available,available_complete,Zillow ZHVI county,annual_mean_zhvi,ACS 2024 5-year B19013
NC,37125,Moore County,2015,207760.77,50998,4.0739,12,complete_12_months,available,available_complete,Zillow ZHVI county,annual_mean_zhvi,ACS 2015 5-year B19013
NC,37125,Moore County,2016,214486.06,51873,4.1348,12,complete_12_months,available,available_complete,Zillow ZHVI county,annual_mean_zhvi,ACS 2016 5-year B19013
NC,37125,Moore County,2017,223354.99,54468,4.1007,12,complete_12_months,available,available_complete,Zillow ZHVI county,annual_mean_zhvi,ACS 2017 5-year B19013
NC,37125,Moore County,2018,233836.95,57899,4.0387,12,complete_12_months,available,available_complete,Zillow ZHVI county,annual_mean_zhvi,ACS 2018 5-year B19013
NC,37125,Moore County,2019,242800.96,59963,4.0492,12,complete_12_months,available,available_complete,Zillow ZHVI county,annual_mean_zhvi,ACS 2019 5-year B19013
NC,37125,Moore County,2020,260793.85,63324,4.1184,12,complete_12_months,available,available_complete,Zillow ZHVI county,annual_mean_zhvi,ACS 2020 5-year B19013
NC,37125,Moore County,2021,309965.03,67440,4.5962,12,complete_12_months,available,available_complete,Zillow ZHVI county,annual_mean_zhvi,ACS 2021 5-year B19013
NC,37125,Moore County,2022,373424.54,77981,4.7887,12,complete_12_months,available,available_complete,Zillow ZHVI county,annual_mean_zhvi,ACS 2022 5-year B19013
NC,37125,Moore County,2023,395472.46,82837,4.7741,12,complete_12_months,available,available_complete,Zillow ZHVI county,annual_mean_zhvi,ACS 2023 5-year B19013
NC,37125,Moore County,2024,409764.23,86080,4.7603,12,complete_12_months,available,available_complete,Zillow ZHVI county,annual_mean_zhvi,ACS 2024 5-year B19013
NC,37127,Nash County,2015,120042.38,42713,2.8104,12,complete_12_months,available,available_complete,Zillow ZHVI county,annual_mean_zhvi,ACS 2015 5-year B19013
NC,37127,Nash County,2016,122863.33,43804,2.8048,12,complete_12_months,available,available_complete,Zillow ZHVI county,annual_mean_zhvi,ACS 2016 5-year B19013
NC,37127,Nash County,2017,127982.64,46187,2.771,12,complete_12_months,available,available_complete,Zillow ZHVI county,annual_mean_zhvi,ACS 2017 5-year B19013
NC,37127,Nash County,2018,135628.48,48362,2.8044,12,complete_12_months,available,available_complete,Zillow ZHVI county,annual_mean_zhvi,ACS 2018 5-year B19013
NC,37127,Nash County,2019,142445.88,49537,2.8755,12,complete_12_months,available,available_complete,Zillow ZHVI county,annual_mean_zhvi,ACS 2019 5-year B19013
NC,37127,Nash County,2020,154654.63,49949,3.0963,12,complete_12_months,available,available_complete,Zillow ZHVI county,annual_mean_zhvi,ACS 2020 5-year B19013
NC,37127,Nash County,2021,182583.59,52837,3.4556,12,complete_12_months,available,available_complete,Zillow ZHVI county,annual_mean_zhvi,ACS 2021 5-year B19013
NC,37127,Nash County,2022,213957.04,56770,3.7688,12,complete_12_months,available,available_complete,Zillow ZHVI county,annual_mean_zhvi,ACS 2022 5-year B19013
NC,37127,Nash County,2023,227666.55,60704,3.7504,12,complete_12_months,available,available_complete,Zillow ZHVI county,annual_mean_zhvi,ACS 2023 5-year B19013
NC,37127,Nash County,2024,240127.45,62426,3.8466,12,complete_12_months,available,available_complete,Zillow ZHVI county,annual_mean_zhvi,ACS 2024 5-year B19013
NC,37129,New Hanover County,2015,219519.79,50088,4.3827,12,complete_12_months,available,available_complete,Zillow ZHVI county,annual_mean_zhvi,ACS 2015 5-year B19013
NC,37129,New Hanover County,2016,231834.34,51232,4.5252,12,complete_12_months,available,available_complete,Zillow ZHVI county,annual_mean_zhvi,ACS 2016 5-year B19013
NC,37129,New Hanover County,2017,244975.52,51457,4.7608,12,complete_12_months,available,available_complete,Zillow ZHVI county,annual_mean_zhvi,ACS 2017 5-year B19013
NC,37129,New Hanover County,2018,259652.73,52716,4.9255,12,complete_12_months,available,available_complete,Zillow ZHVI county,annual_mean_zhvi,ACS 2018 5-year B19013
NC,37129,New Hanover County,2019,273118.59,54891,4.9757,12,complete_12_months,available,available_complete,Zillow ZHVI county,annual_mean_zhvi,ACS 2019 5-year B19013
NC,37129,New Hanover County,2020,291204.54,56689,5.1369,12,complete_12_months,available,available_complete,Zillow ZHVI county,annual_mean_zhvi,ACS 2020 5-year B19013
NC,37129,New Hanover County,2021,337262.15,62362,5.4081,12,complete_12_months,available,available_complete,Zillow ZHVI county,annual_mean_zhvi,ACS 2021 5-year B19013
NC,37129,New Hanover County,2022,400862.09,67515,5.9374,12,complete_12_months,available,available_complete,Zillow ZHVI county,annual_mean_zhvi,ACS 2022 5-year B19013
NC,37129,New Hanover County,2023,431561.19,72892,5.9206,12,complete_12_months,available,available_complete,Zillow ZHVI county,annual_mean_zhvi,ACS 2023 5-year B19013
NC,37129,New Hanover County,2024,452641.84,75166,6.0219,12,complete_12_months,available,available_complete,Zillow ZHVI county,annual_mean_zhvi,ACS 2024 5-year B19013
NC,37131,Northampton County,2015,59558.24,30429,1.9573,12,complete_12_months,available,available_complete,Zillow ZHVI county,annual_mean_zhvi,ACS 2015 5-year B19013
NC,37131,Northampton County,2016,64956.16,31543,2.0593,12,complete_12_months,available,available_complete,Zillow ZHVI county,annual_mean_zhvi,ACS 2016 5-year B19013
NC,37131,Northampton County,2017,69338.05,33508,2.0693,12,complete_12_months,available,available_complete,Zillow ZHVI county,annual_mean_zhvi,ACS 2017 5-year B19013
NC,37131,Northampton County,2018,73356.48,35499,2.0664,12,complete_12_months,available,available_complete,Zillow ZHVI county,annual_mean_zhvi,ACS 2018 5-year B19013
NC,37131,Northampton County,2019,74647.26,37146,2.0096,12,complete_12_months,available,available_complete,Zillow ZHVI county,annual_mean_zhvi,ACS 2019 5-year B19013
NC,37131,Northampton County,2020,83610.49,38969,2.1456,12,complete_12_months,available,available_complete,Zillow ZHVI county,annual_mean_zhvi,ACS 2020 5-year B19013
NC,37131,Northampton County,2021,101568.27,39764,2.5543,12,complete_12_months,available,available_complete,Zillow ZHVI county,annual_mean_zhvi,ACS 2021 5-year B19013
NC,37131,Northampton County,2022,112502.53,45698,2.4619,12,complete_12_months,available,available_complete,Zillow ZHVI county,annual_mean_zhvi,ACS 2022 5-year B19013
NC,37131,Northampton County,2023,104100.42,47935,2.1717,12,complete_12_months,available,available_complete,Zillow ZHVI county,annual_mean_zhvi,ACS 2023 5-year B19013
NC,37131,Northampton County,2024,102480.86,50086,2.0461,12,complete_12_months,available,available_complete,Zillow ZHVI county,annual_mean_zhvi,ACS 2024 5-year B19013
NC,37133,Onslow County,2015,154078.36,46335,3.3253,12,complete_12_months,available,available_complete,Zillow ZHVI county,annual_mean_zhvi,ACS 2015 5-year B19013
NC,37133,Onslow County,2016,149651.98,46786,3.1986,12,complete_12_months,available,available_complete,Zillow ZHVI county,annual_mean_zhvi,ACS 2016 5-year B19013
NC,37133,Onslow County,2017,151973.0,48162,3.1555,12,complete_12_months,available,available_complete,Zillow ZHVI county,annual_mean_zhvi,ACS 2017 5-year B19013
NC,37133,Onslow County,2018,159501.42,49491,3.2228,12,complete_12_months,available,available_complete,Zillow ZHVI county,annual_mean_zhvi,ACS 2018 5-year B19013
NC,37133,Onslow County,2019,172438.59,50278,3.4297,12,complete_12_months,available,available_complete,Zillow ZHVI county,annual_mean_zhvi,ACS 2019 5-year B19013
NC,37133,Onslow County,2020,184171.33,51560,3.572,12,complete_12_months,available,available_complete,Zillow ZHVI county,annual_mean_zhvi,ACS 2020 5-year B19013
NC,37133,Onslow County,2021,206938.15,54732,3.7809,12,complete_12_months,available,available_complete,Zillow ZHVI county,annual_mean_zhvi,ACS 2021 5-year B19013
NC,37133,Onslow County,2022,242623.9,59976,4.0453,12,complete_12_months,available,available_complete,Zillow ZHVI county,annual_mean_zhvi,ACS 2022 5-year B19013
NC,37133,Onslow County,2023,265377.84,64568,4.1101,12,complete_12_months,available,available_complete,Zillow ZHVI county,annual_mean_zhvi,ACS 2023 5-year B19013
NC,37133,Onslow County,2024,277215.57,68148,4.0678,12,complete_12_months,available,available_complete,Zillow ZHVI county,annual_mean_zhvi,ACS 2024 5-year B19013
NC,37135,Orange County,2015,272676.82,59290,4.599,12,complete_12_months,available,available_complete,Zillow ZHVI county,annual_mean_zhvi,ACS 2015 5-year B19013
NC,37135,Orange County,2016,283915.68,61130,4.6445,12,complete_12_months,available,available_complete,Zillow ZHVI county,annual_mean_zhvi,ACS 2016 5-year B19013
NC,37135,Orange County,2017,297923.9,65522,4.5469,12,complete_12_months,available,available_complete,Zillow ZHVI county,annual_mean_zhvi,ACS 2017 5-year B19013
NC,37135,Orange County,2018,316753.7,68211,4.6437,12,complete_12_months,available,available_complete,Zillow ZHVI county,annual_mean_zhvi,ACS 2018 5-year B19013
NC,37135,Orange County,2019,330278.92,71723,4.6049,12,complete_12_months,available,available_complete,Zillow ZHVI county,annual_mean_zhvi,ACS 2019 5-year B19013
NC,37135,Orange County,2020,345985.62,74803,4.6253,12,complete_12_months,available,available_complete,Zillow ZHVI county,annual_mean_zhvi,ACS 2020 5-year B19013
NC,37135,Orange County,2021,397760.74,79205,5.0219,12,complete_12_months,available,available_complete,Zillow ZHVI county,annual_mean_zhvi,ACS 2021 5-year B19013
NC,37135,Orange County,2022,470255.09,85785,5.4818,12,complete_12_months,available,available_complete,Zillow ZHVI county,annual_mean_zhvi,ACS 2022 5-year B19013
NC,37135,Orange County,2023,491497.2,88553,5.5503,12,complete_12_months,available,available_complete,Zillow ZHVI county,annual_mean_zhvi,ACS 2023 5-year B19013
NC,37135,Orange County,2024,517593.92,90089,5.7454,12,complete_12_months,available,available_complete,Zillow ZHVI county,annual_mean_zhvi,ACS 2024 5-year B19013
NC,37137,Pamlico County,2015,141001.17,43444,3.2456,12,complete_12_months,available,available_complete,Zillow ZHVI county,annual_mean_zhvi,ACS 2015 5-year B19013
NC,37137,Pamlico County,2016,141157.5,43808,3.2222,12,complete_12_months,available,available_complete,Zillow ZHVI county,annual_mean_zhvi,ACS 2016 5-year B19013
NC,37137,Pamlico County,2017,148992.2,45211,3.2955,12,complete_12_months,available,available_complete,Zillow ZHVI county,annual_mean_zhvi,ACS 2017 5-year B19013
NC,37137,Pamlico County,2018,154625.51,44947,3.4402,12,complete_12_months,available,available_complete,Zillow ZHVI county,annual_mean_zhvi,ACS 2018 5-year B19013
NC,37137,Pamlico County,2019,162409.74,46728,3.4756,12,complete_12_months,available,available_complete,Zillow ZHVI county,annual_mean_zhvi,ACS 2019 5-year B19013
NC,37137,Pamlico County,2020,175610.03,48531,3.6185,12,complete_12_months,available,available_complete,Zillow ZHVI county,annual_mean_zhvi,ACS 2020 5-year B19013
NC,37137,Pamlico County,2021,207678.28,52124,3.9843,12,complete_12_months,available,available_complete,Zillow ZHVI county,annual_mean_zhvi,ACS 2021 5-year B19013
NC,37137,Pamlico County,2022,235629.33,55867,4.2177,12,complete_12_months,available,available_complete,Zillow ZHVI county,annual_mean_zhvi,ACS 2022 5-year B19013
NC,37137,Pamlico County,2023,248598.23,61624,4.0341,12,complete_12_months,available,available_complete,Zillow ZHVI county,annual_mean_zhvi,ACS 2023 5-year B19013
NC,37137,Pamlico County,2024,262541.49,59717,4.3964,12,complete_12_months,available,available_complete,Zillow ZHVI county,annual_mean_zhvi,ACS 2024 5-year B19013
NC,37139,Pasquotank County,2015,138609.61,45378,3.0546,12,complete_12_months,available,available_complete,Zillow ZHVI county,annual_mean_zhvi,ACS 2015 5-year B19013
NC,37139,Pasquotank County,2016,144839.09,45750,3.1659,12,complete_12_months,available,available_complete,Zillow ZHVI county,annual_mean_zhvi,ACS 2016 5-year B19013
NC,37139,Pasquotank County,2017,146226.54,47264,3.0938,12,complete_12_months,available,available_complete,Zillow ZHVI county,annual_mean_zhvi,ACS 2017 5-year B19013
NC,37139,Pasquotank County,2018,155902.51,48279,3.2292,12,complete_12_months,available,available_complete,Zillow ZHVI county,annual_mean_zhvi,ACS 2018 5-year B19013
NC,37139,Pasquotank County,2019,162779.86,50558,3.2197,12,complete_12_months,available,available_complete,Zillow ZHVI county,annual_mean_zhvi,ACS 2019 5-year B19013
NC,37139,Pasquotank County,2020,170778.46,54439,3.1371,12,complete_12_months,available,available_complete,Zillow ZHVI county,annual_mean_zhvi,ACS 2020 5-year B19013
NC,37139,Pasquotank County,2021,198579.37,56510,3.5141,12,complete_12_months,available,available_complete,Zillow ZHVI county,annual_mean_zhvi,ACS 2021 5-year B19013
NC,37139,Pasquotank County,2022,225494.53,61411,3.6719,12,complete_12_months,available,available_complete,Zillow ZHVI county,annual_mean_zhvi,ACS 2022 5-year B19013
NC,37139,Pasquotank County,2023,239979.07,63912,3.7548,12,complete_12_months,available,available_complete,Zillow ZHVI county,annual_mean_zhvi,ACS 2023 5-year B19013
NC,37139,Pasquotank County,2024,256101.94,66589,3.846,12,complete_12_months,available,available_complete,Zillow ZHVI county,annual_mean_zhvi,ACS 2024 5-year B19013
NC,37141,Pender County,2015,227230.64,44828,5.0689,12,complete_12_months,available,available_complete,Zillow ZHVI county,annual_mean_zhvi,ACS 2015 5-year B19013
NC,37141,Pender County,2016,238477.55,46580,5.1197,12,complete_12_months,available,available_complete,Zillow ZHVI county,annual_mean_zhvi,ACS 2016 5-year B19013
NC,37141,Pender County,2017,248826.17,49357,5.0414,12,complete_12_months,available,available_complete,Zillow ZHVI county,annual_mean_zhvi,ACS 2017 5-year B19013
NC,37141,Pender County,2018,259230.26,52989,4.8922,12,complete_12_months,available,available_complete,Zillow ZHVI county,annual_mean_zhvi,ACS 2018 5-year B19013
NC,37141,Pender County,2019,272991.3,57240,4.7692,12,complete_12_months,available,available_complete,Zillow ZHVI county,annual_mean_zhvi,ACS 2019 5-year B19013
NC,37141,Pender County,2020,291431.44,60044,4.8536,12,complete_12_months,available,available_complete,Zillow ZHVI county,annual_mean_zhvi,ACS 2020 5-year B19013
NC,37141,Pender County,2021,342571.04,65681,5.2157,12,complete_12_months,available,available_complete,Zillow ZHVI county,annual_mean_zhvi,ACS 2021 5-year B19013
NC,37141,Pender County,2022,403559.41,74538,5.4141,12,complete_12_months,available,available_complete,Zillow ZHVI county,annual_mean_zhvi,ACS 2022 5-year B19013
NC,37141,Pender County,2023,424723.88,76838,5.5275,12,complete_12_months,available,available_complete,Zillow ZHVI county,annual_mean_zhvi,ACS 2023 5-year B19013
NC,37141,Pender County,2024,437586.72,80396,5.4429,12,complete_12_months,available,available_complete,Zillow ZHVI county,annual_mean_zhvi,ACS 2024 5-year B19013
NC,37143,Perquimans County,2015,186833.19,44329,4.2147,12,complete_12_months,available,available_complete,Zillow ZHVI county,annual_mean_zhvi,ACS 2015 5-year B19013
NC,37143,Perquimans County,2016,170422.34,45208,3.7697,12,complete_12_months,available,available_complete,Zillow ZHVI county,annual_mean_zhvi,ACS 2016 5-year B19013
NC,37143,Perquimans County,2017,164736.5,44039,3.7407,12,complete_12_months,available,available_complete,Zillow ZHVI county,annual_mean_zhvi,ACS 2017 5-year B19013
NC,37143,Perquimans County,2018,179900.58,45915,3.9181,12,complete_12_months,available,available_complete,Zillow ZHVI county,annual_mean_zhvi,ACS 2018 5-year B19013
NC,37143,Perquimans County,2019,172157.92,47162,3.6504,12,complete_12_months,available,available_complete,Zillow ZHVI county,annual_mean_zhvi,ACS 2019 5-year B19013
NC,37143,Perquimans County,2020,180137.54,51036,3.5296,12,complete_12_months,available,available_complete,Zillow ZHVI county,annual_mean_zhvi,ACS 2020 5-year B19013
NC,37143,Perquimans County,2021,214794.6,53138,4.0422,12,complete_12_months,available,available_complete,Zillow ZHVI county,annual_mean_zhvi,ACS 2021 5-year B19013
NC,37143,Perquimans County,2022,246846.14,59401,4.1556,12,complete_12_months,available,available_complete,Zillow ZHVI county,annual_mean_zhvi,ACS 2022 5-year B19013
NC,37143,Perquimans County,2023,251920.2,61224,4.1147,12,complete_12_months,available,available_complete,Zillow ZHVI county,annual_mean_zhvi,ACS 2023 5-year B19013
NC,37143,Perquimans County,2024,258014.03,67917,3.799,12,complete_12_months,available,available_complete,Zillow ZHVI county,annual_mean_zhvi,ACS 2024 5-year B19013
NC,37145,Person County,2015,128477.26,42105,3.0514,12,complete_12_months,available,available_complete,Zillow ZHVI county,annual_mean_zhvi,ACS 2015 5-year B19013
NC,37145,Person County,2016,132594.61,43297,3.0624,12,complete_12_months,available,available_complete,Zillow ZHVI county,annual_mean_zhvi,ACS 2016 5-year B19013
NC,37145,Person County,2017,141713.87,44921,3.1547,12,complete_12_months,available,available_complete,Zillow ZHVI county,annual_mean_zhvi,ACS 2017 5-year B19013
NC,37145,Person County,2018,151320.58,48811,3.1001,12,complete_12_months,available,available_complete,Zillow ZHVI county,annual_mean_zhvi,ACS 2018 5-year B19013
NC,37145,Person County,2019,158726.06,51020,3.1111,12,complete_12_months,available,available_complete,Zillow ZHVI county,annual_mean_zhvi,ACS 2019 5-year B19013
NC,37145,Person County,2020,173298.71,57323,3.0232,12,complete_12_months,available,available_complete,Zillow ZHVI county,annual_mean_zhvi,ACS 2020 5-year B19013
NC,37145,Person County,2021,201962.98,55759,3.6221,12,complete_12_months,available,available_complete,Zillow ZHVI county,annual_mean_zhvi,ACS 2021 5-year B19013
NC,37145,Person County,2022,224404.09,60688,3.6977,12,complete_12_months,available,available_complete,Zillow ZHVI county,annual_mean_zhvi,ACS 2022 5-year B19013
NC,37145,Person County,2023,233327.93,64927,3.5937,12,complete_12_months,available,available_complete,Zillow ZHVI county,annual_mean_zhvi,ACS 2023 5-year B19013
NC,37145,Person County,2024,242992.84,63300,3.8387,12,complete_12_months,available,available_complete,Zillow ZHVI county,annual_mean_zhvi,ACS 2024 5-year B19013
NC,37147,Pitt County,2015,126328.88,41119,3.0723,12,complete_12_months,available,available_complete,Zillow ZHVI county,annual_mean_zhvi,ACS 2015 5-year B19013
NC,37147,Pitt County,2016,128258.82,42308,3.0316,12,complete_12_months,available,available_complete,Zillow ZHVI county,annual_mean_zhvi,ACS 2016 5-year B19013
NC,37147,Pitt County,2017,132694.33,43526,3.0486,12,complete_12_months,available,available_complete,Zillow ZHVI county,annual_mean_zhvi,ACS 2017 5-year B19013
NC,37147,Pitt County,2018,138231.13,44315,3.1193,12,complete_12_months,available,available_complete,Zillow ZHVI county,annual_mean_zhvi,ACS 2018 5-year B19013
NC,37147,Pitt County,2019,145688.34,47437,3.0712,12,complete_12_months,available,available_complete,Zillow ZHVI county,annual_mean_zhvi,ACS 2019 5-year B19013
NC,37147,Pitt County,2020,155616.48,49337,3.1542,12,complete_12_months,available,available_complete,Zillow ZHVI county,annual_mean_zhvi,ACS 2020 5-year B19013
NC,37147,Pitt County,2021,179562.06,50422,3.5612,12,complete_12_months,available,available_complete,Zillow ZHVI county,annual_mean_zhvi,ACS 2021 5-year B19013
NC,37147,Pitt County,2022,211712.69,54915,3.8553,12,complete_12_months,available,available_complete,Zillow ZHVI county,annual_mean_zhvi,ACS 2022 5-year B19013
NC,37147,Pitt County,2023,229957.86,58851,3.9075,12,complete_12_months,available,available_complete,Zillow ZHVI county,annual_mean_zhvi,ACS 2023 5-year B19013
NC,37147,Pitt County,2024,239754.19,58188,4.1203,12,complete_12_months,available,available_complete,Zillow ZHVI county,annual_mean_zhvi,ACS 2024 5-year B19013
NC,37149,Polk County,2015,157613.36,46528,3.3875,12,complete_12_months,available,available_complete,Zillow ZHVI county,annual_mean_zhvi,ACS 2015 5-year B19013
NC,37149,Polk County,2016,170393.62,47396,3.5951,12,complete_12_months,available,available_complete,Zillow ZHVI county,annual_mean_zhvi,ACS 2016 5-year B19013
NC,37149,Polk County,2017,183418.22,48412,3.7887,12,complete_12_months,available,available_complete,Zillow ZHVI county,annual_mean_zhvi,ACS 2017 5-year B19013
NC,37149,Polk County,2018,193485.66,48834,3.9621,12,complete_12_months,available,available_complete,Zillow ZHVI county,annual_mean_zhvi,ACS 2018 5-year B19013
NC,37149,Polk County,2019,198809.75,48787,4.0751,12,complete_12_months,available,available_complete,Zillow ZHVI county,annual_mean_zhvi,ACS 2019 5-year B19013
NC,37149,Polk County,2020,214926.0,52125,4.1233,12,complete_12_months,available,available_complete,Zillow ZHVI county,annual_mean_zhvi,ACS 2020 5-year B19013
NC,37149,Polk County,2021,257662.17,55058,4.6798,12,complete_12_months,available,available_complete,Zillow ZHVI county,annual_mean_zhvi,ACS 2021 5-year B19013
NC,37149,Polk County,2022,298117.87,60465,4.9304,12,complete_12_months,available,available_complete,Zillow ZHVI county,annual_mean_zhvi,ACS 2022 5-year B19013
NC,37149,Polk County,2023,307088.61,61005,5.0338,12,complete_12_months,available,available_complete,Zillow ZHVI county,annual_mean_zhvi,ACS 2023 5-year B19013
NC,37149,Polk County,2024,324211.58,67758,4.7848,12,complete_12_months,available,available_complete,Zillow ZHVI county,annual_mean_zhvi,ACS 2024 5-year B19013
NC,37151,Randolph County,2015,128501.59,41947,3.0634,12,complete_12_months,available,available_complete,Zillow ZHVI county,annual_mean_zhvi,ACS 2015 5-year B19013
NC,37151,Randolph County,2016,134547.43,43010,3.1283,12,complete_12_months,available,available_complete,Zillow ZHVI county,annual_mean_zhvi,ACS 2016 5-year B19013
NC,37151,Randolph County,2017,140791.58,43598,3.2293,12,complete_12_months,available,available_complete,Zillow ZHVI county,annual_mean_zhvi,ACS 2017 5-year B19013
NC,37151,Randolph County,2018,146716.48,45006,3.2599,12,complete_12_months,available,available_complete,Zillow ZHVI county,annual_mean_zhvi,ACS 2018 5-year B19013
NC,37151,Randolph County,2019,158788.93,47288,3.3579,12,complete_12_months,available,available_complete,Zillow ZHVI county,annual_mean_zhvi,ACS 2019 5-year B19013
NC,37151,Randolph County,2020,171934.0,48984,3.51,12,complete_12_months,available,available_complete,Zillow ZHVI county,annual_mean_zhvi,ACS 2020 5-year B19013
NC,37151,Randolph County,2021,196818.17,51598,3.8145,12,complete_12_months,available,available_complete,Zillow ZHVI county,annual_mean_zhvi,ACS 2021 5-year B19013
NC,37151,Randolph County,2022,217653.76,56423,3.8575,12,complete_12_months,available,available_complete,Zillow ZHVI county,annual_mean_zhvi,ACS 2022 5-year B19013
NC,37151,Randolph County,2023,228032.71,59047,3.8619,12,complete_12_months,available,available_complete,Zillow ZHVI county,annual_mean_zhvi,ACS 2023 5-year B19013
NC,37151,Randolph County,2024,242879.75,61022,3.9802,12,complete_12_months,available,available_complete,Zillow ZHVI county,annual_mean_zhvi,ACS 2024 5-year B19013
NC,37153,Richmond County,2015,75562.68,32687,2.3117,12,complete_12_months,available,available_complete,Zillow ZHVI county,annual_mean_zhvi,ACS 2015 5-year B19013
NC,37153,Richmond County,2016,79235.43,32526,2.4361,12,complete_12_months,available,available_complete,Zillow ZHVI county,annual_mean_zhvi,ACS 2016 5-year B19013
NC,37153,Richmond County,2017,83427.08,33607,2.4824,12,complete_12_months,available,available_complete,Zillow ZHVI county,annual_mean_zhvi,ACS 2017 5-year B19013
NC,37153,Richmond County,2018,87307.91,36091,2.4191,12,complete_12_months,available,available_complete,Zillow ZHVI county,annual_mean_zhvi,ACS 2018 5-year B19013
NC,37153,Richmond County,2019,93157.01,36148,2.5771,12,complete_12_months,available,available_complete,Zillow ZHVI county,annual_mean_zhvi,ACS 2019 5-year B19013
NC,37153,Richmond County,2020,101099.89,39051,2.5889,12,complete_12_months,available,available_complete,Zillow ZHVI county,annual_mean_zhvi,ACS 2020 5-year B19013
NC,37153,Richmond County,2021,108905.78,38926,2.7978,12,complete_12_months,available,available_complete,Zillow ZHVI county,annual_mean_zhvi,ACS 2021 5-year B19013
NC,37153,Richmond County,2022,126461.92,42354,2.9858,12,complete_12_months,available,available_complete,Zillow ZHVI county,annual_mean_zhvi,ACS 2022 5-year B19013
NC,37153,Richmond County,2023,135268.79,43626,3.1006,12,complete_12_months,available,available_complete,Zillow ZHVI county,annual_mean_zhvi,ACS 2023 5-year B19013
NC,37153,Richmond County,2024,135401.83,44883,3.0168,12,complete_12_months,available,available_complete,Zillow ZHVI county,annual_mean_zhvi,ACS 2024 5-year B19013
NC,37155,Robeson County,2015,,30608,,0,source_data_unavailable,available,source_data_unavailable,Zillow ZHVI county,annual_mean_zhvi,ACS 2015 5-year B19013
NC,37155,Robeson County,2016,79170.3,31298,2.5296,11,partial_10_11_months,available,available_partial,Zillow ZHVI county,annual_mean_zhvi,ACS 2016 5-year B19013
NC,37155,Robeson County,2017,77650.61,32407,2.3961,12,complete_12_months,available,available_complete,Zillow ZHVI county,annual_mean_zhvi,ACS 2017 5-year B19013
NC,37155,Robeson County,2018,82070.43,33679,2.4368,12,complete_12_months,available,available_complete,Zillow ZHVI county,annual_mean_zhvi,ACS 2018 5-year B19013
NC,37155,Robeson County,2019,85394.48,34976,2.4415,12,complete_12_months,available,available_complete,Zillow ZHVI county,annual_mean_zhvi,ACS 2019 5-year B19013
NC,37155,Robeson County,2020,91881.58,35362,2.5983,12,complete_12_months,available,available_complete,Zillow ZHVI county,annual_mean_zhvi,ACS 2020 5-year B19013
NC,37155,Robeson County,2021,109606.65,36736,2.9836,12,complete_12_months,available,available_complete,Zillow ZHVI county,annual_mean_zhvi,ACS 2021 5-year B19013
NC,37155,Robeson County,2022,125747.26,39393,3.1921,12,complete_12_months,available,available_complete,Zillow ZHVI county,annual_mean_zhvi,ACS 2022 5-year B19013
NC,37155,Robeson County,2023,135233.82,40318,3.3542,12,complete_12_months,available,available_complete,Zillow ZHVI county,annual_mean_zhvi,ACS 2023 5-year B19013
NC,37155,Robeson County,2024,140192.83,41978,3.3397,12,complete_12_months,available,available_complete,Zillow ZHVI county,annual_mean_zhvi,ACS 2024 5-year B19013
NC,37157,Rockingham County,2015,119245.15,38126,3.1277,12,complete_12_months,available,available_complete,Zillow ZHVI county,annual_mean_zhvi,ACS 2015 5-year B19013
NC,37157,Rockingham County,2016,121484.06,40003,3.0369,12,complete_12_months,available,available_complete,Zillow ZHVI county,annual_mean_zhvi,ACS 2016 5-year B19013
NC,37157,Rockingham County,2017,124109.08,41700,2.9762,12,complete_12_months,available,available_complete,Zillow ZHVI county,annual_mean_zhvi,ACS 2017 5-year B19013
NC,37157,Rockingham County,2018,131919.38,42490,3.1047,12,complete_12_months,available,available_complete,Zillow ZHVI county,annual_mean_zhvi,ACS 2018 5-year B19013
NC,37157,Rockingham County,2019,145374.72,43579,3.3359,12,complete_12_months,available,available_complete,Zillow ZHVI county,annual_mean_zhvi,ACS 2019 5-year B19013
NC,37157,Rockingham County,2020,159304.69,45697,3.4861,12,complete_12_months,available,available_complete,Zillow ZHVI county,annual_mean_zhvi,ACS 2020 5-year B19013
NC,37157,Rockingham County,2021,181784.8,46993,3.8683,12,complete_12_months,available,available_complete,Zillow ZHVI county,annual_mean_zhvi,ACS 2021 5-year B19013
NC,37157,Rockingham County,2022,192989.63,50737,3.8037,12,complete_12_months,available,available_complete,Zillow ZHVI county,annual_mean_zhvi,ACS 2022 5-year B19013
NC,37157,Rockingham County,2023,197332.78,55796,3.5367,12,complete_12_months,available,available_complete,Zillow ZHVI county,annual_mean_zhvi,ACS 2023 5-year B19013
NC,37157,Rockingham County,2024,204906.57,57053,3.5915,12,complete_12_months,available,available_complete,Zillow ZHVI county,annual_mean_zhvi,ACS 2024 5-year B19013
NC,37159,Rowan County,2015,129479.4,43069,3.0063,12,complete_12_months,available,available_complete,Zillow ZHVI county,annual_mean_zhvi,ACS 2015 5-year B19013
NC,37159,Rowan County,2016,138116.95,44494,3.1042,12,complete_12_months,available,available_complete,Zillow ZHVI county,annual_mean_zhvi,ACS 2016 5-year B19013
NC,37159,Rowan County,2017,146150.05,46978,3.111,12,complete_12_months,available,available_complete,Zillow ZHVI county,annual_mean_zhvi,ACS 2017 5-year B19013
NC,37159,Rowan County,2018,153382.97,48667,3.1517,12,complete_12_months,available,available_complete,Zillow ZHVI county,annual_mean_zhvi,ACS 2018 5-year B19013
NC,37159,Rowan County,2019,164965.92,49842,3.3098,12,complete_12_months,available,available_complete,Zillow ZHVI county,annual_mean_zhvi,ACS 2019 5-year B19013
NC,37159,Rowan County,2020,183390.1,51054,3.5921,12,complete_12_months,available,available_complete,Zillow ZHVI county,annual_mean_zhvi,ACS 2020 5-year B19013
NC,37159,Rowan County,2021,219341.22,53600,4.0922,12,complete_12_months,available,available_complete,Zillow ZHVI county,annual_mean_zhvi,ACS 2021 5-year B19013
NC,37159,Rowan County,2022,255472.72,59717,4.2781,12,complete_12_months,available,available_complete,Zillow ZHVI county,annual_mean_zhvi,ACS 2022 5-year B19013
NC,37159,Rowan County,2023,264125.9,63196,4.1795,12,complete_12_months,available,available_complete,Zillow ZHVI county,annual_mean_zhvi,ACS 2023 5-year B19013
NC,37159,Rowan County,2024,276986.31,65725,4.2143,12,complete_12_months,available,available_complete,Zillow ZHVI county,annual_mean_zhvi,ACS 2024 5-year B19013
NC,37161,Rutherford County,2015,107775.03,35630,3.0248,12,complete_12_months,available,available_complete,Zillow ZHVI county,annual_mean_zhvi,ACS 2015 5-year B19013
NC,37161,Rutherford County,2016,111231.04,36144,3.0774,12,complete_12_months,available,available_complete,Zillow ZHVI county,annual_mean_zhvi,ACS 2016 5-year B19013
NC,37161,Rutherford County,2017,118626.09,38573,3.0754,12,complete_12_months,available,available_complete,Zillow ZHVI county,annual_mean_zhvi,ACS 2017 5-year B19013
NC,37161,Rutherford County,2018,128682.3,40347,3.1894,12,complete_12_months,available,available_complete,Zillow ZHVI county,annual_mean_zhvi,ACS 2018 5-year B19013
NC,37161,Rutherford County,2019,141842.73,42608,3.329,12,complete_12_months,available,available_complete,Zillow ZHVI county,annual_mean_zhvi,ACS 2019 5-year B19013
NC,37161,Rutherford County,2020,153546.48,43183,3.5557,12,complete_12_months,available,available_complete,Zillow ZHVI county,annual_mean_zhvi,ACS 2020 5-year B19013
NC,37161,Rutherford County,2021,181110.35,45500,3.9804,12,complete_12_months,available,available_complete,Zillow ZHVI county,annual_mean_zhvi,ACS 2021 5-year B19013
NC,37161,Rutherford County,2022,208327.08,50512,4.1243,12,complete_12_months,available,available_complete,Zillow ZHVI county,annual_mean_zhvi,ACS 2022 5-year B19013
NC,37161,Rutherford County,2023,212865.66,49771,4.2769,12,complete_12_months,available,available_complete,Zillow ZHVI county,annual_mean_zhvi,ACS 2023 5-year B19013
NC,37161,Rutherford County,2024,222566.07,51410,4.3292,12,complete_12_months,available,available_complete,Zillow ZHVI county,annual_mean_zhvi,ACS 2024 5-year B19013
NC,37163,Sampson County,2015,83963.03,35490,2.3658,12,complete_12_months,available,available_complete,Zillow ZHVI county,annual_mean_zhvi,ACS 2015 5-year B19013
NC,37163,Sampson County,2016,88099.03,36742,2.3978,12,complete_12_months,available,available_complete,Zillow ZHVI county,annual_mean_zhvi,ACS 2016 5-year B19013
NC,37163,Sampson County,2017,90103.02,37765,2.3859,12,complete_12_months,available,available_complete,Zillow ZHVI county,annual_mean_zhvi,ACS 2017 5-year B19013
NC,37163,Sampson County,2018,96269.47,39068,2.4642,12,complete_12_months,available,available_complete,Zillow ZHVI county,annual_mean_zhvi,ACS 2018 5-year B19013
NC,37163,Sampson County,2019,100547.28,42151,2.3854,12,complete_12_months,available,available_complete,Zillow ZHVI county,annual_mean_zhvi,ACS 2019 5-year B19013
NC,37163,Sampson County,2020,108143.28,42914,2.52,12,complete_12_months,available,available_complete,Zillow ZHVI county,annual_mean_zhvi,ACS 2020 5-year B19013
NC,37163,Sampson County,2021,122632.28,45127,2.7175,12,complete_12_months,available,available_complete,Zillow ZHVI county,annual_mean_zhvi,ACS 2021 5-year B19013
NC,37163,Sampson County,2022,140292.32,49963,2.8079,12,complete_12_months,available,available_complete,Zillow ZHVI county,annual_mean_zhvi,ACS 2022 5-year B19013
NC,37163,Sampson County,2023,145103.56,53159,2.7296,12,complete_12_months,available,available_complete,Zillow ZHVI county,annual_mean_zhvi,ACS 2023 5-year B19013
NC,37163,Sampson County,2024,147763.96,52432,2.8182,12,complete_12_months,available,available_complete,Zillow ZHVI county,annual_mean_zhvi,ACS 2024 5-year B19013
NC,37165,Scotland County,2015,76225.15,30958,2.4622,12,complete_12_months,available,available_complete,Zillow ZHVI county,annual_mean_zhvi,ACS 2015 5-year B19013
NC,37165,Scotland County,2016,79566.96,30013,2.6511,12,complete_12_months,available,available_complete,Zillow ZHVI county,annual_mean_zhvi,ACS 2016 5-year B19013
NC,37165,Scotland County,2017,80745.48,32739,2.4663,12,complete_12_months,available,available_complete,Zillow ZHVI county,annual_mean_zhvi,ACS 2017 5-year B19013
NC,37165,Scotland County,2018,81954.41,35617,2.301,12,complete_12_months,available,available_complete,Zillow ZHVI county,annual_mean_zhvi,ACS 2018 5-year B19013
NC,37165,Scotland County,2019,83446.38,37238,2.2409,12,complete_12_months,available,available_complete,Zillow ZHVI county,annual_mean_zhvi,ACS 2019 5-year B19013
NC,37165,Scotland County,2020,88356.59,35936,2.4587,12,complete_12_months,available,available_complete,Zillow ZHVI county,annual_mean_zhvi,ACS 2020 5-year B19013
NC,37165,Scotland County,2021,105929.45,39866,2.6571,12,complete_12_months,available,available_complete,Zillow ZHVI county,annual_mean_zhvi,ACS 2021 5-year B19013
NC,37165,Scotland County,2022,126610.11,41948,3.0183,12,complete_12_months,available,available_complete,Zillow ZHVI county,annual_mean_zhvi,ACS 2022 5-year B19013
NC,37165,Scotland County,2023,140027.68,43500,3.219,12,complete_12_months,available,available_complete,Zillow ZHVI county,annual_mean_zhvi,ACS 2023 5-year B19013
NC,37165,Scotland County,2024,146362.71,45730,3.2006,12,complete_12_months,available,available_complete,Zillow ZHVI county,annual_mean_zhvi,ACS 2024 5-year B19013
NC,37167,Stanly County,2015,,40910,,0,source_data_unavailable,available,source_data_unavailable,Zillow ZHVI county,annual_mean_zhvi,ACS 2015 5-year B19013
NC,37167,Stanly County,2016,140907.21,44140,3.1923,11,partial_10_11_months,available,available_partial,Zillow ZHVI county,annual_mean_zhvi,ACS 2016 5-year B19013
NC,37167,Stanly County,2017,149866.21,46017,3.2568,12,complete_12_months,available,available_complete,Zillow ZHVI county,annual_mean_zhvi,ACS 2017 5-year B19013
NC,37167,Stanly County,2018,161284.67,49590,3.2524,12,complete_12_months,available,available_complete,Zillow ZHVI county,annual_mean_zhvi,ACS 2018 5-year B19013
NC,37167,Stanly County,2019,171059.91,52623,3.2507,12,complete_12_months,available,available_complete,Zillow ZHVI county,annual_mean_zhvi,ACS 2019 5-year B19013
NC,37167,Stanly County,2020,187532.55,54104,3.4661,12,complete_12_months,available,available_complete,Zillow ZHVI county,annual_mean_zhvi,ACS 2020 5-year B19013
NC,37167,Stanly County,2021,226547.67,56462,4.0124,12,complete_12_months,available,available_complete,Zillow ZHVI county,annual_mean_zhvi,ACS 2021 5-year B19013
NC,37167,Stanly County,2022,269089.28,60634,4.4379,12,complete_12_months,available,available_complete,Zillow ZHVI county,annual_mean_zhvi,ACS 2022 5-year B19013
NC,37167,Stanly County,2023,281132.58,61631,4.5615,12,complete_12_months,available,available_complete,Zillow ZHVI county,annual_mean_zhvi,ACS 2023 5-year B19013
NC,37167,Stanly County,2024,297010.45,60704,4.8928,12,complete_12_months,available,available_complete,Zillow ZHVI county,annual_mean_zhvi,ACS 2024 5-year B19013
NC,37169,Stokes County,2015,132508.54,40696,3.2561,12,complete_12_months,available,available_complete,Zillow ZHVI county,annual_mean_zhvi,ACS 2015 5-year B19013
NC,37169,Stokes County,2016,136066.67,42489,3.2024,12,complete_12_months,available,available_complete,Zillow ZHVI county,annual_mean_zhvi,ACS 2016 5-year B19013
NC,37169,Stokes County,2017,140745.48,44490,3.1635,12,complete_12_months,available,available_complete,Zillow ZHVI county,annual_mean_zhvi,ACS 2017 5-year B19013
NC,37169,Stokes County,2018,149198.06,46169,3.2316,12,complete_12_months,available,available_complete,Zillow ZHVI county,annual_mean_zhvi,ACS 2018 5-year B19013
NC,37169,Stokes County,2019,159136.66,48054,3.3116,12,complete_12_months,available,available_complete,Zillow ZHVI county,annual_mean_zhvi,ACS 2019 5-year B19013
NC,37169,Stokes County,2020,172973.13,51668,3.3478,12,complete_12_months,available,available_complete,Zillow ZHVI county,annual_mean_zhvi,ACS 2020 5-year B19013
NC,37169,Stokes County,2021,198143.51,52637,3.7643,12,complete_12_months,available,available_complete,Zillow ZHVI county,annual_mean_zhvi,ACS 2021 5-year B19013
NC,37169,Stokes County,2022,215843.44,57539,3.7513,12,complete_12_months,available,available_complete,Zillow ZHVI county,annual_mean_zhvi,ACS 2022 5-year B19013
NC,37169,Stokes County,2023,227571.14,60039,3.7904,12,complete_12_months,available,available_complete,Zillow ZHVI county,annual_mean_zhvi,ACS 2023 5-year B19013
NC,37169,Stokes County,2024,242020.3,62969,3.8435,12,complete_12_months,available,available_complete,Zillow ZHVI county,annual_mean_zhvi,ACS 2024 5-year B19013
NC,37171,Surry County,2015,119750.01,36164,3.3113,12,complete_12_months,available,available_complete,Zillow ZHVI county,annual_mean_zhvi,ACS 2015 5-year B19013
NC,37171,Surry County,2016,123216.55,37345,3.2994,12,complete_12_months,available,available_complete,Zillow ZHVI county,annual_mean_zhvi,ACS 2016 5-year B19013
NC,37171,Surry County,2017,126352.87,39071,3.2339,12,complete_12_months,available,available_complete,Zillow ZHVI county,annual_mean_zhvi,ACS 2017 5-year B19013
NC,37171,Surry County,2018,132717.6,41068,3.2317,12,complete_12_months,available,available_complete,Zillow ZHVI county,annual_mean_zhvi,ACS 2018 5-year B19013
NC,37171,Surry County,2019,139859.93,43597,3.208,12,complete_12_months,available,available_complete,Zillow ZHVI county,annual_mean_zhvi,ACS 2019 5-year B19013
NC,37171,Surry County,2020,149883.66,44979,3.3323,12,complete_12_months,available,available_complete,Zillow ZHVI county,annual_mean_zhvi,ACS 2020 5-year B19013
NC,37171,Surry County,2021,179631.91,50881,3.5304,12,complete_12_months,available,available_complete,Zillow ZHVI county,annual_mean_zhvi,ACS 2021 5-year B19013
NC,37171,Surry County,2022,209632.73,52743,3.9746,12,complete_12_months,available,available_complete,Zillow ZHVI county,annual_mean_zhvi,ACS 2022 5-year B19013
NC,37171,Surry County,2023,216841.84,56095,3.8656,12,complete_12_months,available,available_complete,Zillow ZHVI county,annual_mean_zhvi,ACS 2023 5-year B19013
NC,37171,Surry County,2024,231817.99,55656,4.1652,12,complete_12_months,available,available_complete,Zillow ZHVI county,annual_mean_zhvi,ACS 2024 5-year B19013
NC,37173,Swain County,2015,158923.14,33931,4.6837,12,complete_12_months,available,available_complete,Zillow ZHVI county,annual_mean_zhvi,ACS 2015 5-year B19013
NC,37173,Swain County,2016,169772.11,33598,5.053,12,complete_12_months,available,available_complete,Zillow ZHVI county,annual_mean_zhvi,ACS 2016 5-year B19013
NC,37173,Swain County,2017,179472.71,35271,5.0884,12,complete_12_months,available,available_complete,Zillow ZHVI county,annual_mean_zhvi,ACS 2017 5-year B19013
NC,37173,Swain County,2018,188297.18,36773,5.1205,12,complete_12_months,available,available_complete,Zillow ZHVI county,annual_mean_zhvi,ACS 2018 5-year B19013
NC,37173,Swain County,2019,195647.35,39317,4.9762,12,complete_12_months,available,available_complete,Zillow ZHVI county,annual_mean_zhvi,ACS 2019 5-year B19013
NC,37173,Swain County,2020,209935.33,45554,4.6085,12,complete_12_months,available,available_complete,Zillow ZHVI county,annual_mean_zhvi,ACS 2020 5-year B19013
NC,37173,Swain County,2021,250667.42,48608,5.1569,12,complete_12_months,available,available_complete,Zillow ZHVI county,annual_mean_zhvi,ACS 2021 5-year B19013
NC,37173,Swain County,2022,289764.57,52818,5.4861,12,complete_12_months,available,available_complete,Zillow ZHVI county,annual_mean_zhvi,ACS 2022 5-year B19013
NC,37173,Swain County,2023,307323.48,55429,5.5445,12,complete_12_months,available,available_complete,Zillow ZHVI county,annual_mean_zhvi,ACS 2023 5-year B19013
NC,37173,Swain County,2024,329465.89,52349,6.2936,12,complete_12_months,available,available_complete,Zillow ZHVI county,annual_mean_zhvi,ACS 2024 5-year B19013
NC,37175,Transylvania County,2015,206813.31,45114,4.5842,12,complete_12_months,available,available_complete,Zillow ZHVI county,annual_mean_zhvi,ACS 2015 5-year B19013
NC,37175,Transylvania County,2016,217429.18,43918,4.9508,12,complete_12_months,available,available_complete,Zillow ZHVI county,annual_mean_zhvi,ACS 2016 5-year B19013
NC,37175,Transylvania County,2017,233429.26,44559,5.2387,12,complete_12_months,available,available_complete,Zillow ZHVI county,annual_mean_zhvi,ACS 2017 5-year B19013
NC,37175,Transylvania County,2018,254404.8,46629,5.4559,12,complete_12_months,available,available_complete,Zillow ZHVI county,annual_mean_zhvi,ACS 2018 5-year B19013
NC,37175,Transylvania County,2019,263289.0,50212,5.2435,12,complete_12_months,available,available_complete,Zillow ZHVI county,annual_mean_zhvi,ACS 2019 5-year B19013
NC,37175,Transylvania County,2020,285296.14,51509,5.5388,12,complete_12_months,available,available_complete,Zillow ZHVI county,annual_mean_zhvi,ACS 2020 5-year B19013
NC,37175,Transylvania County,2021,353269.78,57830,6.1088,12,complete_12_months,available,available_complete,Zillow ZHVI county,annual_mean_zhvi,ACS 2021 5-year B19013
NC,37175,Transylvania County,2022,417705.88,62056,6.7311,12,complete_12_months,available,available_complete,Zillow ZHVI county,annual_mean_zhvi,ACS 2022 5-year B19013
NC,37175,Transylvania County,2023,442839.38,64523,6.8633,12,complete_12_months,available,available_complete,Zillow ZHVI county,annual_mean_zhvi,ACS 2023 5-year B19013
NC,37175,Transylvania County,2024,470035.74,66184,7.102,12,complete_12_months,available,available_complete,Zillow ZHVI county,annual_mean_zhvi,ACS 2024 5-year B19013
NC,37177,Tyrrell County,2015,111075.52,32361,3.4324,12,complete_12_months,available,available_complete,Zillow ZHVI county,annual_mean_zhvi,ACS 2015 5-year B19013
NC,37177,Tyrrell County,2016,117197.67,32165,3.6436,12,complete_12_months,available,available_complete,Zillow ZHVI county,annual_mean_zhvi,ACS 2016 5-year B19013
NC,37177,Tyrrell County,2017,118449.29,32411,3.6546,12,complete_12_months,available,available_complete,Zillow ZHVI county,annual_mean_zhvi,ACS 2017 5-year B19013
NC,37177,Tyrrell County,2018,120974.34,35472,3.4104,12,complete_12_months,available,available_complete,Zillow ZHVI county,annual_mean_zhvi,ACS 2018 5-year B19013
NC,37177,Tyrrell County,2019,130481.17,35300,3.6964,12,complete_12_months,available,available_complete,Zillow ZHVI county,annual_mean_zhvi,ACS 2019 5-year B19013
NC,37177,Tyrrell County,2020,138727.25,38250,3.6269,12,complete_12_months,available,available_complete,Zillow ZHVI county,annual_mean_zhvi,ACS 2020 5-year B19013
NC,37177,Tyrrell County,2021,163993.76,40938,4.0059,12,complete_12_months,available,available_complete,Zillow ZHVI county,annual_mean_zhvi,ACS 2021 5-year B19013
NC,37177,Tyrrell County,2022,174332.9,55341,3.1502,12,complete_12_months,available,available_complete,Zillow ZHVI county,annual_mean_zhvi,ACS 2022 5-year B19013
NC,37177,Tyrrell County,2023,175434.17,43952,3.9915,12,complete_12_months,available,available_complete,Zillow ZHVI county,annual_mean_zhvi,ACS 2023 5-year B19013
NC,37177,Tyrrell County,2024,177102.9,41685,4.2486,12,complete_12_months,available,available_complete,Zillow ZHVI county,annual_mean_zhvi,ACS 2024 5-year B19013
NC,37179,Union County,2015,216781.6,65903,3.2894,12,complete_12_months,available,available_complete,Zillow ZHVI county,annual_mean_zhvi,ACS 2015 5-year B19013
NC,37179,Union County,2016,233884.64,67194,3.4807,12,complete_12_months,available,available_complete,Zillow ZHVI county,annual_mean_zhvi,ACS 2016 5-year B19013
NC,37179,Union County,2017,251122.4,70858,3.544,12,complete_12_months,available,available_complete,Zillow ZHVI county,annual_mean_zhvi,ACS 2017 5-year B19013
NC,37179,Union County,2018,268238.0,75397,3.5577,12,complete_12_months,available,available_complete,Zillow ZHVI county,annual_mean_zhvi,ACS 2018 5-year B19013
NC,37179,Union County,2019,281170.4,80033,3.5132,12,complete_12_months,available,available_complete,Zillow ZHVI county,annual_mean_zhvi,ACS 2019 5-year B19013
NC,37179,Union County,2020,299926.42,82557,3.633,12,complete_12_months,available,available_complete,Zillow ZHVI county,annual_mean_zhvi,ACS 2020 5-year B19013
NC,37179,Union County,2021,355937.45,88465,4.0235,12,complete_12_months,available,available_complete,Zillow ZHVI county,annual_mean_zhvi,ACS 2021 5-year B19013
NC,37179,Union County,2022,433793.99,95533,4.5408,12,complete_12_months,available,available_complete,Zillow ZHVI county,annual_mean_zhvi,ACS 2022 5-year B19013
NC,37179,Union County,2023,440972.93,99243,4.4434,12,complete_12_months,available,available_complete,Zillow ZHVI county,annual_mean_zhvi,ACS 2023 5-year B19013
NC,37179,Union County,2024,458001.86,102900,4.4509,12,complete_12_months,available,available_complete,Zillow ZHVI county,annual_mean_zhvi,ACS 2024 5-year B19013
NC,37181,Vance County,2015,96040.16,33316,2.8827,12,complete_12_months,available,available_complete,Zillow ZHVI county,annual_mean_zhvi,ACS 2015 5-year B19013
NC,37181,Vance County,2016,97932.92,32733,2.9919,12,complete_12_months,available,available_complete,Zillow ZHVI county,annual_mean_zhvi,ACS 2016 5-year B19013
NC,37181,Vance County,2017,101065.23,35246,2.8674,12,complete_12_months,available,available_complete,Zillow ZHVI county,annual_mean_zhvi,ACS 2017 5-year B19013
NC,37181,Vance County,2018,109807.96,37282,2.9453,12,complete_12_months,available,available_complete,Zillow ZHVI county,annual_mean_zhvi,ACS 2018 5-year B19013
NC,37181,Vance County,2019,121347.49,40529,2.9941,12,complete_12_months,available,available_complete,Zillow ZHVI county,annual_mean_zhvi,ACS 2019 5-year B19013
NC,37181,Vance County,2020,133083.44,41827,3.1818,12,complete_12_months,available,available_complete,Zillow ZHVI county,annual_mean_zhvi,ACS 2020 5-year B19013
NC,37181,Vance County,2021,159306.51,45243,3.5211,12,complete_12_months,available,available_complete,Zillow ZHVI county,annual_mean_zhvi,ACS 2021 5-year B19013
NC,37181,Vance County,2022,176007.04,48340,3.641,12,complete_12_months,available,available_complete,Zillow ZHVI county,annual_mean_zhvi,ACS 2022 5-year B19013
NC,37181,Vance County,2023,184530.29,46943,3.9309,12,complete_12_months,available,available_complete,Zillow ZHVI county,annual_mean_zhvi,ACS 2023 5-year B19013
NC,37181,Vance County,2024,191272.35,50465,3.7902,12,complete_12_months,available,available_complete,Zillow ZHVI county,annual_mean_zhvi,ACS 2024 5-year B19013
NC,37183,Wake County,2015,255646.14,67309,3.7981,12,complete_12_months,available,available_complete,Zillow ZHVI county,annual_mean_zhvi,ACS 2015 5-year B19013
NC,37183,Wake County,2016,274470.63,70620,3.8866,12,complete_12_months,available,available_complete,Zillow ZHVI county,annual_mean_zhvi,ACS 2016 5-year B19013
NC,37183,Wake County,2017,290584.0,73577,3.9494,12,complete_12_months,available,available_complete,Zillow ZHVI county,annual_mean_zhvi,ACS 2017 5-year B19013
NC,37183,Wake County,2018,304927.57,76956,3.9624,12,complete_12_months,available,available_complete,Zillow ZHVI county,annual_mean_zhvi,ACS 2018 5-year B19013
NC,37183,Wake County,2019,318621.65,80591,3.9536,12,complete_12_months,available,available_complete,Zillow ZHVI county,annual_mean_zhvi,ACS 2019 5-year B19013
NC,37183,Wake County,2020,333488.91,83567,3.9907,12,complete_12_months,available,available_complete,Zillow ZHVI county,annual_mean_zhvi,ACS 2020 5-year B19013
NC,37183,Wake County,2021,387809.16,88471,4.3835,12,complete_12_months,available,available_complete,Zillow ZHVI county,annual_mean_zhvi,ACS 2021 5-year B19013
NC,37183,Wake County,2022,480823.29,96734,4.9706,12,complete_12_months,available,available_complete,Zillow ZHVI county,annual_mean_zhvi,ACS 2022 5-year B19013
NC,37183,Wake County,2023,483485.86,101763,4.7511,12,complete_12_months,available,available_complete,Zillow ZHVI county,annual_mean_zhvi,ACS 2023 5-year B19013
NC,37183,Wake County,2024,497813.07,105768,4.7067,12,complete_12_months,available,available_complete,Zillow ZHVI county,annual_mean_zhvi,ACS 2024 5-year B19013
NC,37185,Warren County,2015,116131.77,34254,3.3903,12,complete_12_months,available,available_complete,Zillow ZHVI county,annual_mean_zhvi,ACS 2015 5-year B19013
NC,37185,Warren County,2016,125607.33,33913,3.7038,12,complete_12_months,available,available_complete,Zillow ZHVI county,annual_mean_zhvi,ACS 2016 5-year B19013
NC,37185,Warren County,2017,125987.35,35443,3.5546,12,complete_12_months,available,available_complete,Zillow ZHVI county,annual_mean_zhvi,ACS 2017 5-year B19013
NC,37185,Warren County,2018,129144.32,35962,3.5911,12,complete_12_months,available,available_complete,Zillow ZHVI county,annual_mean_zhvi,ACS 2018 5-year B19013
NC,37185,Warren County,2019,133862.25,36466,3.6709,12,complete_12_months,available,available_complete,Zillow ZHVI county,annual_mean_zhvi,ACS 2019 5-year B19013
NC,37185,Warren County,2020,145448.65,37476,3.8811,12,complete_12_months,available,available_complete,Zillow ZHVI county,annual_mean_zhvi,ACS 2020 5-year B19013
NC,37185,Warren County,2021,177964.42,39588,4.4954,12,complete_12_months,available,available_complete,Zillow ZHVI county,annual_mean_zhvi,ACS 2021 5-year B19013
NC,37185,Warren County,2022,212053.66,42282,5.0152,12,complete_12_months,available,available_complete,Zillow ZHVI county,annual_mean_zhvi,ACS 2022 5-year B19013
NC,37185,Warren County,2023,219760.15,45279,4.8535,12,complete_12_months,available,available_complete,Zillow ZHVI county,annual_mean_zhvi,ACS 2023 5-year B19013
NC,37185,Warren County,2024,223608.37,50638,4.4158,12,complete_12_months,available,available_complete,Zillow ZHVI county,annual_mean_zhvi,ACS 2024 5-year B19013
NC,37187,Washington County,2015,76416.8,34538,2.2125,12,complete_12_months,available,available_complete,Zillow ZHVI county,annual_mean_zhvi,ACS 2015 5-year B19013
NC,37187,Washington County,2016,78002.35,33286,2.3434,12,complete_12_months,available,available_complete,Zillow ZHVI county,annual_mean_zhvi,ACS 2016 5-year B19013
NC,37187,Washington County,2017,80766.68,34557,2.3372,12,complete_12_months,available,available_complete,Zillow ZHVI county,annual_mean_zhvi,ACS 2017 5-year B19013
NC,37187,Washington County,2018,84089.48,35512,2.3679,12,complete_12_months,available,available_complete,Zillow ZHVI county,annual_mean_zhvi,ACS 2018 5-year B19013
NC,37187,Washington County,2019,86651.49,35979,2.4084,12,complete_12_months,available,available_complete,Zillow ZHVI county,annual_mean_zhvi,ACS 2019 5-year B19013
NC,37187,Washington County,2020,90002.56,30941,2.9088,12,complete_12_months,available,available_complete,Zillow ZHVI county,annual_mean_zhvi,ACS 2020 5-year B19013
NC,37187,Washington County,2021,104954.85,32937,3.1865,12,complete_12_months,available,available_complete,Zillow ZHVI county,annual_mean_zhvi,ACS 2021 5-year B19013
NC,37187,Washington County,2022,116847.37,38927,3.0017,12,complete_12_months,available,available_complete,Zillow ZHVI county,annual_mean_zhvi,ACS 2022 5-year B19013
NC,37187,Washington County,2023,117096.99,41750,2.8047,12,complete_12_months,available,available_complete,Zillow ZHVI county,annual_mean_zhvi,ACS 2023 5-year B19013
NC,37187,Washington County,2024,116518.87,41813,2.7867,12,complete_12_months,available,available_complete,Zillow ZHVI county,annual_mean_zhvi,ACS 2024 5-year B19013
NC,37189,Watauga County,2015,247542.95,37656,6.5738,12,complete_12_months,available,available_complete,Zillow ZHVI county,annual_mean_zhvi,ACS 2015 5-year B19013
NC,37189,Watauga County,2016,252560.27,39443,6.4032,12,complete_12_months,available,available_complete,Zillow ZHVI county,annual_mean_zhvi,ACS 2016 5-year B19013
NC,37189,Watauga County,2017,264983.67,41541,6.3788,12,complete_12_months,available,available_complete,Zillow ZHVI county,annual_mean_zhvi,ACS 2017 5-year B19013
NC,37189,Watauga County,2018,276580.73,45268,6.1099,12,complete_12_months,available,available_complete,Zillow ZHVI county,annual_mean_zhvi,ACS 2018 5-year B19013
NC,37189,Watauga County,2019,290848.21,47526,6.1198,12,complete_12_months,available,available_complete,Zillow ZHVI county,annual_mean_zhvi,ACS 2019 5-year B19013
NC,37189,Watauga County,2020,308123.52,46453,6.633,9,partial_1_9_months,available,available_partial,Zillow ZHVI county,annual_mean_zhvi,ACS 2020 5-year B19013
NC,37189,Watauga County,2021,387561.94,48786,7.9441,12,complete_12_months,available,available_complete,Zillow ZHVI county,annual_mean_zhvi,ACS 2021 5-year B19013
NC,37189,Watauga County,2022,469322.54,50034,9.3801,12,complete_12_months,available,available_complete,Zillow ZHVI county,annual_mean_zhvi,ACS 2022 5-year B19013
NC,37189,Watauga County,2023,487184.22,51367,9.4844,12,complete_12_months,available,available_complete,Zillow ZHVI county,annual_mean_zhvi,ACS 2023 5-year B19013
NC,37189,Watauga County,2024,513654.94,51693,9.9366,12,complete_12_months,available,available_complete,Zillow ZHVI county,annual_mean_zhvi,ACS 2024 5-year B19013
NC,37191,Wayne County,2015,115539.04,40390,2.8606,12,complete_12_months,available,available_complete,Zillow ZHVI county,annual_mean_zhvi,ACS 2015 5-year B19013
NC,37191,Wayne County,2016,121187.35,40457,2.9955,12,complete_12_months,available,available_complete,Zillow ZHVI county,annual_mean_zhvi,ACS 2016 5-year B19013
NC,37191,Wayne County,2017,126458.46,41766,3.0278,12,complete_12_months,available,available_complete,Zillow ZHVI county,annual_mean_zhvi,ACS 2017 5-year B19013
NC,37191,Wayne County,2018,131463.44,42192,3.1158,12,complete_12_months,available,available_complete,Zillow ZHVI county,annual_mean_zhvi,ACS 2018 5-year B19013
NC,37191,Wayne County,2019,136114.24,44416,3.0645,12,complete_12_months,available,available_complete,Zillow ZHVI county,annual_mean_zhvi,ACS 2019 5-year B19013
NC,37191,Wayne County,2020,145368.87,47221,3.0785,12,complete_12_months,available,available_complete,Zillow ZHVI county,annual_mean_zhvi,ACS 2020 5-year B19013
NC,37191,Wayne County,2021,157806.01,49488,3.1888,12,complete_12_months,available,available_complete,Zillow ZHVI county,annual_mean_zhvi,ACS 2021 5-year B19013
NC,37191,Wayne County,2022,176718.02,54323,3.2531,12,complete_12_months,available,available_complete,Zillow ZHVI county,annual_mean_zhvi,ACS 2022 5-year B19013
NC,37191,Wayne County,2023,186933.44,58082,3.2184,12,complete_12_months,available,available_complete,Zillow ZHVI county,annual_mean_zhvi,ACS 2023 5-year B19013
NC,37191,Wayne County,2024,195509.02,59733,3.273,12,complete_12_months,available,available_complete,Zillow ZHVI county,annual_mean_zhvi,ACS 2024 5-year B19013
NC,37193,Wilkes County,2015,117390.38,33232,3.5325,12,complete_12_months,available,available_complete,Zillow ZHVI county,annual_mean_zhvi,ACS 2015 5-year B19013
NC,37193,Wilkes County,2016,123144.3,34846,3.534,12,complete_12_months,available,available_complete,Zillow ZHVI county,annual_mean_zhvi,ACS 2016 5-year B19013
NC,37193,Wilkes County,2017,122189.1,37173,3.287,12,complete_12_months,available,available_complete,Zillow ZHVI county,annual_mean_zhvi,ACS 2017 5-year B19013
NC,37193,Wilkes County,2018,124987.69,40829,3.0612,12,complete_12_months,available,available_complete,Zillow ZHVI county,annual_mean_zhvi,ACS 2018 5-year B19013
NC,37193,Wilkes County,2019,137121.96,44107,3.1088,12,complete_12_months,available,available_complete,Zillow ZHVI county,annual_mean_zhvi,ACS 2019 5-year B19013
NC,37193,Wilkes County,2020,149010.84,44980,3.3128,12,complete_12_months,available,available_complete,Zillow ZHVI county,annual_mean_zhvi,ACS 2020 5-year B19013
NC,37193,Wilkes County,2021,173047.82,46079,3.7555,12,complete_12_months,available,available_complete,Zillow ZHVI county,annual_mean_zhvi,ACS 2021 5-year B19013
NC,37193,Wilkes County,2022,196975.5,49119,4.0102,12,complete_12_months,available,available_complete,Zillow ZHVI county,annual_mean_zhvi,ACS 2022 5-year B19013
NC,37193,Wilkes County,2023,209529.92,50438,4.1542,12,complete_12_months,available,available_complete,Zillow ZHVI county,annual_mean_zhvi,ACS 2023 5-year B19013
NC,37193,Wilkes County,2024,216180.24,51721,4.1797,12,complete_12_months,available,available_complete,Zillow ZHVI county,annual_mean_zhvi,ACS 2024 5-year B19013
NC,37195,Wilson County,2015,110548.16,39847,2.7743,12,complete_12_months,available,available_complete,Zillow ZHVI county,annual_mean_zhvi,ACS 2015 5-year B19013
NC,37195,Wilson County,2016,111060.28,40260,2.7586,12,complete_12_months,available,available_complete,Zillow ZHVI county,annual_mean_zhvi,ACS 2016 5-year B19013
NC,37195,Wilson County,2017,115146.23,42095,2.7354,12,complete_12_months,available,available_complete,Zillow ZHVI county,annual_mean_zhvi,ACS 2017 5-year B19013
NC,37195,Wilson County,2018,121776.49,42850,2.8419,12,complete_12_months,available,available_complete,Zillow ZHVI county,annual_mean_zhvi,ACS 2018 5-year B19013
NC,37195,Wilson County,2019,127539.38,43877,2.9067,12,complete_12_months,available,available_complete,Zillow ZHVI county,annual_mean_zhvi,ACS 2019 5-year B19013
NC,37195,Wilson County,2020,135732.29,44594,3.0437,12,complete_12_months,available,available_complete,Zillow ZHVI county,annual_mean_zhvi,ACS 2020 5-year B19013
NC,37195,Wilson County,2021,161246.67,47348,3.4056,12,complete_12_months,available,available_complete,Zillow ZHVI county,annual_mean_zhvi,ACS 2021 5-year B19013
NC,37195,Wilson County,2022,193512.94,49827,3.8837,12,complete_12_months,available,available_complete,Zillow ZHVI county,annual_mean_zhvi,ACS 2022 5-year B19013
NC,37195,Wilson County,2023,212099.69,51381,4.128,12,complete_12_months,available,available_complete,Zillow ZHVI county,annual_mean_zhvi,ACS 2023 5-year B19013
NC,37195,Wilson County,2024,220217.15,56423,3.903,12,complete_12_months,available,available_complete,Zillow ZHVI county,annual_mean_zhvi,ACS 2024 5-year B19013
NC,37197,Yadkin County,2015,129579.39,37796,3.4284,12,complete_12_months,available,available_complete,Zillow ZHVI county,annual_mean_zhvi,ACS 2015 5-year B19013
NC,37197,Yadkin County,2016,134728.5,38623,3.4883,12,complete_12_months,available,available_complete,Zillow ZHVI county,annual_mean_zhvi,ACS 2016 5-year B19013
NC,37197,Yadkin County,2017,142882.91,41126,3.4743,12,complete_12_months,available,available_complete,Zillow ZHVI county,annual_mean_zhvi,ACS 2017 5-year B19013
NC,37197,Yadkin County,2018,148169.33,42876,3.4558,12,complete_12_months,available,available_complete,Zillow ZHVI county,annual_mean_zhvi,ACS 2018 5-year B19013
NC,37197,Yadkin County,2019,155122.34,44682,3.4717,12,complete_12_months,available,available_complete,Zillow ZHVI county,annual_mean_zhvi,ACS 2019 5-year B19013
NC,37197,Yadkin County,2020,170653.88,46954,3.6345,12,complete_12_months,available,available_complete,Zillow ZHVI county,annual_mean_zhvi,ACS 2020 5-year B19013
NC,37197,Yadkin County,2021,189561.41,51348,3.6917,12,complete_12_months,available,available_complete,Zillow ZHVI county,annual_mean_zhvi,ACS 2021 5-year B19013
NC,37197,Yadkin County,2022,208165.12,57486,3.6211,12,complete_12_months,available,available_complete,Zillow ZHVI county,annual_mean_zhvi,ACS 2022 5-year B19013
NC,37197,Yadkin County,2023,219472.7,60321,3.6384,12,complete_12_months,available,available_complete,Zillow ZHVI county,annual_mean_zhvi,ACS 2023 5-year B19013
NC,37197,Yadkin County,2024,233660.23,62932,3.7129,12,complete_12_months,available,available_complete,Zillow ZHVI county,annual_mean_zhvi,ACS 2024 5-year B19013
NC,37199,Yancey County,2015,166048.65,37484,4.4299,12,complete_12_months,available,available_complete,Zillow ZHVI county,annual_mean_zhvi,ACS 2015 5-year B19013
NC,37199,Yancey County,2016,171632.94,36993,4.6396,12,complete_12_months,available,available_complete,Zillow ZHVI county,annual_mean_zhvi,ACS 2016 5-year B19013
NC,37199,Yancey County,2017,178372.82,37610,4.7427,12,complete_12_months,available,available_complete,Zillow ZHVI county,annual_mean_zhvi,ACS 2017 5-year B19013
NC,37199,Yancey County,2018,189882.24,39888,4.7604,12,complete_12_months,available,available_complete,Zillow ZHVI county,annual_mean_zhvi,ACS 2018 5-year B19013
NC,37199,Yancey County,2019,196591.11,42222,4.6561,12,complete_12_months,available,available_complete,Zillow ZHVI county,annual_mean_zhvi,ACS 2019 5-year B19013
NC,37199,Yancey County,2020,210391.35,44554,4.7222,12,complete_12_months,available,available_complete,Zillow ZHVI county,annual_mean_zhvi,ACS 2020 5-year B19013
NC,37199,Yancey County,2021,259200.04,45324,5.7188,12,complete_12_months,available,available_complete,Zillow ZHVI county,annual_mean_zhvi,ACS 2021 5-year B19013
NC,37199,Yancey County,2022,313848.41,53103,5.9102,12,complete_12_months,available,available_complete,Zillow ZHVI county,annual_mean_zhvi,ACS 2022 5-year B19013
NC,37199,Yancey County,2023,321059.81,54961,5.8416,12,complete_12_months,available,available_complete,Zillow ZHVI county,annual_mean_zhvi,ACS 2023 5-year B19013
NC,37199,Yancey County,2024,332129.8,58709,5.6572,12,complete_12_months,available,available_complete,Zillow ZHVI county,annual_mean_zhvi,ACS 2024 5-year B19013
SC,45001,Abbeville County,2015,109279.98,34799,3.1403,12,complete_12_months,available,available_complete,Zillow ZHVI county,annual_mean_zhvi,ACS 2015 5-year B19013
SC,45001,Abbeville County,2016,121808.94,34652,3.5152,12,complete_12_months,available,available_complete,Zillow ZHVI county,annual_mean_zhvi,ACS 2016 5-year B19013
SC,45001,Abbeville County,2017,121044.68,35254,3.4335,12,complete_12_months,available,available_complete,Zillow ZHVI county,annual_mean_zhvi,ACS 2017 5-year B19013
SC,45001,Abbeville County,2018,128639.98,36685,3.5066,12,complete_12_months,available,available_complete,Zillow ZHVI county,annual_mean_zhvi,ACS 2018 5-year B19013
SC,45001,Abbeville County,2019,134058.6,38741,3.4604,12,complete_12_months,available,available_complete,Zillow ZHVI county,annual_mean_zhvi,ACS 2019 5-year B19013
SC,45001,Abbeville County,2020,145392.57,43090,3.3742,12,complete_12_months,available,available_complete,Zillow ZHVI county,annual_mean_zhvi,ACS 2020 5-year B19013
SC,45001,Abbeville County,2021,174455.7,45710,3.8166,12,complete_12_months,available,available_complete,Zillow ZHVI county,annual_mean_zhvi,ACS 2021 5-year B19013
SC,45001,Abbeville County,2022,201869.58,49759,4.0569,12,complete_12_months,available,available_complete,Zillow ZHVI county,annual_mean_zhvi,ACS 2022 5-year B19013
SC,45001,Abbeville County,2023,213031.52,52112,4.088,12,complete_12_months,available,available_complete,Zillow ZHVI county,annual_mean_zhvi,ACS 2023 5-year B19013
SC,45001,Abbeville County,2024,215606.18,52935,4.073,12,complete_12_months,available,available_complete,Zillow ZHVI county,annual_mean_zhvi,ACS 2024 5-year B19013
SC,45003,Aiken County,2015,137512.52,45759,3.0051,12,complete_12_months,available,available_complete,Zillow ZHVI county,annual_mean_zhvi,ACS 2015 5-year B19013
SC,45003,Aiken County,2016,144547.6,46454,3.1116,12,complete_12_months,available,available_complete,Zillow ZHVI county,annual_mean_zhvi,ACS 2016 5-year B19013
SC,45003,Aiken County,2017,148738.04,47713,3.1173,12,complete_12_months,available,available_complete,Zillow ZHVI county,annual_mean_zhvi,ACS 2017 5-year B19013
SC,45003,Aiken County,2018,160114.1,50036,3.2,12,complete_12_months,available,available_complete,Zillow ZHVI county,annual_mean_zhvi,ACS 2018 5-year B19013
SC,45003,Aiken County,2019,173525.35,51399,3.376,12,complete_12_months,available,available_complete,Zillow ZHVI county,annual_mean_zhvi,ACS 2019 5-year B19013
SC,45003,Aiken County,2020,187426.88,53385,3.5109,12,complete_12_months,available,available_complete,Zillow ZHVI county,annual_mean_zhvi,ACS 2020 5-year B19013
SC,45003,Aiken County,2021,209299.35,57572,3.6354,12,complete_12_months,available,available_complete,Zillow ZHVI county,annual_mean_zhvi,ACS 2021 5-year B19013
SC,45003,Aiken County,2022,231449.19,63212,3.6615,12,complete_12_months,available,available_complete,Zillow ZHVI county,annual_mean_zhvi,ACS 2022 5-year B19013
SC,45003,Aiken County,2023,235669.12,67940,3.4688,12,complete_12_months,available,available_complete,Zillow ZHVI county,annual_mean_zhvi,ACS 2023 5-year B19013
SC,45003,Aiken County,2024,238741.89,70609,3.3812,12,complete_12_months,available,available_complete,Zillow ZHVI county,annual_mean_zhvi,ACS 2024 5-year B19013
SC,45005,Allendale County,2015,52786.77,25327,2.0842,12,complete_12_months,available,available_complete,Zillow ZHVI county,annual_mean_zhvi,ACS 2015 5-year B19013
SC,45005,Allendale County,2016,57097.42,24817,2.3007,12,complete_12_months,available,available_complete,Zillow ZHVI county,annual_mean_zhvi,ACS 2016 5-year B19013
SC,45005,Allendale County,2017,65036.2,23331,2.7875,12,complete_12_months,available,available_complete,Zillow ZHVI county,annual_mean_zhvi,ACS 2017 5-year B19013
SC,45005,Allendale County,2018,71693.55,24560,2.9191,12,complete_12_months,available,available_complete,Zillow ZHVI county,annual_mean_zhvi,ACS 2018 5-year B19013
SC,45005,Allendale County,2019,63383.64,27185,2.3316,12,complete_12_months,available,available_complete,Zillow ZHVI county,annual_mean_zhvi,ACS 2019 5-year B19013
SC,45005,Allendale County,2020,65487.91,26074,2.5116,12,complete_12_months,available,available_complete,Zillow ZHVI county,annual_mean_zhvi,ACS 2020 5-year B19013
SC,45005,Allendale County,2021,75489.05,31800,2.3739,12,complete_12_months,available,available_complete,Zillow ZHVI county,annual_mean_zhvi,ACS 2021 5-year B19013
SC,45005,Allendale County,2022,85858.16,37096,2.3145,12,complete_12_months,available,available_complete,Zillow ZHVI county,annual_mean_zhvi,ACS 2022 5-year B19013
SC,45005,Allendale County,2023,82071.32,31603,2.5969,12,complete_12_months,available,available_complete,Zillow ZHVI county,annual_mean_zhvi,ACS 2023 5-year B19013
SC,45005,Allendale County,2024,82604.89,32328,2.5552,12,complete_12_months,available,available_complete,Zillow ZHVI county,annual_mean_zhvi,ACS 2024 5-year B19013
SC,45007,Anderson County,2015,138808.49,42143,3.2937,12,complete_12_months,available,available_complete,Zillow ZHVI county,annual_mean_zhvi,ACS 2015 5-year B19013
SC,45007,Anderson County,2016,147022.9,43518,3.3784,12,complete_12_months,available,available_complete,Zillow ZHVI county,annual_mean_zhvi,ACS 2016 5-year B19013
SC,45007,Anderson County,2017,153346.71,45551,3.3665,12,complete_12_months,available,available_complete,Zillow ZHVI county,annual_mean_zhvi,ACS 2017 5-year B19013
SC,45007,Anderson County,2018,161905.93,47906,3.3797,12,complete_12_months,available,available_complete,Zillow ZHVI county,annual_mean_zhvi,ACS 2018 5-year B19013
SC,45007,Anderson County,2019,167623.76,50865,3.2955,12,complete_12_months,available,available_complete,Zillow ZHVI county,annual_mean_zhvi,ACS 2019 5-year B19013
SC,45007,Anderson County,2020,181134.16,53598,3.3795,12,complete_12_months,available,available_complete,Zillow ZHVI county,annual_mean_zhvi,ACS 2020 5-year B19013
SC,45007,Anderson County,2021,211810.24,56796,3.7293,12,complete_12_months,available,available_complete,Zillow ZHVI county,annual_mean_zhvi,ACS 2021 5-year B19013
SC,45007,Anderson County,2022,248456.91,62347,3.9851,12,complete_12_months,available,available_complete,Zillow ZHVI county,annual_mean_zhvi,ACS 2022 5-year B19013
SC,45007,Anderson County,2023,270861.09,64683,4.1875,12,complete_12_months,available,available_complete,Zillow ZHVI county,annual_mean_zhvi,ACS 2023 5-year B19013
SC,45007,Anderson County,2024,285435.69,66651,4.2825,12,complete_12_months,available,available_complete,Zillow ZHVI county,annual_mean_zhvi,ACS 2024 5-year B19013
SC,45009,Bamberg County,2015,,31314,,0,source_data_unavailable,available,source_data_unavailable,Zillow ZHVI county,annual_mean_zhvi,ACS 2015 5-year B19013
SC,45009,Bamberg County,2016,103291.62,32321,3.1958,11,partial_10_11_months,available,available_partial,Zillow ZHVI county,annual_mean_zhvi,ACS 2016 5-year B19013
SC,45009,Bamberg County,2017,88236.47,32330,2.7292,12,complete_12_months,available,available_complete,Zillow ZHVI county,annual_mean_zhvi,ACS 2017 5-year B19013
SC,45009,Bamberg County,2018,92870.05,32229,2.8816,12,complete_12_months,available,available_complete,Zillow ZHVI county,annual_mean_zhvi,ACS 2018 5-year B19013
SC,45009,Bamberg County,2019,94479.24,31422,3.0068,12,complete_12_months,available,available_complete,Zillow ZHVI county,annual_mean_zhvi,ACS 2019 5-year B19013
SC,45009,Bamberg County,2020,104744.69,42830,2.4456,12,complete_12_months,available,available_complete,Zillow ZHVI county,annual_mean_zhvi,ACS 2020 5-year B19013
SC,45009,Bamberg County,2021,119079.31,44408,2.6815,12,complete_12_months,available,available_complete,Zillow ZHVI county,annual_mean_zhvi,ACS 2021 5-year B19013
SC,45009,Bamberg County,2022,125372.35,43920,2.8546,12,complete_12_months,available,available_complete,Zillow ZHVI county,annual_mean_zhvi,ACS 2022 5-year B19013
SC,45009,Bamberg County,2023,127511.59,43206,2.9512,12,complete_12_months,available,available_complete,Zillow ZHVI county,annual_mean_zhvi,ACS 2023 5-year B19013
SC,45009,Bamberg County,2024,143371.67,44370,3.2313,12,complete_12_months,available,available_complete,Zillow ZHVI county,annual_mean_zhvi,ACS 2024 5-year B19013
SC,45011,Barnwell County,2015,118838.18,34336,3.461,12,complete_12_months,available,available_complete,Zillow ZHVI county,annual_mean_zhvi,ACS 2015 5-year B19013
SC,45011,Barnwell County,2016,130100.79,34787,3.7399,12,complete_12_months,available,available_complete,Zillow ZHVI county,annual_mean_zhvi,ACS 2016 5-year B19013
SC,45011,Barnwell County,2017,132500.19,34035,3.8931,12,complete_12_months,available,available_complete,Zillow ZHVI county,annual_mean_zhvi,ACS 2017 5-year B19013
SC,45011,Barnwell County,2018,134909.35,36566,3.6895,12,complete_12_months,available,available_complete,Zillow ZHVI county,annual_mean_zhvi,ACS 2018 5-year B19013
SC,45011,Barnwell County,2019,140937.68,35803,3.9365,12,complete_12_months,available,available_complete,Zillow ZHVI county,annual_mean_zhvi,ACS 2019 5-year B19013
SC,45011,Barnwell County,2020,152469.73,37572,4.0581,12,complete_12_months,available,available_complete,Zillow ZHVI county,annual_mean_zhvi,ACS 2020 5-year B19013
SC,45011,Barnwell County,2021,174110.75,38237,4.5535,12,complete_12_months,available,available_complete,Zillow ZHVI county,annual_mean_zhvi,ACS 2021 5-year B19013
SC,45011,Barnwell County,2022,183017.68,42470,4.3093,12,complete_12_months,available,available_complete,Zillow ZHVI county,annual_mean_zhvi,ACS 2022 5-year B19013
SC,45011,Barnwell County,2023,182784.05,41800,4.3728,12,complete_12_months,available,available_complete,Zillow ZHVI county,annual_mean_zhvi,ACS 2023 5-year B19013
SC,45011,Barnwell County,2024,177811.41,46626,3.8136,12,complete_12_months,available,available_complete,Zillow ZHVI county,annual_mean_zhvi,ACS 2024 5-year B19013
SC,45013,Beaufort County,2015,283985.7,57048,4.978,12,complete_12_months,available,available_complete,Zillow ZHVI county,annual_mean_zhvi,ACS 2015 5-year B19013
SC,45013,Beaufort County,2016,299722.33,59227,5.0606,12,complete_12_months,available,available_complete,Zillow ZHVI county,annual_mean_zhvi,ACS 2016 5-year B19013
SC,45013,Beaufort County,2017,306645.59,60603,5.0599,12,complete_12_months,available,available_complete,Zillow ZHVI county,annual_mean_zhvi,ACS 2017 5-year B19013
SC,45013,Beaufort County,2018,315584.15,63110,5.0005,12,complete_12_months,available,available_complete,Zillow ZHVI county,annual_mean_zhvi,ACS 2018 5-year B19013
SC,45013,Beaufort County,2019,326098.31,68377,4.7691,12,complete_12_months,available,available_complete,Zillow ZHVI county,annual_mean_zhvi,ACS 2019 5-year B19013
SC,45013,Beaufort County,2020,338822.57,71430,4.7434,12,complete_12_months,available,available_complete,Zillow ZHVI county,annual_mean_zhvi,ACS 2020 5-year B19013
SC,45013,Beaufort County,2021,396498.43,74199,5.3437,12,complete_12_months,available,available_complete,Zillow ZHVI county,annual_mean_zhvi,ACS 2021 5-year B19013
SC,45013,Beaufort County,2022,493516.39,81260,6.0733,12,complete_12_months,available,available_complete,Zillow ZHVI county,annual_mean_zhvi,ACS 2022 5-year B19013
SC,45013,Beaufort County,2023,527231.18,84819,6.216,12,complete_12_months,available,available_complete,Zillow ZHVI county,annual_mean_zhvi,ACS 2023 5-year B19013
SC,45013,Beaufort County,2024,549074.89,86573,6.3423,12,complete_12_months,available,available_complete,Zillow ZHVI county,annual_mean_zhvi,ACS 2024 5-year B19013
SC,45015,Berkeley County,2015,191128.18,52506,3.6401,12,complete_12_months,available,available_complete,Zillow ZHVI county,annual_mean_zhvi,ACS 2015 5-year B19013
SC,45015,Berkeley County,2016,202662.82,54484,3.7197,12,complete_12_months,available,available_complete,Zillow ZHVI county,annual_mean_zhvi,ACS 2016 5-year B19013
SC,45015,Berkeley County,2017,214050.08,56697,3.7753,12,complete_12_months,available,available_complete,Zillow ZHVI county,annual_mean_zhvi,ACS 2017 5-year B19013
SC,45015,Berkeley County,2018,228144.37,59995,3.8027,12,complete_12_months,available,available_complete,Zillow ZHVI county,annual_mean_zhvi,ACS 2018 5-year B19013
SC,45015,Berkeley County,2019,241958.82,63309,3.8219,12,complete_12_months,available,available_complete,Zillow ZHVI county,annual_mean_zhvi,ACS 2019 5-year B19013
SC,45015,Berkeley County,2020,256254.29,65443,3.9157,12,complete_12_months,available,available_complete,Zillow ZHVI county,annual_mean_zhvi,ACS 2020 5-year B19013
SC,45015,Berkeley County,2021,295231.83,70786,4.1708,12,complete_12_months,available,available_complete,Zillow ZHVI county,annual_mean_zhvi,ACS 2021 5-year B19013
SC,45015,Berkeley County,2022,350315.43,77874,4.4985,12,complete_12_months,available,available_complete,Zillow ZHVI county,annual_mean_zhvi,ACS 2022 5-year B19013
SC,45015,Berkeley County,2023,360818.14,82327,4.3827,12,complete_12_months,available,available_complete,Zillow ZHVI county,annual_mean_zhvi,ACS 2023 5-year B19013
SC,45015,Berkeley County,2024,374932.02,84358,4.4445,12,complete_12_months,available,available_complete,Zillow ZHVI county,annual_mean_zhvi,ACS 2024 5-year B19013
SC,45017,Calhoun County,2015,118099.57,43531,2.713,12,complete_12_months,available,available_complete,Zillow ZHVI county,annual_mean_zhvi,ACS 2015 5-year B19013
SC,45017,Calhoun County,2016,129585.62,42779,3.0292,12,complete_12_months,available,available_complete,Zillow ZHVI county,annual_mean_zhvi,ACS 2016 5-year B19013
SC,45017,Calhoun County,2017,131664.87,44010,2.9917,12,complete_12_months,available,available_complete,Zillow ZHVI county,annual_mean_zhvi,ACS 2017 5-year B19013
SC,45017,Calhoun County,2018,137136.28,44534,3.0794,12,complete_12_months,available,available_complete,Zillow ZHVI county,annual_mean_zhvi,ACS 2018 5-year B19013
SC,45017,Calhoun County,2019,145607.49,46339,3.1422,12,complete_12_months,available,available_complete,Zillow ZHVI county,annual_mean_zhvi,ACS 2019 5-year B19013
SC,45017,Calhoun County,2020,155513.23,49844,3.12,12,complete_12_months,available,available_complete,Zillow ZHVI county,annual_mean_zhvi,ACS 2020 5-year B19013
SC,45017,Calhoun County,2021,174697.14,52491,3.3281,12,complete_12_months,available,available_complete,Zillow ZHVI county,annual_mean_zhvi,ACS 2021 5-year B19013
SC,45017,Calhoun County,2022,194309.99,55550,3.4979,12,complete_12_months,available,available_complete,Zillow ZHVI county,annual_mean_zhvi,ACS 2022 5-year B19013
SC,45017,Calhoun County,2023,201077.62,56690,3.547,12,complete_12_months,available,available_complete,Zillow ZHVI county,annual_mean_zhvi,ACS 2023 5-year B19013
SC,45017,Calhoun County,2024,208939.55,58682,3.5605,12,complete_12_months,available,available_complete,Zillow ZHVI county,annual_mean_zhvi,ACS 2024 5-year B19013
SC,45019,Charleston County,2015,285309.51,53437,5.3392,12,complete_12_months,available,available_complete,Zillow ZHVI county,annual_mean_zhvi,ACS 2015 5-year B19013
SC,45019,Charleston County,2016,311491.73,54931,5.6706,12,complete_12_months,available,available_complete,Zillow ZHVI county,annual_mean_zhvi,ACS 2016 5-year B19013
SC,45019,Charleston County,2017,330610.73,57882,5.7118,12,complete_12_months,available,available_complete,Zillow ZHVI county,annual_mean_zhvi,ACS 2017 5-year B19013
SC,45019,Charleston County,2018,347802.63,61028,5.6991,12,complete_12_months,available,available_complete,Zillow ZHVI county,annual_mean_zhvi,ACS 2018 5-year B19013
SC,45019,Charleston County,2019,353517.85,64022,5.5218,12,complete_12_months,available,available_complete,Zillow ZHVI county,annual_mean_zhvi,ACS 2019 5-year B19013
SC,45019,Charleston County,2020,366947.05,67182,5.462,12,complete_12_months,available,available_complete,Zillow ZHVI county,annual_mean_zhvi,ACS 2020 5-year B19013
SC,45019,Charleston County,2021,428145.05,70807,6.0466,12,complete_12_months,available,available_complete,Zillow ZHVI county,annual_mean_zhvi,ACS 2021 5-year B19013
SC,45019,Charleston County,2022,522123.81,78795,6.6264,12,complete_12_months,available,available_complete,Zillow ZHVI county,annual_mean_zhvi,ACS 2022 5-year B19013
SC,45019,Charleston County,2023,560851.13,84320,6.6515,12,complete_12_months,available,available_complete,Zillow ZHVI county,annual_mean_zhvi,ACS 2023 5-year B19013
SC,45019,Charleston County,2024,607169.5,88494,6.8611,12,complete_12_months,available,available_complete,Zillow ZHVI county,annual_mean_zhvi,ACS 2024 5-year B19013
SC,45021,Cherokee County,2015,136442.03,35389,3.8555,12,complete_12_months,available,available_complete,Zillow ZHVI county,annual_mean_zhvi,ACS 2015 5-year B19013
SC,45021,Cherokee County,2016,142799.96,35719,3.9979,12,complete_12_months,available,available_complete,Zillow ZHVI county,annual_mean_zhvi,ACS 2016 5-year B19013
SC,45021,Cherokee County,2017,145618.97,35286,4.1268,12,complete_12_months,available,available_complete,Zillow ZHVI county,annual_mean_zhvi,ACS 2017 5-year B19013
SC,45021,Cherokee County,2018,149673.45,35836,4.1766,12,complete_12_months,available,available_complete,Zillow ZHVI county,annual_mean_zhvi,ACS 2018 5-year B19013
SC,45021,Cherokee County,2019,162767.38,36883,4.4131,12,complete_12_months,available,available_complete,Zillow ZHVI county,annual_mean_zhvi,ACS 2019 5-year B19013
SC,45021,Cherokee County,2020,177036.78,37787,4.6851,12,complete_12_months,available,available_complete,Zillow ZHVI county,annual_mean_zhvi,ACS 2020 5-year B19013
SC,45021,Cherokee County,2021,198077.57,41330,4.7926,12,complete_12_months,available,available_complete,Zillow ZHVI county,annual_mean_zhvi,ACS 2021 5-year B19013
SC,45021,Cherokee County,2022,214147.0,47011,4.5553,12,complete_12_months,available,available_complete,Zillow ZHVI county,annual_mean_zhvi,ACS 2022 5-year B19013
SC,45021,Cherokee County,2023,210789.21,49047,4.2977,12,complete_12_months,available,available_complete,Zillow ZHVI county,annual_mean_zhvi,ACS 2023 5-year B19013
SC,45021,Cherokee County,2024,205357.8,50288,4.0836,12,complete_12_months,available,available_complete,Zillow ZHVI county,annual_mean_zhvi,ACS 2024 5-year B19013
SC,45023,Chester County,2015,106415.5,31914,3.3344,12,complete_12_months,available,available_complete,Zillow ZHVI county,annual_mean_zhvi,ACS 2015 5-year B19013
SC,45023,Chester County,2016,114291.43,34319,3.3303,12,complete_12_months,available,available_complete,Zillow ZHVI county,annual_mean_zhvi,ACS 2016 5-year B19013
SC,45023,Chester County,2017,120656.88,37421,3.2243,12,complete_12_months,available,available_complete,Zillow ZHVI county,annual_mean_zhvi,ACS 2017 5-year B19013
SC,45023,Chester County,2018,132288.5,40080,3.3006,12,complete_12_months,available,available_complete,Zillow ZHVI county,annual_mean_zhvi,ACS 2018 5-year B19013
SC,45023,Chester County,2019,130316.26,42442,3.0705,12,complete_12_months,available,available_complete,Zillow ZHVI county,annual_mean_zhvi,ACS 2019 5-year B19013
SC,45023,Chester County,2020,143301.86,43985,3.258,12,complete_12_months,available,available_complete,Zillow ZHVI county,annual_mean_zhvi,ACS 2020 5-year B19013
SC,45023,Chester County,2021,176515.52,46441,3.8009,12,complete_12_months,available,available_complete,Zillow ZHVI county,annual_mean_zhvi,ACS 2021 5-year B19013
SC,45023,Chester County,2022,209477.87,50022,4.1877,12,complete_12_months,available,available_complete,Zillow ZHVI county,annual_mean_zhvi,ACS 2022 5-year B19013
SC,45023,Chester County,2023,215874.89,51216,4.215,12,complete_12_months,available,available_complete,Zillow ZHVI county,annual_mean_zhvi,ACS 2023 5-year B19013
SC,45023,Chester County,2024,223235.68,52458,4.2555,12,complete_12_months,available,available_complete,Zillow ZHVI county,annual_mean_zhvi,ACS 2024 5-year B19013
SC,45025,Chesterfield County,2015,113616.44,32083,3.5413,12,complete_12_months,available,available_complete,Zillow ZHVI county,annual_mean_zhvi,ACS 2015 5-year B19013
SC,45025,Chesterfield County,2016,117241.11,35733,3.281,12,complete_12_months,available,available_complete,Zillow ZHVI county,annual_mean_zhvi,ACS 2016 5-year B19013
SC,45025,Chesterfield County,2017,118856.17,38469,3.0897,12,complete_12_months,available,available_complete,Zillow ZHVI county,annual_mean_zhvi,ACS 2017 5-year B19013
SC,45025,Chesterfield County,2018,124335.18,40033,3.1058,12,complete_12_months,available,available_complete,Zillow ZHVI county,annual_mean_zhvi,ACS 2018 5-year B19013
SC,45025,Chesterfield County,2019,129004.17,41505,3.1082,12,complete_12_months,available,available_complete,Zillow ZHVI county,annual_mean_zhvi,ACS 2019 5-year B19013
SC,45025,Chesterfield County,2020,133679.49,41937,3.1876,12,complete_12_months,available,available_complete,Zillow ZHVI county,annual_mean_zhvi,ACS 2020 5-year B19013
SC,45025,Chesterfield County,2021,156523.32,45046,3.4747,12,complete_12_months,available,available_complete,Zillow ZHVI county,annual_mean_zhvi,ACS 2021 5-year B19013
SC,45025,Chesterfield County,2022,179259.71,46326,3.8695,12,complete_12_months,available,available_complete,Zillow ZHVI county,annual_mean_zhvi,ACS 2022 5-year B19013
SC,45025,Chesterfield County,2023,182088.73,47620,3.8238,12,complete_12_months,available,available_complete,Zillow ZHVI county,annual_mean_zhvi,ACS 2023 5-year B19013
SC,45025,Chesterfield County,2024,179305.03,49235,3.6418,12,complete_12_months,available,available_complete,Zillow ZHVI county,annual_mean_zhvi,ACS 2024 5-year B19013
SC,45027,Clarendon County,2015,123602.87,33162,3.7272,12,complete_12_months,available,available_complete,Zillow ZHVI county,annual_mean_zhvi,ACS 2015 5-year B19013
SC,45027,Clarendon County,2016,129543.77,34106,3.7983,12,complete_12_months,available,available_complete,Zillow ZHVI county,annual_mean_zhvi,ACS 2016 5-year B19013
SC,45027,Clarendon County,2017,135165.71,35838,3.7716,12,complete_12_months,available,available_complete,Zillow ZHVI county,annual_mean_zhvi,ACS 2017 5-year B19013
SC,45027,Clarendon County,2018,143210.28,37525,3.8164,12,complete_12_months,available,available_complete,Zillow ZHVI county,annual_mean_zhvi,ACS 2018 5-year B19013
SC,45027,Clarendon County,2019,152787.89,40900,3.7356,12,complete_12_months,available,available_complete,Zillow ZHVI county,annual_mean_zhvi,ACS 2019 5-year B19013
SC,45027,Clarendon County,2020,165225.52,43881,3.7653,12,complete_12_months,available,available_complete,Zillow ZHVI county,annual_mean_zhvi,ACS 2020 5-year B19013
SC,45027,Clarendon County,2021,191248.24,45542,4.1994,12,complete_12_months,available,available_complete,Zillow ZHVI county,annual_mean_zhvi,ACS 2021 5-year B19013
SC,45027,Clarendon County,2022,207151.34,48677,4.2556,12,complete_12_months,available,available_complete,Zillow ZHVI county,annual_mean_zhvi,ACS 2022 5-year B19013
SC,45027,Clarendon County,2023,198121.75,48887,4.0526,12,complete_12_months,available,available_complete,Zillow ZHVI county,annual_mean_zhvi,ACS 2023 5-year B19013
SC,45027,Clarendon County,2024,196457.95,52401,3.7491,12,complete_12_months,available,available_complete,Zillow ZHVI county,annual_mean_zhvi,ACS 2024 5-year B19013
SC,45029,Colleton County,2015,122434.5,32804,3.7323,12,complete_12_months,available,available_complete,Zillow ZHVI county,annual_mean_zhvi,ACS 2015 5-year B19013
SC,45029,Colleton County,2016,137243.1,33918,4.0463,12,complete_12_months,available,available_complete,Zillow ZHVI county,annual_mean_zhvi,ACS 2016 5-year B19013
SC,45029,Colleton County,2017,144254.13,34996,4.122,12,complete_12_months,available,available_complete,Zillow ZHVI county,annual_mean_zhvi,ACS 2017 5-year B19013
SC,45029,Colleton County,2018,153355.23,36276,4.2275,12,complete_12_months,available,available_complete,Zillow ZHVI county,annual_mean_zhvi,ACS 2018 5-year B19013
SC,45029,Colleton County,2019,162570.87,36324,4.4756,12,complete_12_months,available,available_complete,Zillow ZHVI county,annual_mean_zhvi,ACS 2019 5-year B19013
SC,45029,Colleton County,2020,176316.07,36748,4.798,12,complete_12_months,available,available_complete,Zillow ZHVI county,annual_mean_zhvi,ACS 2020 5-year B19013
SC,45029,Colleton County,2021,205185.29,41419,4.9539,12,complete_12_months,available,available_complete,Zillow ZHVI county,annual_mean_zhvi,ACS 2021 5-year B19013
SC,45029,Colleton County,2022,229719.48,46795,4.9091,12,complete_12_months,available,available_complete,Zillow ZHVI county,annual_mean_zhvi,ACS 2022 5-year B19013
SC,45029,Colleton County,2023,234127.23,48779,4.7998,12,complete_12_months,available,available_complete,Zillow ZHVI county,annual_mean_zhvi,ACS 2023 5-year B19013
SC,45029,Colleton County,2024,256085.42,51114,5.0101,12,complete_12_months,available,available_complete,Zillow ZHVI county,annual_mean_zhvi,ACS 2024 5-year B19013
SC,45031,Darlington County,2015,112011.46,35409,3.1634,12,complete_12_months,available,available_complete,Zillow ZHVI county,annual_mean_zhvi,ACS 2015 5-year B19013
SC,45031,Darlington County,2016,115018.2,34773,3.3077,12,complete_12_months,available,available_complete,Zillow ZHVI county,annual_mean_zhvi,ACS 2016 5-year B19013
SC,45031,Darlington County,2017,113012.1,36217,3.1204,12,complete_12_months,available,available_complete,Zillow ZHVI county,annual_mean_zhvi,ACS 2017 5-year B19013
SC,45031,Darlington County,2018,117237.72,36254,3.2338,12,complete_12_months,available,available_complete,Zillow ZHVI county,annual_mean_zhvi,ACS 2018 5-year B19013
SC,45031,Darlington County,2019,120759.66,38448,3.1409,12,complete_12_months,available,available_complete,Zillow ZHVI county,annual_mean_zhvi,ACS 2019 5-year B19013
SC,45031,Darlington County,2020,124682.96,37141,3.357,12,complete_12_months,available,available_complete,Zillow ZHVI county,annual_mean_zhvi,ACS 2020 5-year B19013
SC,45031,Darlington County,2021,142326.43,40704,3.4966,12,complete_12_months,available,available_complete,Zillow ZHVI county,annual_mean_zhvi,ACS 2021 5-year B19013
SC,45031,Darlington County,2022,156609.56,44317,3.5338,12,complete_12_months,available,available_complete,Zillow ZHVI county,annual_mean_zhvi,ACS 2022 5-year B19013
SC,45031,Darlington County,2023,160419.55,47419,3.383,12,complete_12_months,available,available_complete,Zillow ZHVI county,annual_mean_zhvi,ACS 2023 5-year B19013
SC,45031,Darlington County,2024,161831.84,48581,3.3312,12,complete_12_months,available,available_complete,Zillow ZHVI county,annual_mean_zhvi,ACS 2024 5-year B19013
SC,45033,Dillon County,2015,115680.53,28938,3.9975,12,complete_12_months,available,available_complete,Zillow ZHVI county,annual_mean_zhvi,ACS 2015 5-year B19013
SC,45033,Dillon County,2016,124079.36,30955,4.0084,12,complete_12_months,available,available_complete,Zillow ZHVI county,annual_mean_zhvi,ACS 2016 5-year B19013
SC,45033,Dillon County,2017,127153.21,30866,4.1195,12,complete_12_months,available,available_complete,Zillow ZHVI county,annual_mean_zhvi,ACS 2017 5-year B19013
SC,45033,Dillon County,2018,130464.98,29362,4.4433,12,complete_12_months,available,available_complete,Zillow ZHVI county,annual_mean_zhvi,ACS 2018 5-year B19013
SC,45033,Dillon County,2019,125959.54,30812,4.088,12,complete_12_months,available,available_complete,Zillow ZHVI county,annual_mean_zhvi,ACS 2019 5-year B19013
SC,45033,Dillon County,2020,135328.81,36429,3.7149,12,complete_12_months,available,available_complete,Zillow ZHVI county,annual_mean_zhvi,ACS 2020 5-year B19013
SC,45033,Dillon County,2021,142638.66,39780,3.5857,12,complete_12_months,available,available_complete,Zillow ZHVI county,annual_mean_zhvi,ACS 2021 5-year B19013
SC,45033,Dillon County,2022,140075.2,42454,3.2995,12,complete_12_months,available,available_complete,Zillow ZHVI county,annual_mean_zhvi,ACS 2022 5-year B19013
SC,45033,Dillon County,2023,130521.51,44038,2.9638,12,complete_12_months,available,available_complete,Zillow ZHVI county,annual_mean_zhvi,ACS 2023 5-year B19013
SC,45033,Dillon County,2024,120786.47,46605,2.5917,12,complete_12_months,available,available_complete,Zillow ZHVI county,annual_mean_zhvi,ACS 2024 5-year B19013
SC,45035,Dorchester County,2015,187873.34,54901,3.422,12,complete_12_months,available,available_complete,Zillow ZHVI county,annual_mean_zhvi,ACS 2015 5-year B19013
SC,45035,Dorchester County,2016,200693.1,56345,3.5619,12,complete_12_months,available,available_complete,Zillow ZHVI county,annual_mean_zhvi,ACS 2016 5-year B19013
SC,45035,Dorchester County,2017,213169.09,58685,3.6324,12,complete_12_months,available,available_complete,Zillow ZHVI county,annual_mean_zhvi,ACS 2017 5-year B19013
SC,45035,Dorchester County,2018,227944.4,61698,3.6945,12,complete_12_months,available,available_complete,Zillow ZHVI county,annual_mean_zhvi,ACS 2018 5-year B19013
SC,45035,Dorchester County,2019,237887.06,63080,3.7712,12,complete_12_months,available,available_complete,Zillow ZHVI county,annual_mean_zhvi,ACS 2019 5-year B19013
SC,45035,Dorchester County,2020,251175.05,63501,3.9555,12,complete_12_months,available,available_complete,Zillow ZHVI county,annual_mean_zhvi,ACS 2020 5-year B19013
SC,45035,Dorchester County,2021,284929.85,68046,4.1873,12,complete_12_months,available,available_complete,Zillow ZHVI county,annual_mean_zhvi,ACS 2021 5-year B19013
SC,45035,Dorchester County,2022,332996.56,73686,4.5191,12,complete_12_months,available,available_complete,Zillow ZHVI county,annual_mean_zhvi,ACS 2022 5-year B19013
SC,45035,Dorchester County,2023,345177.9,76896,4.4889,12,complete_12_months,available,available_complete,Zillow ZHVI county,annual_mean_zhvi,ACS 2023 5-year B19013
SC,45035,Dorchester County,2024,356712.1,78198,4.5617,12,complete_12_months,available,available_complete,Zillow ZHVI county,annual_mean_zhvi,ACS 2024 5-year B19013
SC,45037,Edgefield County,2015,154421.74,46637,3.3111,12,complete_12_months,available,available_complete,Zillow ZHVI county,annual_mean_zhvi,ACS 2015 5-year B19013
SC,45037,Edgefield County,2016,161675.8,48114,3.3603,12,complete_12_months,available,available_complete,Zillow ZHVI county,annual_mean_zhvi,ACS 2016 5-year B19013
SC,45037,Edgefield County,2017,167789.94,47500,3.5324,12,complete_12_months,available,available_complete,Zillow ZHVI county,annual_mean_zhvi,ACS 2017 5-year B19013
SC,45037,Edgefield County,2018,171752.52,49200,3.4909,12,complete_12_months,available,available_complete,Zillow ZHVI county,annual_mean_zhvi,ACS 2018 5-year B19013
SC,45037,Edgefield County,2019,184264.3,49127,3.7508,12,complete_12_months,available,available_complete,Zillow ZHVI county,annual_mean_zhvi,ACS 2019 5-year B19013
SC,45037,Edgefield County,2020,203268.48,52491,3.8724,12,complete_12_months,available,available_complete,Zillow ZHVI county,annual_mean_zhvi,ACS 2020 5-year B19013
SC,45037,Edgefield County,2021,228711.99,55183,4.1446,12,complete_12_months,available,available_complete,Zillow ZHVI county,annual_mean_zhvi,ACS 2021 5-year B19013
SC,45037,Edgefield County,2022,258414.98,60033,4.3045,12,complete_12_months,available,available_complete,Zillow ZHVI county,annual_mean_zhvi,ACS 2022 5-year B19013
SC,45037,Edgefield County,2023,265130.56,67092,3.9517,12,complete_12_months,available,available_complete,Zillow ZHVI county,annual_mean_zhvi,ACS 2023 5-year B19013
SC,45037,Edgefield County,2024,271676.28,73029,3.7201,12,complete_12_months,available,available_complete,Zillow ZHVI county,annual_mean_zhvi,ACS 2024 5-year B19013
SC,45039,Fairfield County,2015,171437.24,36004,4.7616,12,complete_12_months,available,available_complete,Zillow ZHVI county,annual_mean_zhvi,ACS 2015 5-year B19013
SC,45039,Fairfield County,2016,175983.69,33798,5.2069,12,complete_12_months,available,available_complete,Zillow ZHVI county,annual_mean_zhvi,ACS 2016 5-year B19013
SC,45039,Fairfield County,2017,182217.91,35551,5.1255,12,complete_12_months,available,available_complete,Zillow ZHVI county,annual_mean_zhvi,ACS 2017 5-year B19013
SC,45039,Fairfield County,2018,181630.1,36294,5.0044,12,complete_12_months,available,available_complete,Zillow ZHVI county,annual_mean_zhvi,ACS 2018 5-year B19013
SC,45039,Fairfield County,2019,189034.91,38213,4.9469,12,complete_12_months,available,available_complete,Zillow ZHVI county,annual_mean_zhvi,ACS 2019 5-year B19013
SC,45039,Fairfield County,2020,208338.91,43861,4.75,12,complete_12_months,available,available_complete,Zillow ZHVI county,annual_mean_zhvi,ACS 2020 5-year B19013
SC,45039,Fairfield County,2021,228718.91,41755,5.4776,12,complete_12_months,available,available_complete,Zillow ZHVI county,annual_mean_zhvi,ACS 2021 5-year B19013
SC,45039,Fairfield County,2022,235541.12,44521,5.2906,12,complete_12_months,available,available_complete,Zillow ZHVI county,annual_mean_zhvi,ACS 2022 5-year B19013
SC,45039,Fairfield County,2023,220017.85,46972,4.684,12,complete_12_months,available,available_complete,Zillow ZHVI county,annual_mean_zhvi,ACS 2023 5-year B19013
SC,45039,Fairfield County,2024,202542.5,47885,4.2298,12,complete_12_months,available,available_complete,Zillow ZHVI county,annual_mean_zhvi,ACS 2024 5-year B19013
SC,45041,Florence County,2015,118692.14,42080,2.8206,12,complete_12_months,available,available_complete,Zillow ZHVI county,annual_mean_zhvi,ACS 2015 5-year B19013
SC,45041,Florence County,2016,122805.4,42523,2.888,12,complete_12_months,available,available_complete,Zillow ZHVI county,annual_mean_zhvi,ACS 2016 5-year B19013
SC,45041,Florence County,2017,124441.54,43310,2.8733,12,complete_12_months,available,available_complete,Zillow ZHVI county,annual_mean_zhvi,ACS 2017 5-year B19013
SC,45041,Florence County,2018,129150.12,45479,2.8398,12,complete_12_months,available,available_complete,Zillow ZHVI county,annual_mean_zhvi,ACS 2018 5-year B19013
SC,45041,Florence County,2019,135153.06,47058,2.8721,12,complete_12_months,available,available_complete,Zillow ZHVI county,annual_mean_zhvi,ACS 2019 5-year B19013
SC,45041,Florence County,2020,141793.95,49645,2.8562,12,complete_12_months,available,available_complete,Zillow ZHVI county,annual_mean_zhvi,ACS 2020 5-year B19013
SC,45041,Florence County,2021,159340.93,51902,3.07,12,complete_12_months,available,available_complete,Zillow ZHVI county,annual_mean_zhvi,ACS 2021 5-year B19013
SC,45041,Florence County,2022,181426.61,56088,3.2347,12,complete_12_months,available,available_complete,Zillow ZHVI county,annual_mean_zhvi,ACS 2022 5-year B19013
SC,45041,Florence County,2023,188068.46,56650,3.3198,12,complete_12_months,available,available_complete,Zillow ZHVI county,annual_mean_zhvi,ACS 2023 5-year B19013
SC,45041,Florence County,2024,194413.29,58305,3.3344,12,complete_12_months,available,available_complete,Zillow ZHVI county,annual_mean_zhvi,ACS 2024 5-year B19013
SC,45043,Georgetown County,2015,200638.15,42835,4.684,12,complete_12_months,available,available_complete,Zillow ZHVI county,annual_mean_zhvi,ACS 2015 5-year B19013
SC,45043,Georgetown County,2016,211379.86,45299,4.6663,12,complete_12_months,available,available_complete,Zillow ZHVI county,annual_mean_zhvi,ACS 2016 5-year B19013
SC,45043,Georgetown County,2017,221415.48,46967,4.7143,12,complete_12_months,available,available_complete,Zillow ZHVI county,annual_mean_zhvi,ACS 2017 5-year B19013
SC,45043,Georgetown County,2018,232185.22,48071,4.83,12,complete_12_months,available,available_complete,Zillow ZHVI county,annual_mean_zhvi,ACS 2018 5-year B19013
SC,45043,Georgetown County,2019,241834.13,48456,4.9908,12,complete_12_months,available,available_complete,Zillow ZHVI county,annual_mean_zhvi,ACS 2019 5-year B19013
SC,45043,Georgetown County,2020,254561.18,52488,4.8499,12,complete_12_months,available,available_complete,Zillow ZHVI county,annual_mean_zhvi,ACS 2020 5-year B19013
SC,45043,Georgetown County,2021,294668.52,55719,5.2885,12,complete_12_months,available,available_complete,Zillow ZHVI county,annual_mean_zhvi,ACS 2021 5-year B19013
SC,45043,Georgetown County,2022,351723.47,59782,5.8834,12,complete_12_months,available,available_complete,Zillow ZHVI county,annual_mean_zhvi,ACS 2022 5-year B19013
SC,45043,Georgetown County,2023,372706.69,66734,5.585,12,complete_12_months,available,available_complete,Zillow ZHVI county,annual_mean_zhvi,ACS 2023 5-year B19013
SC,45043,Georgetown County,2024,390637.41,68713,5.6851,12,complete_12_months,available,available_complete,Zillow ZHVI county,annual_mean_zhvi,ACS 2024 5-year B19013
SC,45045,Greenville County,2015,170220.09,50540,3.368,12,complete_12_months,available,available_complete,Zillow ZHVI county,annual_mean_zhvi,ACS 2015 5-year B19013
SC,45045,Greenville County,2016,182159.77,51595,3.5306,12,complete_12_months,available,available_complete,Zillow ZHVI county,annual_mean_zhvi,ACS 2016 5-year B19013
SC,45045,Greenville County,2017,193684.29,53739,3.6042,12,complete_12_months,available,available_complete,Zillow ZHVI county,annual_mean_zhvi,ACS 2017 5-year B19013
SC,45045,Greenville County,2018,207710.25,56789,3.6576,12,complete_12_months,available,available_complete,Zillow ZHVI county,annual_mean_zhvi,ACS 2018 5-year B19013
SC,45045,Greenville County,2019,217996.89,60351,3.6122,12,complete_12_months,available,available_complete,Zillow ZHVI county,annual_mean_zhvi,ACS 2019 5-year B19013
SC,45045,Greenville County,2020,230972.12,62422,3.7002,12,complete_12_months,available,available_complete,Zillow ZHVI county,annual_mean_zhvi,ACS 2020 5-year B19013
SC,45045,Greenville County,2021,261266.45,65513,3.988,12,complete_12_months,available,available_complete,Zillow ZHVI county,annual_mean_zhvi,ACS 2021 5-year B19013
SC,45045,Greenville County,2022,307162.73,71328,4.3063,12,complete_12_months,available,available_complete,Zillow ZHVI county,annual_mean_zhvi,ACS 2022 5-year B19013
SC,45045,Greenville County,2023,322545.8,74624,4.3223,12,complete_12_months,available,available_complete,Zillow ZHVI county,annual_mean_zhvi,ACS 2023 5-year B19013
SC,45045,Greenville County,2024,331511.42,76932,4.3091,12,complete_12_months,available,available_complete,Zillow ZHVI county,annual_mean_zhvi,ACS 2024 5-year B19013
SC,45047,Greenwood County,2015,,37060,,0,source_data_unavailable,available,source_data_unavailable,Zillow ZHVI county,annual_mean_zhvi,ACS 2015 5-year B19013
SC,45047,Greenwood County,2016,108180.61,37631,2.8748,11,partial_10_11_months,available,available_partial,Zillow ZHVI county,annual_mean_zhvi,ACS 2016 5-year B19013
SC,45047,Greenwood County,2017,108319.15,39196,2.7635,12,complete_12_months,available,available_complete,Zillow ZHVI county,annual_mean_zhvi,ACS 2017 5-year B19013
SC,45047,Greenwood County,2018,112525.25,40982,2.7457,12,complete_12_months,available,available_complete,Zillow ZHVI county,annual_mean_zhvi,ACS 2018 5-year B19013
SC,45047,Greenwood County,2019,122166.67,42336,2.8856,12,complete_12_months,available,available_complete,Zillow ZHVI county,annual_mean_zhvi,ACS 2019 5-year B19013
SC,45047,Greenwood County,2020,133858.36,41081,3.2584,12,complete_12_months,available,available_complete,Zillow ZHVI county,annual_mean_zhvi,ACS 2020 5-year B19013
SC,45047,Greenwood County,2021,150024.74,44513,3.3704,12,complete_12_months,available,available_complete,Zillow ZHVI county,annual_mean_zhvi,ACS 2021 5-year B19013
SC,45047,Greenwood County,2022,167505.55,47553,3.5225,12,complete_12_months,available,available_complete,Zillow ZHVI county,annual_mean_zhvi,ACS 2022 5-year B19013
SC,45047,Greenwood County,2023,175565.13,50635,3.4673,12,complete_12_months,available,available_complete,Zillow ZHVI county,annual_mean_zhvi,ACS 2023 5-year B19013
SC,45047,Greenwood County,2024,179827.32,52830,3.4039,12,complete_12_months,available,available_complete,Zillow ZHVI county,annual_mean_zhvi,ACS 2024 5-year B19013
SC,45049,Hampton County,2015,100943.29,31410,3.2137,12,complete_12_months,available,available_complete,Zillow ZHVI county,annual_mean_zhvi,ACS 2015 5-year B19013
SC,45049,Hampton County,2016,101772.54,31734,3.2071,12,complete_12_months,available,available_complete,Zillow ZHVI county,annual_mean_zhvi,ACS 2016 5-year B19013
SC,45049,Hampton County,2017,100445.54,32147,3.1246,12,complete_12_months,available,available_complete,Zillow ZHVI county,annual_mean_zhvi,ACS 2017 5-year B19013
SC,45049,Hampton County,2018,103920.51,32453,3.2022,12,complete_12_months,available,available_complete,Zillow ZHVI county,annual_mean_zhvi,ACS 2018 5-year B19013
SC,45049,Hampton County,2019,114882.2,33429,3.4366,12,complete_12_months,available,available_complete,Zillow ZHVI county,annual_mean_zhvi,ACS 2019 5-year B19013
SC,45049,Hampton County,2020,123007.11,38178,3.2219,12,complete_12_months,available,available_complete,Zillow ZHVI county,annual_mean_zhvi,ACS 2020 5-year B19013
SC,45049,Hampton County,2021,141858.23,38298,3.7041,12,complete_12_months,available,available_complete,Zillow ZHVI county,annual_mean_zhvi,ACS 2021 5-year B19013
SC,45049,Hampton County,2022,161853.14,40157,4.0305,12,complete_12_months,available,available_complete,Zillow ZHVI county,annual_mean_zhvi,ACS 2022 5-year B19013
SC,45049,Hampton County,2023,164674.28,43059,3.8244,12,complete_12_months,available,available_complete,Zillow ZHVI county,annual_mean_zhvi,ACS 2023 5-year B19013
SC,45049,Hampton County,2024,170031.54,44711,3.8029,12,complete_12_months,available,available_complete,Zillow ZHVI county,annual_mean_zhvi,ACS 2024 5-year B19013
SC,45051,Horry County,2015,173265.13,43299,4.0016,12,complete_12_months,available,available_complete,Zillow ZHVI county,annual_mean_zhvi,ACS 2015 5-year B19013
SC,45051,Horry County,2016,180429.26,44746,4.0323,12,complete_12_months,available,available_complete,Zillow ZHVI county,annual_mean_zhvi,ACS 2016 5-year B19013
SC,45051,Horry County,2017,187282.99,46475,4.0298,12,complete_12_months,available,available_complete,Zillow ZHVI county,annual_mean_zhvi,ACS 2017 5-year B19013
SC,45051,Horry County,2018,197527.11,48279,4.0914,12,complete_12_months,available,available_complete,Zillow ZHVI county,annual_mean_zhvi,ACS 2018 5-year B19013
SC,45051,Horry County,2019,207398.84,50704,4.0904,12,complete_12_months,available,available_complete,Zillow ZHVI county,annual_mean_zhvi,ACS 2019 5-year B19013
SC,45051,Horry County,2020,217896.23,51570,4.2253,12,complete_12_months,available,available_complete,Zillow ZHVI county,annual_mean_zhvi,ACS 2020 5-year B19013
SC,45051,Horry County,2021,253490.37,54688,4.6352,12,complete_12_months,available,available_complete,Zillow ZHVI county,annual_mean_zhvi,ACS 2021 5-year B19013
SC,45051,Horry County,2022,316864.15,59880,5.2917,12,complete_12_months,available,available_complete,Zillow ZHVI county,annual_mean_zhvi,ACS 2022 5-year B19013
SC,45051,Horry County,2023,330536.26,64623,5.1148,12,complete_12_months,available,available_complete,Zillow ZHVI county,annual_mean_zhvi,ACS 2023 5-year B19013
SC,45051,Horry County,2024,333028.29,66880,4.9795,12,complete_12_months,available,available_complete,Zillow ZHVI county,annual_mean_zhvi,ACS 2024 5-year B19013
SC,45053,Jasper County,2015,200699.84,37141,5.4037,12,complete_12_months,available,available_complete,Zillow ZHVI county,annual_mean_zhvi,ACS 2015 5-year B19013
SC,45053,Jasper County,2016,219962.4,38991,5.6414,12,complete_12_months,available,available_complete,Zillow ZHVI county,annual_mean_zhvi,ACS 2016 5-year B19013
SC,45053,Jasper County,2017,224650.84,39740,5.653,12,complete_12_months,available,available_complete,Zillow ZHVI county,annual_mean_zhvi,ACS 2017 5-year B19013
SC,45053,Jasper County,2018,240581.43,41930,5.7377,12,complete_12_months,available,available_complete,Zillow ZHVI county,annual_mean_zhvi,ACS 2018 5-year B19013
SC,45053,Jasper County,2019,248398.84,45601,5.4472,12,complete_12_months,available,available_complete,Zillow ZHVI county,annual_mean_zhvi,ACS 2019 5-year B19013
SC,45053,Jasper County,2020,273655.56,45924,5.9589,12,complete_12_months,available,available_complete,Zillow ZHVI county,annual_mean_zhvi,ACS 2020 5-year B19013
SC,45053,Jasper County,2021,318831.91,47811,6.6686,12,complete_12_months,available,available_complete,Zillow ZHVI county,annual_mean_zhvi,ACS 2021 5-year B19013
SC,45053,Jasper County,2022,367320.54,60452,6.0762,12,complete_12_months,available,available_complete,Zillow ZHVI county,annual_mean_zhvi,ACS 2022 5-year B19013
SC,45053,Jasper County,2023,394522.24,63503,6.2127,12,complete_12_months,available,available_complete,Zillow ZHVI county,annual_mean_zhvi,ACS 2023 5-year B19013
SC,45053,Jasper County,2024,432643.09,65613,6.5939,12,complete_12_months,available,available_complete,Zillow ZHVI county,annual_mean_zhvi,ACS 2024 5-year B19013
SC,45055,Kershaw County,2015,138529.47,43622,3.1757,12,complete_12_months,available,available_complete,Zillow ZHVI county,annual_mean_zhvi,ACS 2015 5-year B19013
SC,45055,Kershaw County,2016,147109.31,46328,3.1754,12,complete_12_months,available,available_complete,Zillow ZHVI county,annual_mean_zhvi,ACS 2016 5-year B19013
SC,45055,Kershaw County,2017,153436.37,46565,3.2951,12,complete_12_months,available,available_complete,Zillow ZHVI county,annual_mean_zhvi,ACS 2017 5-year B19013
SC,45055,Kershaw County,2018,161422.0,49392,3.2682,12,complete_12_months,available,available_complete,Zillow ZHVI county,annual_mean_zhvi,ACS 2018 5-year B19013
SC,45055,Kershaw County,2019,169815.09,51479,3.2987,12,complete_12_months,available,available_complete,Zillow ZHVI county,annual_mean_zhvi,ACS 2019 5-year B19013
SC,45055,Kershaw County,2020,183193.08,53980,3.3937,12,complete_12_months,available,available_complete,Zillow ZHVI county,annual_mean_zhvi,ACS 2020 5-year B19013
SC,45055,Kershaw County,2021,204119.39,56449,3.616,12,complete_12_months,available,available_complete,Zillow ZHVI county,annual_mean_zhvi,ACS 2021 5-year B19013
SC,45055,Kershaw County,2022,229038.17,61343,3.7337,12,complete_12_months,available,available_complete,Zillow ZHVI county,annual_mean_zhvi,ACS 2022 5-year B19013
SC,45055,Kershaw County,2023,238283.3,64343,3.7033,12,complete_12_months,available,available_complete,Zillow ZHVI county,annual_mean_zhvi,ACS 2023 5-year B19013
SC,45055,Kershaw County,2024,250286.31,68231,3.6682,12,complete_12_months,available,available_complete,Zillow ZHVI county,annual_mean_zhvi,ACS 2024 5-year B19013
SC,45057,Lancaster County,2015,196671.43,44016,4.4682,12,complete_12_months,available,available_complete,Zillow ZHVI county,annual_mean_zhvi,ACS 2015 5-year B19013
SC,45057,Lancaster County,2016,211843.6,46852,4.5215,12,complete_12_months,available,available_complete,Zillow ZHVI county,annual_mean_zhvi,ACS 2016 5-year B19013
SC,45057,Lancaster County,2017,223779.4,50557,4.4263,12,complete_12_months,available,available_complete,Zillow ZHVI county,annual_mean_zhvi,ACS 2017 5-year B19013
SC,45057,Lancaster County,2018,235089.57,55223,4.2571,12,complete_12_months,available,available_complete,Zillow ZHVI county,annual_mean_zhvi,ACS 2018 5-year B19013
SC,45057,Lancaster County,2019,248825.97,58849,4.2282,12,complete_12_months,available,available_complete,Zillow ZHVI county,annual_mean_zhvi,ACS 2019 5-year B19013
SC,45057,Lancaster County,2020,269362.41,65421,4.1174,12,complete_12_months,available,available_complete,Zillow ZHVI county,annual_mean_zhvi,ACS 2020 5-year B19013
SC,45057,Lancaster County,2021,315445.35,67407,4.6797,12,complete_12_months,available,available_complete,Zillow ZHVI county,annual_mean_zhvi,ACS 2021 5-year B19013
SC,45057,Lancaster County,2022,377505.42,72186,5.2296,12,complete_12_months,available,available_complete,Zillow ZHVI county,annual_mean_zhvi,ACS 2022 5-year B19013
SC,45057,Lancaster County,2023,384277.75,74751,5.1408,12,complete_12_months,available,available_complete,Zillow ZHVI county,annual_mean_zhvi,ACS 2023 5-year B19013
SC,45057,Lancaster County,2024,398971.39,78869,5.0587,12,complete_12_months,available,available_complete,Zillow ZHVI county,annual_mean_zhvi,ACS 2024 5-year B19013
SC,45059,Laurens County,2015,157765.33,38515,4.0962,12,complete_12_months,available,available_complete,Zillow ZHVI county,annual_mean_zhvi,ACS 2015 5-year B19013
SC,45059,Laurens County,2016,170689.99,39848,4.2835,12,complete_12_months,available,available_complete,Zillow ZHVI county,annual_mean_zhvi,ACS 2016 5-year B19013
SC,45059,Laurens County,2017,178511.5,40580,4.399,12,complete_12_months,available,available_complete,Zillow ZHVI county,annual_mean_zhvi,ACS 2017 5-year B19013
SC,45059,Laurens County,2018,188105.42,41578,4.5242,12,complete_12_months,available,available_complete,Zillow ZHVI county,annual_mean_zhvi,ACS 2018 5-year B19013
SC,45059,Laurens County,2019,198357.33,43304,4.5806,12,complete_12_months,available,available_complete,Zillow ZHVI county,annual_mean_zhvi,ACS 2019 5-year B19013
SC,45059,Laurens County,2020,214227.79,44374,4.8278,12,complete_12_months,available,available_complete,Zillow ZHVI county,annual_mean_zhvi,ACS 2020 5-year B19013
SC,45059,Laurens County,2021,234495.47,46754,5.0155,12,complete_12_months,available,available_complete,Zillow ZHVI county,annual_mean_zhvi,ACS 2021 5-year B19013
SC,45059,Laurens County,2022,261631.55,52077,5.0239,12,complete_12_months,available,available_complete,Zillow ZHVI county,annual_mean_zhvi,ACS 2022 5-year B19013
SC,45059,Laurens County,2023,252550.41,55517,4.5491,12,complete_12_months,available,available_complete,Zillow ZHVI county,annual_mean_zhvi,ACS 2023 5-year B19013
SC,45059,Laurens County,2024,237093.43,57623,4.1146,12,complete_12_months,available,available_complete,Zillow ZHVI county,annual_mean_zhvi,ACS 2024 5-year B19013
SC,45061,Lee County,2015,110989.05,30954,3.5856,12,complete_12_months,available,available_complete,Zillow ZHVI county,annual_mean_zhvi,ACS 2015 5-year B19013
SC,45061,Lee County,2016,115320.31,31169,3.6998,12,complete_12_months,available,available_complete,Zillow ZHVI county,annual_mean_zhvi,ACS 2016 5-year B19013
SC,45061,Lee County,2017,122484.26,31963,3.8321,12,complete_12_months,available,available_complete,Zillow ZHVI county,annual_mean_zhvi,ACS 2017 5-year B19013
SC,45061,Lee County,2018,128568.46,31651,4.0621,12,complete_12_months,available,available_complete,Zillow ZHVI county,annual_mean_zhvi,ACS 2018 5-year B19013
SC,45061,Lee County,2019,131718.06,32371,4.069,12,complete_12_months,available,available_complete,Zillow ZHVI county,annual_mean_zhvi,ACS 2019 5-year B19013
SC,45061,Lee County,2020,139982.75,32851,4.2611,12,complete_12_months,available,available_complete,Zillow ZHVI county,annual_mean_zhvi,ACS 2020 5-year B19013
SC,45061,Lee County,2021,160220.8,36195,4.4266,12,complete_12_months,available,available_complete,Zillow ZHVI county,annual_mean_zhvi,ACS 2021 5-year B19013
SC,45061,Lee County,2022,174726.52,39099,4.4688,12,complete_12_months,available,available_complete,Zillow ZHVI county,annual_mean_zhvi,ACS 2022 5-year B19013
SC,45061,Lee County,2023,166774.86,44145,3.7779,12,complete_12_months,available,available_complete,Zillow ZHVI county,annual_mean_zhvi,ACS 2023 5-year B19013
SC,45061,Lee County,2024,157410.69,44760,3.5168,12,complete_12_months,available,available_complete,Zillow ZHVI county,annual_mean_zhvi,ACS 2024 5-year B19013
SC,45063,Lexington County,2015,145802.99,53857,2.7072,12,complete_12_months,available,available_complete,Zillow ZHVI county,annual_mean_zhvi,ACS 2015 5-year B19013
SC,45063,Lexington County,2016,151730.46,55412,2.7382,12,complete_12_months,available,available_complete,Zillow ZHVI county,annual_mean_zhvi,ACS 2016 5-year B19013
SC,45063,Lexington County,2017,157188.08,57482,2.7346,12,complete_12_months,available,available_complete,Zillow ZHVI county,annual_mean_zhvi,ACS 2017 5-year B19013
SC,45063,Lexington County,2018,164815.82,59593,2.7657,12,complete_12_months,available,available_complete,Zillow ZHVI county,annual_mean_zhvi,ACS 2018 5-year B19013
SC,45063,Lexington County,2019,172935.1,61173,2.827,12,complete_12_months,available,available_complete,Zillow ZHVI county,annual_mean_zhvi,ACS 2019 5-year B19013
SC,45063,Lexington County,2020,183893.84,62740,2.931,12,complete_12_months,available,available_complete,Zillow ZHVI county,annual_mean_zhvi,ACS 2020 5-year B19013
SC,45063,Lexington County,2021,209083.1,65623,3.1861,12,complete_12_months,available,available_complete,Zillow ZHVI county,annual_mean_zhvi,ACS 2021 5-year B19013
SC,45063,Lexington County,2022,246973.45,71280,3.4648,12,complete_12_months,available,available_complete,Zillow ZHVI county,annual_mean_zhvi,ACS 2022 5-year B19013
SC,45063,Lexington County,2023,260545.48,75014,3.4733,12,complete_12_months,available,available_complete,Zillow ZHVI county,annual_mean_zhvi,ACS 2023 5-year B19013
SC,45063,Lexington County,2024,268918.12,77408,3.474,12,complete_12_months,available,available_complete,Zillow ZHVI county,annual_mean_zhvi,ACS 2024 5-year B19013
SC,45065,McCormick County,2015,,38712,,0,source_data_unavailable,available,source_data_unavailable,Zillow ZHVI county,annual_mean_zhvi,ACS 2015 5-year B19013
SC,45065,McCormick County,2016,163163.51,41029,3.9768,11,partial_10_11_months,available,available_partial,Zillow ZHVI county,annual_mean_zhvi,ACS 2016 5-year B19013
SC,45065,McCormick County,2017,165992.88,40622,4.0863,12,complete_12_months,available,available_complete,Zillow ZHVI county,annual_mean_zhvi,ACS 2017 5-year B19013
SC,45065,McCormick County,2018,174474.26,42262,4.1284,12,complete_12_months,available,available_complete,Zillow ZHVI county,annual_mean_zhvi,ACS 2018 5-year B19013
SC,45065,McCormick County,2019,179612.18,43633,4.1164,12,complete_12_months,available,available_complete,Zillow ZHVI county,annual_mean_zhvi,ACS 2019 5-year B19013
SC,45065,McCormick County,2020,190622.07,47402,4.0214,12,complete_12_months,available,available_complete,Zillow ZHVI county,annual_mean_zhvi,ACS 2020 5-year B19013
SC,45065,McCormick County,2021,223837.65,53193,4.208,12,complete_12_months,available,available_complete,Zillow ZHVI county,annual_mean_zhvi,ACS 2021 5-year B19013
SC,45065,McCormick County,2022,268566.37,55569,4.833,12,complete_12_months,available,available_complete,Zillow ZHVI county,annual_mean_zhvi,ACS 2022 5-year B19013
SC,45065,McCormick County,2023,274428.19,55344,4.9586,12,complete_12_months,available,available_complete,Zillow ZHVI county,annual_mean_zhvi,ACS 2023 5-year B19013
SC,45065,McCormick County,2024,293419.06,55798,5.2586,12,complete_12_months,available,available_complete,Zillow ZHVI county,annual_mean_zhvi,ACS 2024 5-year B19013
SC,45067,Marion County,2015,111492.37,29874,3.7321,12,complete_12_months,available,available_complete,Zillow ZHVI county,annual_mean_zhvi,ACS 2015 5-year B19013
SC,45067,Marion County,2016,114321.12,30562,3.7406,12,complete_12_months,available,available_complete,Zillow ZHVI county,annual_mean_zhvi,ACS 2016 5-year B19013
SC,45067,Marion County,2017,106466.62,31129,3.4202,12,complete_12_months,available,available_complete,Zillow ZHVI county,annual_mean_zhvi,ACS 2017 5-year B19013
SC,45067,Marion County,2018,106272.59,33046,3.2159,12,complete_12_months,available,available_complete,Zillow ZHVI county,annual_mean_zhvi,ACS 2018 5-year B19013
SC,45067,Marion County,2019,111260.04,32063,3.47,12,complete_12_months,available,available_complete,Zillow ZHVI county,annual_mean_zhvi,ACS 2019 5-year B19013
SC,45067,Marion County,2020,120689.22,30791,3.9196,12,complete_12_months,available,available_complete,Zillow ZHVI county,annual_mean_zhvi,ACS 2020 5-year B19013
SC,45067,Marion County,2021,130732.93,34465,3.7932,12,complete_12_months,available,available_complete,Zillow ZHVI county,annual_mean_zhvi,ACS 2021 5-year B19013
SC,45067,Marion County,2022,144238.63,35972,4.0097,12,complete_12_months,available,available_complete,Zillow ZHVI county,annual_mean_zhvi,ACS 2022 5-year B19013
SC,45067,Marion County,2023,140638.28,34501,4.0764,12,complete_12_months,available,available_complete,Zillow ZHVI county,annual_mean_zhvi,ACS 2023 5-year B19013
SC,45067,Marion County,2024,154668.99,36301,4.2607,12,complete_12_months,available,available_complete,Zillow ZHVI county,annual_mean_zhvi,ACS 2024 5-year B19013
SC,45069,Marlboro County,2015,95369.7,30767,3.0997,12,complete_12_months,available,available_complete,Zillow ZHVI county,annual_mean_zhvi,ACS 2015 5-year B19013
SC,45069,Marlboro County,2016,99915.19,32601,3.0648,12,complete_12_months,available,available_complete,Zillow ZHVI county,annual_mean_zhvi,ACS 2016 5-year B19013
SC,45069,Marlboro County,2017,98671.23,33921,2.9089,12,complete_12_months,available,available_complete,Zillow ZHVI county,annual_mean_zhvi,ACS 2017 5-year B19013
SC,45069,Marlboro County,2018,114378.47,34203,3.3441,12,complete_12_months,available,available_complete,Zillow ZHVI county,annual_mean_zhvi,ACS 2018 5-year B19013
SC,45069,Marlboro County,2019,109802.45,33586,3.2693,12,complete_12_months,available,available_complete,Zillow ZHVI county,annual_mean_zhvi,ACS 2019 5-year B19013
SC,45069,Marlboro County,2020,112937.7,31528,3.5821,12,complete_12_months,available,available_complete,Zillow ZHVI county,annual_mean_zhvi,ACS 2020 5-year B19013
SC,45069,Marlboro County,2021,123447.18,32136,3.8414,12,complete_12_months,available,available_complete,Zillow ZHVI county,annual_mean_zhvi,ACS 2021 5-year B19013
SC,45069,Marlboro County,2022,140503.91,34275,4.0993,12,complete_12_months,available,available_complete,Zillow ZHVI county,annual_mean_zhvi,ACS 2022 5-year B19013
SC,45069,Marlboro County,2023,128910.49,36293,3.5519,12,complete_12_months,available,available_complete,Zillow ZHVI county,annual_mean_zhvi,ACS 2023 5-year B19013
SC,45069,Marlboro County,2024,115833.87,34301,3.377,12,complete_12_months,available,available_complete,Zillow ZHVI county,annual_mean_zhvi,ACS 2024 5-year B19013
SC,45071,Newberry County,2015,133742.99,40127,3.333,12,complete_12_months,available,available_complete,Zillow ZHVI county,annual_mean_zhvi,ACS 2015 5-year B19013
SC,45071,Newberry County,2016,140342.59,39841,3.5226,12,complete_12_months,available,available_complete,Zillow ZHVI county,annual_mean_zhvi,ACS 2016 5-year B19013
SC,45071,Newberry County,2017,141156.86,39600,3.5646,12,complete_12_months,available,available_complete,Zillow ZHVI county,annual_mean_zhvi,ACS 2017 5-year B19013
SC,45071,Newberry County,2018,144531.75,42765,3.3797,12,complete_12_months,available,available_complete,Zillow ZHVI county,annual_mean_zhvi,ACS 2018 5-year B19013
SC,45071,Newberry County,2019,152170.68,44226,3.4408,12,complete_12_months,available,available_complete,Zillow ZHVI county,annual_mean_zhvi,ACS 2019 5-year B19013
SC,45071,Newberry County,2020,177091.39,46038,3.8466,12,complete_12_months,available,available_complete,Zillow ZHVI county,annual_mean_zhvi,ACS 2020 5-year B19013
SC,45071,Newberry County,2021,203321.09,50950,3.9906,12,complete_12_months,available,available_complete,Zillow ZHVI county,annual_mean_zhvi,ACS 2021 5-year B19013
SC,45071,Newberry County,2022,223243.59,56706,3.9369,12,complete_12_months,available,available_complete,Zillow ZHVI county,annual_mean_zhvi,ACS 2022 5-year B19013
SC,45071,Newberry County,2023,216375.4,59670,3.6262,12,complete_12_months,available,available_complete,Zillow ZHVI county,annual_mean_zhvi,ACS 2023 5-year B19013
SC,45071,Newberry County,2024,218930.0,61780,3.5437,12,complete_12_months,available,available_complete,Zillow ZHVI county,annual_mean_zhvi,ACS 2024 5-year B19013
SC,45073,Oconee County,2015,150274.46,41237,3.6442,12,complete_12_months,available,available_complete,Zillow ZHVI county,annual_mean_zhvi,ACS 2015 5-year B19013
SC,45073,Oconee County,2016,154715.4,41818,3.6997,12,complete_12_months,available,available_complete,Zillow ZHVI county,annual_mean_zhvi,ACS 2016 5-year B19013
SC,45073,Oconee County,2017,158598.68,43978,3.6063,12,complete_12_months,available,available_complete,Zillow ZHVI county,annual_mean_zhvi,ACS 2017 5-year B19013
SC,45073,Oconee County,2018,164024.52,46056,3.5614,12,complete_12_months,available,available_complete,Zillow ZHVI county,annual_mean_zhvi,ACS 2018 5-year B19013
SC,45073,Oconee County,2019,174193.85,49134,3.5453,12,complete_12_months,available,available_complete,Zillow ZHVI county,annual_mean_zhvi,ACS 2019 5-year B19013
SC,45073,Oconee County,2020,188825.74,49691,3.8,12,complete_12_months,available,available_complete,Zillow ZHVI county,annual_mean_zhvi,ACS 2020 5-year B19013
SC,45073,Oconee County,2021,226243.79,52842,4.2815,12,complete_12_months,available,available_complete,Zillow ZHVI county,annual_mean_zhvi,ACS 2021 5-year B19013
SC,45073,Oconee County,2022,261097.42,56710,4.6041,12,complete_12_months,available,available_complete,Zillow ZHVI county,annual_mean_zhvi,ACS 2022 5-year B19013
SC,45073,Oconee County,2023,270644.94,60193,4.4963,12,complete_12_months,available,available_complete,Zillow ZHVI county,annual_mean_zhvi,ACS 2023 5-year B19013
SC,45073,Oconee County,2024,284476.27,62388,4.5598,12,complete_12_months,available,available_complete,Zillow ZHVI county,annual_mean_zhvi,ACS 2024 5-year B19013
SC,45075,Orangeburg County,2015,98034.77,34218,2.865,12,complete_12_months,available,available_complete,Zillow ZHVI county,annual_mean_zhvi,ACS 2015 5-year B19013
SC,45075,Orangeburg County,2016,103853.61,34763,2.9875,12,complete_12_months,available,available_complete,Zillow ZHVI county,annual_mean_zhvi,ACS 2016 5-year B19013
SC,45075,Orangeburg County,2017,107040.44,34943,3.0633,12,complete_12_months,available,available_complete,Zillow ZHVI county,annual_mean_zhvi,ACS 2017 5-year B19013
SC,45075,Orangeburg County,2018,113557.85,36188,3.138,12,complete_12_months,available,available_complete,Zillow ZHVI county,annual_mean_zhvi,ACS 2018 5-year B19013
SC,45075,Orangeburg County,2019,118217.6,37955,3.1147,12,complete_12_months,available,available_complete,Zillow ZHVI county,annual_mean_zhvi,ACS 2019 5-year B19013
SC,45075,Orangeburg County,2020,127769.48,36802,3.4718,12,complete_12_months,available,available_complete,Zillow ZHVI county,annual_mean_zhvi,ACS 2020 5-year B19013
SC,45075,Orangeburg County,2021,151950.32,38052,3.9932,12,complete_12_months,available,available_complete,Zillow ZHVI county,annual_mean_zhvi,ACS 2021 5-year B19013
SC,45075,Orangeburg County,2022,164490.75,41020,4.01,12,complete_12_months,available,available_complete,Zillow ZHVI county,annual_mean_zhvi,ACS 2022 5-year B19013
SC,45075,Orangeburg County,2023,158709.39,43214,3.6726,12,complete_12_months,available,available_complete,Zillow ZHVI county,annual_mean_zhvi,ACS 2023 5-year B19013
SC,45075,Orangeburg County,2024,165960.1,45675,3.6335,12,complete_12_months,available,available_complete,Zillow ZHVI county,annual_mean_zhvi,ACS 2024 5-year B19013
SC,45077,Pickens County,2015,141530.91,41459,3.4138,12,complete_12_months,available,available_complete,Zillow ZHVI county,annual_mean_zhvi,ACS 2015 5-year B19013
SC,45077,Pickens County,2016,150832.13,43531,3.4649,12,complete_12_months,available,available_complete,Zillow ZHVI county,annual_mean_zhvi,ACS 2016 5-year B19013
SC,45077,Pickens County,2017,160979.82,45332,3.5511,12,complete_12_months,available,available_complete,Zillow ZHVI county,annual_mean_zhvi,ACS 2017 5-year B19013
SC,45077,Pickens County,2018,172358.26,47024,3.6653,12,complete_12_months,available,available_complete,Zillow ZHVI county,annual_mean_zhvi,ACS 2018 5-year B19013
SC,45077,Pickens County,2019,182038.67,49573,3.6721,12,complete_12_months,available,available_complete,Zillow ZHVI county,annual_mean_zhvi,ACS 2019 5-year B19013
SC,45077,Pickens County,2020,197795.63,51032,3.8759,12,complete_12_months,available,available_complete,Zillow ZHVI county,annual_mean_zhvi,ACS 2020 5-year B19013
SC,45077,Pickens County,2021,227092.7,53188,4.2696,12,complete_12_months,available,available_complete,Zillow ZHVI county,annual_mean_zhvi,ACS 2021 5-year B19013
SC,45077,Pickens County,2022,267633.27,57628,4.6442,12,complete_12_months,available,available_complete,Zillow ZHVI county,annual_mean_zhvi,ACS 2022 5-year B19013
SC,45077,Pickens County,2023,283174.21,59411,4.7664,12,complete_12_months,available,available_complete,Zillow ZHVI county,annual_mean_zhvi,ACS 2023 5-year B19013
SC,45077,Pickens County,2024,295644.36,61064,4.8415,12,complete_12_months,available,available_complete,Zillow ZHVI county,annual_mean_zhvi,ACS 2024 5-year B19013
SC,45079,Richland County,2015,129709.05,49131,2.6401,12,complete_12_months,available,available_complete,Zillow ZHVI county,annual_mean_zhvi,ACS 2015 5-year B19013
SC,45079,Richland County,2016,135961.81,50899,2.6712,12,complete_12_months,available,available_complete,Zillow ZHVI county,annual_mean_zhvi,ACS 2016 5-year B19013
SC,45079,Richland County,2017,142583.92,52082,2.7377,12,complete_12_months,available,available_complete,Zillow ZHVI county,annual_mean_zhvi,ACS 2017 5-year B19013
SC,45079,Richland County,2018,147872.06,53922,2.7423,12,complete_12_months,available,available_complete,Zillow ZHVI county,annual_mean_zhvi,ACS 2018 5-year B19013
SC,45079,Richland County,2019,155041.31,54767,2.8309,12,complete_12_months,available,available_complete,Zillow ZHVI county,annual_mean_zhvi,ACS 2019 5-year B19013
SC,45079,Richland County,2020,164998.81,54441,3.0308,12,complete_12_months,available,available_complete,Zillow ZHVI county,annual_mean_zhvi,ACS 2020 5-year B19013
SC,45079,Richland County,2021,187975.15,56137,3.3485,12,complete_12_months,available,available_complete,Zillow ZHVI county,annual_mean_zhvi,ACS 2021 5-year B19013
SC,45079,Richland County,2022,219929.58,59850,3.6747,12,complete_12_months,available,available_complete,Zillow ZHVI county,annual_mean_zhvi,ACS 2022 5-year B19013
SC,45079,Richland County,2023,231895.89,61699,3.7585,12,complete_12_months,available,available_complete,Zillow ZHVI county,annual_mean_zhvi,ACS 2023 5-year B19013
SC,45079,Richland County,2024,240493.03,63784,3.7704,12,complete_12_months,available,available_complete,Zillow ZHVI county,annual_mean_zhvi,ACS 2024 5-year B19013
SC,45081,Saluda County,2015,125189.17,38827,3.2243,12,complete_12_months,available,available_complete,Zillow ZHVI county,annual_mean_zhvi,ACS 2015 5-year B19013
SC,45081,Saluda County,2016,127163.6,41458,3.0673,12,complete_12_months,available,available_complete,Zillow ZHVI county,annual_mean_zhvi,ACS 2016 5-year B19013
SC,45081,Saluda County,2017,129413.63,41885,3.0897,12,complete_12_months,available,available_complete,Zillow ZHVI county,annual_mean_zhvi,ACS 2017 5-year B19013
SC,45081,Saluda County,2018,133900.51,44486,3.0099,12,complete_12_months,available,available_complete,Zillow ZHVI county,annual_mean_zhvi,ACS 2018 5-year B19013
SC,45081,Saluda County,2019,138161.32,45714,3.0223,12,complete_12_months,available,available_complete,Zillow ZHVI county,annual_mean_zhvi,ACS 2019 5-year B19013
SC,45081,Saluda County,2020,151337.73,43410,3.4862,12,complete_12_months,available,available_complete,Zillow ZHVI county,annual_mean_zhvi,ACS 2020 5-year B19013
SC,45081,Saluda County,2021,177380.62,46451,3.8187,12,complete_12_months,available,available_complete,Zillow ZHVI county,annual_mean_zhvi,ACS 2021 5-year B19013
SC,45081,Saluda County,2022,194776.19,51041,3.8161,12,complete_12_months,available,available_complete,Zillow ZHVI county,annual_mean_zhvi,ACS 2022 5-year B19013
SC,45081,Saluda County,2023,194318.41,52957,3.6694,12,complete_12_months,available,available_complete,Zillow ZHVI county,annual_mean_zhvi,ACS 2023 5-year B19013
SC,45081,Saluda County,2024,209491.83,51009,4.107,12,complete_12_months,available,available_complete,Zillow ZHVI county,annual_mean_zhvi,ACS 2024 5-year B19013
SC,45083,Spartanburg County,2015,131557.84,43907,2.9963,12,complete_12_months,available,available_complete,Zillow ZHVI county,annual_mean_zhvi,ACS 2015 5-year B19013
SC,45083,Spartanburg County,2016,137420.66,45219,3.039,12,complete_12_months,available,available_complete,Zillow ZHVI county,annual_mean_zhvi,ACS 2016 5-year B19013
SC,45083,Spartanburg County,2017,146421.26,47575,3.0777,12,complete_12_months,available,available_complete,Zillow ZHVI county,annual_mean_zhvi,ACS 2017 5-year B19013
SC,45083,Spartanburg County,2018,157308.06,50179,3.1349,12,complete_12_months,available,available_complete,Zillow ZHVI county,annual_mean_zhvi,ACS 2018 5-year B19013
SC,45083,Spartanburg County,2019,168029.72,52332,3.2108,12,complete_12_months,available,available_complete,Zillow ZHVI county,annual_mean_zhvi,ACS 2019 5-year B19013
SC,45083,Spartanburg County,2020,181199.11,53757,3.3707,12,complete_12_months,available,available_complete,Zillow ZHVI county,annual_mean_zhvi,ACS 2020 5-year B19013
SC,45083,Spartanburg County,2021,209798.29,57627,3.6406,12,complete_12_months,available,available_complete,Zillow ZHVI county,annual_mean_zhvi,ACS 2021 5-year B19013
SC,45083,Spartanburg County,2022,248451.87,61955,4.0102,12,complete_12_months,available,available_complete,Zillow ZHVI county,annual_mean_zhvi,ACS 2022 5-year B19013
SC,45083,Spartanburg County,2023,258865.35,64195,4.0325,12,complete_12_months,available,available_complete,Zillow ZHVI county,annual_mean_zhvi,ACS 2023 5-year B19013
SC,45083,Spartanburg County,2024,270147.47,66234,4.0787,12,complete_12_months,available,available_complete,Zillow ZHVI county,annual_mean_zhvi,ACS 2024 5-year B19013
SC,45085,Sumter County,2015,132418.99,41332,3.2038,12,complete_12_months,available,available_complete,Zillow ZHVI county,annual_mean_zhvi,ACS 2015 5-year B19013
SC,45085,Sumter County,2016,134459.56,40777,3.2974,12,complete_12_months,available,available_complete,Zillow ZHVI county,annual_mean_zhvi,ACS 2016 5-year B19013
SC,45085,Sumter County,2017,136121.13,41946,3.2452,12,complete_12_months,available,available_complete,Zillow ZHVI county,annual_mean_zhvi,ACS 2017 5-year B19013
SC,45085,Sumter County,2018,142889.58,43792,3.2629,12,complete_12_months,available,available_complete,Zillow ZHVI county,annual_mean_zhvi,ACS 2018 5-year B19013
SC,45085,Sumter County,2019,158107.98,45661,3.4626,12,complete_12_months,available,available_complete,Zillow ZHVI county,annual_mean_zhvi,ACS 2019 5-year B19013
SC,45085,Sumter County,2020,168859.39,46570,3.6259,12,complete_12_months,available,available_complete,Zillow ZHVI county,annual_mean_zhvi,ACS 2020 5-year B19013
SC,45085,Sumter County,2021,180981.97,49040,3.6905,12,complete_12_months,available,available_complete,Zillow ZHVI county,annual_mean_zhvi,ACS 2021 5-year B19013
SC,45085,Sumter County,2022,196633.86,53970,3.6434,12,complete_12_months,available,available_complete,Zillow ZHVI county,annual_mean_zhvi,ACS 2022 5-year B19013
SC,45085,Sumter County,2023,204856.95,55990,3.6588,12,complete_12_months,available,available_complete,Zillow ZHVI county,annual_mean_zhvi,ACS 2023 5-year B19013
SC,45085,Sumter County,2024,212745.29,56693,3.7526,12,complete_12_months,available,available_complete,Zillow ZHVI county,annual_mean_zhvi,ACS 2024 5-year B19013
SC,45087,Union County,2015,86689.04,34033,2.5472,12,complete_12_months,available,available_complete,Zillow ZHVI county,annual_mean_zhvi,ACS 2015 5-year B19013
SC,45087,Union County,2016,91875.5,34953,2.6285,12,complete_12_months,available,available_complete,Zillow ZHVI county,annual_mean_zhvi,ACS 2016 5-year B19013
SC,45087,Union County,2017,92600.14,37493,2.4698,12,complete_12_months,available,available_complete,Zillow ZHVI county,annual_mean_zhvi,ACS 2017 5-year B19013
SC,45087,Union County,2018,93861.07,40120,2.3395,12,complete_12_months,available,available_complete,Zillow ZHVI county,annual_mean_zhvi,ACS 2018 5-year B19013
SC,45087,Union County,2019,100100.9,41186,2.4305,12,complete_12_months,available,available_complete,Zillow ZHVI county,annual_mean_zhvi,ACS 2019 5-year B19013
SC,45087,Union County,2020,115600.62,41117,2.8115,12,complete_12_months,available,available_complete,Zillow ZHVI county,annual_mean_zhvi,ACS 2020 5-year B19013
SC,45087,Union County,2021,132161.17,40048,3.3001,12,complete_12_months,available,available_complete,Zillow ZHVI county,annual_mean_zhvi,ACS 2021 5-year B19013
SC,45087,Union County,2022,142716.2,42305,3.3735,12,complete_12_months,available,available_complete,Zillow ZHVI county,annual_mean_zhvi,ACS 2022 5-year B19013
SC,45087,Union County,2023,136419.88,41200,3.3112,12,complete_12_months,available,available_complete,Zillow ZHVI county,annual_mean_zhvi,ACS 2023 5-year B19013
SC,45087,Union County,2024,136155.6,41621,3.2713,12,complete_12_months,available,available_complete,Zillow ZHVI county,annual_mean_zhvi,ACS 2024 5-year B19013
SC,45089,Williamsburg County,2015,83683.65,28297,2.9573,12,complete_12_months,available,available_complete,Zillow ZHVI county,annual_mean_zhvi,ACS 2015 5-year B19013
SC,45089,Williamsburg County,2016,86468.38,28494,3.0346,12,complete_12_months,available,available_complete,Zillow ZHVI county,annual_mean_zhvi,ACS 2016 5-year B19013
SC,45089,Williamsburg County,2017,82146.78,30976,2.6519,12,complete_12_months,available,available_complete,Zillow ZHVI county,annual_mean_zhvi,ACS 2017 5-year B19013
SC,45089,Williamsburg County,2018,86121.43,32351,2.6621,12,complete_12_months,available,available_complete,Zillow ZHVI county,annual_mean_zhvi,ACS 2018 5-year B19013
SC,45089,Williamsburg County,2019,89573.62,32485,2.7574,12,complete_12_months,available,available_complete,Zillow ZHVI county,annual_mean_zhvi,ACS 2019 5-year B19013
SC,45089,Williamsburg County,2020,95800.67,35681,2.6849,12,complete_12_months,available,available_complete,Zillow ZHVI county,annual_mean_zhvi,ACS 2020 5-year B19013
SC,45089,Williamsburg County,2021,106579.41,40124,2.6563,12,complete_12_months,available,available_complete,Zillow ZHVI county,annual_mean_zhvi,ACS 2021 5-year B19013
SC,45089,Williamsburg County,2022,121680.78,40848,2.9789,12,complete_12_months,available,available_complete,Zillow ZHVI county,annual_mean_zhvi,ACS 2022 5-year B19013
SC,45089,Williamsburg County,2023,123913.13,43471,2.8505,12,complete_12_months,available,available_complete,Zillow ZHVI county,annual_mean_zhvi,ACS 2023 5-year B19013
SC,45089,Williamsburg County,2024,124273.81,46213,2.6892,12,complete_12_months,available,available_complete,Zillow ZHVI county,annual_mean_zhvi,ACS 2024 5-year B19013
SC,45091,York County,2015,189588.53,54117,3.5033,12,complete_12_months,available,available_complete,Zillow ZHVI county,annual_mean_zhvi,ACS 2015 5-year B19013
SC,45091,York County,2016,206384.39,56482,3.654,12,complete_12_months,available,available_complete,Zillow ZHVI county,annual_mean_zhvi,ACS 2016 5-year B19013
SC,45091,York County,2017,218340.91,59394,3.6761,12,complete_12_months,available,available_complete,Zillow ZHVI county,annual_mean_zhvi,ACS 2017 5-year B19013
SC,45091,York County,2018,233488.09,62431,3.7399,12,complete_12_months,available,available_complete,Zillow ZHVI county,annual_mean_zhvi,ACS 2018 5-year B19013
SC,45091,York County,2019,242350.73,65361,3.7079,12,complete_12_months,available,available_complete,Zillow ZHVI county,annual_mean_zhvi,ACS 2019 5-year B19013
SC,45091,York County,2020,262728.53,68555,3.8324,12,complete_12_months,available,available_complete,Zillow ZHVI county,annual_mean_zhvi,ACS 2020 5-year B19013
SC,45091,York County,2021,311725.54,72234,4.3155,12,complete_12_months,available,available_complete,Zillow ZHVI county,annual_mean_zhvi,ACS 2021 5-year B19013
SC,45091,York County,2022,368760.43,80158,4.6004,12,complete_12_months,available,available_complete,Zillow ZHVI county,annual_mean_zhvi,ACS 2022 5-year B19013
SC,45091,York County,2023,379810.31,83060,4.5727,12,complete_12_months,available,available_complete,Zillow ZHVI county,annual_mean_zhvi,ACS 2023 5-year B19013
SC,45091,York County,2024,396540.69,89095,4.4508,12,complete_12_months,available,available_complete,Zillow ZHVI county,annual_mean_zhvi,ACS 2024 5-year B19013
