state,county_fips,county_name,year,typical_home_value,zillow_months_available,home_value_source,home_value_year_method,zillow_data_status
DE,10001,Kent County,2015,199265.6,12,Zillow ZHVI county,annual_mean_zhvi,complete_12_months
DE,10001,Kent County,2016,207846.86,12,Zillow ZHVI county,annual_mean_zhvi,complete_12_months
DE,10001,Kent County,2017,213062.2,12,Zillow ZHVI county,annual_mean_zhvi,complete_12_months
DE,10001,Kent County,2018,220202.2,12,Zillow ZHVI county,annual_mean_zhvi,complete_12_months
DE,10001,Kent County,2019,231577.43,12,Zillow ZHVI county,annual_mean_zhvi,complete_12_months
DE,10001,Kent County,2020,246739.06,12,Zillow ZHVI county,annual_mean_zhvi,complete_12_months
DE,10001,Kent County,2021,285268.03,12,Zillow ZHVI county,annual_mean_zhvi,complete_12_months
DE,10001,Kent County,2022,322785.98,12,Zillow ZHVI county,annual_mean_zhvi,complete_12_months
DE,10001,Kent County,2023,339460.37,12,Zillow ZHVI county,annual_mean_zhvi,complete_12_months
DE,10001,Kent County,2024,356784.61,12,Zillow ZHVI county,annual_mean_zhvi,complete_12_months
DE,10003,New Castle County,2015,220132.71,12,Zillow ZHVI county,annual_mean_zhvi,complete_12_months
DE,10003,New Castle County,2016,233045.05,12,Zillow ZHVI county,annual_mean_zhvi,complete_12_months
DE,10003,New Castle County,2017,244268.65,12,Zillow ZHVI county,annual_mean_zhvi,complete_12_months
DE,10003,New Castle County,2018,251456.36,12,Zillow ZHVI county,annual_mean_zhvi,complete_12_months
DE,10003,New Castle County,2019,256476.35,12,Zillow ZHVI county,annual_mean_zhvi,complete_12_months
DE,10003,New Castle County,2020,262087.53,12,Zillow ZHVI county,annual_mean_zhvi,complete_12_months
DE,10003,New Castle County,2021,295095.01,12,Zillow ZHVI county,annual_mean_zhvi,complete_12_months
DE,10003,New Castle County,2022,321713.68,12,Zillow ZHVI county,annual_mean_zhvi,complete_12_months
DE,10003,New Castle County,2023,338174.08,12,Zillow ZHVI county,annual_mean_zhvi,complete_12_months
DE,10003,New Castle County,2024,355060.82,12,Zillow ZHVI county,annual_mean_zhvi,complete_12_months
DE,10005,Sussex County,2015,295984.39,12,Zillow ZHVI county,annual_mean_zhvi,complete_12_months
DE,10005,Sussex County,2016,303581.57,12,Zillow ZHVI county,annual_mean_zhvi,complete_12_months
DE,10005,Sussex County,2017,316566.45,12,Zillow ZHVI county,annual_mean_zhvi,complete_12_months
DE,10005,Sussex County,2018,323994.76,12,Zillow ZHVI county,annual_mean_zhvi,complete_12_months
DE,10005,Sussex County,2019,335637.71,12,Zillow ZHVI county,annual_mean_zhvi,complete_12_months
DE,10005,Sussex County,2020,350925.97,12,Zillow ZHVI county,annual_mean_zhvi,complete_12_months
DE,10005,Sussex County,2021,418331.72,12,Zillow ZHVI county,annual_mean_zhvi,complete_12_months
DE,10005,Sussex County,2022,483636.32,12,Zillow ZHVI county,annual_mean_zhvi,complete_12_months
DE,10005,Sussex County,2023,491084.9,12,Zillow ZHVI county,annual_mean_zhvi,complete_12_months
DE,10005,Sussex County,2024,492890.62,12,Zillow ZHVI county,annual_mean_zhvi,complete_12_months
FL,12001,Alachua County,2015,159898.67,12,Zillow ZHVI county,annual_mean_zhvi,complete_12_months
FL,12001,Alachua County,2016,169945.18,12,Zillow ZHVI county,annual_mean_zhvi,complete_12_months
FL,12001,Alachua County,2017,183486.13,12,Zillow ZHVI county,annual_mean_zhvi,complete_12_months
FL,12001,Alachua County,2018,196693.83,12,Zillow ZHVI county,annual_mean_zhvi,complete_12_months
FL,12001,Alachua County,2019,206298.5,12,Zillow ZHVI county,annual_mean_zhvi,complete_12_months
FL,12001,Alachua County,2020,222412.68,12,Zillow ZHVI county,annual_mean_zhvi,complete_12_months
FL,12001,Alachua County,2021,254136.36,12,Zillow ZHVI county,annual_mean_zhvi,complete_12_months
FL,12001,Alachua County,2022,293518.92,12,Zillow ZHVI county,annual_mean_zhvi,complete_12_months
FL,12001,Alachua County,2023,307502.27,12,Zillow ZHVI county,annual_mean_zhvi,complete_12_months
FL,12001,Alachua County,2024,316681.56,12,Zillow ZHVI county,annual_mean_zhvi,complete_12_months
FL,12003,Baker County,2015,149560.51,12,Zillow ZHVI county,annual_mean_zhvi,complete_12_months
FL,12003,Baker County,2016,161840.63,12,Zillow ZHVI county,annual_mean_zhvi,complete_12_months
FL,12003,Baker County,2017,171980.06,12,Zillow ZHVI county,annual_mean_zhvi,complete_12_months
FL,12003,Baker County,2018,187037.14,12,Zillow ZHVI county,annual_mean_zhvi,complete_12_months
FL,12003,Baker County,2019,202757.63,12,Zillow ZHVI county,annual_mean_zhvi,complete_12_months
FL,12003,Baker County,2020,221732.0,12,Zillow ZHVI county,annual_mean_zhvi,complete_12_months
FL,12003,Baker County,2021,258401.77,12,Zillow ZHVI county,annual_mean_zhvi,complete_12_months
FL,12003,Baker County,2022,303643.1,12,Zillow ZHVI county,annual_mean_zhvi,complete_12_months
FL,12003,Baker County,2023,302208.0,12,Zillow ZHVI county,annual_mean_zhvi,complete_12_months
FL,12003,Baker County,2024,308612.73,12,Zillow ZHVI county,annual_mean_zhvi,complete_12_months
FL,12005,Bay County,2015,178874.58,12,Zillow ZHVI county,annual_mean_zhvi,complete_12_months
FL,12005,Bay County,2016,188746.31,12,Zillow ZHVI county,annual_mean_zhvi,complete_12_months
FL,12005,Bay County,2017,196481.96,12,Zillow ZHVI county,annual_mean_zhvi,complete_12_months
FL,12005,Bay County,2018,212547.94,12,Zillow ZHVI county,annual_mean_zhvi,complete_12_months
FL,12005,Bay County,2019,222192.41,12,Zillow ZHVI county,annual_mean_zhvi,complete_12_months
FL,12005,Bay County,2020,246346.6,12,Zillow ZHVI county,annual_mean_zhvi,complete_12_months
FL,12005,Bay County,2021,286115.59,12,Zillow ZHVI county,annual_mean_zhvi,complete_12_months
FL,12005,Bay County,2022,351484.59,12,Zillow ZHVI county,annual_mean_zhvi,complete_12_months
FL,12005,Bay County,2023,367311.09,12,Zillow ZHVI county,annual_mean_zhvi,complete_12_months
FL,12005,Bay County,2024,363286.2,12,Zillow ZHVI county,annual_mean_zhvi,complete_12_months
FL,12007,Bradford County,2015,110775.55,12,Zillow ZHVI county,annual_mean_zhvi,complete_12_months
FL,12007,Bradford County,2016,118652.56,12,Zillow ZHVI county,annual_mean_zhvi,complete_12_months
FL,12007,Bradford County,2017,125500.89,12,Zillow ZHVI county,annual_mean_zhvi,complete_12_months
FL,12007,Bradford County,2018,137300.3,12,Zillow ZHVI county,annual_mean_zhvi,complete_12_months
FL,12007,Bradford County,2019,145520.48,12,Zillow ZHVI county,annual_mean_zhvi,complete_12_months
FL,12007,Bradford County,2020,160292.38,12,Zillow ZHVI county,annual_mean_zhvi,complete_12_months
FL,12007,Bradford County,2021,188512.12,12,Zillow ZHVI county,annual_mean_zhvi,complete_12_months
FL,12007,Bradford County,2022,229053.43,12,Zillow ZHVI county,annual_mean_zhvi,complete_12_months
FL,12007,Bradford County,2023,240952.6,12,Zillow ZHVI county,annual_mean_zhvi,complete_12_months
FL,12007,Bradford County,2024,248939.63,12,Zillow ZHVI county,annual_mean_zhvi,complete_12_months
FL,12009,Brevard County,2015,159631.04,12,Zillow ZHVI county,annual_mean_zhvi,complete_12_months
FL,12009,Brevard County,2016,178448.91,12,Zillow ZHVI county,annual_mean_zhvi,complete_12_months
FL,12009,Brevard County,2017,198867.75,12,Zillow ZHVI county,annual_mean_zhvi,complete_12_months
FL,12009,Brevard County,2018,217667.11,12,Zillow ZHVI county,annual_mean_zhvi,complete_12_months
FL,12009,Brevard County,2019,226873.4,12,Zillow ZHVI county,annual_mean_zhvi,complete_12_months
FL,12009,Brevard County,2020,241522.91,12,Zillow ZHVI county,annual_mean_zhvi,complete_12_months
FL,12009,Brevard County,2021,284959.6,12,Zillow ZHVI county,annual_mean_zhvi,complete_12_months
FL,12009,Brevard County,2022,351547.35,12,Zillow ZHVI county,annual_mean_zhvi,complete_12_months
FL,12009,Brevard County,2023,362220.53,12,Zillow ZHVI county,annual_mean_zhvi,complete_12_months
FL,12009,Brevard County,2024,364123.61,12,Zillow ZHVI county,annual_mean_zhvi,complete_12_months
FL,12011,Broward County,2015,205938.01,12,Zillow ZHVI county,annual_mean_zhvi,complete_12_months
FL,12011,Broward County,2016,223416.22,12,Zillow ZHVI county,annual_mean_zhvi,complete_12_months
FL,12011,Broward County,2017,244837.27,12,Zillow ZHVI county,annual_mean_zhvi,complete_12_months
FL,12011,Broward County,2018,266337.37,12,Zillow ZHVI county,annual_mean_zhvi,complete_12_months
FL,12011,Broward County,2019,279590.28,12,Zillow ZHVI county,annual_mean_zhvi,complete_12_months
FL,12011,Broward County,2020,293735.88,12,Zillow ZHVI county,annual_mean_zhvi,complete_12_months
FL,12011,Broward County,2021,332975.67,12,Zillow ZHVI county,annual_mean_zhvi,complete_12_months
FL,12011,Broward County,2022,401668.88,12,Zillow ZHVI county,annual_mean_zhvi,complete_12_months
FL,12011,Broward County,2023,433489.73,12,Zillow ZHVI county,annual_mean_zhvi,complete_12_months
FL,12011,Broward County,2024,453354.68,12,Zillow ZHVI county,annual_mean_zhvi,complete_12_months
FL,12013,Calhoun County,2015,95866.85,12,Zillow ZHVI county,annual_mean_zhvi,complete_12_months
FL,12013,Calhoun County,2016,99841.35,12,Zillow ZHVI county,annual_mean_zhvi,complete_12_months
FL,12013,Calhoun County,2017,107034.54,12,Zillow ZHVI county,annual_mean_zhvi,complete_12_months
FL,12013,Calhoun County,2018,114397.53,12,Zillow ZHVI county,annual_mean_zhvi,complete_12_months
FL,12013,Calhoun County,2019,117909.42,12,Zillow ZHVI county,annual_mean_zhvi,complete_12_months
FL,12013,Calhoun County,2020,126743.94,12,Zillow ZHVI county,annual_mean_zhvi,complete_12_months
FL,12013,Calhoun County,2021,156080.13,12,Zillow ZHVI county,annual_mean_zhvi,complete_12_months
FL,12013,Calhoun County,2022,177915.75,12,Zillow ZHVI county,annual_mean_zhvi,complete_12_months
FL,12013,Calhoun County,2023,183623.15,12,Zillow ZHVI county,annual_mean_zhvi,complete_12_months
FL,12013,Calhoun County,2024,189020.82,12,Zillow ZHVI county,annual_mean_zhvi,complete_12_months
FL,12015,Charlotte County,2015,168909.53,12,Zillow ZHVI county,annual_mean_zhvi,complete_12_months
FL,12015,Charlotte County,2016,187729.36,12,Zillow ZHVI county,annual_mean_zhvi,complete_12_months
FL,12015,Charlotte County,2017,201043.66,12,Zillow ZHVI county,annual_mean_zhvi,complete_12_months
FL,12015,Charlotte County,2018,214021.65,12,Zillow ZHVI county,annual_mean_zhvi,complete_12_months
FL,12015,Charlotte County,2019,224292.09,12,Zillow ZHVI county,annual_mean_zhvi,complete_12_months
FL,12015,Charlotte County,2020,236236.41,12,Zillow ZHVI county,annual_mean_zhvi,complete_12_months
FL,12015,Charlotte County,2021,285965.67,12,Zillow ZHVI county,annual_mean_zhvi,complete_12_months
FL,12015,Charlotte County,2022,375550.49,12,Zillow ZHVI county,annual_mean_zhvi,complete_12_months
FL,12015,Charlotte County,2023,380184.06,12,Zillow ZHVI county,annual_mean_zhvi,complete_12_months
FL,12015,Charlotte County,2024,363473.29,12,Zillow ZHVI county,annual_mean_zhvi,complete_12_months
FL,12017,Citrus County,2015,118527.2,12,Zillow ZHVI county,annual_mean_zhvi,complete_12_months
FL,12017,Citrus County,2016,131137.4,12,Zillow ZHVI county,annual_mean_zhvi,complete_12_months
FL,12017,Citrus County,2017,143935.24,12,Zillow ZHVI county,annual_mean_zhvi,complete_12_months
FL,12017,Citrus County,2018,159786.24,12,Zillow ZHVI county,annual_mean_zhvi,complete_12_months
FL,12017,Citrus County,2019,168452.16,12,Zillow ZHVI county,annual_mean_zhvi,complete_12_months
FL,12017,Citrus County,2020,181252.73,12,Zillow ZHVI county,annual_mean_zhvi,complete_12_months
FL,12017,Citrus County,2021,222364.6,12,Zillow ZHVI county,annual_mean_zhvi,complete_12_months
FL,12017,Citrus County,2022,278580.58,12,Zillow ZHVI county,annual_mean_zhvi,complete_12_months
FL,12017,Citrus County,2023,287942.5,12,Zillow ZHVI county,annual_mean_zhvi,complete_12_months
FL,12017,Citrus County,2024,289773.99,12,Zillow ZHVI county,annual_mean_zhvi,complete_12_months
FL,12019,Clay County,2015,168471.66,12,Zillow ZHVI county,annual_mean_zhvi,complete_12_months
FL,12019,Clay County,2016,179137.87,12,Zillow ZHVI county,annual_mean_zhvi,complete_12_months
FL,12019,Clay County,2017,190914.76,12,Zillow ZHVI county,annual_mean_zhvi,complete_12_months
FL,12019,Clay County,2018,210254.94,12,Zillow ZHVI county,annual_mean_zhvi,complete_12_months
FL,12019,Clay County,2019,224165.86,12,Zillow ZHVI county,annual_mean_zhvi,complete_12_months
FL,12019,Clay County,2020,237792.98,12,Zillow ZHVI county,annual_mean_zhvi,complete_12_months
FL,12019,Clay County,2021,276646.96,12,Zillow ZHVI county,annual_mean_zhvi,complete_12_months
FL,12019,Clay County,2022,343897.55,12,Zillow ZHVI county,annual_mean_zhvi,complete_12_months
FL,12019,Clay County,2023,347879.24,12,Zillow ZHVI county,annual_mean_zhvi,complete_12_months
FL,12019,Clay County,2024,349623.97,12,Zillow ZHVI county,annual_mean_zhvi,complete_12_months
FL,12021,Collier County,2015,320589.48,12,Zillow ZHVI county,annual_mean_zhvi,complete_12_months
FL,12021,Collier County,2016,349440.2,12,Zillow ZHVI county,annual_mean_zhvi,complete_12_months
FL,12021,Collier County,2017,352605.72,12,Zillow ZHVI county,annual_mean_zhvi,complete_12_months
FL,12021,Collier County,2018,355721.87,12,Zillow ZHVI county,annual_mean_zhvi,complete_12_months
FL,12021,Collier County,2019,361228.11,12,Zillow ZHVI county,annual_mean_zhvi,complete_12_months
FL,12021,Collier County,2020,368178.59,12,Zillow ZHVI county,annual_mean_zhvi,complete_12_months
FL,12021,Collier County,2021,438017.72,12,Zillow ZHVI county,annual_mean_zhvi,complete_12_months
FL,12021,Collier County,2022,594546.08,12,Zillow ZHVI county,annual_mean_zhvi,complete_12_months
FL,12021,Collier County,2023,621089.56,12,Zillow ZHVI county,annual_mean_zhvi,complete_12_months
FL,12021,Collier County,2024,622624.96,12,Zillow ZHVI county,annual_mean_zhvi,complete_12_months
FL,12023,Columbia County,2015,122127.72,12,Zillow ZHVI county,annual_mean_zhvi,complete_12_months
FL,12023,Columbia County,2016,128756.76,12,Zillow ZHVI county,annual_mean_zhvi,complete_12_months
FL,12023,Columbia County,2017,136968.38,12,Zillow ZHVI county,annual_mean_zhvi,complete_12_months
FL,12023,Columbia County,2018,150681.38,12,Zillow ZHVI county,annual_mean_zhvi,complete_12_months
FL,12023,Columbia County,2019,158342.73,12,Zillow ZHVI county,annual_mean_zhvi,complete_12_months
FL,12023,Columbia County,2020,175757.02,12,Zillow ZHVI county,annual_mean_zhvi,complete_12_months
FL,12023,Columbia County,2021,208140.48,12,Zillow ZHVI county,annual_mean_zhvi,complete_12_months
FL,12023,Columbia County,2022,251638.26,12,Zillow ZHVI county,annual_mean_zhvi,complete_12_months
FL,12023,Columbia County,2023,259616.19,12,Zillow ZHVI county,annual_mean_zhvi,complete_12_months
FL,12023,Columbia County,2024,272131.74,12,Zillow ZHVI county,annual_mean_zhvi,complete_12_months
FL,12027,DeSoto County,2015,103341.36,12,Zillow ZHVI county,annual_mean_zhvi,complete_12_months
FL,12027,DeSoto County,2016,118462.65,12,Zillow ZHVI county,annual_mean_zhvi,complete_12_months
FL,12027,DeSoto County,2017,134413.44,12,Zillow ZHVI county,annual_mean_zhvi,complete_12_months
FL,12027,DeSoto County,2018,146415.63,12,Zillow ZHVI county,annual_mean_zhvi,complete_12_months
FL,12027,DeSoto County,2019,158060.37,12,Zillow ZHVI county,annual_mean_zhvi,complete_12_months
FL,12027,DeSoto County,2020,168115.77,12,Zillow ZHVI county,annual_mean_zhvi,complete_12_months
FL,12027,DeSoto County,2021,199962.04,12,Zillow ZHVI county,annual_mean_zhvi,complete_12_months
FL,12027,DeSoto County,2022,259017.02,12,Zillow ZHVI county,annual_mean_zhvi,complete_12_months
FL,12027,DeSoto County,2023,265995.31,12,Zillow ZHVI county,annual_mean_zhvi,complete_12_months
FL,12027,DeSoto County,2024,268936.42,12,Zillow ZHVI county,annual_mean_zhvi,complete_12_months
FL,12029,Dixie County,2015,100498.43,12,Zillow ZHVI county,annual_mean_zhvi,complete_12_months
FL,12029,Dixie County,2016,101931.2,12,Zillow ZHVI county,annual_mean_zhvi,complete_12_months
FL,12029,Dixie County,2017,105478.85,12,Zillow ZHVI county,annual_mean_zhvi,complete_12_months
FL,12029,Dixie County,2018,113922.11,12,Zillow ZHVI county,annual_mean_zhvi,complete_12_months
FL,12029,Dixie County,2019,125364.34,12,Zillow ZHVI county,annual_mean_zhvi,complete_12_months
FL,12029,Dixie County,2020,138585.81,12,Zillow ZHVI county,annual_mean_zhvi,complete_12_months
FL,12029,Dixie County,2021,171668.07,12,Zillow ZHVI county,annual_mean_zhvi,complete_12_months
FL,12029,Dixie County,2022,209844.6,12,Zillow ZHVI county,annual_mean_zhvi,complete_12_months
FL,12029,Dixie County,2023,206688.6,12,Zillow ZHVI county,annual_mean_zhvi,complete_12_months
FL,12029,Dixie County,2024,214847.21,12,Zillow ZHVI county,annual_mean_zhvi,complete_12_months
FL,12031,Duval County,2015,142835.63,12,Zillow ZHVI county,annual_mean_zhvi,complete_12_months
FL,12031,Duval County,2016,156197.43,12,Zillow ZHVI county,annual_mean_zhvi,complete_12_months
FL,12031,Duval County,2017,171602.69,12,Zillow ZHVI county,annual_mean_zhvi,complete_12_months
FL,12031,Duval County,2018,187579.34,12,Zillow ZHVI county,annual_mean_zhvi,complete_12_months
FL,12031,Duval County,2019,200550.15,12,Zillow ZHVI county,annual_mean_zhvi,complete_12_months
FL,12031,Duval County,2020,212459.51,12,Zillow ZHVI county,annual_mean_zhvi,complete_12_months
FL,12031,Duval County,2021,247885.19,12,Zillow ZHVI county,annual_mean_zhvi,complete_12_months
FL,12031,Duval County,2022,306938.72,12,Zillow ZHVI county,annual_mean_zhvi,complete_12_months
FL,12031,Duval County,2023,311801.68,12,Zillow ZHVI county,annual_mean_zhvi,complete_12_months
FL,12031,Duval County,2024,312664.16,12,Zillow ZHVI county,annual_mean_zhvi,complete_12_months
FL,12033,Escambia County,2015,134523.76,12,Zillow ZHVI county,annual_mean_zhvi,complete_12_months
FL,12033,Escambia County,2016,143477.39,12,Zillow ZHVI county,annual_mean_zhvi,complete_12_months
FL,12033,Escambia County,2017,153858.55,12,Zillow ZHVI county,annual_mean_zhvi,complete_12_months
FL,12033,Escambia County,2018,165356.33,12,Zillow ZHVI county,annual_mean_zhvi,complete_12_months
FL,12033,Escambia County,2019,178371.82,12,Zillow ZHVI county,annual_mean_zhvi,complete_12_months
FL,12033,Escambia County,2020,196932.65,12,Zillow ZHVI county,annual_mean_zhvi,complete_12_months
FL,12033,Escambia County,2021,231314.75,12,Zillow ZHVI county,annual_mean_zhvi,complete_12_months
FL,12033,Escambia County,2022,272808.84,12,Zillow ZHVI county,annual_mean_zhvi,complete_12_months
FL,12033,Escambia County,2023,283943.13,12,Zillow ZHVI county,annual_mean_zhvi,complete_12_months
FL,12033,Escambia County,2024,287760.55,12,Zillow ZHVI county,annual_mean_zhvi,complete_12_months
FL,12035,Flagler County,2015,188948.1,12,Zillow ZHVI county,annual_mean_zhvi,complete_12_months
FL,12035,Flagler County,2016,204396.23,12,Zillow ZHVI county,annual_mean_zhvi,complete_12_months
FL,12035,Flagler County,2017,219674.27,12,Zillow ZHVI county,annual_mean_zhvi,complete_12_months
FL,12035,Flagler County,2018,234391.59,12,Zillow ZHVI county,annual_mean_zhvi,complete_12_months
FL,12035,Flagler County,2019,247029.35,12,Zillow ZHVI county,annual_mean_zhvi,complete_12_months
FL,12035,Flagler County,2020,259413.36,12,Zillow ZHVI county,annual_mean_zhvi,complete_12_months
FL,12035,Flagler County,2021,312062.56,12,Zillow ZHVI county,annual_mean_zhvi,complete_12_months
FL,12035,Flagler County,2022,390430.51,12,Zillow ZHVI county,annual_mean_zhvi,complete_12_months
FL,12035,Flagler County,2023,386584.96,12,Zillow ZHVI county,annual_mean_zhvi,complete_12_months
FL,12035,Flagler County,2024,376166.23,12,Zillow ZHVI county,annual_mean_zhvi,complete_12_months
FL,12037,Franklin County,2015,226970.75,12,Zillow ZHVI county,annual_mean_zhvi,complete_12_months
FL,12037,Franklin County,2016,237023.28,12,Zillow ZHVI county,annual_mean_zhvi,complete_12_months
FL,12037,Franklin County,2017,247608.65,12,Zillow ZHVI county,annual_mean_zhvi,complete_12_months
FL,12037,Franklin County,2018,270514.65,12,Zillow ZHVI county,annual_mean_zhvi,complete_12_months
FL,12037,Franklin County,2019,290408.56,12,Zillow ZHVI county,annual_mean_zhvi,complete_12_months
FL,12037,Franklin County,2020,315474.08,12,Zillow ZHVI county,annual_mean_zhvi,complete_12_months
FL,12037,Franklin County,2021,379075.5,12,Zillow ZHVI county,annual_mean_zhvi,complete_12_months
FL,12037,Franklin County,2022,453468.45,12,Zillow ZHVI county,annual_mean_zhvi,complete_12_months
FL,12037,Franklin County,2023,448934.39,12,Zillow ZHVI county,annual_mean_zhvi,complete_12_months
FL,12037,Franklin County,2024,467993.85,12,Zillow ZHVI county,annual_mean_zhvi,complete_12_months
FL,12039,Gadsden County,2015,95564.6,12,Zillow ZHVI county,annual_mean_zhvi,complete_12_months
FL,12039,Gadsden County,2016,98700.07,12,Zillow ZHVI county,annual_mean_zhvi,complete_12_months
FL,12039,Gadsden County,2017,102196.56,12,Zillow ZHVI county,annual_mean_zhvi,complete_12_months
FL,12039,Gadsden County,2018,112370.34,12,Zillow ZHVI county,annual_mean_zhvi,complete_12_months
FL,12039,Gadsden County,2019,122377.35,12,Zillow ZHVI county,annual_mean_zhvi,complete_12_months
FL,12039,Gadsden County,2020,133570.31,12,Zillow ZHVI county,annual_mean_zhvi,complete_12_months
FL,12039,Gadsden County,2021,152956.91,12,Zillow ZHVI county,annual_mean_zhvi,complete_12_months
FL,12039,Gadsden County,2022,180288.73,12,Zillow ZHVI county,annual_mean_zhvi,complete_12_months
FL,12039,Gadsden County,2023,195715.53,12,Zillow ZHVI county,annual_mean_zhvi,complete_12_months
FL,12039,Gadsden County,2024,207586.16,12,Zillow ZHVI county,annual_mean_zhvi,complete_12_months
FL,12041,Gilchrist County,2015,124333.15,12,Zillow ZHVI county,annual_mean_zhvi,complete_12_months
FL,12041,Gilchrist County,2016,131989.0,12,Zillow ZHVI county,annual_mean_zhvi,complete_12_months
FL,12041,Gilchrist County,2017,142841.64,12,Zillow ZHVI county,annual_mean_zhvi,complete_12_months
FL,12041,Gilchrist County,2018,153867.6,12,Zillow ZHVI county,annual_mean_zhvi,complete_12_months
FL,12041,Gilchrist County,2019,163989.83,12,Zillow ZHVI county,annual_mean_zhvi,complete_12_months
FL,12041,Gilchrist County,2020,183084.57,12,Zillow ZHVI county,annual_mean_zhvi,complete_12_months
FL,12041,Gilchrist County,2021,222250.61,12,Zillow ZHVI county,annual_mean_zhvi,complete_12_months
FL,12041,Gilchrist County,2022,264391.75,12,Zillow ZHVI county,annual_mean_zhvi,complete_12_months
FL,12041,Gilchrist County,2023,281979.4,12,Zillow ZHVI county,annual_mean_zhvi,complete_12_months
FL,12041,Gilchrist County,2024,298233.15,12,Zillow ZHVI county,annual_mean_zhvi,complete_12_months
FL,12043,Glades County,2015,103655.04,12,Zillow ZHVI county,annual_mean_zhvi,complete_12_months
FL,12043,Glades County,2016,114046.41,12,Zillow ZHVI county,annual_mean_zhvi,complete_12_months
FL,12043,Glades County,2017,122650.39,12,Zillow ZHVI county,annual_mean_zhvi,complete_12_months
FL,12043,Glades County,2018,133812.77,12,Zillow ZHVI county,annual_mean_zhvi,complete_12_months
FL,12043,Glades County,2019,143453.43,12,Zillow ZHVI county,annual_mean_zhvi,complete_12_months
FL,12043,Glades County,2020,156421.7,12,Zillow ZHVI county,annual_mean_zhvi,complete_12_months
FL,12043,Glades County,2021,187786.14,12,Zillow ZHVI county,annual_mean_zhvi,complete_12_months
FL,12043,Glades County,2022,237194.08,12,Zillow ZHVI county,annual_mean_zhvi,complete_12_months
FL,12043,Glades County,2023,256598.24,12,Zillow ZHVI county,annual_mean_zhvi,complete_12_months
FL,12043,Glades County,2024,271496.37,12,Zillow ZHVI county,annual_mean_zhvi,complete_12_months
FL,12045,Gulf County,2015,191932.58,12,Zillow ZHVI county,annual_mean_zhvi,complete_12_months
FL,12045,Gulf County,2016,201740.95,12,Zillow ZHVI county,annual_mean_zhvi,complete_12_months
FL,12045,Gulf County,2017,215769.32,12,Zillow ZHVI county,annual_mean_zhvi,complete_12_months
FL,12045,Gulf County,2018,247115.86,12,Zillow ZHVI county,annual_mean_zhvi,complete_12_months
FL,12045,Gulf County,2019,258757.67,12,Zillow ZHVI county,annual_mean_zhvi,complete_12_months
FL,12045,Gulf County,2020,273912.23,12,Zillow ZHVI county,annual_mean_zhvi,complete_12_months
FL,12045,Gulf County,2021,321339.94,12,Zillow ZHVI county,annual_mean_zhvi,complete_12_months
FL,12045,Gulf County,2022,395712.21,12,Zillow ZHVI county,annual_mean_zhvi,complete_12_months
FL,12045,Gulf County,2023,424703.92,12,Zillow ZHVI county,annual_mean_zhvi,complete_12_months
FL,12045,Gulf County,2024,436142.97,12,Zillow ZHVI county,annual_mean_zhvi,complete_12_months
FL,12047,Hamilton County,2015,86354.6,12,Zillow ZHVI county,annual_mean_zhvi,complete_12_months
FL,12047,Hamilton County,2016,93556.01,12,Zillow ZHVI county,annual_mean_zhvi,complete_12_months
FL,12047,Hamilton County,2017,99076.49,12,Zillow ZHVI county,annual_mean_zhvi,complete_12_months
FL,12047,Hamilton County,2018,102230.58,12,Zillow ZHVI county,annual_mean_zhvi,complete_12_months
FL,12047,Hamilton County,2019,108328.95,12,Zillow ZHVI county,annual_mean_zhvi,complete_12_months
FL,12047,Hamilton County,2020,119006.28,12,Zillow ZHVI county,annual_mean_zhvi,complete_12_months
FL,12047,Hamilton County,2021,146292.72,12,Zillow ZHVI county,annual_mean_zhvi,complete_12_months
FL,12047,Hamilton County,2022,181983.83,12,Zillow ZHVI county,annual_mean_zhvi,complete_12_months
FL,12047,Hamilton County,2023,194078.85,12,Zillow ZHVI county,annual_mean_zhvi,complete_12_months
FL,12047,Hamilton County,2024,202683.61,12,Zillow ZHVI county,annual_mean_zhvi,complete_12_months
FL,12049,Hardee County,2015,93116.04,12,Zillow ZHVI county,annual_mean_zhvi,complete_12_months
FL,12049,Hardee County,2016,103264.84,12,Zillow ZHVI county,annual_mean_zhvi,complete_12_months
FL,12049,Hardee County,2017,110516.14,12,Zillow ZHVI county,annual_mean_zhvi,complete_12_months
FL,12049,Hardee County,2018,121967.94,12,Zillow ZHVI county,annual_mean_zhvi,complete_12_months
FL,12049,Hardee County,2019,130615.13,12,Zillow ZHVI county,annual_mean_zhvi,complete_12_months
FL,12049,Hardee County,2020,141740.03,12,Zillow ZHVI county,annual_mean_zhvi,complete_12_months
FL,12049,Hardee County,2021,169086.49,12,Zillow ZHVI county,annual_mean_zhvi,complete_12_months
FL,12049,Hardee County,2022,204913.3,12,Zillow ZHVI county,annual_mean_zhvi,complete_12_months
FL,12049,Hardee County,2023,215724.84,12,Zillow ZHVI county,annual_mean_zhvi,complete_12_months
FL,12049,Hardee County,2024,233418.48,12,Zillow ZHVI county,annual_mean_zhvi,complete_12_months
FL,12051,Hendry County,2015,97109.16,12,Zillow ZHVI county,annual_mean_zhvi,complete_12_months
FL,12051,Hendry County,2016,111858.29,12,Zillow ZHVI county,annual_mean_zhvi,complete_12_months
FL,12051,Hendry County,2017,125759.23,12,Zillow ZHVI county,annual_mean_zhvi,complete_12_months
FL,12051,Hendry County,2018,140523.37,12,Zillow ZHVI county,annual_mean_zhvi,complete_12_months
FL,12051,Hendry County,2019,153935.03,12,Zillow ZHVI county,annual_mean_zhvi,complete_12_months
FL,12051,Hendry County,2020,166603.46,12,Zillow ZHVI county,annual_mean_zhvi,complete_12_months
FL,12051,Hendry County,2021,199919.25,12,Zillow ZHVI county,annual_mean_zhvi,complete_12_months
FL,12051,Hendry County,2022,249759.99,12,Zillow ZHVI county,annual_mean_zhvi,complete_12_months
FL,12051,Hendry County,2023,275371.14,12,Zillow ZHVI county,annual_mean_zhvi,complete_12_months
FL,12051,Hendry County,2024,291896.59,12,Zillow ZHVI county,annual_mean_zhvi,complete_12_months
FL,12053,Hernando County,2015,120736.66,12,Zillow ZHVI county,annual_mean_zhvi,complete_12_months
FL,12053,Hernando County,2016,135346.29,12,Zillow ZHVI county,annual_mean_zhvi,complete_12_months
FL,12053,Hernando County,2017,151254.67,12,Zillow ZHVI county,annual_mean_zhvi,complete_12_months
FL,12053,Hernando County,2018,168146.66,12,Zillow ZHVI county,annual_mean_zhvi,complete_12_months
FL,12053,Hernando County,2019,180158.73,12,Zillow ZHVI county,annual_mean_zhvi,complete_12_months
FL,12053,Hernando County,2020,197186.23,12,Zillow ZHVI county,annual_mean_zhvi,complete_12_months
FL,12053,Hernando County,2021,241867.18,12,Zillow ZHVI county,annual_mean_zhvi,complete_12_months
FL,12053,Hernando County,2022,314555.76,12,Zillow ZHVI county,annual_mean_zhvi,complete_12_months
FL,12053,Hernando County,2023,322641.87,12,Zillow ZHVI county,annual_mean_zhvi,complete_12_months
FL,12053,Hernando County,2024,328975.23,12,Zillow ZHVI county,annual_mean_zhvi,complete_12_months
FL,12055,Highlands County,2015,96209.5,12,Zillow ZHVI county,annual_mean_zhvi,complete_12_months
FL,12055,Highlands County,2016,107678.66,12,Zillow ZHVI county,annual_mean_zhvi,complete_12_months
FL,12055,Highlands County,2017,118793.48,12,Zillow ZHVI county,annual_mean_zhvi,complete_12_months
FL,12055,Highlands County,2018,129345.85,12,Zillow ZHVI county,annual_mean_zhvi,complete_12_months
FL,12055,Highlands County,2019,139433.03,12,Zillow ZHVI county,annual_mean_zhvi,complete_12_months
FL,12055,Highlands County,2020,149701.97,12,Zillow ZHVI county,annual_mean_zhvi,complete_12_months
FL,12055,Highlands County,2021,177554.13,12,Zillow ZHVI county,annual_mean_zhvi,complete_12_months
FL,12055,Highlands County,2022,220175.33,12,Zillow ZHVI county,annual_mean_zhvi,complete_12_months
FL,12055,Highlands County,2023,234243.65,12,Zillow ZHVI county,annual_mean_zhvi,complete_12_months
FL,12055,Highlands County,2024,243995.74,12,Zillow ZHVI county,annual_mean_zhvi,complete_12_months
FL,12057,Hillsborough County,2015,177883.74,12,Zillow ZHVI county,annual_mean_zhvi,complete_12_months
FL,12057,Hillsborough County,2016,195441.5,12,Zillow ZHVI county,annual_mean_zhvi,complete_12_months
FL,12057,Hillsborough County,2017,213228.92,12,Zillow ZHVI county,annual_mean_zhvi,complete_12_months
FL,12057,Hillsborough County,2018,229836.7,12,Zillow ZHVI county,annual_mean_zhvi,complete_12_months
FL,12057,Hillsborough County,2019,240842.34,12,Zillow ZHVI county,annual_mean_zhvi,complete_12_months
FL,12057,Hillsborough County,2020,256699.02,12,Zillow ZHVI county,annual_mean_zhvi,complete_12_months
FL,12057,Hillsborough County,2021,305662.1,12,Zillow ZHVI county,annual_mean_zhvi,complete_12_months
FL,12057,Hillsborough County,2022,389209.25,12,Zillow ZHVI county,annual_mean_zhvi,complete_12_months
FL,12057,Hillsborough County,2023,397680.36,12,Zillow ZHVI county,annual_mean_zhvi,complete_12_months
FL,12057,Hillsborough County,2024,404526.91,12,Zillow ZHVI county,annual_mean_zhvi,complete_12_months
FL,12059,Holmes County,2015,97427.8,12,Zillow ZHVI county,annual_mean_zhvi,complete_12_months
FL,12059,Holmes County,2016,101380.5,12,Zillow ZHVI county,annual_mean_zhvi,complete_12_months
FL,12059,Holmes County,2017,109599.05,12,Zillow ZHVI county,annual_mean_zhvi,complete_12_months
FL,12059,Holmes County,2018,114800.81,12,Zillow ZHVI county,annual_mean_zhvi,complete_12_months
FL,12059,Holmes County,2019,123677.71,12,Zillow ZHVI county,annual_mean_zhvi,complete_12_months
FL,12059,Holmes County,2020,136458.72,12,Zillow ZHVI county,annual_mean_zhvi,complete_12_months
FL,12059,Holmes County,2021,163922.09,12,Zillow ZHVI county,annual_mean_zhvi,complete_12_months
FL,12059,Holmes County,2022,192058.25,12,Zillow ZHVI county,annual_mean_zhvi,complete_12_months
FL,12059,Holmes County,2023,187127.45,12,Zillow ZHVI county,annual_mean_zhvi,complete_12_months
FL,12059,Holmes County,2024,195722.63,12,Zillow ZHVI county,annual_mean_zhvi,complete_12_months
FL,12061,Indian River County,2015,176818.38,12,Zillow ZHVI county,annual_mean_zhvi,complete_12_months
FL,12061,Indian River County,2016,195524.26,12,Zillow ZHVI county,annual_mean_zhvi,complete_12_months
FL,12061,Indian River County,2017,215426.7,12,Zillow ZHVI county,annual_mean_zhvi,complete_12_months
FL,12061,Indian River County,2018,233954.91,12,Zillow ZHVI county,annual_mean_zhvi,complete_12_months
FL,12061,Indian River County,2019,244854.84,12,Zillow ZHVI county,annual_mean_zhvi,complete_12_months
FL,12061,Indian River County,2020,255767.03,12,Zillow ZHVI county,annual_mean_zhvi,complete_12_months
FL,12061,Indian River County,2021,298642.02,12,Zillow ZHVI county,annual_mean_zhvi,complete_12_months
FL,12061,Indian River County,2022,379296.69,12,Zillow ZHVI county,annual_mean_zhvi,complete_12_months
FL,12061,Indian River County,2023,393112.25,12,Zillow ZHVI county,annual_mean_zhvi,complete_12_months
FL,12061,Indian River County,2024,394498.4,12,Zillow ZHVI county,annual_mean_zhvi,complete_12_months
FL,12063,Jackson County,2015,91901.17,12,Zillow ZHVI county,annual_mean_zhvi,complete_12_months
FL,12063,Jackson County,2016,99562.86,12,Zillow ZHVI county,annual_mean_zhvi,complete_12_months
FL,12063,Jackson County,2017,102125.77,12,Zillow ZHVI county,annual_mean_zhvi,complete_12_months
FL,12063,Jackson County,2018,108683.69,12,Zillow ZHVI county,annual_mean_zhvi,complete_12_months
FL,12063,Jackson County,2019,117305.25,12,Zillow ZHVI county,annual_mean_zhvi,complete_12_months
FL,12063,Jackson County,2020,126435.2,12,Zillow ZHVI county,annual_mean_zhvi,complete_12_months
FL,12063,Jackson County,2021,151136.68,12,Zillow ZHVI county,annual_mean_zhvi,complete_12_months
FL,12063,Jackson County,2022,175051.06,12,Zillow ZHVI county,annual_mean_zhvi,complete_12_months
FL,12063,Jackson County,2023,177494.09,12,Zillow ZHVI county,annual_mean_zhvi,complete_12_months
FL,12063,Jackson County,2024,182571.5,12,Zillow ZHVI county,annual_mean_zhvi,complete_12_months
FL,12065,Jefferson County,2015,142524.28,12,Zillow ZHVI county,annual_mean_zhvi,complete_12_months
FL,12065,Jefferson County,2016,152817.64,12,Zillow ZHVI county,annual_mean_zhvi,complete_12_months
FL,12065,Jefferson County,2017,154897.83,12,Zillow ZHVI county,annual_mean_zhvi,complete_12_months
FL,12065,Jefferson County,2018,156609.27,12,Zillow ZHVI county,annual_mean_zhvi,complete_12_months
FL,12065,Jefferson County,2019,168456.31,12,Zillow ZHVI county,annual_mean_zhvi,complete_12_months
FL,12065,Jefferson County,2020,195578.24,12,Zillow ZHVI county,annual_mean_zhvi,complete_12_months
FL,12065,Jefferson County,2021,229396.44,12,Zillow ZHVI county,annual_mean_zhvi,complete_12_months
FL,12065,Jefferson County,2022,271350.46,12,Zillow ZHVI county,annual_mean_zhvi,complete_12_months
FL,12065,Jefferson County,2023,287801.39,12,Zillow ZHVI county,annual_mean_zhvi,complete_12_months
FL,12065,Jefferson County,2024,299444.0,12,Zillow ZHVI county,annual_mean_zhvi,complete_12_months
FL,12067,Lafayette County,2015,120154.69,12,Zillow ZHVI county,annual_mean_zhvi,complete_12_months
FL,12067,Lafayette County,2016,127899.09,12,Zillow ZHVI county,annual_mean_zhvi,complete_12_months
FL,12067,Lafayette County,2017,132992.7,12,Zillow ZHVI county,annual_mean_zhvi,complete_12_months
FL,12067,Lafayette County,2018,137559.71,12,Zillow ZHVI county,annual_mean_zhvi,complete_12_months
FL,12067,Lafayette County,2019,143626.71,12,Zillow ZHVI county,annual_mean_zhvi,complete_12_months
FL,12067,Lafayette County,2020,157971.83,12,Zillow ZHVI county,annual_mean_zhvi,complete_12_months
FL,12067,Lafayette County,2021,193884.92,12,Zillow ZHVI county,annual_mean_zhvi,complete_12_months
FL,12067,Lafayette County,2022,230012.88,12,Zillow ZHVI county,annual_mean_zhvi,complete_12_months
FL,12067,Lafayette County,2023,229063.96,12,Zillow ZHVI county,annual_mean_zhvi,complete_12_months
FL,12067,Lafayette County,2024,251535.41,12,Zillow ZHVI county,annual_mean_zhvi,complete_12_months
FL,12069,Lake County,2015,177964.02,12,Zillow ZHVI county,annual_mean_zhvi,complete_12_months
FL,12069,Lake County,2016,192907.1,12,Zillow ZHVI county,annual_mean_zhvi,complete_12_months
FL,12069,Lake County,2017,208712.06,12,Zillow ZHVI county,annual_mean_zhvi,complete_12_months
FL,12069,Lake County,2018,226291.67,12,Zillow ZHVI county,annual_mean_zhvi,complete_12_months
FL,12069,Lake County,2019,241730.49,12,Zillow ZHVI county,annual_mean_zhvi,complete_12_months
FL,12069,Lake County,2020,256712.04,12,Zillow ZHVI county,annual_mean_zhvi,complete_12_months
FL,12069,Lake County,2021,294685.77,12,Zillow ZHVI county,annual_mean_zhvi,complete_12_months
FL,12069,Lake County,2022,367193.88,12,Zillow ZHVI county,annual_mean_zhvi,complete_12_months
FL,12069,Lake County,2023,378190.18,12,Zillow ZHVI county,annual_mean_zhvi,complete_12_months
FL,12069,Lake County,2024,382924.56,12,Zillow ZHVI county,annual_mean_zhvi,complete_12_months
FL,12071,Lee County,2015,195847.58,12,Zillow ZHVI county,annual_mean_zhvi,complete_12_months
FL,12071,Lee County,2016,218293.57,12,Zillow ZHVI county,annual_mean_zhvi,complete_12_months
FL,12071,Lee County,2017,229086.82,12,Zillow ZHVI county,annual_mean_zhvi,complete_12_months
FL,12071,Lee County,2018,236018.71,12,Zillow ZHVI county,annual_mean_zhvi,complete_12_months
FL,12071,Lee County,2019,240165.47,12,Zillow ZHVI county,annual_mean_zhvi,complete_12_months
FL,12071,Lee County,2020,248652.66,12,Zillow ZHVI county,annual_mean_zhvi,complete_12_months
FL,12071,Lee County,2021,298578.63,12,Zillow ZHVI county,annual_mean_zhvi,complete_12_months
FL,12071,Lee County,2022,394236.91,12,Zillow ZHVI county,annual_mean_zhvi,complete_12_months
FL,12071,Lee County,2023,406115.44,12,Zillow ZHVI county,annual_mean_zhvi,complete_12_months
FL,12071,Lee County,2024,395545.18,12,Zillow ZHVI county,annual_mean_zhvi,complete_12_months
FL,12073,Leon County,2015,169759.8,12,Zillow ZHVI county,annual_mean_zhvi,complete_12_months
FL,12073,Leon County,2016,178950.91,12,Zillow ZHVI county,annual_mean_zhvi,complete_12_months
FL,12073,Leon County,2017,187790.43,12,Zillow ZHVI county,annual_mean_zhvi,complete_12_months
FL,12073,Leon County,2018,197205.13,12,Zillow ZHVI county,annual_mean_zhvi,complete_12_months
FL,12073,Leon County,2019,207685.99,12,Zillow ZHVI county,annual_mean_zhvi,complete_12_months
FL,12073,Leon County,2020,222283.94,12,Zillow ZHVI county,annual_mean_zhvi,complete_12_months
FL,12073,Leon County,2021,245762.79,12,Zillow ZHVI county,annual_mean_zhvi,complete_12_months
FL,12073,Leon County,2022,274826.23,12,Zillow ZHVI county,annual_mean_zhvi,complete_12_months
FL,12073,Leon County,2023,287473.64,12,Zillow ZHVI county,annual_mean_zhvi,complete_12_months
FL,12073,Leon County,2024,297606.48,12,Zillow ZHVI county,annual_mean_zhvi,complete_12_months
FL,12075,Levy County,2015,124329.49,12,Zillow ZHVI county,annual_mean_zhvi,complete_12_months
FL,12075,Levy County,2016,133054.4,12,Zillow ZHVI county,annual_mean_zhvi,complete_12_months
FL,12075,Levy County,2017,140285.79,12,Zillow ZHVI county,annual_mean_zhvi,complete_12_months
FL,12075,Levy County,2018,152087.46,12,Zillow ZHVI county,annual_mean_zhvi,complete_12_months
FL,12075,Levy County,2019,172111.48,12,Zillow ZHVI county,annual_mean_zhvi,complete_12_months
FL,12075,Levy County,2020,189200.8,12,Zillow ZHVI county,annual_mean_zhvi,complete_12_months
FL,12075,Levy County,2021,225193.69,12,Zillow ZHVI county,annual_mean_zhvi,complete_12_months
FL,12075,Levy County,2022,272646.05,12,Zillow ZHVI county,annual_mean_zhvi,complete_12_months
FL,12075,Levy County,2023,286182.34,12,Zillow ZHVI county,annual_mean_zhvi,complete_12_months
FL,12075,Levy County,2024,300919.48,12,Zillow ZHVI county,annual_mean_zhvi,complete_12_months
FL,12077,Liberty County,2015,100413.98,12,Zillow ZHVI county,annual_mean_zhvi,complete_12_months
FL,12077,Liberty County,2016,109070.82,12,Zillow ZHVI county,annual_mean_zhvi,complete_12_months
FL,12077,Liberty County,2017,112330.58,12,Zillow ZHVI county,annual_mean_zhvi,complete_12_months
FL,12077,Liberty County,2018,118056.86,12,Zillow ZHVI county,annual_mean_zhvi,complete_12_months
FL,12077,Liberty County,2019,121569.41,12,Zillow ZHVI county,annual_mean_zhvi,complete_12_months
FL,12077,Liberty County,2020,129845.13,12,Zillow ZHVI county,annual_mean_zhvi,complete_12_months
FL,12077,Liberty County,2021,153945.67,12,Zillow ZHVI county,annual_mean_zhvi,complete_12_months
FL,12077,Liberty County,2022,177489.23,12,Zillow ZHVI county,annual_mean_zhvi,complete_12_months
FL,12077,Liberty County,2023,186498.93,12,Zillow ZHVI county,annual_mean_zhvi,complete_12_months
FL,12077,Liberty County,2024,199916.81,12,Zillow ZHVI county,annual_mean_zhvi,complete_12_months
FL,12079,Madison County,2015,100108.11,12,Zillow ZHVI county,annual_mean_zhvi,complete_12_months
FL,12079,Madison County,2016,107821.88,12,Zillow ZHVI county,annual_mean_zhvi,complete_12_months
FL,12079,Madison County,2017,113589.31,12,Zillow ZHVI county,annual_mean_zhvi,complete_12_months
FL,12079,Madison County,2018,116059.44,12,Zillow ZHVI county,annual_mean_zhvi,complete_12_months
FL,12079,Madison County,2019,124553.5,12,Zillow ZHVI county,annual_mean_zhvi,complete_12_months
FL,12079,Madison County,2020,135372.02,12,Zillow ZHVI county,annual_mean_zhvi,complete_12_months
FL,12079,Madison County,2021,164811.78,12,Zillow ZHVI county,annual_mean_zhvi,complete_12_months
FL,12079,Madison County,2022,201888.06,12,Zillow ZHVI county,annual_mean_zhvi,complete_12_months
FL,12079,Madison County,2023,204305.19,12,Zillow ZHVI county,annual_mean_zhvi,complete_12_months
FL,12079,Madison County,2024,212296.4,12,Zillow ZHVI county,annual_mean_zhvi,complete_12_months
FL,12081,Manatee County,2015,223961.86,12,Zillow ZHVI county,annual_mean_zhvi,complete_12_months
FL,12081,Manatee County,2016,244063.7,12,Zillow ZHVI county,annual_mean_zhvi,complete_12_months
FL,12081,Manatee County,2017,257636.03,12,Zillow ZHVI county,annual_mean_zhvi,complete_12_months
FL,12081,Manatee County,2018,269858.08,12,Zillow ZHVI county,annual_mean_zhvi,complete_12_months
FL,12081,Manatee County,2019,280054.45,12,Zillow ZHVI county,annual_mean_zhvi,complete_12_months
FL,12081,Manatee County,2020,292490.7,12,Zillow ZHVI county,annual_mean_zhvi,complete_12_months
FL,12081,Manatee County,2021,347187.24,12,Zillow ZHVI county,annual_mean_zhvi,complete_12_months
FL,12081,Manatee County,2022,457948.66,12,Zillow ZHVI county,annual_mean_zhvi,complete_12_months
FL,12081,Manatee County,2023,471037.54,12,Zillow ZHVI county,annual_mean_zhvi,complete_12_months
FL,12081,Manatee County,2024,462508.81,12,Zillow ZHVI county,annual_mean_zhvi,complete_12_months
FL,12083,Marion County,2015,122529.03,12,Zillow ZHVI county,annual_mean_zhvi,complete_12_months
FL,12083,Marion County,2016,133679.51,12,Zillow ZHVI county,annual_mean_zhvi,complete_12_months
FL,12083,Marion County,2017,145787.54,12,Zillow ZHVI county,annual_mean_zhvi,complete_12_months
FL,12083,Marion County,2018,159215.21,12,Zillow ZHVI county,annual_mean_zhvi,complete_12_months
FL,12083,Marion County,2019,169556.49,12,Zillow ZHVI county,annual_mean_zhvi,complete_12_months
FL,12083,Marion County,2020,181297.94,12,Zillow ZHVI county,annual_mean_zhvi,complete_12_months
FL,12083,Marion County,2021,215116.04,12,Zillow ZHVI county,annual_mean_zhvi,complete_12_months
FL,12083,Marion County,2022,276114.83,12,Zillow ZHVI county,annual_mean_zhvi,complete_12_months
FL,12083,Marion County,2023,287957.51,12,Zillow ZHVI county,annual_mean_zhvi,complete_12_months
FL,12083,Marion County,2024,287821.13,12,Zillow ZHVI county,annual_mean_zhvi,complete_12_months
FL,12085,Martin County,2015,220827.18,12,Zillow ZHVI county,annual_mean_zhvi,complete_12_months
FL,12085,Martin County,2016,245381.83,12,Zillow ZHVI county,annual_mean_zhvi,complete_12_months
FL,12085,Martin County,2017,265273.61,12,Zillow ZHVI county,annual_mean_zhvi,complete_12_months
FL,12085,Martin County,2018,281055.68,12,Zillow ZHVI county,annual_mean_zhvi,complete_12_months
FL,12085,Martin County,2019,290653.5,12,Zillow ZHVI county,annual_mean_zhvi,complete_12_months
FL,12085,Martin County,2020,306003.52,12,Zillow ZHVI county,annual_mean_zhvi,complete_12_months
FL,12085,Martin County,2021,360290.3,12,Zillow ZHVI county,annual_mean_zhvi,complete_12_months
FL,12085,Martin County,2022,453950.93,12,Zillow ZHVI county,annual_mean_zhvi,complete_12_months
FL,12085,Martin County,2023,479714.31,12,Zillow ZHVI county,annual_mean_zhvi,complete_12_months
FL,12085,Martin County,2024,483617.71,12,Zillow ZHVI county,annual_mean_zhvi,complete_12_months
FL,12086,Miami-Dade County,2015,242822.07,12,Zillow ZHVI county,annual_mean_zhvi,complete_12_months
FL,12086,Miami-Dade County,2016,266705.47,12,Zillow ZHVI county,annual_mean_zhvi,complete_12_months
FL,12086,Miami-Dade County,2017,285659.95,12,Zillow ZHVI county,annual_mean_zhvi,complete_12_months
FL,12086,Miami-Dade County,2018,303900.11,12,Zillow ZHVI county,annual_mean_zhvi,complete_12_months
FL,12086,Miami-Dade County,2019,316442.99,12,Zillow ZHVI county,annual_mean_zhvi,complete_12_months
FL,12086,Miami-Dade County,2020,333149.51,12,Zillow ZHVI county,annual_mean_zhvi,complete_12_months
FL,12086,Miami-Dade County,2021,376535.29,12,Zillow ZHVI county,annual_mean_zhvi,complete_12_months
FL,12086,Miami-Dade County,2022,458450.97,12,Zillow ZHVI county,annual_mean_zhvi,complete_12_months
FL,12086,Miami-Dade County,2023,500907.42,12,Zillow ZHVI county,annual_mean_zhvi,complete_12_months
FL,12086,Miami-Dade County,2024,537394.48,12,Zillow ZHVI county,annual_mean_zhvi,complete_12_months
FL,12087,Monroe County,2015,,0,Zillow ZHVI county,annual_mean_zhvi,source_data_unavailable
FL,12087,Monroe County,2016,525541.63,11,Zillow ZHVI county,annual_mean_zhvi,partial_10_11_months
FL,12087,Monroe County,2017,550769.71,12,Zillow ZHVI county,annual_mean_zhvi,complete_12_months
FL,12087,Monroe County,2018,571990.33,12,Zillow ZHVI county,annual_mean_zhvi,complete_12_months
FL,12087,Monroe County,2019,587324.68,12,Zillow ZHVI county,annual_mean_zhvi,complete_12_months
FL,12087,Monroe County,2020,621344.27,12,Zillow ZHVI county,annual_mean_zhvi,complete_12_months
FL,12087,Monroe County,2021,737745.44,12,Zillow ZHVI county,annual_mean_zhvi,complete_12_months
FL,12087,Monroe County,2022,957051.93,12,Zillow ZHVI county,annual_mean_zhvi,complete_12_months
FL,12087,Monroe County,2023,996718.86,12,Zillow ZHVI county,annual_mean_zhvi,complete_12_months
FL,12087,Monroe County,2024,1016734.28,12,Zillow ZHVI county,annual_mean_zhvi,complete_12_months
FL,12089,Nassau County,2015,235076.83,12,Zillow ZHVI county,annual_mean_zhvi,complete_12_months
FL,12089,Nassau County,2016,247260.69,12,Zillow ZHVI county,annual_mean_zhvi,complete_12_months
FL,12089,Nassau County,2017,264256.0,12,Zillow ZHVI county,annual_mean_zhvi,complete_12_months
FL,12089,Nassau County,2018,285383.99,12,Zillow ZHVI county,annual_mean_zhvi,complete_12_months
FL,12089,Nassau County,2019,304496.52,12,Zillow ZHVI county,annual_mean_zhvi,complete_12_months
FL,12089,Nassau County,2020,327054.56,12,Zillow ZHVI county,annual_mean_zhvi,complete_12_months
FL,12089,Nassau County,2021,384455.44,12,Zillow ZHVI county,annual_mean_zhvi,complete_12_months
FL,12089,Nassau County,2022,476374.05,12,Zillow ZHVI county,annual_mean_zhvi,complete_12_months
FL,12089,Nassau County,2023,490261.06,12,Zillow ZHVI county,annual_mean_zhvi,complete_12_months
FL,12089,Nassau County,2024,496038.0,12,Zillow ZHVI county,annual_mean_zhvi,complete_12_months
FL,12091,Okaloosa County,2015,194861.95,12,Zillow ZHVI county,annual_mean_zhvi,complete_12_months
FL,12091,Okaloosa County,2016,203101.38,12,Zillow ZHVI county,annual_mean_zhvi,complete_12_months
FL,12091,Okaloosa County,2017,214817.25,12,Zillow ZHVI county,annual_mean_zhvi,complete_12_months
FL,12091,Okaloosa County,2018,229888.79,12,Zillow ZHVI county,annual_mean_zhvi,complete_12_months
FL,12091,Okaloosa County,2019,243423.2,12,Zillow ZHVI county,annual_mean_zhvi,complete_12_months
FL,12091,Okaloosa County,2020,263982.2,12,Zillow ZHVI county,annual_mean_zhvi,complete_12_months
FL,12091,Okaloosa County,2021,308600.67,12,Zillow ZHVI county,annual_mean_zhvi,complete_12_months
FL,12091,Okaloosa County,2022,363512.34,12,Zillow ZHVI county,annual_mean_zhvi,complete_12_months
FL,12091,Okaloosa County,2023,370990.64,12,Zillow ZHVI county,annual_mean_zhvi,complete_12_months
FL,12091,Okaloosa County,2024,369618.81,12,Zillow ZHVI county,annual_mean_zhvi,complete_12_months
FL,12093,Okeechobee County,2015,105161.47,12,Zillow ZHVI county,annual_mean_zhvi,complete_12_months
FL,12093,Okeechobee County,2016,117570.91,12,Zillow ZHVI county,annual_mean_zhvi,complete_12_months
FL,12093,Okeechobee County,2017,129224.97,12,Zillow ZHVI county,annual_mean_zhvi,complete_12_months
FL,12093,Okeechobee County,2018,146389.24,12,Zillow ZHVI county,annual_mean_zhvi,complete_12_months
FL,12093,Okeechobee County,2019,161306.79,12,Zillow ZHVI county,annual_mean_zhvi,complete_12_months
FL,12093,Okeechobee County,2020,173243.57,12,Zillow ZHVI county,annual_mean_zhvi,complete_12_months
FL,12093,Okeechobee County,2021,203214.96,12,Zillow ZHVI county,annual_mean_zhvi,complete_12_months
FL,12093,Okeechobee County,2022,249817.75,12,Zillow ZHVI county,annual_mean_zhvi,complete_12_months
FL,12093,Okeechobee County,2023,268597.92,12,Zillow ZHVI county,annual_mean_zhvi,complete_12_months
FL,12093,Okeechobee County,2024,285438.67,12,Zillow ZHVI county,annual_mean_zhvi,complete_12_months
FL,12095,Orange County,2015,193881.15,12,Zillow ZHVI county,annual_mean_zhvi,complete_12_months
FL,12095,Orange County,2016,211610.09,12,Zillow ZHVI county,annual_mean_zhvi,complete_12_months
FL,12095,Orange County,2017,230760.0,12,Zillow ZHVI county,annual_mean_zhvi,complete_12_months
FL,12095,Orange County,2018,251297.04,12,Zillow ZHVI county,annual_mean_zhvi,complete_12_months
FL,12095,Orange County,2019,267235.45,12,Zillow ZHVI county,annual_mean_zhvi,complete_12_months
FL,12095,Orange County,2020,282197.46,12,Zillow ZHVI county,annual_mean_zhvi,complete_12_months
FL,12095,Orange County,2021,320263.4,12,Zillow ZHVI county,annual_mean_zhvi,complete_12_months
FL,12095,Orange County,2022,392785.91,12,Zillow ZHVI county,annual_mean_zhvi,complete_12_months
FL,12095,Orange County,2023,411403.25,12,Zillow ZHVI county,annual_mean_zhvi,complete_12_months
FL,12095,Orange County,2024,425194.17,12,Zillow ZHVI county,annual_mean_zhvi,complete_12_months
FL,12097,Osceola County,2015,178014.51,12,Zillow ZHVI county,annual_mean_zhvi,complete_12_months
FL,12097,Osceola County,2016,192506.85,12,Zillow ZHVI county,annual_mean_zhvi,complete_12_months
FL,12097,Osceola County,2017,208886.83,12,Zillow ZHVI county,annual_mean_zhvi,complete_12_months
FL,12097,Osceola County,2018,226509.32,12,Zillow ZHVI county,annual_mean_zhvi,complete_12_months
FL,12097,Osceola County,2019,243406.09,12,Zillow ZHVI county,annual_mean_zhvi,complete_12_months
FL,12097,Osceola County,2020,258231.34,12,Zillow ZHVI county,annual_mean_zhvi,complete_12_months
FL,12097,Osceola County,2021,295133.95,12,Zillow ZHVI county,annual_mean_zhvi,complete_12_months
FL,12097,Osceola County,2022,374776.1,12,Zillow ZHVI county,annual_mean_zhvi,complete_12_months
FL,12097,Osceola County,2023,388890.39,12,Zillow ZHVI county,annual_mean_zhvi,complete_12_months
FL,12097,Osceola County,2024,391386.16,12,Zillow ZHVI county,annual_mean_zhvi,complete_12_months
FL,12099,Palm Beach County,2015,231221.87,12,Zillow ZHVI county,annual_mean_zhvi,complete_12_months
FL,12099,Palm Beach County,2016,253238.0,12,Zillow ZHVI county,annual_mean_zhvi,complete_12_months
FL,12099,Palm Beach County,2017,270872.15,12,Zillow ZHVI county,annual_mean_zhvi,complete_12_months
FL,12099,Palm Beach County,2018,287902.44,12,Zillow ZHVI county,annual_mean_zhvi,complete_12_months
FL,12099,Palm Beach County,2019,299839.31,12,Zillow ZHVI county,annual_mean_zhvi,complete_12_months
FL,12099,Palm Beach County,2020,313665.11,12,Zillow ZHVI county,annual_mean_zhvi,complete_12_months
FL,12099,Palm Beach County,2021,363534.67,12,Zillow ZHVI county,annual_mean_zhvi,complete_12_months
FL,12099,Palm Beach County,2022,460300.63,12,Zillow ZHVI county,annual_mean_zhvi,complete_12_months
FL,12099,Palm Beach County,2023,486342.92,12,Zillow ZHVI county,annual_mean_zhvi,complete_12_months
FL,12099,Palm Beach County,2024,500210.68,12,Zillow ZHVI county,annual_mean_zhvi,complete_12_months
FL,12101,Pasco County,2015,152107.84,12,Zillow ZHVI county,annual_mean_zhvi,complete_12_months
FL,12101,Pasco County,2016,167127.55,12,Zillow ZHVI county,annual_mean_zhvi,complete_12_months
FL,12101,Pasco County,2017,184588.07,12,Zillow ZHVI county,annual_mean_zhvi,complete_12_months
FL,12101,Pasco County,2018,200703.38,12,Zillow ZHVI county,annual_mean_zhvi,complete_12_months
FL,12101,Pasco County,2019,212631.1,12,Zillow ZHVI county,annual_mean_zhvi,complete_12_months
FL,12101,Pasco County,2020,227416.67,12,Zillow ZHVI county,annual_mean_zhvi,complete_12_months
FL,12101,Pasco County,2021,274227.05,12,Zillow ZHVI county,annual_mean_zhvi,complete_12_months
FL,12101,Pasco County,2022,348673.39,12,Zillow ZHVI county,annual_mean_zhvi,complete_12_months
FL,12101,Pasco County,2023,356134.55,12,Zillow ZHVI county,annual_mean_zhvi,complete_12_months
FL,12101,Pasco County,2024,358972.06,12,Zillow ZHVI county,annual_mean_zhvi,complete_12_months
FL,12103,Pinellas County,2015,173899.36,12,Zillow ZHVI county,annual_mean_zhvi,complete_12_months
FL,12103,Pinellas County,2016,194956.5,12,Zillow ZHVI county,annual_mean_zhvi,complete_12_months
FL,12103,Pinellas County,2017,214169.98,12,Zillow ZHVI county,annual_mean_zhvi,complete_12_months
FL,12103,Pinellas County,2018,232290.4,12,Zillow ZHVI county,annual_mean_zhvi,complete_12_months
FL,12103,Pinellas County,2019,247619.9,12,Zillow ZHVI county,annual_mean_zhvi,complete_12_months
FL,12103,Pinellas County,2020,267672.72,12,Zillow ZHVI county,annual_mean_zhvi,complete_12_months
FL,12103,Pinellas County,2021,316309.5,12,Zillow ZHVI county,annual_mean_zhvi,complete_12_months
FL,12103,Pinellas County,2022,389746.63,12,Zillow ZHVI county,annual_mean_zhvi,complete_12_months
FL,12103,Pinellas County,2023,403445.67,12,Zillow ZHVI county,annual_mean_zhvi,complete_12_months
FL,12103,Pinellas County,2024,410813.2,12,Zillow ZHVI county,annual_mean_zhvi,complete_12_months
FL,12105,Polk County,2015,137918.02,12,Zillow ZHVI county,annual_mean_zhvi,complete_12_months
FL,12105,Polk County,2016,150517.87,12,Zillow ZHVI county,annual_mean_zhvi,complete_12_months
FL,12105,Polk County,2017,164675.07,12,Zillow ZHVI county,annual_mean_zhvi,complete_12_months
FL,12105,Polk County,2018,180637.8,12,Zillow ZHVI county,annual_mean_zhvi,complete_12_months
FL,12105,Polk County,2019,195004.87,12,Zillow ZHVI county,annual_mean_zhvi,complete_12_months
FL,12105,Polk County,2020,209672.18,12,Zillow ZHVI county,annual_mean_zhvi,complete_12_months
FL,12105,Polk County,2021,245670.63,12,Zillow ZHVI county,annual_mean_zhvi,complete_12_months
FL,12105,Polk County,2022,309872.13,12,Zillow ZHVI county,annual_mean_zhvi,complete_12_months
FL,12105,Polk County,2023,317662.16,12,Zillow ZHVI county,annual_mean_zhvi,complete_12_months
FL,12105,Polk County,2024,319178.51,12,Zillow ZHVI county,annual_mean_zhvi,complete_12_months
FL,12107,Putnam County,2015,89916.76,12,Zillow ZHVI county,annual_mean_zhvi,complete_12_months
FL,12107,Putnam County,2016,95888.52,12,Zillow ZHVI county,annual_mean_zhvi,complete_12_months
FL,12107,Putnam County,2017,103815.79,12,Zillow ZHVI county,annual_mean_zhvi,complete_12_months
FL,12107,Putnam County,2018,116313.94,12,Zillow ZHVI county,annual_mean_zhvi,complete_12_months
FL,12107,Putnam County,2019,132464.22,12,Zillow ZHVI county,annual_mean_zhvi,complete_12_months
FL,12107,Putnam County,2020,150206.38,12,Zillow ZHVI county,annual_mean_zhvi,complete_12_months
FL,12107,Putnam County,2021,181426.64,12,Zillow ZHVI county,annual_mean_zhvi,complete_12_months
FL,12107,Putnam County,2022,212420.02,12,Zillow ZHVI county,annual_mean_zhvi,complete_12_months
FL,12107,Putnam County,2023,214431.57,12,Zillow ZHVI county,annual_mean_zhvi,complete_12_months
FL,12107,Putnam County,2024,221836.89,12,Zillow ZHVI county,annual_mean_zhvi,complete_12_months
FL,12109,St. Johns County,2015,270081.78,12,Zillow ZHVI county,annual_mean_zhvi,complete_12_months
FL,12109,St. Johns County,2016,284076.22,12,Zillow ZHVI county,annual_mean_zhvi,complete_12_months
FL,12109,St. Johns County,2017,295898.82,12,Zillow ZHVI county,annual_mean_zhvi,complete_12_months
FL,12109,St. Johns County,2018,313001.21,12,Zillow ZHVI county,annual_mean_zhvi,complete_12_months
FL,12109,St. Johns County,2019,323704.23,12,Zillow ZHVI county,annual_mean_zhvi,complete_12_months
FL,12109,St. Johns County,2020,339559.26,12,Zillow ZHVI county,annual_mean_zhvi,complete_12_months
FL,12109,St. Johns County,2021,403910.2,12,Zillow ZHVI county,annual_mean_zhvi,complete_12_months
FL,12109,St. Johns County,2022,513365.87,12,Zillow ZHVI county,annual_mean_zhvi,complete_12_months
FL,12109,St. Johns County,2023,522333.11,12,Zillow ZHVI county,annual_mean_zhvi,complete_12_months
FL,12109,St. Johns County,2024,522712.04,12,Zillow ZHVI county,annual_mean_zhvi,complete_12_months
FL,12111,St. Lucie County,2015,154844.76,12,Zillow ZHVI county,annual_mean_zhvi,complete_12_months
FL,12111,St. Lucie County,2016,180849.72,12,Zillow ZHVI county,annual_mean_zhvi,complete_12_months
FL,12111,St. Lucie County,2017,200690.76,12,Zillow ZHVI county,annual_mean_zhvi,complete_12_months
FL,12111,St. Lucie County,2018,219635.05,12,Zillow ZHVI county,annual_mean_zhvi,complete_12_months
FL,12111,St. Lucie County,2019,231499.14,12,Zillow ZHVI county,annual_mean_zhvi,complete_12_months
FL,12111,St. Lucie County,2020,243470.55,12,Zillow ZHVI county,annual_mean_zhvi,complete_12_months
FL,12111,St. Lucie County,2021,292478.32,12,Zillow ZHVI county,annual_mean_zhvi,complete_12_months
FL,12111,St. Lucie County,2022,377554.74,12,Zillow ZHVI county,annual_mean_zhvi,complete_12_months
FL,12111,St. Lucie County,2023,388423.58,12,Zillow ZHVI county,annual_mean_zhvi,complete_12_months
FL,12111,St. Lucie County,2024,396626.49,12,Zillow ZHVI county,annual_mean_zhvi,complete_12_months
FL,12113,Santa Rosa County,2015,175777.32,12,Zillow ZHVI county,annual_mean_zhvi,complete_12_months
FL,12113,Santa Rosa County,2016,181476.96,12,Zillow ZHVI county,annual_mean_zhvi,complete_12_months
FL,12113,Santa Rosa County,2017,192834.15,12,Zillow ZHVI county,annual_mean_zhvi,complete_12_months
FL,12113,Santa Rosa County,2018,209696.61,12,Zillow ZHVI county,annual_mean_zhvi,complete_12_months
FL,12113,Santa Rosa County,2019,222394.77,12,Zillow ZHVI county,annual_mean_zhvi,complete_12_months
FL,12113,Santa Rosa County,2020,242647.41,12,Zillow ZHVI county,annual_mean_zhvi,complete_12_months
FL,12113,Santa Rosa County,2021,289881.79,12,Zillow ZHVI county,annual_mean_zhvi,complete_12_months
FL,12113,Santa Rosa County,2022,344486.9,12,Zillow ZHVI county,annual_mean_zhvi,complete_12_months
FL,12113,Santa Rosa County,2023,353954.24,12,Zillow ZHVI county,annual_mean_zhvi,complete_12_months
FL,12113,Santa Rosa County,2024,357414.24,12,Zillow ZHVI county,annual_mean_zhvi,complete_12_months
FL,12115,Sarasota County,2015,229705.37,12,Zillow ZHVI county,annual_mean_zhvi,complete_12_months
FL,12115,Sarasota County,2016,252462.7,12,Zillow ZHVI county,annual_mean_zhvi,complete_12_months
FL,12115,Sarasota County,2017,265469.01,12,Zillow ZHVI county,annual_mean_zhvi,complete_12_months
FL,12115,Sarasota County,2018,274500.07,12,Zillow ZHVI county,annual_mean_zhvi,complete_12_months
FL,12115,Sarasota County,2019,279405.97,12,Zillow ZHVI county,annual_mean_zhvi,complete_12_months
FL,12115,Sarasota County,2020,292164.87,12,Zillow ZHVI county,annual_mean_zhvi,complete_12_months
FL,12115,Sarasota County,2021,351826.37,12,Zillow ZHVI county,annual_mean_zhvi,complete_12_months
FL,12115,Sarasota County,2022,462413.47,12,Zillow ZHVI county,annual_mean_zhvi,complete_12_months
FL,12115,Sarasota County,2023,475736.09,12,Zillow ZHVI county,annual_mean_zhvi,complete_12_months
FL,12115,Sarasota County,2024,462381.34,12,Zillow ZHVI county,annual_mean_zhvi,complete_12_months
FL,12117,Seminole County,2015,194129.21,12,Zillow ZHVI county,annual_mean_zhvi,complete_12_months
FL,12117,Seminole County,2016,211668.98,12,Zillow ZHVI county,annual_mean_zhvi,complete_12_months
FL,12117,Seminole County,2017,229745.83,12,Zillow ZHVI county,annual_mean_zhvi,complete_12_months
FL,12117,Seminole County,2018,248884.21,12,Zillow ZHVI county,annual_mean_zhvi,complete_12_months
FL,12117,Seminole County,2019,265280.2,12,Zillow ZHVI county,annual_mean_zhvi,complete_12_months
FL,12117,Seminole County,2020,283631.84,12,Zillow ZHVI county,annual_mean_zhvi,complete_12_months
FL,12117,Seminole County,2021,322996.74,12,Zillow ZHVI county,annual_mean_zhvi,complete_12_months
FL,12117,Seminole County,2022,389609.11,12,Zillow ZHVI county,annual_mean_zhvi,complete_12_months
FL,12117,Seminole County,2023,411582.55,12,Zillow ZHVI county,annual_mean_zhvi,complete_12_months
FL,12117,Seminole County,2024,424949.64,12,Zillow ZHVI county,annual_mean_zhvi,complete_12_months
FL,12119,Sumter County,2015,252877.92,12,Zillow ZHVI county,annual_mean_zhvi,complete_12_months
FL,12119,Sumter County,2016,249846.99,12,Zillow ZHVI county,annual_mean_zhvi,complete_12_months
FL,12119,Sumter County,2017,252894.11,12,Zillow ZHVI county,annual_mean_zhvi,complete_12_months
FL,12119,Sumter County,2018,264534.33,12,Zillow ZHVI county,annual_mean_zhvi,complete_12_months
FL,12119,Sumter County,2019,281491.25,12,Zillow ZHVI county,annual_mean_zhvi,complete_12_months
FL,12119,Sumter County,2020,293466.29,12,Zillow ZHVI county,annual_mean_zhvi,complete_12_months
FL,12119,Sumter County,2021,318389.25,12,Zillow ZHVI county,annual_mean_zhvi,complete_12_months
FL,12119,Sumter County,2022,402226.58,12,Zillow ZHVI county,annual_mean_zhvi,complete_12_months
FL,12119,Sumter County,2023,406833.67,12,Zillow ZHVI county,annual_mean_zhvi,complete_12_months
FL,12119,Sumter County,2024,398791.32,12,Zillow ZHVI county,annual_mean_zhvi,complete_12_months
FL,12121,Suwannee County,2015,122800.51,12,Zillow ZHVI county,annual_mean_zhvi,complete_12_months
FL,12121,Suwannee County,2016,130603.08,12,Zillow ZHVI county,annual_mean_zhvi,complete_12_months
FL,12121,Suwannee County,2017,138445.75,12,Zillow ZHVI county,annual_mean_zhvi,complete_12_months
FL,12121,Suwannee County,2018,151757.92,12,Zillow ZHVI county,annual_mean_zhvi,complete_12_months
FL,12121,Suwannee County,2019,160428.02,12,Zillow ZHVI county,annual_mean_zhvi,complete_12_months
FL,12121,Suwannee County,2020,173719.28,12,Zillow ZHVI county,annual_mean_zhvi,complete_12_months
FL,12121,Suwannee County,2021,212563.79,12,Zillow ZHVI county,annual_mean_zhvi,complete_12_months
FL,12121,Suwannee County,2022,249975.7,12,Zillow ZHVI county,annual_mean_zhvi,complete_12_months
FL,12121,Suwannee County,2023,251791.52,12,Zillow ZHVI county,annual_mean_zhvi,complete_12_months
FL,12121,Suwannee County,2024,265737.5,12,Zillow ZHVI county,annual_mean_zhvi,complete_12_months
FL,12123,Taylor County,2015,99293.76,12,Zillow ZHVI county,annual_mean_zhvi,complete_12_months
FL,12123,Taylor County,2016,101594.28,12,Zillow ZHVI county,annual_mean_zhvi,complete_12_months
FL,12123,Taylor County,2017,108975.2,12,Zillow ZHVI county,annual_mean_zhvi,complete_12_months
FL,12123,Taylor County,2018,117831.86,12,Zillow ZHVI county,annual_mean_zhvi,complete_12_months
FL,12123,Taylor County,2019,127947.59,12,Zillow ZHVI county,annual_mean_zhvi,complete_12_months
FL,12123,Taylor County,2020,135777.53,12,Zillow ZHVI county,annual_mean_zhvi,complete_12_months
FL,12123,Taylor County,2021,162420.67,12,Zillow ZHVI county,annual_mean_zhvi,complete_12_months
FL,12123,Taylor County,2022,193203.03,12,Zillow ZHVI county,annual_mean_zhvi,complete_12_months
FL,12123,Taylor County,2023,197276.6,12,Zillow ZHVI county,annual_mean_zhvi,complete_12_months
FL,12123,Taylor County,2024,200680.1,12,Zillow ZHVI county,annual_mean_zhvi,complete_12_months
FL,12125,Union County,2015,120422.67,12,Zillow ZHVI county,annual_mean_zhvi,complete_12_months
FL,12125,Union County,2016,129712.32,12,Zillow ZHVI county,annual_mean_zhvi,complete_12_months
FL,12125,Union County,2017,135965.08,12,Zillow ZHVI county,annual_mean_zhvi,complete_12_months
FL,12125,Union County,2018,139554.54,12,Zillow ZHVI county,annual_mean_zhvi,complete_12_months
FL,12125,Union County,2019,149991.68,12,Zillow ZHVI county,annual_mean_zhvi,complete_12_months
FL,12125,Union County,2020,162828.79,12,Zillow ZHVI county,annual_mean_zhvi,complete_12_months
FL,12125,Union County,2021,182217.56,12,Zillow ZHVI county,annual_mean_zhvi,complete_12_months
FL,12125,Union County,2022,219708.91,12,Zillow ZHVI county,annual_mean_zhvi,complete_12_months
FL,12125,Union County,2023,247516.9,12,Zillow ZHVI county,annual_mean_zhvi,complete_12_months
FL,12125,Union County,2024,263094.43,12,Zillow ZHVI county,annual_mean_zhvi,complete_12_months
FL,12127,Volusia County,2015,150645.48,12,Zillow ZHVI county,annual_mean_zhvi,complete_12_months
FL,12127,Volusia County,2016,166304.07,12,Zillow ZHVI county,annual_mean_zhvi,complete_12_months
FL,12127,Volusia County,2017,183711.99,12,Zillow ZHVI county,annual_mean_zhvi,complete_12_months
FL,12127,Volusia County,2018,202945.93,12,Zillow ZHVI county,annual_mean_zhvi,complete_12_months
FL,12127,Volusia County,2019,215386.45,12,Zillow ZHVI county,annual_mean_zhvi,complete_12_months
FL,12127,Volusia County,2020,230346.43,12,Zillow ZHVI county,annual_mean_zhvi,complete_12_months
FL,12127,Volusia County,2021,270249.04,12,Zillow ZHVI county,annual_mean_zhvi,complete_12_months
FL,12127,Volusia County,2022,333380.88,12,Zillow ZHVI county,annual_mean_zhvi,complete_12_months
FL,12127,Volusia County,2023,344599.62,12,Zillow ZHVI county,annual_mean_zhvi,complete_12_months
FL,12127,Volusia County,2024,348479.89,12,Zillow ZHVI county,annual_mean_zhvi,complete_12_months
FL,12129,Wakulla County,2015,142839.04,12,Zillow ZHVI county,annual_mean_zhvi,complete_12_months
FL,12129,Wakulla County,2016,150967.46,12,Zillow ZHVI county,annual_mean_zhvi,complete_12_months
FL,12129,Wakulla County,2017,160125.67,12,Zillow ZHVI county,annual_mean_zhvi,complete_12_months
FL,12129,Wakulla County,2018,171696.31,12,Zillow ZHVI county,annual_mean_zhvi,complete_12_months
FL,12129,Wakulla County,2019,181108.71,12,Zillow ZHVI county,annual_mean_zhvi,complete_12_months
FL,12129,Wakulla County,2020,196524.63,12,Zillow ZHVI county,annual_mean_zhvi,complete_12_months
FL,12129,Wakulla County,2021,228559.52,12,Zillow ZHVI county,annual_mean_zhvi,complete_12_months
FL,12129,Wakulla County,2022,266822.11,12,Zillow ZHVI county,annual_mean_zhvi,complete_12_months
FL,12129,Wakulla County,2023,280384.91,12,Zillow ZHVI county,annual_mean_zhvi,complete_12_months
FL,12129,Wakulla County,2024,290499.98,12,Zillow ZHVI county,annual_mean_zhvi,complete_12_months
FL,12131,Walton County,2015,329605.03,12,Zillow ZHVI county,annual_mean_zhvi,complete_12_months
FL,12131,Walton County,2016,346429.82,12,Zillow ZHVI county,annual_mean_zhvi,complete_12_months
FL,12131,Walton County,2017,366274.51,12,Zillow ZHVI county,annual_mean_zhvi,complete_12_months
FL,12131,Walton County,2018,395126.7,12,Zillow ZHVI county,annual_mean_zhvi,complete_12_months
FL,12131,Walton County,2019,415217.56,12,Zillow ZHVI county,annual_mean_zhvi,complete_12_months
FL,12131,Walton County,2020,442619.09,12,Zillow ZHVI county,annual_mean_zhvi,complete_12_months
FL,12131,Walton County,2021,556736.42,12,Zillow ZHVI county,annual_mean_zhvi,complete_12_months
FL,12131,Walton County,2022,716171.05,12,Zillow ZHVI county,annual_mean_zhvi,complete_12_months
FL,12131,Walton County,2023,717008.7,12,Zillow ZHVI county,annual_mean_zhvi,complete_12_months
FL,12131,Walton County,2024,697480.98,12,Zillow ZHVI county,annual_mean_zhvi,complete_12_months
FL,12133,Washington County,2015,99807.7,12,Zillow ZHVI county,annual_mean_zhvi,complete_12_months
FL,12133,Washington County,2016,105821.28,12,Zillow ZHVI county,annual_mean_zhvi,complete_12_months
FL,12133,Washington County,2017,109882.85,12,Zillow ZHVI county,annual_mean_zhvi,complete_12_months
FL,12133,Washington County,2018,116439.86,12,Zillow ZHVI county,annual_mean_zhvi,complete_12_months
FL,12133,Washington County,2019,132103.19,12,Zillow ZHVI county,annual_mean_zhvi,complete_12_months
FL,12133,Washington County,2020,152440.76,12,Zillow ZHVI county,annual_mean_zhvi,complete_12_months
FL,12133,Washington County,2021,185375.76,12,Zillow ZHVI county,annual_mean_zhvi,complete_12_months
FL,12133,Washington County,2022,210899.32,12,Zillow ZHVI county,annual_mean_zhvi,complete_12_months
FL,12133,Washington County,2023,215862.06,12,Zillow ZHVI county,annual_mean_zhvi,complete_12_months
FL,12133,Washington County,2024,225057.59,12,Zillow ZHVI county,annual_mean_zhvi,complete_12_months
GA,13001,Appling County,2015,98764.48,12,Zillow ZHVI county,annual_mean_zhvi,complete_12_months
GA,13001,Appling County,2016,101931.74,12,Zillow ZHVI county,annual_mean_zhvi,complete_12_months
GA,13001,Appling County,2017,102822.26,12,Zillow ZHVI county,annual_mean_zhvi,complete_12_months
GA,13001,Appling County,2018,107003.29,12,Zillow ZHVI county,annual_mean_zhvi,complete_12_months
GA,13001,Appling County,2019,115422.63,12,Zillow ZHVI county,annual_mean_zhvi,complete_12_months
GA,13001,Appling County,2020,124478.26,12,Zillow ZHVI county,annual_mean_zhvi,complete_12_months
GA,13001,Appling County,2021,143896.41,12,Zillow ZHVI county,annual_mean_zhvi,complete_12_months
GA,13001,Appling County,2022,155556.52,12,Zillow ZHVI county,annual_mean_zhvi,complete_12_months
GA,13001,Appling County,2023,153941.65,12,Zillow ZHVI county,annual_mean_zhvi,complete_12_months
GA,13001,Appling County,2024,163798.42,12,Zillow ZHVI county,annual_mean_zhvi,complete_12_months
GA,13003,Atkinson County,2015,82738.54,12,Zillow ZHVI county,annual_mean_zhvi,complete_12_months
GA,13003,Atkinson County,2016,86802.45,12,Zillow ZHVI county,annual_mean_zhvi,complete_12_months
GA,13003,Atkinson County,2017,94359.8,12,Zillow ZHVI county,annual_mean_zhvi,complete_12_months
GA,13003,Atkinson County,2018,97823.93,12,Zillow ZHVI county,annual_mean_zhvi,complete_12_months
GA,13003,Atkinson County,2019,101827.76,12,Zillow ZHVI county,annual_mean_zhvi,complete_12_months
GA,13003,Atkinson County,2020,108941.98,12,Zillow ZHVI county,annual_mean_zhvi,complete_12_months
GA,13003,Atkinson County,2021,126804.36,12,Zillow ZHVI county,annual_mean_zhvi,complete_12_months
GA,13003,Atkinson County,2022,137137.88,12,Zillow ZHVI county,annual_mean_zhvi,complete_12_months
GA,13003,Atkinson County,2023,129433.39,12,Zillow ZHVI county,annual_mean_zhvi,complete_12_months
GA,13003,Atkinson County,2024,127851.54,12,Zillow ZHVI county,annual_mean_zhvi,complete_12_months
GA,13005,Bacon County,2015,72225.58,12,Zillow ZHVI county,annual_mean_zhvi,complete_12_months
GA,13005,Bacon County,2016,79911.22,12,Zillow ZHVI county,annual_mean_zhvi,complete_12_months
GA,13005,Bacon County,2017,83685.51,12,Zillow ZHVI county,annual_mean_zhvi,complete_12_months
GA,13005,Bacon County,2018,86592.01,12,Zillow ZHVI county,annual_mean_zhvi,complete_12_months
GA,13005,Bacon County,2019,88789.66,12,Zillow ZHVI county,annual_mean_zhvi,complete_12_months
GA,13005,Bacon County,2020,94601.91,12,Zillow ZHVI county,annual_mean_zhvi,complete_12_months
GA,13005,Bacon County,2021,110796.96,12,Zillow ZHVI county,annual_mean_zhvi,complete_12_months
GA,13005,Bacon County,2022,126667.73,12,Zillow ZHVI county,annual_mean_zhvi,complete_12_months
GA,13005,Bacon County,2023,136403.87,12,Zillow ZHVI county,annual_mean_zhvi,complete_12_months
GA,13005,Bacon County,2024,143358.9,12,Zillow ZHVI county,annual_mean_zhvi,complete_12_months
GA,13007,Baker County,2015,,0,Zillow ZHVI county,annual_mean_zhvi,source_data_unavailable
GA,13007,Baker County,2016,,0,Zillow ZHVI county,annual_mean_zhvi,source_data_unavailable
GA,13007,Baker County,2017,,0,Zillow ZHVI county,annual_mean_zhvi,source_data_unavailable
GA,13007,Baker County,2018,,0,Zillow ZHVI county,annual_mean_zhvi,source_data_unavailable
GA,13007,Baker County,2019,,0,Zillow ZHVI county,annual_mean_zhvi,source_data_unavailable
GA,13007,Baker County,2020,,0,Zillow ZHVI county,annual_mean_zhvi,source_data_unavailable
GA,13007,Baker County,2021,,0,Zillow ZHVI county,annual_mean_zhvi,source_data_unavailable
GA,13007,Baker County,2022,138159.49,11,Zillow ZHVI county,annual_mean_zhvi,partial_10_11_months
GA,13007,Baker County,2023,138464.34,12,Zillow ZHVI county,annual_mean_zhvi,complete_12_months
GA,13007,Baker County,2024,150077.04,12,Zillow ZHVI county,annual_mean_zhvi,complete_12_months
GA,13009,Baldwin County,2015,121642.7,12,Zillow ZHVI county,annual_mean_zhvi,complete_12_months
GA,13009,Baldwin County,2016,130381.26,12,Zillow ZHVI county,annual_mean_zhvi,complete_12_months
GA,13009,Baldwin County,2017,128979.71,12,Zillow ZHVI county,annual_mean_zhvi,complete_12_months
GA,13009,Baldwin County,2018,139973.44,12,Zillow ZHVI county,annual_mean_zhvi,complete_12_months
GA,13009,Baldwin County,2019,148561.41,12,Zillow ZHVI county,annual_mean_zhvi,complete_12_months
GA,13009,Baldwin County,2020,161622.15,12,Zillow ZHVI county,annual_mean_zhvi,complete_12_months
GA,13009,Baldwin County,2021,187953.04,12,Zillow ZHVI county,annual_mean_zhvi,complete_12_months
GA,13009,Baldwin County,2022,210693.83,12,Zillow ZHVI county,annual_mean_zhvi,complete_12_months
GA,13009,Baldwin County,2023,212934.2,12,Zillow ZHVI county,annual_mean_zhvi,complete_12_months
GA,13009,Baldwin County,2024,222930.05,12,Zillow ZHVI county,annual_mean_zhvi,complete_12_months
GA,13011,Banks County,2015,136413.61,12,Zillow ZHVI county,annual_mean_zhvi,complete_12_months
GA,13011,Banks County,2016,143162.73,12,Zillow ZHVI county,annual_mean_zhvi,complete_12_months
GA,13011,Banks County,2017,153555.72,12,Zillow ZHVI county,annual_mean_zhvi,complete_12_months
GA,13011,Banks County,2018,168987.45,12,Zillow ZHVI county,annual_mean_zhvi,complete_12_months
GA,13011,Banks County,2019,185117.34,12,Zillow ZHVI county,annual_mean_zhvi,complete_12_months
GA,13011,Banks County,2020,203677.58,12,Zillow ZHVI county,annual_mean_zhvi,complete_12_months
GA,13011,Banks County,2021,249464.32,12,Zillow ZHVI county,annual_mean_zhvi,complete_12_months
GA,13011,Banks County,2022,298542.74,12,Zillow ZHVI county,annual_mean_zhvi,complete_12_months
GA,13011,Banks County,2023,312094.69,12,Zillow ZHVI county,annual_mean_zhvi,complete_12_months
GA,13011,Banks County,2024,327974.14,12,Zillow ZHVI county,annual_mean_zhvi,complete_12_months
GA,13013,Barrow County,2015,142295.48,12,Zillow ZHVI county,annual_mean_zhvi,complete_12_months
GA,13013,Barrow County,2016,154826.59,12,Zillow ZHVI county,annual_mean_zhvi,complete_12_months
GA,13013,Barrow County,2017,169036.91,12,Zillow ZHVI county,annual_mean_zhvi,complete_12_months
GA,13013,Barrow County,2018,184496.38,12,Zillow ZHVI county,annual_mean_zhvi,complete_12_months
GA,13013,Barrow County,2019,200356.74,12,Zillow ZHVI county,annual_mean_zhvi,complete_12_months
GA,13013,Barrow County,2020,216345.66,12,Zillow ZHVI county,annual_mean_zhvi,complete_12_months
GA,13013,Barrow County,2021,261356.75,12,Zillow ZHVI county,annual_mean_zhvi,complete_12_months
GA,13013,Barrow County,2022,325445.53,12,Zillow ZHVI county,annual_mean_zhvi,complete_12_months
GA,13013,Barrow County,2023,336939.38,12,Zillow ZHVI county,annual_mean_zhvi,complete_12_months
GA,13013,Barrow County,2024,351013.13,12,Zillow ZHVI county,annual_mean_zhvi,complete_12_months
GA,13015,Bartow County,2015,141362.75,12,Zillow ZHVI county,annual_mean_zhvi,complete_12_months
GA,13015,Bartow County,2016,151031.93,12,Zillow ZHVI county,annual_mean_zhvi,complete_12_months
GA,13015,Bartow County,2017,164673.03,12,Zillow ZHVI county,annual_mean_zhvi,complete_12_months
GA,13015,Bartow County,2018,179285.64,12,Zillow ZHVI county,annual_mean_zhvi,complete_12_months
GA,13015,Bartow County,2019,193981.44,12,Zillow ZHVI county,annual_mean_zhvi,complete_12_months
GA,13015,Bartow County,2020,210606.48,12,Zillow ZHVI county,annual_mean_zhvi,complete_12_months
GA,13015,Bartow County,2021,253001.98,12,Zillow ZHVI county,annual_mean_zhvi,complete_12_months
GA,13015,Bartow County,2022,307063.01,12,Zillow ZHVI county,annual_mean_zhvi,complete_12_months
GA,13015,Bartow County,2023,317336.26,12,Zillow ZHVI county,annual_mean_zhvi,complete_12_months
GA,13015,Bartow County,2024,327521.99,12,Zillow ZHVI county,annual_mean_zhvi,complete_12_months
GA,13017,Ben Hill County,2015,67907.82,12,Zillow ZHVI county,annual_mean_zhvi,complete_12_months
GA,13017,Ben Hill County,2016,70254.24,12,Zillow ZHVI county,annual_mean_zhvi,complete_12_months
GA,13017,Ben Hill County,2017,69820.99,12,Zillow ZHVI county,annual_mean_zhvi,complete_12_months
GA,13017,Ben Hill County,2018,74446.37,12,Zillow ZHVI county,annual_mean_zhvi,complete_12_months
GA,13017,Ben Hill County,2019,78635.41,12,Zillow ZHVI county,annual_mean_zhvi,complete_12_months
GA,13017,Ben Hill County,2020,83495.03,12,Zillow ZHVI county,annual_mean_zhvi,complete_12_months
GA,13017,Ben Hill County,2021,100579.18,12,Zillow ZHVI county,annual_mean_zhvi,complete_12_months
GA,13017,Ben Hill County,2022,124336.97,12,Zillow ZHVI county,annual_mean_zhvi,complete_12_months
GA,13017,Ben Hill County,2023,124416.73,12,Zillow ZHVI county,annual_mean_zhvi,complete_12_months
GA,13017,Ben Hill County,2024,129237.9,12,Zillow ZHVI county,annual_mean_zhvi,complete_12_months
GA,13019,Berrien County,2015,106207.75,12,Zillow ZHVI county,annual_mean_zhvi,complete_12_months
GA,13019,Berrien County,2016,109558.69,12,Zillow ZHVI county,annual_mean_zhvi,complete_12_months
GA,13019,Berrien County,2017,111407.6,12,Zillow ZHVI county,annual_mean_zhvi,complete_12_months
GA,13019,Berrien County,2018,114265.02,12,Zillow ZHVI county,annual_mean_zhvi,complete_12_months
GA,13019,Berrien County,2019,119294.75,12,Zillow ZHVI county,annual_mean_zhvi,complete_12_months
GA,13019,Berrien County,2020,129128.66,12,Zillow ZHVI county,annual_mean_zhvi,complete_12_months
GA,13019,Berrien County,2021,156024.69,12,Zillow ZHVI county,annual_mean_zhvi,complete_12_months
GA,13019,Berrien County,2022,177852.05,12,Zillow ZHVI county,annual_mean_zhvi,complete_12_months
GA,13019,Berrien County,2023,177118.3,12,Zillow ZHVI county,annual_mean_zhvi,complete_12_months
GA,13019,Berrien County,2024,187484.84,12,Zillow ZHVI county,annual_mean_zhvi,complete_12_months
GA,13021,Bibb County,2015,87213.87,12,Zillow ZHVI county,annual_mean_zhvi,complete_12_months
GA,13021,Bibb County,2016,90179.19,12,Zillow ZHVI county,annual_mean_zhvi,complete_12_months
GA,13021,Bibb County,2017,89965.65,12,Zillow ZHVI county,annual_mean_zhvi,complete_12_months
GA,13021,Bibb County,2018,97030.4,12,Zillow ZHVI county,annual_mean_zhvi,complete_12_months
GA,13021,Bibb County,2019,107666.0,12,Zillow ZHVI county,annual_mean_zhvi,complete_12_months
GA,13021,Bibb County,2020,114287.82,12,Zillow ZHVI county,annual_mean_zhvi,complete_12_months
GA,13021,Bibb County,2021,132308.76,12,Zillow ZHVI county,annual_mean_zhvi,complete_12_months
GA,13021,Bibb County,2022,156050.12,12,Zillow ZHVI county,annual_mean_zhvi,complete_12_months
GA,13021,Bibb County,2023,166770.21,12,Zillow ZHVI county,annual_mean_zhvi,complete_12_months
GA,13021,Bibb County,2024,173420.79,12,Zillow ZHVI county,annual_mean_zhvi,complete_12_months
GA,13023,Bleckley County,2015,88517.13,12,Zillow ZHVI county,annual_mean_zhvi,complete_12_months
GA,13023,Bleckley County,2016,91929.5,12,Zillow ZHVI county,annual_mean_zhvi,complete_12_months
GA,13023,Bleckley County,2017,94404.51,12,Zillow ZHVI county,annual_mean_zhvi,complete_12_months
GA,13023,Bleckley County,2018,98365.06,12,Zillow ZHVI county,annual_mean_zhvi,complete_12_months
GA,13023,Bleckley County,2019,105962.16,12,Zillow ZHVI county,annual_mean_zhvi,complete_12_months
GA,13023,Bleckley County,2020,112445.43,12,Zillow ZHVI county,annual_mean_zhvi,complete_12_months
GA,13023,Bleckley County,2021,129841.27,12,Zillow ZHVI county,annual_mean_zhvi,complete_12_months
GA,13023,Bleckley County,2022,155880.7,12,Zillow ZHVI county,annual_mean_zhvi,complete_12_months
GA,13023,Bleckley County,2023,164696.9,12,Zillow ZHVI county,annual_mean_zhvi,complete_12_months
GA,13023,Bleckley County,2024,169538.0,12,Zillow ZHVI county,annual_mean_zhvi,complete_12_months
GA,13025,Brantley County,2015,,0,Zillow ZHVI county,annual_mean_zhvi,source_data_unavailable
GA,13025,Brantley County,2016,113650.41,11,Zillow ZHVI county,annual_mean_zhvi,partial_10_11_months
GA,13025,Brantley County,2017,113341.98,12,Zillow ZHVI county,annual_mean_zhvi,complete_12_months
GA,13025,Brantley County,2018,123980.57,12,Zillow ZHVI county,annual_mean_zhvi,complete_12_months
GA,13025,Brantley County,2019,136007.92,12,Zillow ZHVI county,annual_mean_zhvi,complete_12_months
GA,13025,Brantley County,2020,143678.63,12,Zillow ZHVI county,annual_mean_zhvi,complete_12_months
GA,13025,Brantley County,2021,164217.27,12,Zillow ZHVI county,annual_mean_zhvi,complete_12_months
GA,13025,Brantley County,2022,176803.96,12,Zillow ZHVI county,annual_mean_zhvi,complete_12_months
GA,13025,Brantley County,2023,171758.95,12,Zillow ZHVI county,annual_mean_zhvi,complete_12_months
GA,13025,Brantley County,2024,170644.72,12,Zillow ZHVI county,annual_mean_zhvi,complete_12_months
GA,13027,Brooks County,2015,103344.92,12,Zillow ZHVI county,annual_mean_zhvi,complete_12_months
GA,13027,Brooks County,2016,105644.33,12,Zillow ZHVI county,annual_mean_zhvi,complete_12_months
GA,13027,Brooks County,2017,107527.72,12,Zillow ZHVI county,annual_mean_zhvi,complete_12_months
GA,13027,Brooks County,2018,112098.11,12,Zillow ZHVI county,annual_mean_zhvi,complete_12_months
GA,13027,Brooks County,2019,122486.86,12,Zillow ZHVI county,annual_mean_zhvi,complete_12_months
GA,13027,Brooks County,2020,134031.27,12,Zillow ZHVI county,annual_mean_zhvi,complete_12_months
GA,13027,Brooks County,2021,154178.48,12,Zillow ZHVI county,annual_mean_zhvi,complete_12_months
GA,13027,Brooks County,2022,176435.24,12,Zillow ZHVI county,annual_mean_zhvi,complete_12_months
GA,13027,Brooks County,2023,178553.57,12,Zillow ZHVI county,annual_mean_zhvi,complete_12_months
GA,13027,Brooks County,2024,184815.2,12,Zillow ZHVI county,annual_mean_zhvi,complete_12_months
GA,13029,Bryan County,2015,223571.45,12,Zillow ZHVI county,annual_mean_zhvi,complete_12_months
GA,13029,Bryan County,2016,232056.37,12,Zillow ZHVI county,annual_mean_zhvi,complete_12_months
GA,13029,Bryan County,2017,236142.09,12,Zillow ZHVI county,annual_mean_zhvi,complete_12_months
GA,13029,Bryan County,2018,243266.62,12,Zillow ZHVI county,annual_mean_zhvi,complete_12_months
GA,13029,Bryan County,2019,250404.85,12,Zillow ZHVI county,annual_mean_zhvi,complete_12_months
GA,13029,Bryan County,2020,260780.39,12,Zillow ZHVI county,annual_mean_zhvi,complete_12_months
GA,13029,Bryan County,2021,292114.25,12,Zillow ZHVI county,annual_mean_zhvi,complete_12_months
GA,13029,Bryan County,2022,346068.33,12,Zillow ZHVI county,annual_mean_zhvi,complete_12_months
GA,13029,Bryan County,2023,373512.2,12,Zillow ZHVI county,annual_mean_zhvi,complete_12_months
GA,13029,Bryan County,2024,402226.58,12,Zillow ZHVI county,annual_mean_zhvi,complete_12_months
GA,13031,Bulloch County,2015,136050.5,12,Zillow ZHVI county,annual_mean_zhvi,complete_12_months
GA,13031,Bulloch County,2016,139133.64,12,Zillow ZHVI county,annual_mean_zhvi,complete_12_months
GA,13031,Bulloch County,2017,144504.51,12,Zillow ZHVI county,annual_mean_zhvi,complete_12_months
GA,13031,Bulloch County,2018,152280.25,12,Zillow ZHVI county,annual_mean_zhvi,complete_12_months
GA,13031,Bulloch County,2019,158349.95,12,Zillow ZHVI county,annual_mean_zhvi,complete_12_months
GA,13031,Bulloch County,2020,167179.37,12,Zillow ZHVI county,annual_mean_zhvi,complete_12_months
GA,13031,Bulloch County,2021,190417.0,12,Zillow ZHVI county,annual_mean_zhvi,complete_12_months
GA,13031,Bulloch County,2022,225291.49,12,Zillow ZHVI county,annual_mean_zhvi,complete_12_months
GA,13031,Bulloch County,2023,248322.55,12,Zillow ZHVI county,annual_mean_zhvi,complete_12_months
GA,13031,Bulloch County,2024,274811.81,12,Zillow ZHVI county,annual_mean_zhvi,complete_12_months
GA,13033,Burke County,2015,88130.54,12,Zillow ZHVI county,annual_mean_zhvi,complete_12_months
GA,13033,Burke County,2016,90905.78,12,Zillow ZHVI county,annual_mean_zhvi,complete_12_months
GA,13033,Burke County,2017,92896.0,12,Zillow ZHVI county,annual_mean_zhvi,complete_12_months
GA,13033,Burke County,2018,99898.35,12,Zillow ZHVI county,annual_mean_zhvi,complete_12_months
GA,13033,Burke County,2019,113700.77,12,Zillow ZHVI county,annual_mean_zhvi,complete_12_months
GA,13033,Burke County,2020,122848.35,12,Zillow ZHVI county,annual_mean_zhvi,complete_12_months
GA,13033,Burke County,2021,144700.02,12,Zillow ZHVI county,annual_mean_zhvi,complete_12_months
GA,13033,Burke County,2022,163379.73,12,Zillow ZHVI county,annual_mean_zhvi,complete_12_months
GA,13033,Burke County,2023,165333.4,12,Zillow ZHVI county,annual_mean_zhvi,complete_12_months
GA,13033,Burke County,2024,168201.41,12,Zillow ZHVI county,annual_mean_zhvi,complete_12_months
GA,13035,Butts County,2015,122716.86,12,Zillow ZHVI county,annual_mean_zhvi,complete_12_months
GA,13035,Butts County,2016,132419.68,12,Zillow ZHVI county,annual_mean_zhvi,complete_12_months
GA,13035,Butts County,2017,138126.45,12,Zillow ZHVI county,annual_mean_zhvi,complete_12_months
GA,13035,Butts County,2018,150875.48,12,Zillow ZHVI county,annual_mean_zhvi,complete_12_months
GA,13035,Butts County,2019,167011.04,12,Zillow ZHVI county,annual_mean_zhvi,complete_12_months
GA,13035,Butts County,2020,181641.0,12,Zillow ZHVI county,annual_mean_zhvi,complete_12_months
GA,13035,Butts County,2021,216449.97,12,Zillow ZHVI county,annual_mean_zhvi,complete_12_months
GA,13035,Butts County,2022,257239.67,12,Zillow ZHVI county,annual_mean_zhvi,complete_12_months
GA,13035,Butts County,2023,269346.08,12,Zillow ZHVI county,annual_mean_zhvi,complete_12_months
GA,13035,Butts County,2024,280940.11,12,Zillow ZHVI county,annual_mean_zhvi,complete_12_months
GA,13037,Calhoun County,2015,76561.95,12,Zillow ZHVI county,annual_mean_zhvi,complete_12_months
GA,13037,Calhoun County,2016,78395.13,12,Zillow ZHVI county,annual_mean_zhvi,complete_12_months
GA,13037,Calhoun County,2017,81993.18,12,Zillow ZHVI county,annual_mean_zhvi,complete_12_months
GA,13037,Calhoun County,2018,86290.35,12,Zillow ZHVI county,annual_mean_zhvi,complete_12_months
GA,13037,Calhoun County,2019,89255.72,12,Zillow ZHVI county,annual_mean_zhvi,complete_12_months
GA,13037,Calhoun County,2020,93971.32,12,Zillow ZHVI county,annual_mean_zhvi,complete_12_months
GA,13037,Calhoun County,2021,105884.57,12,Zillow ZHVI county,annual_mean_zhvi,complete_12_months
GA,13037,Calhoun County,2022,111921.93,12,Zillow ZHVI county,annual_mean_zhvi,complete_12_months
GA,13037,Calhoun County,2023,110912.14,12,Zillow ZHVI county,annual_mean_zhvi,complete_12_months
GA,13037,Calhoun County,2024,109156.25,12,Zillow ZHVI county,annual_mean_zhvi,complete_12_months
GA,13039,Camden County,2015,150655.15,12,Zillow ZHVI county,annual_mean_zhvi,complete_12_months
GA,13039,Camden County,2016,157137.77,12,Zillow ZHVI county,annual_mean_zhvi,complete_12_months
GA,13039,Camden County,2017,163633.74,12,Zillow ZHVI county,annual_mean_zhvi,complete_12_months
GA,13039,Camden County,2018,173111.26,12,Zillow ZHVI county,annual_mean_zhvi,complete_12_months
GA,13039,Camden County,2019,180728.98,12,Zillow ZHVI county,annual_mean_zhvi,complete_12_months
GA,13039,Camden County,2020,193341.45,12,Zillow ZHVI county,annual_mean_zhvi,complete_12_months
GA,13039,Camden County,2021,225849.97,12,Zillow ZHVI county,annual_mean_zhvi,complete_12_months
GA,13039,Camden County,2022,265620.32,12,Zillow ZHVI county,annual_mean_zhvi,complete_12_months
GA,13039,Camden County,2023,288171.43,12,Zillow ZHVI county,annual_mean_zhvi,complete_12_months
GA,13039,Camden County,2024,302152.6,12,Zillow ZHVI county,annual_mean_zhvi,complete_12_months
GA,13043,Candler County,2015,97231.13,12,Zillow ZHVI county,annual_mean_zhvi,complete_12_months
GA,13043,Candler County,2016,100513.5,12,Zillow ZHVI county,annual_mean_zhvi,complete_12_months
GA,13043,Candler County,2017,105523.16,12,Zillow ZHVI county,annual_mean_zhvi,complete_12_months
GA,13043,Candler County,2018,109694.52,12,Zillow ZHVI county,annual_mean_zhvi,complete_12_months
GA,13043,Candler County,2019,117066.21,12,Zillow ZHVI county,annual_mean_zhvi,complete_12_months
GA,13043,Candler County,2020,125348.62,12,Zillow ZHVI county,annual_mean_zhvi,complete_12_months
GA,13043,Candler County,2021,148259.51,12,Zillow ZHVI county,annual_mean_zhvi,complete_12_months
GA,13043,Candler County,2022,173342.86,12,Zillow ZHVI county,annual_mean_zhvi,complete_12_months
GA,13043,Candler County,2023,181020.34,12,Zillow ZHVI county,annual_mean_zhvi,complete_12_months
GA,13043,Candler County,2024,202958.66,12,Zillow ZHVI county,annual_mean_zhvi,complete_12_months
GA,13045,Carroll County,2015,122048.99,12,Zillow ZHVI county,annual_mean_zhvi,complete_12_months
GA,13045,Carroll County,2016,130484.44,12,Zillow ZHVI county,annual_mean_zhvi,complete_12_months
GA,13045,Carroll County,2017,141922.16,12,Zillow ZHVI county,annual_mean_zhvi,complete_12_months
GA,13045,Carroll County,2018,156327.37,12,Zillow ZHVI county,annual_mean_zhvi,complete_12_months
GA,13045,Carroll County,2019,169403.1,12,Zillow ZHVI county,annual_mean_zhvi,complete_12_months
GA,13045,Carroll County,2020,184924.88,12,Zillow ZHVI county,annual_mean_zhvi,complete_12_months
GA,13045,Carroll County,2021,223562.09,12,Zillow ZHVI county,annual_mean_zhvi,complete_12_months
GA,13045,Carroll County,2022,272570.03,12,Zillow ZHVI county,annual_mean_zhvi,complete_12_months
GA,13045,Carroll County,2023,281432.42,12,Zillow ZHVI county,annual_mean_zhvi,complete_12_months
GA,13045,Carroll County,2024,293646.12,12,Zillow ZHVI county,annual_mean_zhvi,complete_12_months
GA,13047,Catoosa County,2015,142962.77,12,Zillow ZHVI county,annual_mean_zhvi,complete_12_months
GA,13047,Catoosa County,2016,149354.19,12,Zillow ZHVI county,annual_mean_zhvi,complete_12_months
GA,13047,Catoosa County,2017,154461.43,12,Zillow ZHVI county,annual_mean_zhvi,complete_12_months
GA,13047,Catoosa County,2018,163381.75,12,Zillow ZHVI county,annual_mean_zhvi,complete_12_months
GA,13047,Catoosa County,2019,174550.6,12,Zillow ZHVI county,annual_mean_zhvi,complete_12_months
GA,13047,Catoosa County,2020,191304.62,12,Zillow ZHVI county,annual_mean_zhvi,complete_12_months
GA,13047,Catoosa County,2021,223582.21,12,Zillow ZHVI county,annual_mean_zhvi,complete_12_months
GA,13047,Catoosa County,2022,259403.04,12,Zillow ZHVI county,annual_mean_zhvi,complete_12_months
GA,13047,Catoosa County,2023,274781.68,12,Zillow ZHVI county,annual_mean_zhvi,complete_12_months
GA,13047,Catoosa County,2024,290640.34,12,Zillow ZHVI county,annual_mean_zhvi,complete_12_months
GA,13049,Charlton County,2015,89053.94,12,Zillow ZHVI county,annual_mean_zhvi,complete_12_months
GA,13049,Charlton County,2016,96125.51,12,Zillow ZHVI county,annual_mean_zhvi,complete_12_months
GA,13049,Charlton County,2017,99738.55,12,Zillow ZHVI county,annual_mean_zhvi,complete_12_months
GA,13049,Charlton County,2018,106895.36,12,Zillow ZHVI county,annual_mean_zhvi,complete_12_months
GA,13049,Charlton County,2019,115214.65,12,Zillow ZHVI county,annual_mean_zhvi,complete_12_months
GA,13049,Charlton County,2020,129270.23,12,Zillow ZHVI county,annual_mean_zhvi,complete_12_months
GA,13049,Charlton County,2021,158319.49,12,Zillow ZHVI county,annual_mean_zhvi,complete_12_months
GA,13049,Charlton County,2022,186981.86,12,Zillow ZHVI county,annual_mean_zhvi,complete_12_months
GA,13049,Charlton County,2023,194642.91,12,Zillow ZHVI county,annual_mean_zhvi,complete_12_months
GA,13049,Charlton County,2024,210305.16,12,Zillow ZHVI county,annual_mean_zhvi,complete_12_months
GA,13051,Chatham County,2015,175591.2,12,Zillow ZHVI county,annual_mean_zhvi,complete_12_months
GA,13051,Chatham County,2016,182947.82,12,Zillow ZHVI county,annual_mean_zhvi,complete_12_months
GA,13051,Chatham County,2017,187597.41,12,Zillow ZHVI county,annual_mean_zhvi,complete_12_months
GA,13051,Chatham County,2018,198946.43,12,Zillow ZHVI county,annual_mean_zhvi,complete_12_months
GA,13051,Chatham County,2019,208867.16,12,Zillow ZHVI county,annual_mean_zhvi,complete_12_months
GA,13051,Chatham County,2020,220810.4,12,Zillow ZHVI county,annual_mean_zhvi,complete_12_months
GA,13051,Chatham County,2021,251672.19,12,Zillow ZHVI county,annual_mean_zhvi,complete_12_months
GA,13051,Chatham County,2022,301682.65,12,Zillow ZHVI county,annual_mean_zhvi,complete_12_months
GA,13051,Chatham County,2023,331140.72,12,Zillow ZHVI county,annual_mean_zhvi,complete_12_months
GA,13051,Chatham County,2024,354901.72,12,Zillow ZHVI county,annual_mean_zhvi,complete_12_months
GA,13053,Chattahoochee County,2015,96790.83,12,Zillow ZHVI county,annual_mean_zhvi,complete_12_months
GA,13053,Chattahoochee County,2016,104090.39,12,Zillow ZHVI county,annual_mean_zhvi,complete_12_months
GA,13053,Chattahoochee County,2017,101102.6,12,Zillow ZHVI county,annual_mean_zhvi,complete_12_months
GA,13053,Chattahoochee County,2018,110388.02,12,Zillow ZHVI county,annual_mean_zhvi,complete_12_months
GA,13053,Chattahoochee County,2019,108129.76,12,Zillow ZHVI county,annual_mean_zhvi,complete_12_months
GA,13053,Chattahoochee County,2020,118266.39,12,Zillow ZHVI county,annual_mean_zhvi,complete_12_months
GA,13053,Chattahoochee County,2021,128275.79,12,Zillow ZHVI county,annual_mean_zhvi,complete_12_months
GA,13053,Chattahoochee County,2022,136724.62,12,Zillow ZHVI county,annual_mean_zhvi,complete_12_months
GA,13053,Chattahoochee County,2023,127393.28,12,Zillow ZHVI county,annual_mean_zhvi,complete_12_months
GA,13053,Chattahoochee County,2024,135235.15,12,Zillow ZHVI county,annual_mean_zhvi,complete_12_months
GA,13055,Chattooga County,2015,89021.99,12,Zillow ZHVI county,annual_mean_zhvi,complete_12_months
GA,13055,Chattooga County,2016,92629.93,12,Zillow ZHVI county,annual_mean_zhvi,complete_12_months
GA,13055,Chattooga County,2017,92978.42,12,Zillow ZHVI county,annual_mean_zhvi,complete_12_months
GA,13055,Chattooga County,2018,97715.23,12,Zillow ZHVI county,annual_mean_zhvi,complete_12_months
GA,13055,Chattooga County,2019,110274.34,12,Zillow ZHVI county,annual_mean_zhvi,complete_12_months
GA,13055,Chattooga County,2020,119463.06,12,Zillow ZHVI county,annual_mean_zhvi,complete_12_months
GA,13055,Chattooga County,2021,146084.7,12,Zillow ZHVI county,annual_mean_zhvi,complete_12_months
GA,13055,Chattooga County,2022,170175.83,12,Zillow ZHVI county,annual_mean_zhvi,complete_12_months
GA,13055,Chattooga County,2023,171762.52,12,Zillow ZHVI county,annual_mean_zhvi,complete_12_months
GA,13055,Chattooga County,2024,176728.87,12,Zillow ZHVI county,annual_mean_zhvi,complete_12_months
GA,13057,Cherokee County,2015,225169.97,12,Zillow ZHVI county,annual_mean_zhvi,complete_12_months
GA,13057,Cherokee County,2016,241229.52,12,Zillow ZHVI county,annual_mean_zhvi,complete_12_months
GA,13057,Cherokee County,2017,259526.24,12,Zillow ZHVI county,annual_mean_zhvi,complete_12_months
GA,13057,Cherokee County,2018,278555.89,12,Zillow ZHVI county,annual_mean_zhvi,complete_12_months
GA,13057,Cherokee County,2019,295083.44,12,Zillow ZHVI county,annual_mean_zhvi,complete_12_months
GA,13057,Cherokee County,2020,312728.33,12,Zillow ZHVI county,annual_mean_zhvi,complete_12_months
GA,13057,Cherokee County,2021,367463.17,12,Zillow ZHVI county,annual_mean_zhvi,complete_12_months
GA,13057,Cherokee County,2022,446106.65,12,Zillow ZHVI county,annual_mean_zhvi,complete_12_months
GA,13057,Cherokee County,2023,463002.51,12,Zillow ZHVI county,annual_mean_zhvi,complete_12_months
GA,13057,Cherokee County,2024,486076.75,12,Zillow ZHVI county,annual_mean_zhvi,complete_12_months
GA,13059,Clarke County,2015,140085.87,12,Zillow ZHVI county,annual_mean_zhvi,complete_12_months
GA,13059,Clarke County,2016,147272.4,12,Zillow ZHVI county,annual_mean_zhvi,complete_12_months
GA,13059,Clarke County,2017,156593.89,12,Zillow ZHVI county,annual_mean_zhvi,complete_12_months
GA,13059,Clarke County,2018,170712.35,12,Zillow ZHVI county,annual_mean_zhvi,complete_12_months
GA,13059,Clarke County,2019,187700.25,12,Zillow ZHVI county,annual_mean_zhvi,complete_12_months
GA,13059,Clarke County,2020,207709.78,12,Zillow ZHVI county,annual_mean_zhvi,complete_12_months
GA,13059,Clarke County,2021,245189.1,12,Zillow ZHVI county,annual_mean_zhvi,complete_12_months
GA,13059,Clarke County,2022,288422.37,12,Zillow ZHVI county,annual_mean_zhvi,complete_12_months
GA,13059,Clarke County,2023,306419.22,12,Zillow ZHVI county,annual_mean_zhvi,complete_12_months
GA,13059,Clarke County,2024,324577.42,12,Zillow ZHVI county,annual_mean_zhvi,complete_12_months
GA,13061,Clay County,2015,109665.65,12,Zillow ZHVI county,annual_mean_zhvi,complete_12_months
GA,13061,Clay County,2016,115051.7,12,Zillow ZHVI county,annual_mean_zhvi,complete_12_months
GA,13061,Clay County,2017,115865.15,12,Zillow ZHVI county,annual_mean_zhvi,complete_12_months
GA,13061,Clay County,2018,122440.17,12,Zillow ZHVI county,annual_mean_zhvi,complete_12_months
GA,13061,Clay County,2019,123936.88,12,Zillow ZHVI county,annual_mean_zhvi,complete_12_months
GA,13061,Clay County,2020,128887.12,12,Zillow ZHVI county,annual_mean_zhvi,complete_12_months
GA,13061,Clay County,2021,150610.22,12,Zillow ZHVI county,annual_mean_zhvi,complete_12_months
GA,13061,Clay County,2022,168479.23,12,Zillow ZHVI county,annual_mean_zhvi,complete_12_months
GA,13061,Clay County,2023,168339.5,12,Zillow ZHVI county,annual_mean_zhvi,complete_12_months
GA,13061,Clay County,2024,172050.85,12,Zillow ZHVI county,annual_mean_zhvi,complete_12_months
GA,13063,Clayton County,2015,83518.31,12,Zillow ZHVI county,annual_mean_zhvi,complete_12_months
GA,13063,Clayton County,2016,93002.04,12,Zillow ZHVI county,annual_mean_zhvi,complete_12_months
GA,13063,Clayton County,2017,104546.38,12,Zillow ZHVI county,annual_mean_zhvi,complete_12_months
GA,13063,Clayton County,2018,122972.84,12,Zillow ZHVI county,annual_mean_zhvi,complete_12_months
GA,13063,Clayton County,2019,141273.16,12,Zillow ZHVI county,annual_mean_zhvi,complete_12_months
GA,13063,Clayton County,2020,157622.19,12,Zillow ZHVI county,annual_mean_zhvi,complete_12_months
GA,13063,Clayton County,2021,191866.92,12,Zillow ZHVI county,annual_mean_zhvi,complete_12_months
GA,13063,Clayton County,2022,245416.81,12,Zillow ZHVI county,annual_mean_zhvi,complete_12_months
GA,13063,Clayton County,2023,254388.33,12,Zillow ZHVI county,annual_mean_zhvi,complete_12_months
GA,13063,Clayton County,2024,258767.67,12,Zillow ZHVI county,annual_mean_zhvi,complete_12_months
GA,13065,Clinch County,2015,73084.45,12,Zillow ZHVI county,annual_mean_zhvi,complete_12_months
GA,13065,Clinch County,2016,77365.66,12,Zillow ZHVI county,annual_mean_zhvi,complete_12_months
GA,13065,Clinch County,2017,76381.26,12,Zillow ZHVI county,annual_mean_zhvi,complete_12_months
GA,13065,Clinch County,2018,82344.32,12,Zillow ZHVI county,annual_mean_zhvi,complete_12_months
GA,13065,Clinch County,2019,86783.87,12,Zillow ZHVI county,annual_mean_zhvi,complete_12_months
GA,13065,Clinch County,2020,91986.3,12,Zillow ZHVI county,annual_mean_zhvi,complete_12_months
GA,13065,Clinch County,2021,107478.67,12,Zillow ZHVI county,annual_mean_zhvi,complete_12_months
GA,13065,Clinch County,2022,116489.67,12,Zillow ZHVI county,annual_mean_zhvi,complete_12_months
GA,13065,Clinch County,2023,112137.9,12,Zillow ZHVI county,annual_mean_zhvi,complete_12_months
GA,13065,Clinch County,2024,122735.82,12,Zillow ZHVI county,annual_mean_zhvi,complete_12_months
GA,13067,Cobb County,2015,215901.98,12,Zillow ZHVI county,annual_mean_zhvi,complete_12_months
GA,13067,Cobb County,2016,232780.82,12,Zillow ZHVI county,annual_mean_zhvi,complete_12_months
GA,13067,Cobb County,2017,249308.81,12,Zillow ZHVI county,annual_mean_zhvi,complete_12_months
GA,13067,Cobb County,2018,268084.9,12,Zillow ZHVI county,annual_mean_zhvi,complete_12_months
GA,13067,Cobb County,2019,283468.93,12,Zillow ZHVI county,annual_mean_zhvi,complete_12_months
GA,13067,Cobb County,2020,300405.76,12,Zillow ZHVI county,annual_mean_zhvi,complete_12_months
GA,13067,Cobb County,2021,350568.22,12,Zillow ZHVI county,annual_mean_zhvi,complete_12_months
GA,13067,Cobb County,2022,419144.53,12,Zillow ZHVI county,annual_mean_zhvi,complete_12_months
GA,13067,Cobb County,2023,432651.79,12,Zillow ZHVI county,annual_mean_zhvi,complete_12_months
GA,13067,Cobb County,2024,448219.39,12,Zillow ZHVI county,annual_mean_zhvi,complete_12_months
GA,13069,Coffee County,2015,104817.56,12,Zillow ZHVI county,annual_mean_zhvi,complete_12_months
GA,13069,Coffee County,2016,107095.14,12,Zillow ZHVI county,annual_mean_zhvi,complete_12_months
GA,13069,Coffee County,2017,108827.86,12,Zillow ZHVI county,annual_mean_zhvi,complete_12_months
GA,13069,Coffee County,2018,114538.02,12,Zillow ZHVI county,annual_mean_zhvi,complete_12_months
GA,13069,Coffee County,2019,119724.79,12,Zillow ZHVI county,annual_mean_zhvi,complete_12_months
GA,13069,Coffee County,2020,131240.18,12,Zillow ZHVI county,annual_mean_zhvi,complete_12_months
GA,13069,Coffee County,2021,149888.97,12,Zillow ZHVI county,annual_mean_zhvi,complete_12_months
GA,13069,Coffee County,2022,175267.37,12,Zillow ZHVI county,annual_mean_zhvi,complete_12_months
GA,13069,Coffee County,2023,179014.41,12,Zillow ZHVI county,annual_mean_zhvi,complete_12_months
GA,13069,Coffee County,2024,183497.06,12,Zillow ZHVI county,annual_mean_zhvi,complete_12_months
GA,13071,Colquitt County,2015,100244.05,12,Zillow ZHVI county,annual_mean_zhvi,complete_12_months
GA,13071,Colquitt County,2016,101820.97,12,Zillow ZHVI county,annual_mean_zhvi,complete_12_months
GA,13071,Colquitt County,2017,102204.25,12,Zillow ZHVI county,annual_mean_zhvi,complete_12_months
GA,13071,Colquitt County,2018,108392.68,12,Zillow ZHVI county,annual_mean_zhvi,complete_12_months
GA,13071,Colquitt County,2019,115524.6,12,Zillow ZHVI county,annual_mean_zhvi,complete_12_months
GA,13071,Colquitt County,2020,122489.42,12,Zillow ZHVI county,annual_mean_zhvi,complete_12_months
GA,13071,Colquitt County,2021,138719.41,12,Zillow ZHVI county,annual_mean_zhvi,complete_12_months
GA,13071,Colquitt County,2022,151670.14,12,Zillow ZHVI county,annual_mean_zhvi,complete_12_months
GA,13071,Colquitt County,2023,145788.44,12,Zillow ZHVI county,annual_mean_zhvi,complete_12_months
GA,13071,Colquitt County,2024,158700.24,12,Zillow ZHVI county,annual_mean_zhvi,complete_12_months
GA,13073,Columbia County,2015,191358.88,12,Zillow ZHVI county,annual_mean_zhvi,complete_12_months
GA,13073,Columbia County,2016,198968.77,12,Zillow ZHVI county,annual_mean_zhvi,complete_12_months
GA,13073,Columbia County,2017,203642.51,12,Zillow ZHVI county,annual_mean_zhvi,complete_12_months
GA,13073,Columbia County,2018,212885.66,12,Zillow ZHVI county,annual_mean_zhvi,complete_12_months
GA,13073,Columbia County,2019,221907.11,12,Zillow ZHVI county,annual_mean_zhvi,complete_12_months
GA,13073,Columbia County,2020,235267.86,12,Zillow ZHVI county,annual_mean_zhvi,complete_12_months
GA,13073,Columbia County,2021,267636.24,12,Zillow ZHVI county,annual_mean_zhvi,complete_12_months
GA,13073,Columbia County,2022,308387.04,12,Zillow ZHVI county,annual_mean_zhvi,complete_12_months
GA,13073,Columbia County,2023,320698.89,12,Zillow ZHVI county,annual_mean_zhvi,complete_12_months
GA,13073,Columbia County,2024,326293.46,12,Zillow ZHVI county,annual_mean_zhvi,complete_12_months
GA,13075,Cook County,2015,96342.65,12,Zillow ZHVI county,annual_mean_zhvi,complete_12_months
GA,13075,Cook County,2016,98604.4,12,Zillow ZHVI county,annual_mean_zhvi,complete_12_months
GA,13075,Cook County,2017,100764.83,12,Zillow ZHVI county,annual_mean_zhvi,complete_12_months
GA,13075,Cook County,2018,106537.83,12,Zillow ZHVI county,annual_mean_zhvi,complete_12_months
GA,13075,Cook County,2019,113644.84,12,Zillow ZHVI county,annual_mean_zhvi,complete_12_months
GA,13075,Cook County,2020,122671.58,12,Zillow ZHVI county,annual_mean_zhvi,complete_12_months
GA,13075,Cook County,2021,139757.4,12,Zillow ZHVI county,annual_mean_zhvi,complete_12_months
GA,13075,Cook County,2022,158060.41,12,Zillow ZHVI county,annual_mean_zhvi,complete_12_months
GA,13075,Cook County,2023,161981.04,12,Zillow ZHVI county,annual_mean_zhvi,complete_12_months
GA,13075,Cook County,2024,166132.92,12,Zillow ZHVI county,annual_mean_zhvi,complete_12_months
GA,13077,Coweta County,2015,195211.37,12,Zillow ZHVI county,annual_mean_zhvi,complete_12_months
GA,13077,Coweta County,2016,208362.56,12,Zillow ZHVI county,annual_mean_zhvi,complete_12_months
GA,13077,Coweta County,2017,221423.88,12,Zillow ZHVI county,annual_mean_zhvi,complete_12_months
GA,13077,Coweta County,2018,239115.39,12,Zillow ZHVI county,annual_mean_zhvi,complete_12_months
GA,13077,Coweta County,2019,250697.86,12,Zillow ZHVI county,annual_mean_zhvi,complete_12_months
GA,13077,Coweta County,2020,267624.61,12,Zillow ZHVI county,annual_mean_zhvi,complete_12_months
GA,13077,Coweta County,2021,307505.48,12,Zillow ZHVI county,annual_mean_zhvi,complete_12_months
GA,13077,Coweta County,2022,368204.87,12,Zillow ZHVI county,annual_mean_zhvi,complete_12_months
GA,13077,Coweta County,2023,388332.42,12,Zillow ZHVI county,annual_mean_zhvi,complete_12_months
GA,13077,Coweta County,2024,402350.02,12,Zillow ZHVI county,annual_mean_zhvi,complete_12_months
GA,13079,Crawford County,2015,,0,Zillow ZHVI county,annual_mean_zhvi,source_data_unavailable
GA,13079,Crawford County,2016,104465.21,11,Zillow ZHVI county,annual_mean_zhvi,partial_10_11_months
GA,13079,Crawford County,2017,106668.52,12,Zillow ZHVI county,annual_mean_zhvi,complete_12_months
GA,13079,Crawford County,2018,117215.37,12,Zillow ZHVI county,annual_mean_zhvi,complete_12_months
GA,13079,Crawford County,2019,126753.58,12,Zillow ZHVI county,annual_mean_zhvi,complete_12_months
GA,13079,Crawford County,2020,137490.73,12,Zillow ZHVI county,annual_mean_zhvi,complete_12_months
GA,13079,Crawford County,2021,155786.81,12,Zillow ZHVI county,annual_mean_zhvi,complete_12_months
GA,13079,Crawford County,2022,180091.84,12,Zillow ZHVI county,annual_mean_zhvi,complete_12_months
GA,13079,Crawford County,2023,190931.76,12,Zillow ZHVI county,annual_mean_zhvi,complete_12_months
GA,13079,Crawford County,2024,204054.51,12,Zillow ZHVI county,annual_mean_zhvi,complete_12_months
GA,13081,Crisp County,2015,86952.45,12,Zillow ZHVI county,annual_mean_zhvi,complete_12_months
GA,13081,Crisp County,2016,89047.76,12,Zillow ZHVI county,annual_mean_zhvi,complete_12_months
GA,13081,Crisp County,2017,90701.67,12,Zillow ZHVI county,annual_mean_zhvi,complete_12_months
GA,13081,Crisp County,2018,94128.86,12,Zillow ZHVI county,annual_mean_zhvi,complete_12_months
GA,13081,Crisp County,2019,98269.34,12,Zillow ZHVI county,annual_mean_zhvi,complete_12_months
GA,13081,Crisp County,2020,105183.5,12,Zillow ZHVI county,annual_mean_zhvi,complete_12_months
GA,13081,Crisp County,2021,119822.5,12,Zillow ZHVI county,annual_mean_zhvi,complete_12_months
GA,13081,Crisp County,2022,138454.45,12,Zillow ZHVI county,annual_mean_zhvi,complete_12_months
GA,13081,Crisp County,2023,143714.07,12,Zillow ZHVI county,annual_mean_zhvi,complete_12_months
GA,13081,Crisp County,2024,147588.31,12,Zillow ZHVI county,annual_mean_zhvi,complete_12_months
GA,13083,Dade County,2015,127034.75,12,Zillow ZHVI county,annual_mean_zhvi,complete_12_months
GA,13083,Dade County,2016,133348.44,12,Zillow ZHVI county,annual_mean_zhvi,complete_12_months
GA,13083,Dade County,2017,135337.58,12,Zillow ZHVI county,annual_mean_zhvi,complete_12_months
GA,13083,Dade County,2018,143985.21,12,Zillow ZHVI county,annual_mean_zhvi,complete_12_months
GA,13083,Dade County,2019,155950.48,12,Zillow ZHVI county,annual_mean_zhvi,complete_12_months
GA,13083,Dade County,2020,169343.95,12,Zillow ZHVI county,annual_mean_zhvi,complete_12_months
GA,13083,Dade County,2021,196428.77,12,Zillow ZHVI county,annual_mean_zhvi,complete_12_months
GA,13083,Dade County,2022,226124.41,12,Zillow ZHVI county,annual_mean_zhvi,complete_12_months
GA,13083,Dade County,2023,235409.16,12,Zillow ZHVI county,annual_mean_zhvi,complete_12_months
GA,13083,Dade County,2024,250880.99,12,Zillow ZHVI county,annual_mean_zhvi,complete_12_months
GA,13085,Dawson County,2015,207473.86,12,Zillow ZHVI county,annual_mean_zhvi,complete_12_months
GA,13085,Dawson County,2016,217596.16,12,Zillow ZHVI county,annual_mean_zhvi,complete_12_months
GA,13085,Dawson County,2017,233162.24,12,Zillow ZHVI county,annual_mean_zhvi,complete_12_months
GA,13085,Dawson County,2018,259981.02,12,Zillow ZHVI county,annual_mean_zhvi,complete_12_months
GA,13085,Dawson County,2019,278437.43,12,Zillow ZHVI county,annual_mean_zhvi,complete_12_months
GA,13085,Dawson County,2020,297206.32,12,Zillow ZHVI county,annual_mean_zhvi,complete_12_months
GA,13085,Dawson County,2021,353923.61,12,Zillow ZHVI county,annual_mean_zhvi,complete_12_months
GA,13085,Dawson County,2022,422584.04,12,Zillow ZHVI county,annual_mean_zhvi,complete_12_months
GA,13085,Dawson County,2023,438522.48,12,Zillow ZHVI county,annual_mean_zhvi,complete_12_months
GA,13085,Dawson County,2024,464493.52,12,Zillow ZHVI county,annual_mean_zhvi,complete_12_months
GA,13087,Decatur County,2015,101953.34,12,Zillow ZHVI county,annual_mean_zhvi,complete_12_months
GA,13087,Decatur County,2016,102044.7,12,Zillow ZHVI county,annual_mean_zhvi,complete_12_months
GA,13087,Decatur County,2017,99239.02,12,Zillow ZHVI county,annual_mean_zhvi,complete_12_months
GA,13087,Decatur County,2018,101868.46,12,Zillow ZHVI county,annual_mean_zhvi,complete_12_months
GA,13087,Decatur County,2019,109997.11,12,Zillow ZHVI county,annual_mean_zhvi,complete_12_months
GA,13087,Decatur County,2020,119585.53,12,Zillow ZHVI county,annual_mean_zhvi,complete_12_months
GA,13087,Decatur County,2021,137162.16,12,Zillow ZHVI county,annual_mean_zhvi,complete_12_months
GA,13087,Decatur County,2022,158639.1,12,Zillow ZHVI county,annual_mean_zhvi,complete_12_months
GA,13087,Decatur County,2023,168770.84,12,Zillow ZHVI county,annual_mean_zhvi,complete_12_months
GA,13087,Decatur County,2024,175660.48,12,Zillow ZHVI county,annual_mean_zhvi,complete_12_months
GA,13089,DeKalb County,2015,167592.12,12,Zillow ZHVI county,annual_mean_zhvi,complete_12_months
GA,13089,DeKalb County,2016,185554.64,12,Zillow ZHVI county,annual_mean_zhvi,complete_12_months
GA,13089,DeKalb County,2017,205917.2,12,Zillow ZHVI county,annual_mean_zhvi,complete_12_months
GA,13089,DeKalb County,2018,229115.32,12,Zillow ZHVI county,annual_mean_zhvi,complete_12_months
GA,13089,DeKalb County,2019,243868.83,12,Zillow ZHVI county,annual_mean_zhvi,complete_12_months
GA,13089,DeKalb County,2020,256103.14,12,Zillow ZHVI county,annual_mean_zhvi,complete_12_months
GA,13089,DeKalb County,2021,299066.56,12,Zillow ZHVI county,annual_mean_zhvi,complete_12_months
GA,13089,DeKalb County,2022,353726.76,12,Zillow ZHVI county,annual_mean_zhvi,complete_12_months
GA,13089,DeKalb County,2023,357123.91,12,Zillow ZHVI county,annual_mean_zhvi,complete_12_months
GA,13089,DeKalb County,2024,362896.66,12,Zillow ZHVI county,annual_mean_zhvi,complete_12_months
GA,13091,Dodge County,2015,92070.8,12,Zillow ZHVI county,annual_mean_zhvi,complete_12_months
GA,13091,Dodge County,2016,93683.79,12,Zillow ZHVI county,annual_mean_zhvi,complete_12_months
GA,13091,Dodge County,2017,95506.29,12,Zillow ZHVI county,annual_mean_zhvi,complete_12_months
GA,13091,Dodge County,2018,99596.22,12,Zillow ZHVI county,annual_mean_zhvi,complete_12_months
GA,13091,Dodge County,2019,104172.55,12,Zillow ZHVI county,annual_mean_zhvi,complete_12_months
GA,13091,Dodge County,2020,114136.74,12,Zillow ZHVI county,annual_mean_zhvi,complete_12_months
GA,13091,Dodge County,2021,137376.53,12,Zillow ZHVI county,annual_mean_zhvi,complete_12_months
GA,13091,Dodge County,2022,151904.21,12,Zillow ZHVI county,annual_mean_zhvi,complete_12_months
GA,13091,Dodge County,2023,151641.46,12,Zillow ZHVI county,annual_mean_zhvi,complete_12_months
GA,13091,Dodge County,2024,153069.66,12,Zillow ZHVI county,annual_mean_zhvi,complete_12_months
GA,13093,Dooly County,2015,81235.84,12,Zillow ZHVI county,annual_mean_zhvi,complete_12_months
GA,13093,Dooly County,2016,86483.94,12,Zillow ZHVI county,annual_mean_zhvi,complete_12_months
GA,13093,Dooly County,2017,83514.76,12,Zillow ZHVI county,annual_mean_zhvi,complete_12_months
GA,13093,Dooly County,2018,87271.66,12,Zillow ZHVI county,annual_mean_zhvi,complete_12_months
GA,13093,Dooly County,2019,89868.38,12,Zillow ZHVI county,annual_mean_zhvi,complete_12_months
GA,13093,Dooly County,2020,95261.14,12,Zillow ZHVI county,annual_mean_zhvi,complete_12_months
GA,13093,Dooly County,2021,112315.5,12,Zillow ZHVI county,annual_mean_zhvi,complete_12_months
GA,13093,Dooly County,2022,124439.83,12,Zillow ZHVI county,annual_mean_zhvi,complete_12_months
GA,13093,Dooly County,2023,129365.41,12,Zillow ZHVI county,annual_mean_zhvi,complete_12_months
GA,13093,Dooly County,2024,138771.62,12,Zillow ZHVI county,annual_mean_zhvi,complete_12_months
GA,13095,Dougherty County,2015,73901.4,12,Zillow ZHVI county,annual_mean_zhvi,complete_12_months
GA,13095,Dougherty County,2016,73881.41,12,Zillow ZHVI county,annual_mean_zhvi,complete_12_months
GA,13095,Dougherty County,2017,71218.65,12,Zillow ZHVI county,annual_mean_zhvi,complete_12_months
GA,13095,Dougherty County,2018,77525.38,12,Zillow ZHVI county,annual_mean_zhvi,complete_12_months
GA,13095,Dougherty County,2019,80761.34,12,Zillow ZHVI county,annual_mean_zhvi,complete_12_months
GA,13095,Dougherty County,2020,87729.81,12,Zillow ZHVI county,annual_mean_zhvi,complete_12_months
GA,13095,Dougherty County,2021,100148.66,12,Zillow ZHVI county,annual_mean_zhvi,complete_12_months
GA,13095,Dougherty County,2022,119902.81,12,Zillow ZHVI county,annual_mean_zhvi,complete_12_months
GA,13095,Dougherty County,2023,127374.66,12,Zillow ZHVI county,annual_mean_zhvi,complete_12_months
GA,13095,Dougherty County,2024,135587.67,12,Zillow ZHVI county,annual_mean_zhvi,complete_12_months
GA,13097,Douglas County,2015,141729.11,12,Zillow ZHVI county,annual_mean_zhvi,complete_12_months
GA,13097,Douglas County,2016,150721.87,12,Zillow ZHVI county,annual_mean_zhvi,complete_12_months
GA,13097,Douglas County,2017,163955.66,12,Zillow ZHVI county,annual_mean_zhvi,complete_12_months
GA,13097,Douglas County,2018,180974.03,12,Zillow ZHVI county,annual_mean_zhvi,complete_12_months
GA,13097,Douglas County,2019,194203.58,12,Zillow ZHVI county,annual_mean_zhvi,complete_12_months
GA,13097,Douglas County,2020,209097.99,12,Zillow ZHVI county,annual_mean_zhvi,complete_12_months
GA,13097,Douglas County,2021,257613.65,12,Zillow ZHVI county,annual_mean_zhvi,complete_12_months
GA,13097,Douglas County,2022,318545.22,12,Zillow ZHVI county,annual_mean_zhvi,complete_12_months
GA,13097,Douglas County,2023,323634.33,12,Zillow ZHVI county,annual_mean_zhvi,complete_12_months
GA,13097,Douglas County,2024,327265.84,12,Zillow ZHVI county,annual_mean_zhvi,complete_12_months
GA,13099,Early County,2015,77228.46,12,Zillow ZHVI county,annual_mean_zhvi,complete_12_months
GA,13099,Early County,2016,80483.95,12,Zillow ZHVI county,annual_mean_zhvi,complete_12_months
GA,13099,Early County,2017,81505.28,12,Zillow ZHVI county,annual_mean_zhvi,complete_12_months
GA,13099,Early County,2018,87233.65,12,Zillow ZHVI county,annual_mean_zhvi,complete_12_months
GA,13099,Early County,2019,92770.94,12,Zillow ZHVI county,annual_mean_zhvi,complete_12_months
GA,13099,Early County,2020,98428.98,12,Zillow ZHVI county,annual_mean_zhvi,complete_12_months
GA,13099,Early County,2021,109376.38,12,Zillow ZHVI county,annual_mean_zhvi,complete_12_months
GA,13099,Early County,2022,123335.6,12,Zillow ZHVI county,annual_mean_zhvi,complete_12_months
GA,13099,Early County,2023,125067.62,12,Zillow ZHVI county,annual_mean_zhvi,complete_12_months
GA,13099,Early County,2024,125471.37,12,Zillow ZHVI county,annual_mean_zhvi,complete_12_months
GA,13101,Echols County,2015,104704.27,12,Zillow ZHVI county,annual_mean_zhvi,complete_12_months
GA,13101,Echols County,2016,107184.82,12,Zillow ZHVI county,annual_mean_zhvi,complete_12_months
GA,13101,Echols County,2017,110208.95,12,Zillow ZHVI county,annual_mean_zhvi,complete_12_months
GA,13101,Echols County,2018,114999.37,12,Zillow ZHVI county,annual_mean_zhvi,complete_12_months
GA,13101,Echols County,2019,124597.54,12,Zillow ZHVI county,annual_mean_zhvi,complete_12_months
GA,13101,Echols County,2020,137196.35,12,Zillow ZHVI county,annual_mean_zhvi,complete_12_months
GA,13101,Echols County,2021,155446.21,12,Zillow ZHVI county,annual_mean_zhvi,complete_12_months
GA,13101,Echols County,2022,168486.44,12,Zillow ZHVI county,annual_mean_zhvi,complete_12_months
GA,13101,Echols County,2023,165197.73,12,Zillow ZHVI county,annual_mean_zhvi,complete_12_months
GA,13101,Echols County,2024,171483.33,12,Zillow ZHVI county,annual_mean_zhvi,complete_12_months
GA,13103,Effingham County,2015,170428.99,12,Zillow ZHVI county,annual_mean_zhvi,complete_12_months
GA,13103,Effingham County,2016,177277.79,12,Zillow ZHVI county,annual_mean_zhvi,complete_12_months
GA,13103,Effingham County,2017,179787.97,12,Zillow ZHVI county,annual_mean_zhvi,complete_12_months
GA,13103,Effingham County,2018,187980.82,12,Zillow ZHVI county,annual_mean_zhvi,complete_12_months
GA,13103,Effingham County,2019,204032.25,12,Zillow ZHVI county,annual_mean_zhvi,complete_12_months
GA,13103,Effingham County,2020,215209.44,12,Zillow ZHVI county,annual_mean_zhvi,complete_12_months
GA,13103,Effingham County,2021,242938.98,12,Zillow ZHVI county,annual_mean_zhvi,complete_12_months
GA,13103,Effingham County,2022,285360.91,12,Zillow ZHVI county,annual_mean_zhvi,complete_12_months
GA,13103,Effingham County,2023,311327.59,12,Zillow ZHVI county,annual_mean_zhvi,complete_12_months
GA,13103,Effingham County,2024,335715.41,12,Zillow ZHVI county,annual_mean_zhvi,complete_12_months
GA,13105,Elbert County,2015,76270.16,12,Zillow ZHVI county,annual_mean_zhvi,complete_12_months
GA,13105,Elbert County,2016,81011.11,12,Zillow ZHVI county,annual_mean_zhvi,complete_12_months
GA,13105,Elbert County,2017,83517.35,12,Zillow ZHVI county,annual_mean_zhvi,complete_12_months
GA,13105,Elbert County,2018,90580.87,12,Zillow ZHVI county,annual_mean_zhvi,complete_12_months
GA,13105,Elbert County,2019,99099.35,12,Zillow ZHVI county,annual_mean_zhvi,complete_12_months
GA,13105,Elbert County,2020,106908.33,12,Zillow ZHVI county,annual_mean_zhvi,complete_12_months
GA,13105,Elbert County,2021,128311.86,12,Zillow ZHVI county,annual_mean_zhvi,complete_12_months
GA,13105,Elbert County,2022,152173.25,12,Zillow ZHVI county,annual_mean_zhvi,complete_12_months
GA,13105,Elbert County,2023,160006.68,12,Zillow ZHVI county,annual_mean_zhvi,complete_12_months
GA,13105,Elbert County,2024,173297.62,12,Zillow ZHVI county,annual_mean_zhvi,complete_12_months
GA,13107,Emanuel County,2015,68244.06,12,Zillow ZHVI county,annual_mean_zhvi,complete_12_months
GA,13107,Emanuel County,2016,69577.82,12,Zillow ZHVI county,annual_mean_zhvi,complete_12_months
GA,13107,Emanuel County,2017,71142.1,12,Zillow ZHVI county,annual_mean_zhvi,complete_12_months
GA,13107,Emanuel County,2018,73009.67,12,Zillow ZHVI county,annual_mean_zhvi,complete_12_months
GA,13107,Emanuel County,2019,79445.25,12,Zillow ZHVI county,annual_mean_zhvi,complete_12_months
GA,13107,Emanuel County,2020,87444.62,12,Zillow ZHVI county,annual_mean_zhvi,complete_12_months
GA,13107,Emanuel County,2021,102304.94,12,Zillow ZHVI county,annual_mean_zhvi,complete_12_months
GA,13107,Emanuel County,2022,118646.74,12,Zillow ZHVI county,annual_mean_zhvi,complete_12_months
GA,13107,Emanuel County,2023,122967.06,12,Zillow ZHVI county,annual_mean_zhvi,complete_12_months
GA,13107,Emanuel County,2024,134709.77,12,Zillow ZHVI county,annual_mean_zhvi,complete_12_months
GA,13109,Evans County,2015,93595.27,12,Zillow ZHVI county,annual_mean_zhvi,complete_12_months
GA,13109,Evans County,2016,96567.38,12,Zillow ZHVI county,annual_mean_zhvi,complete_12_months
GA,13109,Evans County,2017,97645.55,12,Zillow ZHVI county,annual_mean_zhvi,complete_12_months
GA,13109,Evans County,2018,106842.64,12,Zillow ZHVI county,annual_mean_zhvi,complete_12_months
GA,13109,Evans County,2019,113043.18,12,Zillow ZHVI county,annual_mean_zhvi,complete_12_months
GA,13109,Evans County,2020,121082.54,12,Zillow ZHVI county,annual_mean_zhvi,complete_12_months
GA,13109,Evans County,2021,144326.68,12,Zillow ZHVI county,annual_mean_zhvi,complete_12_months
GA,13109,Evans County,2022,165312.27,12,Zillow ZHVI county,annual_mean_zhvi,complete_12_months
GA,13109,Evans County,2023,169717.26,12,Zillow ZHVI county,annual_mean_zhvi,complete_12_months
GA,13109,Evans County,2024,177889.73,12,Zillow ZHVI county,annual_mean_zhvi,complete_12_months
GA,13111,Fannin County,2015,219068.66,12,Zillow ZHVI county,annual_mean_zhvi,complete_12_months
GA,13111,Fannin County,2016,237760.01,12,Zillow ZHVI county,annual_mean_zhvi,complete_12_months
GA,13111,Fannin County,2017,257750.94,12,Zillow ZHVI county,annual_mean_zhvi,complete_12_months
GA,13111,Fannin County,2018,285877.84,12,Zillow ZHVI county,annual_mean_zhvi,complete_12_months
GA,13111,Fannin County,2019,305628.63,12,Zillow ZHVI county,annual_mean_zhvi,complete_12_months
GA,13111,Fannin County,2020,333158.78,12,Zillow ZHVI county,annual_mean_zhvi,complete_12_months
GA,13111,Fannin County,2021,433455.29,12,Zillow ZHVI county,annual_mean_zhvi,complete_12_months
GA,13111,Fannin County,2022,521919.1,12,Zillow ZHVI county,annual_mean_zhvi,complete_12_months
GA,13111,Fannin County,2023,497917.79,12,Zillow ZHVI county,annual_mean_zhvi,complete_12_months
GA,13111,Fannin County,2024,506299.57,12,Zillow ZHVI county,annual_mean_zhvi,complete_12_months
GA,13113,Fayette County,2015,258111.35,12,Zillow ZHVI county,annual_mean_zhvi,complete_12_months
GA,13113,Fayette County,2016,276787.87,12,Zillow ZHVI county,annual_mean_zhvi,complete_12_months
GA,13113,Fayette County,2017,298127.61,12,Zillow ZHVI county,annual_mean_zhvi,complete_12_months
GA,13113,Fayette County,2018,315511.34,12,Zillow ZHVI county,annual_mean_zhvi,complete_12_months
GA,13113,Fayette County,2019,331681.61,12,Zillow ZHVI county,annual_mean_zhvi,complete_12_months
GA,13113,Fayette County,2020,348079.53,12,Zillow ZHVI county,annual_mean_zhvi,complete_12_months
GA,13113,Fayette County,2021,393746.74,12,Zillow ZHVI county,annual_mean_zhvi,complete_12_months
GA,13113,Fayette County,2022,456413.25,12,Zillow ZHVI county,annual_mean_zhvi,complete_12_months
GA,13113,Fayette County,2023,477090.43,12,Zillow ZHVI county,annual_mean_zhvi,complete_12_months
GA,13113,Fayette County,2024,498013.11,12,Zillow ZHVI county,annual_mean_zhvi,complete_12_months
GA,13115,Floyd County,2015,108597.55,12,Zillow ZHVI county,annual_mean_zhvi,complete_12_months
GA,13115,Floyd County,2016,115327.19,12,Zillow ZHVI county,annual_mean_zhvi,complete_12_months
GA,13115,Floyd County,2017,117284.84,12,Zillow ZHVI county,annual_mean_zhvi,complete_12_months
GA,13115,Floyd County,2018,127023.32,12,Zillow ZHVI county,annual_mean_zhvi,complete_12_months
GA,13115,Floyd County,2019,143061.83,12,Zillow ZHVI county,annual_mean_zhvi,complete_12_months
GA,13115,Floyd County,2020,156544.51,12,Zillow ZHVI county,annual_mean_zhvi,complete_12_months
GA,13115,Floyd County,2021,182262.11,12,Zillow ZHVI county,annual_mean_zhvi,complete_12_months
GA,13115,Floyd County,2022,213746.84,12,Zillow ZHVI county,annual_mean_zhvi,complete_12_months
GA,13115,Floyd County,2023,219581.49,12,Zillow ZHVI county,annual_mean_zhvi,complete_12_months
GA,13115,Floyd County,2024,229705.78,12,Zillow ZHVI county,annual_mean_zhvi,complete_12_months
GA,13117,Forsyth County,2015,312592.26,12,Zillow ZHVI county,annual_mean_zhvi,complete_12_months
GA,13117,Forsyth County,2016,328831.21,12,Zillow ZHVI county,annual_mean_zhvi,complete_12_months
GA,13117,Forsyth County,2017,348096.35,12,Zillow ZHVI county,annual_mean_zhvi,complete_12_months
GA,13117,Forsyth County,2018,365636.83,12,Zillow ZHVI county,annual_mean_zhvi,complete_12_months
GA,13117,Forsyth County,2019,375220.42,12,Zillow ZHVI county,annual_mean_zhvi,complete_12_months
GA,13117,Forsyth County,2020,390069.51,12,Zillow ZHVI county,annual_mean_zhvi,complete_12_months
GA,13117,Forsyth County,2021,460156.82,12,Zillow ZHVI county,annual_mean_zhvi,complete_12_months
GA,13117,Forsyth County,2022,574541.51,12,Zillow ZHVI county,annual_mean_zhvi,complete_12_months
GA,13117,Forsyth County,2023,600063.73,12,Zillow ZHVI county,annual_mean_zhvi,complete_12_months
GA,13117,Forsyth County,2024,642703.87,12,Zillow ZHVI county,annual_mean_zhvi,complete_12_months
GA,13119,Franklin County,2015,114657.54,12,Zillow ZHVI county,annual_mean_zhvi,complete_12_months
GA,13119,Franklin County,2016,123423.99,12,Zillow ZHVI county,annual_mean_zhvi,complete_12_months
GA,13119,Franklin County,2017,129638.04,12,Zillow ZHVI county,annual_mean_zhvi,complete_12_months
GA,13119,Franklin County,2018,142310.25,12,Zillow ZHVI county,annual_mean_zhvi,complete_12_months
GA,13119,Franklin County,2019,155009.1,12,Zillow ZHVI county,annual_mean_zhvi,complete_12_months
GA,13119,Franklin County,2020,172649.65,12,Zillow ZHVI county,annual_mean_zhvi,complete_12_months
GA,13119,Franklin County,2021,212624.27,12,Zillow ZHVI county,annual_mean_zhvi,complete_12_months
GA,13119,Franklin County,2022,253076.35,12,Zillow ZHVI county,annual_mean_zhvi,complete_12_months
GA,13119,Franklin County,2023,265257.95,12,Zillow ZHVI county,annual_mean_zhvi,complete_12_months
GA,13119,Franklin County,2024,280452.15,12,Zillow ZHVI county,annual_mean_zhvi,complete_12_months
GA,13121,Fulton County,2015,227904.39,12,Zillow ZHVI county,annual_mean_zhvi,complete_12_months
GA,13121,Fulton County,2016,250990.24,12,Zillow ZHVI county,annual_mean_zhvi,complete_12_months
GA,13121,Fulton County,2017,272581.81,12,Zillow ZHVI county,annual_mean_zhvi,complete_12_months
GA,13121,Fulton County,2018,296242.22,12,Zillow ZHVI county,annual_mean_zhvi,complete_12_months
GA,13121,Fulton County,2019,312690.77,12,Zillow ZHVI county,annual_mean_zhvi,complete_12_months
GA,13121,Fulton County,2020,324991.43,12,Zillow ZHVI county,annual_mean_zhvi,complete_12_months
GA,13121,Fulton County,2021,366995.78,12,Zillow ZHVI county,annual_mean_zhvi,complete_12_months
GA,13121,Fulton County,2022,428055.04,12,Zillow ZHVI county,annual_mean_zhvi,complete_12_months
GA,13121,Fulton County,2023,435188.85,12,Zillow ZHVI county,annual_mean_zhvi,complete_12_months
GA,13121,Fulton County,2024,444495.99,12,Zillow ZHVI county,annual_mean_zhvi,complete_12_months
GA,13123,Gilmer County,2015,158709.05,12,Zillow ZHVI county,annual_mean_zhvi,complete_12_months
GA,13123,Gilmer County,2016,168183.52,12,Zillow ZHVI county,annual_mean_zhvi,complete_12_months
GA,13123,Gilmer County,2017,184124.53,12,Zillow ZHVI county,annual_mean_zhvi,complete_12_months
GA,13123,Gilmer County,2018,205579.05,12,Zillow ZHVI county,annual_mean_zhvi,complete_12_months
GA,13123,Gilmer County,2019,227056.3,12,Zillow ZHVI county,annual_mean_zhvi,complete_12_months
GA,13123,Gilmer County,2020,247954.51,12,Zillow ZHVI county,annual_mean_zhvi,complete_12_months
GA,13123,Gilmer County,2021,323527.58,12,Zillow ZHVI county,annual_mean_zhvi,complete_12_months
GA,13123,Gilmer County,2022,406180.02,12,Zillow ZHVI county,annual_mean_zhvi,complete_12_months
GA,13123,Gilmer County,2023,412428.42,12,Zillow ZHVI county,annual_mean_zhvi,complete_12_months
GA,13123,Gilmer County,2024,424614.68,12,Zillow ZHVI county,annual_mean_zhvi,complete_12_months
GA,13125,Glascock County,2015,,0,Zillow ZHVI county,annual_mean_zhvi,source_data_unavailable
GA,13125,Glascock County,2016,,0,Zillow ZHVI county,annual_mean_zhvi,source_data_unavailable
GA,13125,Glascock County,2017,,0,Zillow ZHVI county,annual_mean_zhvi,source_data_unavailable
GA,13125,Glascock County,2018,,0,Zillow ZHVI county,annual_mean_zhvi,source_data_unavailable
GA,13125,Glascock County,2019,,0,Zillow ZHVI county,annual_mean_zhvi,source_data_unavailable
GA,13125,Glascock County,2020,,0,Zillow ZHVI county,annual_mean_zhvi,source_data_unavailable
GA,13125,Glascock County,2021,177822.29,11,Zillow ZHVI county,annual_mean_zhvi,partial_10_11_months
GA,13125,Glascock County,2022,189866.02,12,Zillow ZHVI county,annual_mean_zhvi,complete_12_months
GA,13125,Glascock County,2023,188414.77,12,Zillow ZHVI county,annual_mean_zhvi,complete_12_months
GA,13125,Glascock County,2024,199181.24,12,Zillow ZHVI county,annual_mean_zhvi,complete_12_months
GA,13127,Glynn County,2015,184202.04,12,Zillow ZHVI county,annual_mean_zhvi,complete_12_months
GA,13127,Glynn County,2016,191217.98,12,Zillow ZHVI county,annual_mean_zhvi,complete_12_months
GA,13127,Glynn County,2017,198837.31,12,Zillow ZHVI county,annual_mean_zhvi,complete_12_months
GA,13127,Glynn County,2018,217125.71,12,Zillow ZHVI county,annual_mean_zhvi,complete_12_months
GA,13127,Glynn County,2019,230375.57,12,Zillow ZHVI county,annual_mean_zhvi,complete_12_months
GA,13127,Glynn County,2020,242778.46,12,Zillow ZHVI county,annual_mean_zhvi,complete_12_months
GA,13127,Glynn County,2021,276423.23,12,Zillow ZHVI county,annual_mean_zhvi,complete_12_months
GA,13127,Glynn County,2022,327726.53,12,Zillow ZHVI county,annual_mean_zhvi,complete_12_months
GA,13127,Glynn County,2023,347583.14,12,Zillow ZHVI county,annual_mean_zhvi,complete_12_months
GA,13127,Glynn County,2024,361416.76,12,Zillow ZHVI county,annual_mean_zhvi,complete_12_months
GA,13129,Gordon County,2015,113354.64,12,Zillow ZHVI county,annual_mean_zhvi,complete_12_months
GA,13129,Gordon County,2016,120980.95,12,Zillow ZHVI county,annual_mean_zhvi,complete_12_months
GA,13129,Gordon County,2017,130137.48,12,Zillow ZHVI county,annual_mean_zhvi,complete_12_months
GA,13129,Gordon County,2018,141786.04,12,Zillow ZHVI county,annual_mean_zhvi,complete_12_months
GA,13129,Gordon County,2019,153354.47,12,Zillow ZHVI county,annual_mean_zhvi,complete_12_months
GA,13129,Gordon County,2020,166497.22,12,Zillow ZHVI county,annual_mean_zhvi,complete_12_months
GA,13129,Gordon County,2021,198010.56,12,Zillow ZHVI county,annual_mean_zhvi,complete_12_months
GA,13129,Gordon County,2022,235500.02,12,Zillow ZHVI county,annual_mean_zhvi,complete_12_months
GA,13129,Gordon County,2023,247856.26,12,Zillow ZHVI county,annual_mean_zhvi,complete_12_months
GA,13129,Gordon County,2024,265964.99,12,Zillow ZHVI county,annual_mean_zhvi,complete_12_months
GA,13131,Grady County,2015,,0,Zillow ZHVI county,annual_mean_zhvi,source_data_unavailable
GA,13131,Grady County,2016,114760.2,11,Zillow ZHVI county,annual_mean_zhvi,partial_10_11_months
GA,13131,Grady County,2017,113148.83,12,Zillow ZHVI county,annual_mean_zhvi,complete_12_months
GA,13131,Grady County,2018,123107.35,12,Zillow ZHVI county,annual_mean_zhvi,complete_12_months
GA,13131,Grady County,2019,131403.34,12,Zillow ZHVI county,annual_mean_zhvi,complete_12_months
GA,13131,Grady County,2020,145169.92,12,Zillow ZHVI county,annual_mean_zhvi,complete_12_months
GA,13131,Grady County,2021,165005.3,12,Zillow ZHVI county,annual_mean_zhvi,complete_12_months
GA,13131,Grady County,2022,184509.98,12,Zillow ZHVI county,annual_mean_zhvi,complete_12_months
GA,13131,Grady County,2023,187969.65,12,Zillow ZHVI county,annual_mean_zhvi,complete_12_months
GA,13131,Grady County,2024,193034.35,12,Zillow ZHVI county,annual_mean_zhvi,complete_12_months
GA,13133,Greene County,2015,323439.81,12,Zillow ZHVI county,annual_mean_zhvi,complete_12_months
GA,13133,Greene County,2016,332860.12,12,Zillow ZHVI county,annual_mean_zhvi,complete_12_months
GA,13133,Greene County,2017,342598.12,12,Zillow ZHVI county,annual_mean_zhvi,complete_12_months
GA,13133,Greene County,2018,362649.71,12,Zillow ZHVI county,annual_mean_zhvi,complete_12_months
GA,13133,Greene County,2019,382129.77,12,Zillow ZHVI county,annual_mean_zhvi,complete_12_months
GA,13133,Greene County,2020,407194.49,12,Zillow ZHVI county,annual_mean_zhvi,complete_12_months
GA,13133,Greene County,2021,502670.7,12,Zillow ZHVI county,annual_mean_zhvi,complete_12_months
GA,13133,Greene County,2022,588054.54,12,Zillow ZHVI county,annual_mean_zhvi,complete_12_months
GA,13133,Greene County,2023,596532.46,12,Zillow ZHVI county,annual_mean_zhvi,complete_12_months
GA,13133,Greene County,2024,611950.09,12,Zillow ZHVI county,annual_mean_zhvi,complete_12_months
GA,13135,Gwinnett County,2015,192526.74,12,Zillow ZHVI county,annual_mean_zhvi,complete_12_months
GA,13135,Gwinnett County,2016,208962.38,12,Zillow ZHVI county,annual_mean_zhvi,complete_12_months
GA,13135,Gwinnett County,2017,224225.61,12,Zillow ZHVI county,annual_mean_zhvi,complete_12_months
GA,13135,Gwinnett County,2018,243222.38,12,Zillow ZHVI county,annual_mean_zhvi,complete_12_months
GA,13135,Gwinnett County,2019,258881.54,12,Zillow ZHVI county,annual_mean_zhvi,complete_12_months
GA,13135,Gwinnett County,2020,274836.77,12,Zillow ZHVI county,annual_mean_zhvi,complete_12_months
GA,13135,Gwinnett County,2021,327788.51,12,Zillow ZHVI county,annual_mean_zhvi,complete_12_months
GA,13135,Gwinnett County,2022,407325.46,12,Zillow ZHVI county,annual_mean_zhvi,complete_12_months
GA,13135,Gwinnett County,2023,414484.51,12,Zillow ZHVI county,annual_mean_zhvi,complete_12_months
GA,13135,Gwinnett County,2024,430829.86,12,Zillow ZHVI county,annual_mean_zhvi,complete_12_months
GA,13137,Habersham County,2015,132494.44,12,Zillow ZHVI county,annual_mean_zhvi,complete_12_months
GA,13137,Habersham County,2016,141664.52,12,Zillow ZHVI county,annual_mean_zhvi,complete_12_months
GA,13137,Habersham County,2017,146518.77,12,Zillow ZHVI county,annual_mean_zhvi,complete_12_months
GA,13137,Habersham County,2018,161126.94,12,Zillow ZHVI county,annual_mean_zhvi,complete_12_months
GA,13137,Habersham County,2019,173495.21,12,Zillow ZHVI county,annual_mean_zhvi,complete_12_months
GA,13137,Habersham County,2020,191055.98,12,Zillow ZHVI county,annual_mean_zhvi,complete_12_months
GA,13137,Habersham County,2021,230631.57,12,Zillow ZHVI county,annual_mean_zhvi,complete_12_months
GA,13137,Habersham County,2022,273188.88,12,Zillow ZHVI county,annual_mean_zhvi,complete_12_months
GA,13137,Habersham County,2023,286817.45,12,Zillow ZHVI county,annual_mean_zhvi,complete_12_months
GA,13137,Habersham County,2024,308033.68,12,Zillow ZHVI county,annual_mean_zhvi,complete_12_months
GA,13139,Hall County,2015,182528.87,12,Zillow ZHVI county,annual_mean_zhvi,complete_12_months
GA,13139,Hall County,2016,197599.71,12,Zillow ZHVI county,annual_mean_zhvi,complete_12_months
GA,13139,Hall County,2017,211442.85,12,Zillow ZHVI county,annual_mean_zhvi,complete_12_months
GA,13139,Hall County,2018,225092.33,12,Zillow ZHVI county,annual_mean_zhvi,complete_12_months
GA,13139,Hall County,2019,239175.58,12,Zillow ZHVI county,annual_mean_zhvi,complete_12_months
GA,13139,Hall County,2020,255217.12,12,Zillow ZHVI county,annual_mean_zhvi,complete_12_months
GA,13139,Hall County,2021,303389.51,12,Zillow ZHVI county,annual_mean_zhvi,complete_12_months
GA,13139,Hall County,2022,368609.28,12,Zillow ZHVI county,annual_mean_zhvi,complete_12_months
GA,13139,Hall County,2023,381862.72,12,Zillow ZHVI county,annual_mean_zhvi,complete_12_months
GA,13139,Hall County,2024,400216.13,12,Zillow ZHVI county,annual_mean_zhvi,complete_12_months
GA,13141,Hancock County,2015,105126.53,12,Zillow ZHVI county,annual_mean_zhvi,complete_12_months
GA,13141,Hancock County,2016,109386.89,12,Zillow ZHVI county,annual_mean_zhvi,complete_12_months
GA,13141,Hancock County,2017,109741.68,12,Zillow ZHVI county,annual_mean_zhvi,complete_12_months
GA,13141,Hancock County,2018,118878.15,12,Zillow ZHVI county,annual_mean_zhvi,complete_12_months
GA,13141,Hancock County,2019,127025.27,12,Zillow ZHVI county,annual_mean_zhvi,complete_12_months
GA,13141,Hancock County,2020,143782.83,12,Zillow ZHVI county,annual_mean_zhvi,complete_12_months
GA,13141,Hancock County,2021,175016.36,12,Zillow ZHVI county,annual_mean_zhvi,complete_12_months
GA,13141,Hancock County,2022,199049.24,12,Zillow ZHVI county,annual_mean_zhvi,complete_12_months
GA,13141,Hancock County,2023,206132.02,12,Zillow ZHVI county,annual_mean_zhvi,complete_12_months
GA,13141,Hancock County,2024,207855.19,12,Zillow ZHVI county,annual_mean_zhvi,complete_12_months
GA,13143,Haralson County,2015,109484.76,12,Zillow ZHVI county,annual_mean_zhvi,complete_12_months
GA,13143,Haralson County,2016,121522.31,12,Zillow ZHVI county,annual_mean_zhvi,complete_12_months
GA,13143,Haralson County,2017,132878.59,12,Zillow ZHVI county,annual_mean_zhvi,complete_12_months
GA,13143,Haralson County,2018,147930.45,12,Zillow ZHVI county,annual_mean_zhvi,complete_12_months
GA,13143,Haralson County,2019,159815.28,12,Zillow ZHVI county,annual_mean_zhvi,complete_12_months
GA,13143,Haralson County,2020,172452.78,12,Zillow ZHVI county,annual_mean_zhvi,complete_12_months
GA,13143,Haralson County,2021,205152.5,12,Zillow ZHVI county,annual_mean_zhvi,complete_12_months
GA,13143,Haralson County,2022,243595.37,12,Zillow ZHVI county,annual_mean_zhvi,complete_12_months
GA,13143,Haralson County,2023,251842.65,12,Zillow ZHVI county,annual_mean_zhvi,complete_12_months
GA,13143,Haralson County,2024,269622.96,12,Zillow ZHVI county,annual_mean_zhvi,complete_12_months
GA,13145,Harris County,2015,213523.85,12,Zillow ZHVI county,annual_mean_zhvi,complete_12_months
GA,13145,Harris County,2016,216143.05,12,Zillow ZHVI county,annual_mean_zhvi,complete_12_months
GA,13145,Harris County,2017,217671.24,12,Zillow ZHVI county,annual_mean_zhvi,complete_12_months
GA,13145,Harris County,2018,229118.13,12,Zillow ZHVI county,annual_mean_zhvi,complete_12_months
GA,13145,Harris County,2019,238435.57,12,Zillow ZHVI county,annual_mean_zhvi,complete_12_months
GA,13145,Harris County,2020,257339.91,12,Zillow ZHVI county,annual_mean_zhvi,complete_12_months
GA,13145,Harris County,2021,290992.59,12,Zillow ZHVI county,annual_mean_zhvi,complete_12_months
GA,13145,Harris County,2022,326366.14,12,Zillow ZHVI county,annual_mean_zhvi,complete_12_months
GA,13145,Harris County,2023,340124.5,12,Zillow ZHVI county,annual_mean_zhvi,complete_12_months
GA,13145,Harris County,2024,353215.51,12,Zillow ZHVI county,annual_mean_zhvi,complete_12_months
GA,13147,Hart County,2015,145049.44,12,Zillow ZHVI county,annual_mean_zhvi,complete_12_months
GA,13147,Hart County,2016,154522.44,12,Zillow ZHVI county,annual_mean_zhvi,complete_12_months
GA,13147,Hart County,2017,160332.23,12,Zillow ZHVI county,annual_mean_zhvi,complete_12_months
GA,13147,Hart County,2018,174177.32,12,Zillow ZHVI county,annual_mean_zhvi,complete_12_months
GA,13147,Hart County,2019,188848.24,12,Zillow ZHVI county,annual_mean_zhvi,complete_12_months
GA,13147,Hart County,2020,208495.04,12,Zillow ZHVI county,annual_mean_zhvi,complete_12_months
GA,13147,Hart County,2021,256896.96,12,Zillow ZHVI county,annual_mean_zhvi,complete_12_months
GA,13147,Hart County,2022,294719.07,12,Zillow ZHVI county,annual_mean_zhvi,complete_12_months
GA,13147,Hart County,2023,296437.97,12,Zillow ZHVI county,annual_mean_zhvi,complete_12_months
GA,13147,Hart County,2024,311376.69,12,Zillow ZHVI county,annual_mean_zhvi,complete_12_months
GA,13149,Heard County,2015,111789.19,12,Zillow ZHVI county,annual_mean_zhvi,complete_12_months
GA,13149,Heard County,2016,119538.38,12,Zillow ZHVI county,annual_mean_zhvi,complete_12_months
GA,13149,Heard County,2017,127942.49,12,Zillow ZHVI county,annual_mean_zhvi,complete_12_months
GA,13149,Heard County,2018,141210.72,12,Zillow ZHVI county,annual_mean_zhvi,complete_12_months
GA,13149,Heard County,2019,154662.78,12,Zillow ZHVI county,annual_mean_zhvi,complete_12_months
GA,13149,Heard County,2020,169142.69,12,Zillow ZHVI county,annual_mean_zhvi,complete_12_months
GA,13149,Heard County,2021,201130.75,12,Zillow ZHVI county,annual_mean_zhvi,complete_12_months
GA,13149,Heard County,2022,233430.49,12,Zillow ZHVI county,annual_mean_zhvi,complete_12_months
GA,13149,Heard County,2023,245357.2,12,Zillow ZHVI county,annual_mean_zhvi,complete_12_months
GA,13149,Heard County,2024,265777.6,12,Zillow ZHVI county,annual_mean_zhvi,complete_12_months
GA,13151,Henry County,2015,155512.39,12,Zillow ZHVI county,annual_mean_zhvi,complete_12_months
GA,13151,Henry County,2016,164954.24,12,Zillow ZHVI county,annual_mean_zhvi,complete_12_months
GA,13151,Henry County,2017,175489.48,12,Zillow ZHVI county,annual_mean_zhvi,complete_12_months
GA,13151,Henry County,2018,190301.1,12,Zillow ZHVI county,annual_mean_zhvi,complete_12_months
GA,13151,Henry County,2019,204817.19,12,Zillow ZHVI county,annual_mean_zhvi,complete_12_months
GA,13151,Henry County,2020,220977.3,12,Zillow ZHVI county,annual_mean_zhvi,complete_12_months
GA,13151,Henry County,2021,265918.36,12,Zillow ZHVI county,annual_mean_zhvi,complete_12_months
GA,13151,Henry County,2022,332629.44,12,Zillow ZHVI county,annual_mean_zhvi,complete_12_months
GA,13151,Henry County,2023,342118.66,12,Zillow ZHVI county,annual_mean_zhvi,complete_12_months
GA,13151,Henry County,2024,343898.68,12,Zillow ZHVI county,annual_mean_zhvi,complete_12_months
GA,13153,Houston County,2015,134451.19,12,Zillow ZHVI county,annual_mean_zhvi,complete_12_months
GA,13153,Houston County,2016,137667.5,12,Zillow ZHVI county,annual_mean_zhvi,complete_12_months
GA,13153,Houston County,2017,141392.85,12,Zillow ZHVI county,annual_mean_zhvi,complete_12_months
GA,13153,Houston County,2018,149223.24,12,Zillow ZHVI county,annual_mean_zhvi,complete_12_months
GA,13153,Houston County,2019,157756.77,12,Zillow ZHVI county,annual_mean_zhvi,complete_12_months
GA,13153,Houston County,2020,166493.07,12,Zillow ZHVI county,annual_mean_zhvi,complete_12_months
GA,13153,Houston County,2021,184536.84,12,Zillow ZHVI county,annual_mean_zhvi,complete_12_months
GA,13153,Houston County,2022,214919.32,12,Zillow ZHVI county,annual_mean_zhvi,complete_12_months
GA,13153,Houston County,2023,232858.0,12,Zillow ZHVI county,annual_mean_zhvi,complete_12_months
GA,13153,Houston County,2024,243657.32,12,Zillow ZHVI county,annual_mean_zhvi,complete_12_months
GA,13155,Irwin County,2015,85079.73,12,Zillow ZHVI county,annual_mean_zhvi,complete_12_months
GA,13155,Irwin County,2016,91038.24,12,Zillow ZHVI county,annual_mean_zhvi,complete_12_months
GA,13155,Irwin County,2017,94789.97,12,Zillow ZHVI county,annual_mean_zhvi,complete_12_months
GA,13155,Irwin County,2018,98622.75,12,Zillow ZHVI county,annual_mean_zhvi,complete_12_months
GA,13155,Irwin County,2019,103692.55,12,Zillow ZHVI county,annual_mean_zhvi,complete_12_months
GA,13155,Irwin County,2020,110347.88,12,Zillow ZHVI county,annual_mean_zhvi,complete_12_months
GA,13155,Irwin County,2021,130112.55,12,Zillow ZHVI county,annual_mean_zhvi,complete_12_months
GA,13155,Irwin County,2022,147706.77,12,Zillow ZHVI county,annual_mean_zhvi,complete_12_months
GA,13155,Irwin County,2023,151575.63,12,Zillow ZHVI county,annual_mean_zhvi,complete_12_months
GA,13155,Irwin County,2024,160660.19,12,Zillow ZHVI county,annual_mean_zhvi,complete_12_months
GA,13157,Jackson County,2015,179423.31,12,Zillow ZHVI county,annual_mean_zhvi,complete_12_months
GA,13157,Jackson County,2016,192460.91,12,Zillow ZHVI county,annual_mean_zhvi,complete_12_months
GA,13157,Jackson County,2017,207808.67,12,Zillow ZHVI county,annual_mean_zhvi,complete_12_months
GA,13157,Jackson County,2018,226665.02,12,Zillow ZHVI county,annual_mean_zhvi,complete_12_months
GA,13157,Jackson County,2019,243966.4,12,Zillow ZHVI county,annual_mean_zhvi,complete_12_months
GA,13157,Jackson County,2020,261644.05,12,Zillow ZHVI county,annual_mean_zhvi,complete_12_months
GA,13157,Jackson County,2021,312165.97,12,Zillow ZHVI county,annual_mean_zhvi,complete_12_months
GA,13157,Jackson County,2022,380127.71,12,Zillow ZHVI county,annual_mean_zhvi,complete_12_months
GA,13157,Jackson County,2023,386664.25,12,Zillow ZHVI county,annual_mean_zhvi,complete_12_months
GA,13157,Jackson County,2024,403377.11,12,Zillow ZHVI county,annual_mean_zhvi,complete_12_months
GA,13159,Jasper County,2015,119313.01,12,Zillow ZHVI county,annual_mean_zhvi,complete_12_months
GA,13159,Jasper County,2016,131352.38,12,Zillow ZHVI county,annual_mean_zhvi,complete_12_months
GA,13159,Jasper County,2017,145221.97,12,Zillow ZHVI county,annual_mean_zhvi,complete_12_months
GA,13159,Jasper County,2018,161165.35,12,Zillow ZHVI county,annual_mean_zhvi,complete_12_months
GA,13159,Jasper County,2019,175736.48,12,Zillow ZHVI county,annual_mean_zhvi,complete_12_months
GA,13159,Jasper County,2020,196248.28,12,Zillow ZHVI county,annual_mean_zhvi,complete_12_months
GA,13159,Jasper County,2021,238312.41,12,Zillow ZHVI county,annual_mean_zhvi,complete_12_months
GA,13159,Jasper County,2022,282449.46,12,Zillow ZHVI county,annual_mean_zhvi,complete_12_months
GA,13159,Jasper County,2023,294246.28,12,Zillow ZHVI county,annual_mean_zhvi,complete_12_months
GA,13159,Jasper County,2024,309982.68,12,Zillow ZHVI county,annual_mean_zhvi,complete_12_months
GA,13161,Jeff Davis County,2015,78762.38,12,Zillow ZHVI county,annual_mean_zhvi,complete_12_months
GA,13161,Jeff Davis County,2016,82244.08,12,Zillow ZHVI county,annual_mean_zhvi,complete_12_months
GA,13161,Jeff Davis County,2017,84543.55,12,Zillow ZHVI county,annual_mean_zhvi,complete_12_months
GA,13161,Jeff Davis County,2018,89233.47,12,Zillow ZHVI county,annual_mean_zhvi,complete_12_months
GA,13161,Jeff Davis County,2019,95658.26,12,Zillow ZHVI county,annual_mean_zhvi,complete_12_months
GA,13161,Jeff Davis County,2020,102485.79,12,Zillow ZHVI county,annual_mean_zhvi,complete_12_months
GA,13161,Jeff Davis County,2021,117530.68,12,Zillow ZHVI county,annual_mean_zhvi,complete_12_months
GA,13161,Jeff Davis County,2022,134560.92,12,Zillow ZHVI county,annual_mean_zhvi,complete_12_months
GA,13161,Jeff Davis County,2023,138776.94,12,Zillow ZHVI county,annual_mean_zhvi,complete_12_months
GA,13161,Jeff Davis County,2024,146955.9,12,Zillow ZHVI county,annual_mean_zhvi,complete_12_months
GA,13163,Jefferson County,2015,76127.25,12,Zillow ZHVI county,annual_mean_zhvi,complete_12_months
GA,13163,Jefferson County,2016,75114.56,12,Zillow ZHVI county,annual_mean_zhvi,complete_12_months
GA,13163,Jefferson County,2017,80885.1,12,Zillow ZHVI county,annual_mean_zhvi,complete_12_months
GA,13163,Jefferson County,2018,87130.02,12,Zillow ZHVI county,annual_mean_zhvi,complete_12_months
GA,13163,Jefferson County,2019,93596.93,12,Zillow ZHVI county,annual_mean_zhvi,complete_12_months
GA,13163,Jefferson County,2020,102364.96,12,Zillow ZHVI county,annual_mean_zhvi,complete_12_months
GA,13163,Jefferson County,2021,119370.48,12,Zillow ZHVI county,annual_mean_zhvi,complete_12_months
GA,13163,Jefferson County,2022,127969.83,12,Zillow ZHVI county,annual_mean_zhvi,complete_12_months
GA,13163,Jefferson County,2023,119412.65,12,Zillow ZHVI county,annual_mean_zhvi,complete_12_months
GA,13163,Jefferson County,2024,125121.39,12,Zillow ZHVI county,annual_mean_zhvi,complete_12_months
GA,13165,Jenkins County,2015,61010.75,12,Zillow ZHVI county,annual_mean_zhvi,complete_12_months
GA,13165,Jenkins County,2016,62882.62,12,Zillow ZHVI county,annual_mean_zhvi,complete_12_months
GA,13165,Jenkins County,2017,64130.65,12,Zillow ZHVI county,annual_mean_zhvi,complete_12_months
GA,13165,Jenkins County,2018,69283.55,12,Zillow ZHVI county,annual_mean_zhvi,complete_12_months
GA,13165,Jenkins County,2019,75556.54,12,Zillow ZHVI county,annual_mean_zhvi,complete_12_months
GA,13165,Jenkins County,2020,87550.29,12,Zillow ZHVI county,annual_mean_zhvi,complete_12_months
GA,13165,Jenkins County,2021,108170.29,12,Zillow ZHVI county,annual_mean_zhvi,complete_12_months
GA,13165,Jenkins County,2022,129741.35,12,Zillow ZHVI county,annual_mean_zhvi,complete_12_months
GA,13165,Jenkins County,2023,136209.18,12,Zillow ZHVI county,annual_mean_zhvi,complete_12_months
GA,13165,Jenkins County,2024,153999.83,12,Zillow ZHVI county,annual_mean_zhvi,complete_12_months
GA,13167,Johnson County,2015,75763.71,12,Zillow ZHVI county,annual_mean_zhvi,complete_12_months
GA,13167,Johnson County,2016,79929.81,12,Zillow ZHVI county,annual_mean_zhvi,complete_12_months
GA,13167,Johnson County,2017,82374.6,12,Zillow ZHVI county,annual_mean_zhvi,complete_12_months
GA,13167,Johnson County,2018,87349.96,12,Zillow ZHVI county,annual_mean_zhvi,complete_12_months
GA,13167,Johnson County,2019,92650.7,12,Zillow ZHVI county,annual_mean_zhvi,complete_12_months
GA,13167,Johnson County,2020,101701.12,12,Zillow ZHVI county,annual_mean_zhvi,complete_12_months
GA,13167,Johnson County,2021,112555.48,12,Zillow ZHVI county,annual_mean_zhvi,complete_12_months
GA,13167,Johnson County,2022,121247.29,12,Zillow ZHVI county,annual_mean_zhvi,complete_12_months
GA,13167,Johnson County,2023,126043.8,12,Zillow ZHVI county,annual_mean_zhvi,complete_12_months
GA,13167,Johnson County,2024,135174.87,12,Zillow ZHVI county,annual_mean_zhvi,complete_12_months
GA,13169,Jones County,2015,135177.95,12,Zillow ZHVI county,annual_mean_zhvi,complete_12_months
GA,13169,Jones County,2016,140833.71,12,Zillow ZHVI county,annual_mean_zhvi,complete_12_months
GA,13169,Jones County,2017,140796.57,12,Zillow ZHVI county,annual_mean_zhvi,complete_12_months
GA,13169,Jones County,2018,150877.64,12,Zillow ZHVI county,annual_mean_zhvi,complete_12_months
GA,13169,Jones County,2019,162153.7,12,Zillow ZHVI county,annual_mean_zhvi,complete_12_months
GA,13169,Jones County,2020,172996.26,12,Zillow ZHVI county,annual_mean_zhvi,complete_12_months
GA,13169,Jones County,2021,193316.87,12,Zillow ZHVI county,annual_mean_zhvi,complete_12_months
GA,13169,Jones County,2022,221284.18,12,Zillow ZHVI county,annual_mean_zhvi,complete_12_months
GA,13169,Jones County,2023,231129.18,12,Zillow ZHVI county,annual_mean_zhvi,complete_12_months
GA,13169,Jones County,2024,241428.83,12,Zillow ZHVI county,annual_mean_zhvi,complete_12_months
GA,13171,Lamar County,2015,113236.13,12,Zillow ZHVI county,annual_mean_zhvi,complete_12_months
GA,13171,Lamar County,2016,122343.11,12,Zillow ZHVI county,annual_mean_zhvi,complete_12_months
GA,13171,Lamar County,2017,132312.67,12,Zillow ZHVI county,annual_mean_zhvi,complete_12_months
GA,13171,Lamar County,2018,145693.33,12,Zillow ZHVI county,annual_mean_zhvi,complete_12_months
GA,13171,Lamar County,2019,156420.03,12,Zillow ZHVI county,annual_mean_zhvi,complete_12_months
GA,13171,Lamar County,2020,170135.44,12,Zillow ZHVI county,annual_mean_zhvi,complete_12_months
GA,13171,Lamar County,2021,204753.06,12,Zillow ZHVI county,annual_mean_zhvi,complete_12_months
GA,13171,Lamar County,2022,246211.6,12,Zillow ZHVI county,annual_mean_zhvi,complete_12_months
GA,13171,Lamar County,2023,259398.53,12,Zillow ZHVI county,annual_mean_zhvi,complete_12_months
GA,13171,Lamar County,2024,277217.21,12,Zillow ZHVI county,annual_mean_zhvi,complete_12_months
GA,13173,Lanier County,2015,108574.65,12,Zillow ZHVI county,annual_mean_zhvi,complete_12_months
GA,13173,Lanier County,2016,112608.5,12,Zillow ZHVI county,annual_mean_zhvi,complete_12_months
GA,13173,Lanier County,2017,113984.23,12,Zillow ZHVI county,annual_mean_zhvi,complete_12_months
GA,13173,Lanier County,2018,117302.99,12,Zillow ZHVI county,annual_mean_zhvi,complete_12_months
GA,13173,Lanier County,2019,124409.04,12,Zillow ZHVI county,annual_mean_zhvi,complete_12_months
GA,13173,Lanier County,2020,134552.41,12,Zillow ZHVI county,annual_mean_zhvi,complete_12_months
GA,13173,Lanier County,2021,153656.45,12,Zillow ZHVI county,annual_mean_zhvi,complete_12_months
GA,13173,Lanier County,2022,183295.21,12,Zillow ZHVI county,annual_mean_zhvi,complete_12_months
GA,13173,Lanier County,2023,193293.51,12,Zillow ZHVI county,annual_mean_zhvi,complete_12_months
GA,13173,Lanier County,2024,203896.76,12,Zillow ZHVI county,annual_mean_zhvi,complete_12_months
GA,13175,Laurens County,2015,104377.86,12,Zillow ZHVI county,annual_mean_zhvi,complete_12_months
GA,13175,Laurens County,2016,109593.59,12,Zillow ZHVI county,annual_mean_zhvi,complete_12_months
GA,13175,Laurens County,2017,114282.95,12,Zillow ZHVI county,annual_mean_zhvi,complete_12_months
GA,13175,Laurens County,2018,122305.79,12,Zillow ZHVI county,annual_mean_zhvi,complete_12_months
GA,13175,Laurens County,2019,130734.52,12,Zillow ZHVI county,annual_mean_zhvi,complete_12_months
GA,13175,Laurens County,2020,140633.17,12,Zillow ZHVI county,annual_mean_zhvi,complete_12_months
GA,13175,Laurens County,2021,158721.68,12,Zillow ZHVI county,annual_mean_zhvi,complete_12_months
GA,13175,Laurens County,2022,175901.52,12,Zillow ZHVI county,annual_mean_zhvi,complete_12_months
GA,13175,Laurens County,2023,180564.72,12,Zillow ZHVI county,annual_mean_zhvi,complete_12_months
GA,13175,Laurens County,2024,185772.75,12,Zillow ZHVI county,annual_mean_zhvi,complete_12_months
GA,13177,Lee County,2015,154577.9,12,Zillow ZHVI county,annual_mean_zhvi,complete_12_months
GA,13177,Lee County,2016,154256.63,12,Zillow ZHVI county,annual_mean_zhvi,complete_12_months
GA,13177,Lee County,2017,153127.08,12,Zillow ZHVI county,annual_mean_zhvi,complete_12_months
GA,13177,Lee County,2018,159656.36,12,Zillow ZHVI county,annual_mean_zhvi,complete_12_months
GA,13177,Lee County,2019,166887.44,12,Zillow ZHVI county,annual_mean_zhvi,complete_12_months
GA,13177,Lee County,2020,175902.88,12,Zillow ZHVI county,annual_mean_zhvi,complete_12_months
GA,13177,Lee County,2021,199526.67,12,Zillow ZHVI county,annual_mean_zhvi,complete_12_months
GA,13177,Lee County,2022,233255.1,12,Zillow ZHVI county,annual_mean_zhvi,complete_12_months
GA,13177,Lee County,2023,248764.82,12,Zillow ZHVI county,annual_mean_zhvi,complete_12_months
GA,13177,Lee County,2024,260375.5,12,Zillow ZHVI county,annual_mean_zhvi,complete_12_months
GA,13179,Liberty County,2015,132197.05,12,Zillow ZHVI county,annual_mean_zhvi,complete_12_months
GA,13179,Liberty County,2016,130810.99,12,Zillow ZHVI county,annual_mean_zhvi,complete_12_months
GA,13179,Liberty County,2017,129504.35,12,Zillow ZHVI county,annual_mean_zhvi,complete_12_months
GA,13179,Liberty County,2018,135138.59,12,Zillow ZHVI county,annual_mean_zhvi,complete_12_months
GA,13179,Liberty County,2019,142885.13,12,Zillow ZHVI county,annual_mean_zhvi,complete_12_months
GA,13179,Liberty County,2020,151564.09,12,Zillow ZHVI county,annual_mean_zhvi,complete_12_months
GA,13179,Liberty County,2021,169640.54,12,Zillow ZHVI county,annual_mean_zhvi,complete_12_months
GA,13179,Liberty County,2022,205659.37,12,Zillow ZHVI county,annual_mean_zhvi,complete_12_months
GA,13179,Liberty County,2023,226601.22,12,Zillow ZHVI county,annual_mean_zhvi,complete_12_months
GA,13179,Liberty County,2024,241826.29,12,Zillow ZHVI county,annual_mean_zhvi,complete_12_months
GA,13181,Lincoln County,2015,118342.24,12,Zillow ZHVI county,annual_mean_zhvi,complete_12_months
GA,13181,Lincoln County,2016,124487.46,12,Zillow ZHVI county,annual_mean_zhvi,complete_12_months
GA,13181,Lincoln County,2017,125447.46,12,Zillow ZHVI county,annual_mean_zhvi,complete_12_months
GA,13181,Lincoln County,2018,138496.67,12,Zillow ZHVI county,annual_mean_zhvi,complete_12_months
GA,13181,Lincoln County,2019,152000.07,12,Zillow ZHVI county,annual_mean_zhvi,complete_12_months
GA,13181,Lincoln County,2020,165389.36,12,Zillow ZHVI county,annual_mean_zhvi,complete_12_months
GA,13181,Lincoln County,2021,201834.39,12,Zillow ZHVI county,annual_mean_zhvi,complete_12_months
GA,13181,Lincoln County,2022,230279.55,12,Zillow ZHVI county,annual_mean_zhvi,complete_12_months
GA,13181,Lincoln County,2023,226067.81,12,Zillow ZHVI county,annual_mean_zhvi,complete_12_months
GA,13181,Lincoln County,2024,238451.63,12,Zillow ZHVI county,annual_mean_zhvi,complete_12_months
GA,13183,Long County,2015,151019.17,12,Zillow ZHVI county,annual_mean_zhvi,complete_12_months
GA,13183,Long County,2016,153954.71,12,Zillow ZHVI county,annual_mean_zhvi,complete_12_months
GA,13183,Long County,2017,152052.93,12,Zillow ZHVI county,annual_mean_zhvi,complete_12_months
GA,13183,Long County,2018,161282.09,12,Zillow ZHVI county,annual_mean_zhvi,complete_12_months
GA,13183,Long County,2019,171165.1,12,Zillow ZHVI county,annual_mean_zhvi,complete_12_months
GA,13183,Long County,2020,182249.42,12,Zillow ZHVI county,annual_mean_zhvi,complete_12_months
GA,13183,Long County,2021,203361.8,12,Zillow ZHVI county,annual_mean_zhvi,complete_12_months
GA,13183,Long County,2022,239002.7,12,Zillow ZHVI county,annual_mean_zhvi,complete_12_months
GA,13183,Long County,2023,259157.48,12,Zillow ZHVI county,annual_mean_zhvi,complete_12_months
GA,13183,Long County,2024,272235.41,12,Zillow ZHVI county,annual_mean_zhvi,complete_12_months
GA,13185,Lowndes County,2015,129651.24,12,Zillow ZHVI county,annual_mean_zhvi,complete_12_months
GA,13185,Lowndes County,2016,129746.54,12,Zillow ZHVI county,annual_mean_zhvi,complete_12_months
GA,13185,Lowndes County,2017,128058.34,12,Zillow ZHVI county,annual_mean_zhvi,complete_12_months
GA,13185,Lowndes County,2018,133460.51,12,Zillow ZHVI county,annual_mean_zhvi,complete_12_months
GA,13185,Lowndes County,2019,140558.21,12,Zillow ZHVI county,annual_mean_zhvi,complete_12_months
GA,13185,Lowndes County,2020,148859.3,12,Zillow ZHVI county,annual_mean_zhvi,complete_12_months
GA,13185,Lowndes County,2021,169360.62,12,Zillow ZHVI county,annual_mean_zhvi,complete_12_months
GA,13185,Lowndes County,2022,195734.46,12,Zillow ZHVI county,annual_mean_zhvi,complete_12_months
GA,13185,Lowndes County,2023,208703.08,12,Zillow ZHVI county,annual_mean_zhvi,complete_12_months
GA,13185,Lowndes County,2024,219283.61,12,Zillow ZHVI county,annual_mean_zhvi,complete_12_months
GA,13187,Lumpkin County,2015,178842.95,12,Zillow ZHVI county,annual_mean_zhvi,complete_12_months
GA,13187,Lumpkin County,2016,187977.26,12,Zillow ZHVI county,annual_mean_zhvi,complete_12_months
GA,13187,Lumpkin County,2017,198350.08,12,Zillow ZHVI county,annual_mean_zhvi,complete_12_months
GA,13187,Lumpkin County,2018,213451.12,12,Zillow ZHVI county,annual_mean_zhvi,complete_12_months
GA,13187,Lumpkin County,2019,230975.19,12,Zillow ZHVI county,annual_mean_zhvi,complete_12_months
GA,13187,Lumpkin County,2020,251900.29,12,Zillow ZHVI county,annual_mean_zhvi,complete_12_months
GA,13187,Lumpkin County,2021,300877.6,12,Zillow ZHVI county,annual_mean_zhvi,complete_12_months
GA,13187,Lumpkin County,2022,351218.06,12,Zillow ZHVI county,annual_mean_zhvi,complete_12_months
GA,13187,Lumpkin County,2023,357495.62,12,Zillow ZHVI county,annual_mean_zhvi,complete_12_months
GA,13187,Lumpkin County,2024,386628.0,12,Zillow ZHVI county,annual_mean_zhvi,complete_12_months
GA,13189,McDuffie County,2015,102181.05,12,Zillow ZHVI county,annual_mean_zhvi,complete_12_months
GA,13189,McDuffie County,2016,106295.06,12,Zillow ZHVI county,annual_mean_zhvi,complete_12_months
GA,13189,McDuffie County,2017,106834.4,12,Zillow ZHVI county,annual_mean_zhvi,complete_12_months
GA,13189,McDuffie County,2018,112566.2,12,Zillow ZHVI county,annual_mean_zhvi,complete_12_months
GA,13189,McDuffie County,2019,123510.11,12,Zillow ZHVI county,annual_mean_zhvi,complete_12_months
GA,13189,McDuffie County,2020,133921.26,12,Zillow ZHVI county,annual_mean_zhvi,complete_12_months
GA,13189,McDuffie County,2021,153152.93,12,Zillow ZHVI county,annual_mean_zhvi,complete_12_months
GA,13189,McDuffie County,2022,176489.1,12,Zillow ZHVI county,annual_mean_zhvi,complete_12_months
GA,13189,McDuffie County,2023,184713.57,12,Zillow ZHVI county,annual_mean_zhvi,complete_12_months
GA,13189,McDuffie County,2024,196988.78,12,Zillow ZHVI county,annual_mean_zhvi,complete_12_months
GA,13191,McIntosh County,2015,134568.66,12,Zillow ZHVI county,annual_mean_zhvi,complete_12_months
GA,13191,McIntosh County,2016,138585.32,12,Zillow ZHVI county,annual_mean_zhvi,complete_12_months
GA,13191,McIntosh County,2017,141471.27,12,Zillow ZHVI county,annual_mean_zhvi,complete_12_months
GA,13191,McIntosh County,2018,154713.39,12,Zillow ZHVI county,annual_mean_zhvi,complete_12_months
GA,13191,McIntosh County,2019,166351.79,12,Zillow ZHVI county,annual_mean_zhvi,complete_12_months
GA,13191,McIntosh County,2020,176940.36,12,Zillow ZHVI county,annual_mean_zhvi,complete_12_months
GA,13191,McIntosh County,2021,203523.0,12,Zillow ZHVI county,annual_mean_zhvi,complete_12_months
GA,13191,McIntosh County,2022,234966.77,12,Zillow ZHVI county,annual_mean_zhvi,complete_12_months
GA,13191,McIntosh County,2023,255888.42,12,Zillow ZHVI county,annual_mean_zhvi,complete_12_months
GA,13191,McIntosh County,2024,274313.19,12,Zillow ZHVI county,annual_mean_zhvi,complete_12_months
GA,13193,Macon County,2015,55227.75,12,Zillow ZHVI county,annual_mean_zhvi,complete_12_months
GA,13193,Macon County,2016,57945.66,12,Zillow ZHVI county,annual_mean_zhvi,complete_12_months
GA,13193,Macon County,2017,59925.0,12,Zillow ZHVI county,annual_mean_zhvi,complete_12_months
GA,13193,Macon County,2018,62089.49,12,Zillow ZHVI county,annual_mean_zhvi,complete_12_months
GA,13193,Macon County,2019,64600.36,12,Zillow ZHVI county,annual_mean_zhvi,complete_12_months
GA,13193,Macon County,2020,72274.07,12,Zillow ZHVI county,annual_mean_zhvi,complete_12_months
GA,13193,Macon County,2021,87341.22,12,Zillow ZHVI county,annual_mean_zhvi,complete_12_months
GA,13193,Macon County,2022,93986.81,12,Zillow ZHVI county,annual_mean_zhvi,complete_12_months
GA,13193,Macon County,2023,92629.31,12,Zillow ZHVI county,annual_mean_zhvi,complete_12_months
GA,13193,Macon County,2024,108543.1,12,Zillow ZHVI county,annual_mean_zhvi,complete_12_months
GA,13195,Madison County,2015,134057.79,12,Zillow ZHVI county,annual_mean_zhvi,complete_12_months
GA,13195,Madison County,2016,142266.32,12,Zillow ZHVI county,annual_mean_zhvi,complete_12_months
GA,13195,Madison County,2017,151775.53,12,Zillow ZHVI county,annual_mean_zhvi,complete_12_months
GA,13195,Madison County,2018,167503.32,12,Zillow ZHVI county,annual_mean_zhvi,complete_12_months
GA,13195,Madison County,2019,182737.99,12,Zillow ZHVI county,annual_mean_zhvi,complete_12_months
GA,13195,Madison County,2020,201077.22,12,Zillow ZHVI county,annual_mean_zhvi,complete_12_months
GA,13195,Madison County,2021,243853.03,12,Zillow ZHVI county,annual_mean_zhvi,complete_12_months
GA,13195,Madison County,2022,282024.38,12,Zillow ZHVI county,annual_mean_zhvi,complete_12_months
GA,13195,Madison County,2023,286315.05,12,Zillow ZHVI county,annual_mean_zhvi,complete_12_months
GA,13195,Madison County,2024,305732.02,12,Zillow ZHVI county,annual_mean_zhvi,complete_12_months
GA,13197,Marion County,2015,114339.66,12,Zillow ZHVI county,annual_mean_zhvi,complete_12_months
GA,13197,Marion County,2016,121766.12,12,Zillow ZHVI county,annual_mean_zhvi,complete_12_months
GA,13197,Marion County,2017,122434.36,12,Zillow ZHVI county,annual_mean_zhvi,complete_12_months
GA,13197,Marion County,2018,126389.19,12,Zillow ZHVI county,annual_mean_zhvi,complete_12_months
GA,13197,Marion County,2019,133718.49,12,Zillow ZHVI county,annual_mean_zhvi,complete_12_months
GA,13197,Marion County,2020,141561.8,12,Zillow ZHVI county,annual_mean_zhvi,complete_12_months
GA,13197,Marion County,2021,159640.03,12,Zillow ZHVI county,annual_mean_zhvi,complete_12_months
GA,13197,Marion County,2022,171804.27,12,Zillow ZHVI county,annual_mean_zhvi,complete_12_months
GA,13197,Marion County,2023,165002.53,12,Zillow ZHVI county,annual_mean_zhvi,complete_12_months
GA,13197,Marion County,2024,182391.52,12,Zillow ZHVI county,annual_mean_zhvi,complete_12_months
GA,13199,Meriwether County,2015,105457.22,12,Zillow ZHVI county,annual_mean_zhvi,complete_12_months
GA,13199,Meriwether County,2016,109893.24,12,Zillow ZHVI county,annual_mean_zhvi,complete_12_months
GA,13199,Meriwether County,2017,114860.77,12,Zillow ZHVI county,annual_mean_zhvi,complete_12_months
GA,13199,Meriwether County,2018,123681.97,12,Zillow ZHVI county,annual_mean_zhvi,complete_12_months
GA,13199,Meriwether County,2019,129689.41,12,Zillow ZHVI county,annual_mean_zhvi,complete_12_months
GA,13199,Meriwether County,2020,139711.09,12,Zillow ZHVI county,annual_mean_zhvi,complete_12_months
GA,13199,Meriwether County,2021,168633.18,12,Zillow ZHVI county,annual_mean_zhvi,complete_12_months
GA,13199,Meriwether County,2022,199301.94,12,Zillow ZHVI county,annual_mean_zhvi,complete_12_months
GA,13199,Meriwether County,2023,207584.96,12,Zillow ZHVI county,annual_mean_zhvi,complete_12_months
GA,13199,Meriwether County,2024,223496.36,12,Zillow ZHVI county,annual_mean_zhvi,complete_12_months
GA,13201,Miller County,2015,72761.08,12,Zillow ZHVI county,annual_mean_zhvi,complete_12_months
GA,13201,Miller County,2016,75763.87,12,Zillow ZHVI county,annual_mean_zhvi,complete_12_months
GA,13201,Miller County,2017,77981.86,12,Zillow ZHVI county,annual_mean_zhvi,complete_12_months
GA,13201,Miller County,2018,83842.84,12,Zillow ZHVI county,annual_mean_zhvi,complete_12_months
GA,13201,Miller County,2019,87175.97,12,Zillow ZHVI county,annual_mean_zhvi,complete_12_months
GA,13201,Miller County,2020,91767.18,12,Zillow ZHVI county,annual_mean_zhvi,complete_12_months
GA,13201,Miller County,2021,112057.37,12,Zillow ZHVI county,annual_mean_zhvi,complete_12_months
GA,13201,Miller County,2022,128549.17,12,Zillow ZHVI county,annual_mean_zhvi,complete_12_months
GA,13201,Miller County,2023,132080.25,12,Zillow ZHVI county,annual_mean_zhvi,complete_12_months
GA,13201,Miller County,2024,145363.49,12,Zillow ZHVI county,annual_mean_zhvi,complete_12_months
GA,13205,Mitchell County,2015,88118.53,12,Zillow ZHVI county,annual_mean_zhvi,complete_12_months
GA,13205,Mitchell County,2016,91018.71,12,Zillow ZHVI county,annual_mean_zhvi,complete_12_months
GA,13205,Mitchell County,2017,89900.01,12,Zillow ZHVI county,annual_mean_zhvi,complete_12_months
GA,13205,Mitchell County,2018,93888.74,12,Zillow ZHVI county,annual_mean_zhvi,complete_12_months
GA,13205,Mitchell County,2019,96424.83,12,Zillow ZHVI county,annual_mean_zhvi,complete_12_months
GA,13205,Mitchell County,2020,100946.17,12,Zillow ZHVI county,annual_mean_zhvi,complete_12_months
GA,13205,Mitchell County,2021,117086.99,12,Zillow ZHVI county,annual_mean_zhvi,complete_12_months
GA,13205,Mitchell County,2022,130493.24,12,Zillow ZHVI county,annual_mean_zhvi,complete_12_months
GA,13205,Mitchell County,2023,136480.66,12,Zillow ZHVI county,annual_mean_zhvi,complete_12_months
GA,13205,Mitchell County,2024,152729.17,12,Zillow ZHVI county,annual_mean_zhvi,complete_12_months
GA,13207,Monroe County,2015,187452.14,12,Zillow ZHVI county,annual_mean_zhvi,complete_12_months
GA,13207,Monroe County,2016,192954.16,12,Zillow ZHVI county,annual_mean_zhvi,complete_12_months
GA,13207,Monroe County,2017,197404.06,12,Zillow ZHVI county,annual_mean_zhvi,complete_12_months
GA,13207,Monroe County,2018,204964.53,12,Zillow ZHVI county,annual_mean_zhvi,complete_12_months
GA,13207,Monroe County,2019,219884.18,12,Zillow ZHVI county,annual_mean_zhvi,complete_12_months
GA,13207,Monroe County,2020,237276.71,12,Zillow ZHVI county,annual_mean_zhvi,complete_12_months
GA,13207,Monroe County,2021,269194.74,12,Zillow ZHVI county,annual_mean_zhvi,complete_12_months
GA,13207,Monroe County,2022,302224.17,12,Zillow ZHVI county,annual_mean_zhvi,complete_12_months
GA,13207,Monroe County,2023,309251.64,12,Zillow ZHVI county,annual_mean_zhvi,complete_12_months
GA,13207,Monroe County,2024,320916.9,12,Zillow ZHVI county,annual_mean_zhvi,complete_12_months
GA,13209,Montgomery County,2015,100412.74,12,Zillow ZHVI county,annual_mean_zhvi,complete_12_months
GA,13209,Montgomery County,2016,105881.25,12,Zillow ZHVI county,annual_mean_zhvi,complete_12_months
GA,13209,Montgomery County,2017,110498.13,12,Zillow ZHVI county,annual_mean_zhvi,complete_12_months
GA,13209,Montgomery County,2018,114537.57,12,Zillow ZHVI county,annual_mean_zhvi,complete_12_months
GA,13209,Montgomery County,2019,122395.49,12,Zillow ZHVI county,annual_mean_zhvi,complete_12_months
GA,13209,Montgomery County,2020,130135.74,12,Zillow ZHVI county,annual_mean_zhvi,complete_12_months
GA,13209,Montgomery County,2021,151258.99,12,Zillow ZHVI county,annual_mean_zhvi,complete_12_months
GA,13209,Montgomery County,2022,169307.78,12,Zillow ZHVI county,annual_mean_zhvi,complete_12_months
GA,13209,Montgomery County,2023,170516.71,12,Zillow ZHVI county,annual_mean_zhvi,complete_12_months
GA,13209,Montgomery County,2024,176983.39,12,Zillow ZHVI county,annual_mean_zhvi,complete_12_months
GA,13211,Morgan County,2015,207735.52,12,Zillow ZHVI county,annual_mean_zhvi,complete_12_months
GA,13211,Morgan County,2016,225068.99,12,Zillow ZHVI county,annual_mean_zhvi,complete_12_months
GA,13211,Morgan County,2017,238881.1,12,Zillow ZHVI county,annual_mean_zhvi,complete_12_months
GA,13211,Morgan County,2018,256666.49,12,Zillow ZHVI county,annual_mean_zhvi,complete_12_months
GA,13211,Morgan County,2019,272044.84,12,Zillow ZHVI county,annual_mean_zhvi,complete_12_months
GA,13211,Morgan County,2020,293314.77,12,Zillow ZHVI county,annual_mean_zhvi,complete_12_months
GA,13211,Morgan County,2021,344048.66,12,Zillow ZHVI county,annual_mean_zhvi,complete_12_months
GA,13211,Morgan County,2022,399537.73,12,Zillow ZHVI county,annual_mean_zhvi,complete_12_months
GA,13211,Morgan County,2023,421421.48,12,Zillow ZHVI county,annual_mean_zhvi,complete_12_months
GA,13211,Morgan County,2024,442581.9,12,Zillow ZHVI county,annual_mean_zhvi,complete_12_months
GA,13213,Murray County,2015,115524.19,12,Zillow ZHVI county,annual_mean_zhvi,complete_12_months
GA,13213,Murray County,2016,122669.24,12,Zillow ZHVI county,annual_mean_zhvi,complete_12_months
GA,13213,Murray County,2017,130943.8,12,Zillow ZHVI county,annual_mean_zhvi,complete_12_months
GA,13213,Murray County,2018,139602.45,12,Zillow ZHVI county,annual_mean_zhvi,complete_12_months
GA,13213,Murray County,2019,152037.76,12,Zillow ZHVI county,annual_mean_zhvi,complete_12_months
GA,13213,Murray County,2020,166197.71,12,Zillow ZHVI county,annual_mean_zhvi,complete_12_months
GA,13213,Murray County,2021,192935.3,12,Zillow ZHVI county,annual_mean_zhvi,complete_12_months
GA,13213,Murray County,2022,221665.46,12,Zillow ZHVI county,annual_mean_zhvi,complete_12_months
GA,13213,Murray County,2023,228011.63,12,Zillow ZHVI county,annual_mean_zhvi,complete_12_months
GA,13213,Murray County,2024,243011.07,12,Zillow ZHVI county,annual_mean_zhvi,complete_12_months
GA,13215,Muscogee County,2015,106769.31,12,Zillow ZHVI county,annual_mean_zhvi,complete_12_months
GA,13215,Muscogee County,2016,106851.81,12,Zillow ZHVI county,annual_mean_zhvi,complete_12_months
GA,13215,Muscogee County,2017,107059.73,12,Zillow ZHVI county,annual_mean_zhvi,complete_12_months
GA,13215,Muscogee County,2018,112541.47,12,Zillow ZHVI county,annual_mean_zhvi,complete_12_months
GA,13215,Muscogee County,2019,118208.7,12,Zillow ZHVI county,annual_mean_zhvi,complete_12_months
GA,13215,Muscogee County,2020,126384.62,12,Zillow ZHVI county,annual_mean_zhvi,complete_12_months
GA,13215,Muscogee County,2021,144821.31,12,Zillow ZHVI county,annual_mean_zhvi,complete_12_months
GA,13215,Muscogee County,2022,162583.05,12,Zillow ZHVI county,annual_mean_zhvi,complete_12_months
GA,13215,Muscogee County,2023,170715.06,12,Zillow ZHVI county,annual_mean_zhvi,complete_12_months
GA,13215,Muscogee County,2024,180609.52,12,Zillow ZHVI county,annual_mean_zhvi,complete_12_months
GA,13217,Newton County,2015,129217.75,12,Zillow ZHVI county,annual_mean_zhvi,complete_12_months
GA,13217,Newton County,2016,139998.38,12,Zillow ZHVI county,annual_mean_zhvi,complete_12_months
GA,13217,Newton County,2017,149947.62,12,Zillow ZHVI county,annual_mean_zhvi,complete_12_months
GA,13217,Newton County,2018,165178.87,12,Zillow ZHVI county,annual_mean_zhvi,complete_12_months
GA,13217,Newton County,2019,181949.47,12,Zillow ZHVI county,annual_mean_zhvi,complete_12_months
GA,13217,Newton County,2020,197804.66,12,Zillow ZHVI county,annual_mean_zhvi,complete_12_months
GA,13217,Newton County,2021,238170.54,12,Zillow ZHVI county,annual_mean_zhvi,complete_12_months
GA,13217,Newton County,2022,298299.16,12,Zillow ZHVI county,annual_mean_zhvi,complete_12_months
GA,13217,Newton County,2023,306535.99,12,Zillow ZHVI county,annual_mean_zhvi,complete_12_months
GA,13217,Newton County,2024,310947.01,12,Zillow ZHVI county,annual_mean_zhvi,complete_12_months
GA,13219,Oconee County,2015,280174.48,12,Zillow ZHVI county,annual_mean_zhvi,complete_12_months
GA,13219,Oconee County,2016,290777.1,12,Zillow ZHVI county,annual_mean_zhvi,complete_12_months
GA,13219,Oconee County,2017,305816.39,12,Zillow ZHVI county,annual_mean_zhvi,complete_12_months
GA,13219,Oconee County,2018,323947.0,12,Zillow ZHVI county,annual_mean_zhvi,complete_12_months
GA,13219,Oconee County,2019,347270.9,12,Zillow ZHVI county,annual_mean_zhvi,complete_12_months
GA,13219,Oconee County,2020,372170.52,12,Zillow ZHVI county,annual_mean_zhvi,complete_12_months
GA,13219,Oconee County,2021,429890.25,12,Zillow ZHVI county,annual_mean_zhvi,complete_12_months
GA,13219,Oconee County,2022,501882.84,12,Zillow ZHVI county,annual_mean_zhvi,complete_12_months
GA,13219,Oconee County,2023,516154.26,12,Zillow ZHVI county,annual_mean_zhvi,complete_12_months
GA,13219,Oconee County,2024,547651.4,12,Zillow ZHVI county,annual_mean_zhvi,complete_12_months
GA,13221,Oglethorpe County,2015,129547.16,12,Zillow ZHVI county,annual_mean_zhvi,complete_12_months
GA,13221,Oglethorpe County,2016,138702.0,12,Zillow ZHVI county,annual_mean_zhvi,complete_12_months
GA,13221,Oglethorpe County,2017,149023.5,12,Zillow ZHVI county,annual_mean_zhvi,complete_12_months
GA,13221,Oglethorpe County,2018,163164.55,12,Zillow ZHVI county,annual_mean_zhvi,complete_12_months
GA,13221,Oglethorpe County,2019,178701.65,12,Zillow ZHVI county,annual_mean_zhvi,complete_12_months
GA,13221,Oglethorpe County,2020,195886.14,12,Zillow ZHVI county,annual_mean_zhvi,complete_12_months
GA,13221,Oglethorpe County,2021,231825.97,12,Zillow ZHVI county,annual_mean_zhvi,complete_12_months
GA,13221,Oglethorpe County,2022,273104.88,12,Zillow ZHVI county,annual_mean_zhvi,complete_12_months
GA,13221,Oglethorpe County,2023,286884.52,12,Zillow ZHVI county,annual_mean_zhvi,complete_12_months
GA,13221,Oglethorpe County,2024,308241.88,12,Zillow ZHVI county,annual_mean_zhvi,complete_12_months
GA,13223,Paulding County,2015,,0,Zillow ZHVI county,annual_mean_zhvi,source_data_unavailable
GA,13223,Paulding County,2016,172514.89,11,Zillow ZHVI county,annual_mean_zhvi,partial_10_11_months
GA,13223,Paulding County,2017,183721.95,12,Zillow ZHVI county,annual_mean_zhvi,complete_12_months
GA,13223,Paulding County,2018,199527.76,12,Zillow ZHVI county,annual_mean_zhvi,complete_12_months
GA,13223,Paulding County,2019,215128.04,12,Zillow ZHVI county,annual_mean_zhvi,complete_12_months
GA,13223,Paulding County,2020,232165.07,12,Zillow ZHVI county,annual_mean_zhvi,complete_12_months
GA,13223,Paulding County,2021,280997.92,12,Zillow ZHVI county,annual_mean_zhvi,complete_12_months
GA,13223,Paulding County,2022,350146.33,12,Zillow ZHVI county,annual_mean_zhvi,complete_12_months
GA,13223,Paulding County,2023,352881.62,12,Zillow ZHVI county,annual_mean_zhvi,complete_12_months
GA,13223,Paulding County,2024,355207.58,12,Zillow ZHVI county,annual_mean_zhvi,complete_12_months
GA,13225,Peach County,2015,126144.09,12,Zillow ZHVI county,annual_mean_zhvi,complete_12_months
GA,13225,Peach County,2016,128766.1,12,Zillow ZHVI county,annual_mean_zhvi,complete_12_months
GA,13225,Peach County,2017,126969.51,12,Zillow ZHVI county,annual_mean_zhvi,complete_12_months
GA,13225,Peach County,2018,134576.24,12,Zillow ZHVI county,annual_mean_zhvi,complete_12_months
GA,13225,Peach County,2019,144757.06,12,Zillow ZHVI county,annual_mean_zhvi,complete_12_months
GA,13225,Peach County,2020,154776.01,12,Zillow ZHVI county,annual_mean_zhvi,complete_12_months
GA,13225,Peach County,2021,175602.23,12,Zillow ZHVI county,annual_mean_zhvi,complete_12_months
GA,13225,Peach County,2022,204612.39,12,Zillow ZHVI county,annual_mean_zhvi,complete_12_months
GA,13225,Peach County,2023,217111.21,12,Zillow ZHVI county,annual_mean_zhvi,complete_12_months
GA,13225,Peach County,2024,226602.03,12,Zillow ZHVI county,annual_mean_zhvi,complete_12_months
GA,13227,Pickens County,2015,177635.81,12,Zillow ZHVI county,annual_mean_zhvi,complete_12_months
GA,13227,Pickens County,2016,186230.3,12,Zillow ZHVI county,annual_mean_zhvi,complete_12_months
GA,13227,Pickens County,2017,198478.77,12,Zillow ZHVI county,annual_mean_zhvi,complete_12_months
GA,13227,Pickens County,2018,219963.07,12,Zillow ZHVI county,annual_mean_zhvi,complete_12_months
GA,13227,Pickens County,2019,232133.58,12,Zillow ZHVI county,annual_mean_zhvi,complete_12_months
GA,13227,Pickens County,2020,251867.7,12,Zillow ZHVI county,annual_mean_zhvi,complete_12_months
GA,13227,Pickens County,2021,305564.04,12,Zillow ZHVI county,annual_mean_zhvi,complete_12_months
GA,13227,Pickens County,2022,361545.45,12,Zillow ZHVI county,annual_mean_zhvi,complete_12_months
GA,13227,Pickens County,2023,372898.28,12,Zillow ZHVI county,annual_mean_zhvi,complete_12_months
GA,13227,Pickens County,2024,391571.47,12,Zillow ZHVI county,annual_mean_zhvi,complete_12_months
GA,13229,Pierce County,2015,103170.17,12,Zillow ZHVI county,annual_mean_zhvi,complete_12_months
GA,13229,Pierce County,2016,107178.0,12,Zillow ZHVI county,annual_mean_zhvi,complete_12_months
GA,13229,Pierce County,2017,111799.9,12,Zillow ZHVI county,annual_mean_zhvi,complete_12_months
GA,13229,Pierce County,2018,117593.83,12,Zillow ZHVI county,annual_mean_zhvi,complete_12_months
GA,13229,Pierce County,2019,125108.58,12,Zillow ZHVI county,annual_mean_zhvi,complete_12_months
GA,13229,Pierce County,2020,136518.03,12,Zillow ZHVI county,annual_mean_zhvi,complete_12_months
GA,13229,Pierce County,2021,154720.7,12,Zillow ZHVI county,annual_mean_zhvi,complete_12_months
GA,13229,Pierce County,2022,174143.16,12,Zillow ZHVI county,annual_mean_zhvi,complete_12_months
GA,13229,Pierce County,2023,188423.4,12,Zillow ZHVI county,annual_mean_zhvi,complete_12_months
GA,13229,Pierce County,2024,199059.25,12,Zillow ZHVI county,annual_mean_zhvi,complete_12_months
GA,13231,Pike County,2015,170553.37,12,Zillow ZHVI county,annual_mean_zhvi,complete_12_months
GA,13231,Pike County,2016,180661.59,12,Zillow ZHVI county,annual_mean_zhvi,complete_12_months
GA,13231,Pike County,2017,190407.84,12,Zillow ZHVI county,annual_mean_zhvi,complete_12_months
GA,13231,Pike County,2018,208514.42,12,Zillow ZHVI county,annual_mean_zhvi,complete_12_months
GA,13231,Pike County,2019,222323.12,12,Zillow ZHVI county,annual_mean_zhvi,complete_12_months
GA,13231,Pike County,2020,240526.51,11,Zillow ZHVI county,annual_mean_zhvi,partial_10_11_months
GA,13231,Pike County,2021,288094.79,12,Zillow ZHVI county,annual_mean_zhvi,complete_12_months
GA,13231,Pike County,2022,337281.96,12,Zillow ZHVI county,annual_mean_zhvi,complete_12_months
GA,13231,Pike County,2023,351008.0,12,Zillow ZHVI county,annual_mean_zhvi,complete_12_months
GA,13231,Pike County,2024,375177.02,12,Zillow ZHVI county,annual_mean_zhvi,complete_12_months
GA,13233,Polk County,2015,88048.87,12,Zillow ZHVI county,annual_mean_zhvi,complete_12_months
GA,13233,Polk County,2016,92989.83,12,Zillow ZHVI county,annual_mean_zhvi,complete_12_months
GA,13233,Polk County,2017,98567.2,12,Zillow ZHVI county,annual_mean_zhvi,complete_12_months
GA,13233,Polk County,2018,111051.75,12,Zillow ZHVI county,annual_mean_zhvi,complete_12_months
GA,13233,Polk County,2019,120943.89,12,Zillow ZHVI county,annual_mean_zhvi,complete_12_months
GA,13233,Polk County,2020,133894.75,12,Zillow ZHVI county,annual_mean_zhvi,complete_12_months
GA,13233,Polk County,2021,166161.18,12,Zillow ZHVI county,annual_mean_zhvi,complete_12_months
GA,13233,Polk County,2022,200890.01,12,Zillow ZHVI county,annual_mean_zhvi,complete_12_months
GA,13233,Polk County,2023,212070.52,12,Zillow ZHVI county,annual_mean_zhvi,complete_12_months
GA,13233,Polk County,2024,226366.9,12,Zillow ZHVI county,annual_mean_zhvi,complete_12_months
GA,13235,Pulaski County,2015,88595.99,12,Zillow ZHVI county,annual_mean_zhvi,complete_12_months
GA,13235,Pulaski County,2016,89606.05,12,Zillow ZHVI county,annual_mean_zhvi,complete_12_months
GA,13235,Pulaski County,2017,90544.79,12,Zillow ZHVI county,annual_mean_zhvi,complete_12_months
GA,13235,Pulaski County,2018,97094.43,12,Zillow ZHVI county,annual_mean_zhvi,complete_12_months
GA,13235,Pulaski County,2019,102786.91,12,Zillow ZHVI county,annual_mean_zhvi,complete_12_months
GA,13235,Pulaski County,2020,111682.15,12,Zillow ZHVI county,annual_mean_zhvi,complete_12_months
GA,13235,Pulaski County,2021,127958.36,12,Zillow ZHVI county,annual_mean_zhvi,complete_12_months
GA,13235,Pulaski County,2022,151188.45,12,Zillow ZHVI county,annual_mean_zhvi,complete_12_months
GA,13235,Pulaski County,2023,160829.94,12,Zillow ZHVI county,annual_mean_zhvi,complete_12_months
GA,13235,Pulaski County,2024,171534.13,12,Zillow ZHVI county,annual_mean_zhvi,complete_12_months
GA,13237,Putnam County,2015,197832.89,12,Zillow ZHVI county,annual_mean_zhvi,complete_12_months
GA,13237,Putnam County,2016,203202.88,12,Zillow ZHVI county,annual_mean_zhvi,complete_12_months
GA,13237,Putnam County,2017,212055.12,12,Zillow ZHVI county,annual_mean_zhvi,complete_12_months
GA,13237,Putnam County,2018,225104.04,12,Zillow ZHVI county,annual_mean_zhvi,complete_12_months
GA,13237,Putnam County,2019,239526.37,12,Zillow ZHVI county,annual_mean_zhvi,complete_12_months
GA,13237,Putnam County,2020,261243.77,12,Zillow ZHVI county,annual_mean_zhvi,complete_12_months
GA,13237,Putnam County,2021,328834.88,12,Zillow ZHVI county,annual_mean_zhvi,complete_12_months
GA,13237,Putnam County,2022,386554.87,12,Zillow ZHVI county,annual_mean_zhvi,complete_12_months
GA,13237,Putnam County,2023,389914.28,12,Zillow ZHVI county,annual_mean_zhvi,complete_12_months
GA,13237,Putnam County,2024,403739.46,12,Zillow ZHVI county,annual_mean_zhvi,complete_12_months
GA,13239,Quitman County,2015,65353.37,12,Zillow ZHVI county,annual_mean_zhvi,complete_12_months
GA,13239,Quitman County,2016,69425.79,12,Zillow ZHVI county,annual_mean_zhvi,complete_12_months
GA,13239,Quitman County,2017,68166.13,12,Zillow ZHVI county,annual_mean_zhvi,complete_12_months
GA,13239,Quitman County,2018,70963.48,12,Zillow ZHVI county,annual_mean_zhvi,complete_12_months
GA,13239,Quitman County,2019,75278.67,12,Zillow ZHVI county,annual_mean_zhvi,complete_12_months
GA,13239,Quitman County,2020,82044.83,12,Zillow ZHVI county,annual_mean_zhvi,complete_12_months
GA,13239,Quitman County,2021,96395.05,12,Zillow ZHVI county,annual_mean_zhvi,complete_12_months
GA,13239,Quitman County,2022,113244.97,12,Zillow ZHVI county,annual_mean_zhvi,complete_12_months
GA,13239,Quitman County,2023,116801.86,12,Zillow ZHVI county,annual_mean_zhvi,complete_12_months
GA,13239,Quitman County,2024,123921.67,12,Zillow ZHVI county,annual_mean_zhvi,complete_12_months
GA,13241,Rabun County,2015,187958.92,12,Zillow ZHVI county,annual_mean_zhvi,complete_12_months
GA,13241,Rabun County,2016,191128.17,12,Zillow ZHVI county,annual_mean_zhvi,complete_12_months
GA,13241,Rabun County,2017,201098.27,12,Zillow ZHVI county,annual_mean_zhvi,complete_12_months
GA,13241,Rabun County,2018,212174.62,12,Zillow ZHVI county,annual_mean_zhvi,complete_12_months
GA,13241,Rabun County,2019,225826.82,12,Zillow ZHVI county,annual_mean_zhvi,complete_12_months
GA,13241,Rabun County,2020,242096.03,12,Zillow ZHVI county,annual_mean_zhvi,complete_12_months
GA,13241,Rabun County,2021,312273.33,12,Zillow ZHVI county,annual_mean_zhvi,complete_12_months
GA,13241,Rabun County,2022,373046.68,12,Zillow ZHVI county,annual_mean_zhvi,complete_12_months
GA,13241,Rabun County,2023,379099.38,12,Zillow ZHVI county,annual_mean_zhvi,complete_12_months
GA,13241,Rabun County,2024,396710.81,12,Zillow ZHVI county,annual_mean_zhvi,complete_12_months
GA,13243,Randolph County,2015,56777.91,12,Zillow ZHVI county,annual_mean_zhvi,complete_12_months
GA,13243,Randolph County,2016,59102.82,12,Zillow ZHVI county,annual_mean_zhvi,complete_12_months
GA,13243,Randolph County,2017,60570.15,12,Zillow ZHVI county,annual_mean_zhvi,complete_12_months
GA,13243,Randolph County,2018,64536.35,12,Zillow ZHVI county,annual_mean_zhvi,complete_12_months
GA,13243,Randolph County,2019,67678.5,12,Zillow ZHVI county,annual_mean_zhvi,complete_12_months
GA,13243,Randolph County,2020,73241.96,12,Zillow ZHVI county,annual_mean_zhvi,complete_12_months
GA,13243,Randolph County,2021,87754.69,12,Zillow ZHVI county,annual_mean_zhvi,complete_12_months
GA,13243,Randolph County,2022,95557.82,12,Zillow ZHVI county,annual_mean_zhvi,complete_12_months
GA,13243,Randolph County,2023,91708.52,12,Zillow ZHVI county,annual_mean_zhvi,complete_12_months
GA,13243,Randolph County,2024,98316.17,12,Zillow ZHVI county,annual_mean_zhvi,complete_12_months
GA,13245,Richmond County,2015,,0,Zillow ZHVI county,annual_mean_zhvi,source_data_unavailable
GA,13245,Richmond County,2016,99901.12,11,Zillow ZHVI county,annual_mean_zhvi,partial_10_11_months
GA,13245,Richmond County,2017,100169.23,12,Zillow ZHVI county,annual_mean_zhvi,complete_12_months
GA,13245,Richmond County,2018,107148.37,12,Zillow ZHVI county,annual_mean_zhvi,complete_12_months
GA,13245,Richmond County,2019,118257.84,12,Zillow ZHVI county,annual_mean_zhvi,complete_12_months
GA,13245,Richmond County,2020,129864.1,12,Zillow ZHVI county,annual_mean_zhvi,complete_12_months
GA,13245,Richmond County,2021,153060.71,12,Zillow ZHVI county,annual_mean_zhvi,complete_12_months
GA,13245,Richmond County,2022,178525.56,12,Zillow ZHVI county,annual_mean_zhvi,complete_12_months
GA,13245,Richmond County,2023,188021.65,12,Zillow ZHVI county,annual_mean_zhvi,complete_12_months
GA,13245,Richmond County,2024,195136.03,12,Zillow ZHVI county,annual_mean_zhvi,complete_12_months
GA,13247,Rockdale County,2015,135736.89,12,Zillow ZHVI county,annual_mean_zhvi,complete_12_months
GA,13247,Rockdale County,2016,142211.55,12,Zillow ZHVI county,annual_mean_zhvi,complete_12_months
GA,13247,Rockdale County,2017,152621.61,12,Zillow ZHVI county,annual_mean_zhvi,complete_12_months
GA,13247,Rockdale County,2018,170989.2,12,Zillow ZHVI county,annual_mean_zhvi,complete_12_months
GA,13247,Rockdale County,2019,187130.59,12,Zillow ZHVI county,annual_mean_zhvi,complete_12_months
GA,13247,Rockdale County,2020,202313.44,12,Zillow ZHVI county,annual_mean_zhvi,complete_12_months
GA,13247,Rockdale County,2021,246349.21,12,Zillow ZHVI county,annual_mean_zhvi,complete_12_months
GA,13247,Rockdale County,2022,308481.45,12,Zillow ZHVI county,annual_mean_zhvi,complete_12_months
GA,13247,Rockdale County,2023,315675.03,12,Zillow ZHVI county,annual_mean_zhvi,complete_12_months
GA,13247,Rockdale County,2024,321123.15,12,Zillow ZHVI county,annual_mean_zhvi,complete_12_months
GA,13249,Schley County,2015,104918.02,12,Zillow ZHVI county,annual_mean_zhvi,complete_12_months
GA,13249,Schley County,2016,107194.69,12,Zillow ZHVI county,annual_mean_zhvi,complete_12_months
GA,13249,Schley County,2017,105129.59,12,Zillow ZHVI county,annual_mean_zhvi,complete_12_months
GA,13249,Schley County,2018,108594.01,12,Zillow ZHVI county,annual_mean_zhvi,complete_12_months
GA,13249,Schley County,2019,119332.96,12,Zillow ZHVI county,annual_mean_zhvi,complete_12_months
GA,13249,Schley County,2020,130044.05,12,Zillow ZHVI county,annual_mean_zhvi,complete_12_months
GA,13249,Schley County,2021,152551.77,12,Zillow ZHVI county,annual_mean_zhvi,complete_12_months
GA,13249,Schley County,2022,169502.81,12,Zillow ZHVI county,annual_mean_zhvi,complete_12_months
GA,13249,Schley County,2023,180504.57,12,Zillow ZHVI county,annual_mean_zhvi,complete_12_months
GA,13249,Schley County,2024,193086.27,12,Zillow ZHVI county,annual_mean_zhvi,complete_12_months
GA,13251,Screven County,2015,92331.66,12,Zillow ZHVI county,annual_mean_zhvi,complete_12_months
GA,13251,Screven County,2016,98502.54,12,Zillow ZHVI county,annual_mean_zhvi,complete_12_months
GA,13251,Screven County,2017,99737.68,12,Zillow ZHVI county,annual_mean_zhvi,complete_12_months
GA,13251,Screven County,2018,104862.24,12,Zillow ZHVI county,annual_mean_zhvi,complete_12_months
GA,13251,Screven County,2019,113807.0,12,Zillow ZHVI county,annual_mean_zhvi,complete_12_months
GA,13251,Screven County,2020,126190.93,12,Zillow ZHVI county,annual_mean_zhvi,complete_12_months
GA,13251,Screven County,2021,148724.91,12,Zillow ZHVI county,annual_mean_zhvi,complete_12_months
GA,13251,Screven County,2022,167481.94,12,Zillow ZHVI county,annual_mean_zhvi,complete_12_months
GA,13251,Screven County,2023,173593.16,12,Zillow ZHVI county,annual_mean_zhvi,complete_12_months
GA,13251,Screven County,2024,186114.61,12,Zillow ZHVI county,annual_mean_zhvi,complete_12_months
GA,13253,Seminole County,2015,88571.88,12,Zillow ZHVI county,annual_mean_zhvi,complete_12_months
GA,13253,Seminole County,2016,93199.06,12,Zillow ZHVI county,annual_mean_zhvi,complete_12_months
GA,13253,Seminole County,2017,93119.03,12,Zillow ZHVI county,annual_mean_zhvi,complete_12_months
GA,13253,Seminole County,2018,99176.39,12,Zillow ZHVI county,annual_mean_zhvi,complete_12_months
GA,13253,Seminole County,2019,99332.36,12,Zillow ZHVI county,annual_mean_zhvi,complete_12_months
GA,13253,Seminole County,2020,105656.35,12,Zillow ZHVI county,annual_mean_zhvi,complete_12_months
GA,13253,Seminole County,2021,122888.15,12,Zillow ZHVI county,annual_mean_zhvi,complete_12_months
GA,13253,Seminole County,2022,137031.9,12,Zillow ZHVI county,annual_mean_zhvi,complete_12_months
GA,13253,Seminole County,2023,140229.8,12,Zillow ZHVI county,annual_mean_zhvi,complete_12_months
GA,13253,Seminole County,2024,150860.87,12,Zillow ZHVI county,annual_mean_zhvi,complete_12_months
GA,13255,Spalding County,2015,99925.61,9,Zillow ZHVI county,annual_mean_zhvi,partial_1_9_months
GA,13255,Spalding County,2016,103333.94,12,Zillow ZHVI county,annual_mean_zhvi,complete_12_months
GA,13255,Spalding County,2017,113783.83,12,Zillow ZHVI county,annual_mean_zhvi,complete_12_months
GA,13255,Spalding County,2018,127452.93,12,Zillow ZHVI county,annual_mean_zhvi,complete_12_months
GA,13255,Spalding County,2019,143208.15,12,Zillow ZHVI county,annual_mean_zhvi,complete_12_months
GA,13255,Spalding County,2020,157661.4,12,Zillow ZHVI county,annual_mean_zhvi,complete_12_months
GA,13255,Spalding County,2021,188119.76,12,Zillow ZHVI county,annual_mean_zhvi,complete_12_months
GA,13255,Spalding County,2022,225269.94,12,Zillow ZHVI county,annual_mean_zhvi,complete_12_months
GA,13255,Spalding County,2023,237090.39,12,Zillow ZHVI county,annual_mean_zhvi,complete_12_months
GA,13255,Spalding County,2024,245613.0,12,Zillow ZHVI county,annual_mean_zhvi,complete_12_months
GA,13257,Stephens County,2015,90041.19,12,Zillow ZHVI county,annual_mean_zhvi,complete_12_months
GA,13257,Stephens County,2016,94217.49,12,Zillow ZHVI county,annual_mean_zhvi,complete_12_months
GA,13257,Stephens County,2017,99659.84,12,Zillow ZHVI county,annual_mean_zhvi,complete_12_months
GA,13257,Stephens County,2018,110731.74,12,Zillow ZHVI county,annual_mean_zhvi,complete_12_months
GA,13257,Stephens County,2019,125763.48,12,Zillow ZHVI county,annual_mean_zhvi,complete_12_months
GA,13257,Stephens County,2020,139472.25,12,Zillow ZHVI county,annual_mean_zhvi,complete_12_months
GA,13257,Stephens County,2021,171636.05,12,Zillow ZHVI county,annual_mean_zhvi,complete_12_months
GA,13257,Stephens County,2022,206520.79,12,Zillow ZHVI county,annual_mean_zhvi,complete_12_months
GA,13257,Stephens County,2023,215925.77,12,Zillow ZHVI county,annual_mean_zhvi,complete_12_months
GA,13257,Stephens County,2024,233014.92,12,Zillow ZHVI county,annual_mean_zhvi,complete_12_months
GA,13259,Stewart County,2015,63150.39,12,Zillow ZHVI county,annual_mean_zhvi,complete_12_months
GA,13259,Stewart County,2016,61387.96,12,Zillow ZHVI county,annual_mean_zhvi,complete_12_months
GA,13259,Stewart County,2017,58999.41,12,Zillow ZHVI county,annual_mean_zhvi,complete_12_months
GA,13259,Stewart County,2018,64046.64,12,Zillow ZHVI county,annual_mean_zhvi,complete_12_months
GA,13259,Stewart County,2019,67153.63,12,Zillow ZHVI county,annual_mean_zhvi,complete_12_months
GA,13259,Stewart County,2020,68960.94,12,Zillow ZHVI county,annual_mean_zhvi,complete_12_months
GA,13259,Stewart County,2021,83665.37,12,Zillow ZHVI county,annual_mean_zhvi,complete_12_months
GA,13259,Stewart County,2022,90451.64,12,Zillow ZHVI county,annual_mean_zhvi,complete_12_months
GA,13259,Stewart County,2023,83252.22,12,Zillow ZHVI county,annual_mean_zhvi,complete_12_months
GA,13259,Stewart County,2024,94699.49,12,Zillow ZHVI county,annual_mean_zhvi,complete_12_months
GA,13261,Sumter County,2015,85270.09,12,Zillow ZHVI county,annual_mean_zhvi,complete_12_months
GA,13261,Sumter County,2016,84665.69,12,Zillow ZHVI county,annual_mean_zhvi,complete_12_months
GA,13261,Sumter County,2017,79956.73,12,Zillow ZHVI county,annual_mean_zhvi,complete_12_months
GA,13261,Sumter County,2018,84462.16,12,Zillow ZHVI county,annual_mean_zhvi,complete_12_months
GA,13261,Sumter County,2019,88071.58,12,Zillow ZHVI county,annual_mean_zhvi,complete_12_months
GA,13261,Sumter County,2020,92608.16,12,Zillow ZHVI county,annual_mean_zhvi,complete_12_months
GA,13261,Sumter County,2021,108727.37,12,Zillow ZHVI county,annual_mean_zhvi,complete_12_months
GA,13261,Sumter County,2022,126604.95,12,Zillow ZHVI county,annual_mean_zhvi,complete_12_months
GA,13261,Sumter County,2023,128673.44,12,Zillow ZHVI county,annual_mean_zhvi,complete_12_months
GA,13261,Sumter County,2024,135912.13,12,Zillow ZHVI county,annual_mean_zhvi,complete_12_months
GA,13263,Talbot County,2015,106796.27,12,Zillow ZHVI county,annual_mean_zhvi,complete_12_months
GA,13263,Talbot County,2016,109466.72,12,Zillow ZHVI county,annual_mean_zhvi,complete_12_months
GA,13263,Talbot County,2017,112361.8,12,Zillow ZHVI county,annual_mean_zhvi,complete_12_months
GA,13263,Talbot County,2018,117267.12,12,Zillow ZHVI county,annual_mean_zhvi,complete_12_months
GA,13263,Talbot County,2019,126447.05,12,Zillow ZHVI county,annual_mean_zhvi,complete_12_months
GA,13263,Talbot County,2020,136538.21,12,Zillow ZHVI county,annual_mean_zhvi,complete_12_months
GA,13263,Talbot County,2021,160828.53,12,Zillow ZHVI county,annual_mean_zhvi,complete_12_months
GA,13263,Talbot County,2022,184427.06,12,Zillow ZHVI county,annual_mean_zhvi,complete_12_months
GA,13263,Talbot County,2023,180265.57,12,Zillow ZHVI county,annual_mean_zhvi,complete_12_months
GA,13263,Talbot County,2024,195345.67,12,Zillow ZHVI county,annual_mean_zhvi,complete_12_months
GA,13265,Taliaferro County,2015,83757.53,12,Zillow ZHVI county,annual_mean_zhvi,complete_12_months
GA,13265,Taliaferro County,2016,88473.73,12,Zillow ZHVI county,annual_mean_zhvi,complete_12_months
GA,13265,Taliaferro County,2017,90747.98,12,Zillow ZHVI county,annual_mean_zhvi,complete_12_months
GA,13265,Taliaferro County,2018,93743.11,12,Zillow ZHVI county,annual_mean_zhvi,complete_12_months
GA,13265,Taliaferro County,2019,95777.87,12,Zillow ZHVI county,annual_mean_zhvi,complete_12_months
GA,13265,Taliaferro County,2020,105743.24,12,Zillow ZHVI county,annual_mean_zhvi,complete_12_months
GA,13265,Taliaferro County,2021,128020.25,12,Zillow ZHVI county,annual_mean_zhvi,complete_12_months
GA,13265,Taliaferro County,2022,147484.14,12,Zillow ZHVI county,annual_mean_zhvi,complete_12_months
GA,13265,Taliaferro County,2023,143970.26,12,Zillow ZHVI county,annual_mean_zhvi,complete_12_months
GA,13265,Taliaferro County,2024,149076.47,12,Zillow ZHVI county,annual_mean_zhvi,complete_12_months
GA,13267,Tattnall County,2015,98990.52,12,Zillow ZHVI county,annual_mean_zhvi,complete_12_months
GA,13267,Tattnall County,2016,101871.63,12,Zillow ZHVI county,annual_mean_zhvi,complete_12_months
GA,13267,Tattnall County,2017,104183.28,12,Zillow ZHVI county,annual_mean_zhvi,complete_12_months
GA,13267,Tattnall County,2018,111222.19,12,Zillow ZHVI county,annual_mean_zhvi,complete_12_months
GA,13267,Tattnall County,2019,119084.01,12,Zillow ZHVI county,annual_mean_zhvi,complete_12_months
GA,13267,Tattnall County,2020,126870.22,12,Zillow ZHVI county,annual_mean_zhvi,complete_12_months
GA,13267,Tattnall County,2021,144728.52,12,Zillow ZHVI county,annual_mean_zhvi,complete_12_months
GA,13267,Tattnall County,2022,164437.33,12,Zillow ZHVI county,annual_mean_zhvi,complete_12_months
GA,13267,Tattnall County,2023,170855.58,12,Zillow ZHVI county,annual_mean_zhvi,complete_12_months
GA,13267,Tattnall County,2024,181460.77,12,Zillow ZHVI county,annual_mean_zhvi,complete_12_months
GA,13269,Taylor County,2015,89746.28,12,Zillow ZHVI county,annual_mean_zhvi,complete_12_months
GA,13269,Taylor County,2016,90799.45,12,Zillow ZHVI county,annual_mean_zhvi,complete_12_months
GA,13269,Taylor County,2017,93057.19,12,Zillow ZHVI county,annual_mean_zhvi,complete_12_months
GA,13269,Taylor County,2018,95061.25,12,Zillow ZHVI county,annual_mean_zhvi,complete_12_months
GA,13269,Taylor County,2019,101398.04,12,Zillow ZHVI county,annual_mean_zhvi,complete_12_months
GA,13269,Taylor County,2020,113315.09,12,Zillow ZHVI county,annual_mean_zhvi,complete_12_months
GA,13269,Taylor County,2021,130118.29,12,Zillow ZHVI county,annual_mean_zhvi,complete_12_months
GA,13269,Taylor County,2022,143666.02,12,Zillow ZHVI county,annual_mean_zhvi,complete_12_months
GA,13269,Taylor County,2023,142758.6,12,Zillow ZHVI county,annual_mean_zhvi,complete_12_months
GA,13269,Taylor County,2024,150602.28,12,Zillow ZHVI county,annual_mean_zhvi,complete_12_months
GA,13271,Telfair County,2015,72458.57,12,Zillow ZHVI county,annual_mean_zhvi,complete_12_months
GA,13271,Telfair County,2016,74465.8,12,Zillow ZHVI county,annual_mean_zhvi,complete_12_months
GA,13271,Telfair County,2017,73972.27,12,Zillow ZHVI county,annual_mean_zhvi,complete_12_months
GA,13271,Telfair County,2018,74148.65,12,Zillow ZHVI county,annual_mean_zhvi,complete_12_months
GA,13271,Telfair County,2019,81484.79,12,Zillow ZHVI county,annual_mean_zhvi,complete_12_months
GA,13271,Telfair County,2020,89444.21,12,Zillow ZHVI county,annual_mean_zhvi,complete_12_months
GA,13271,Telfair County,2021,106195.3,12,Zillow ZHVI county,annual_mean_zhvi,complete_12_months
GA,13271,Telfair County,2022,118146.07,12,Zillow ZHVI county,annual_mean_zhvi,complete_12_months
GA,13271,Telfair County,2023,119885.98,12,Zillow ZHVI county,annual_mean_zhvi,complete_12_months
GA,13271,Telfair County,2024,121936.29,12,Zillow ZHVI county,annual_mean_zhvi,complete_12_months
GA,13273,Terrell County,2015,64432.23,12,Zillow ZHVI county,annual_mean_zhvi,complete_12_months
GA,13273,Terrell County,2016,65127.73,12,Zillow ZHVI county,annual_mean_zhvi,complete_12_months
GA,13273,Terrell County,2017,65814.28,12,Zillow ZHVI county,annual_mean_zhvi,complete_12_months
GA,13273,Terrell County,2018,69597.98,12,Zillow ZHVI county,annual_mean_zhvi,complete_12_months
GA,13273,Terrell County,2019,74917.29,12,Zillow ZHVI county,annual_mean_zhvi,complete_12_months
GA,13273,Terrell County,2020,81985.96,12,Zillow ZHVI county,annual_mean_zhvi,complete_12_months
GA,13273,Terrell County,2021,92837.51,12,Zillow ZHVI county,annual_mean_zhvi,complete_12_months
GA,13273,Terrell County,2022,107570.92,12,Zillow ZHVI county,annual_mean_zhvi,complete_12_months
GA,13273,Terrell County,2023,111516.4,12,Zillow ZHVI county,annual_mean_zhvi,complete_12_months
GA,13273,Terrell County,2024,116119.6,12,Zillow ZHVI county,annual_mean_zhvi,complete_12_months
GA,13275,Thomas County,2015,122307.17,12,Zillow ZHVI county,annual_mean_zhvi,complete_12_months
GA,13275,Thomas County,2016,125338.54,12,Zillow ZHVI county,annual_mean_zhvi,complete_12_months
GA,13275,Thomas County,2017,126884.96,12,Zillow ZHVI county,annual_mean_zhvi,complete_12_months
GA,13275,Thomas County,2018,136917.04,12,Zillow ZHVI county,annual_mean_zhvi,complete_12_months
GA,13275,Thomas County,2019,144805.52,12,Zillow ZHVI county,annual_mean_zhvi,complete_12_months
GA,13275,Thomas County,2020,153349.63,12,Zillow ZHVI county,annual_mean_zhvi,complete_12_months
GA,13275,Thomas County,2021,172949.3,12,Zillow ZHVI county,annual_mean_zhvi,complete_12_months
GA,13275,Thomas County,2022,199963.74,12,Zillow ZHVI county,annual_mean_zhvi,complete_12_months
GA,13275,Thomas County,2023,208082.11,12,Zillow ZHVI county,annual_mean_zhvi,complete_12_months
GA,13275,Thomas County,2024,217890.89,12,Zillow ZHVI county,annual_mean_zhvi,complete_12_months
GA,13277,Tift County,2015,130603.18,12,Zillow ZHVI county,annual_mean_zhvi,complete_12_months
GA,13277,Tift County,2016,134311.23,12,Zillow ZHVI county,annual_mean_zhvi,complete_12_months
GA,13277,Tift County,2017,135165.54,12,Zillow ZHVI county,annual_mean_zhvi,complete_12_months
GA,13277,Tift County,2018,141774.71,12,Zillow ZHVI county,annual_mean_zhvi,complete_12_months
GA,13277,Tift County,2019,150424.9,12,Zillow ZHVI county,annual_mean_zhvi,complete_12_months
GA,13277,Tift County,2020,160107.91,12,Zillow ZHVI county,annual_mean_zhvi,complete_12_months
GA,13277,Tift County,2021,175891.02,12,Zillow ZHVI county,annual_mean_zhvi,complete_12_months
GA,13277,Tift County,2022,196212.34,12,Zillow ZHVI county,annual_mean_zhvi,complete_12_months
GA,13277,Tift County,2023,205315.11,12,Zillow ZHVI county,annual_mean_zhvi,complete_12_months
GA,13277,Tift County,2024,210161.52,12,Zillow ZHVI county,annual_mean_zhvi,complete_12_months
GA,13279,Toombs County,2015,87926.1,12,Zillow ZHVI county,annual_mean_zhvi,complete_12_months
GA,13279,Toombs County,2016,90317.45,12,Zillow ZHVI county,annual_mean_zhvi,complete_12_months
GA,13279,Toombs County,2017,96572.17,12,Zillow ZHVI county,annual_mean_zhvi,complete_12_months
GA,13279,Toombs County,2018,104027.58,12,Zillow ZHVI county,annual_mean_zhvi,complete_12_months
GA,13279,Toombs County,2019,110501.63,12,Zillow ZHVI county,annual_mean_zhvi,complete_12_months
GA,13279,Toombs County,2020,117296.04,12,Zillow ZHVI county,annual_mean_zhvi,complete_12_months
GA,13279,Toombs County,2021,133255.31,12,Zillow ZHVI county,annual_mean_zhvi,complete_12_months
GA,13279,Toombs County,2022,149739.26,12,Zillow ZHVI county,annual_mean_zhvi,complete_12_months
GA,13279,Toombs County,2023,152210.45,12,Zillow ZHVI county,annual_mean_zhvi,complete_12_months
GA,13279,Toombs County,2024,165783.67,12,Zillow ZHVI county,annual_mean_zhvi,complete_12_months
GA,13281,Towns County,2015,194533.36,12,Zillow ZHVI county,annual_mean_zhvi,complete_12_months
GA,13281,Towns County,2016,202038.84,12,Zillow ZHVI county,annual_mean_zhvi,complete_12_months
GA,13281,Towns County,2017,209222.13,12,Zillow ZHVI county,annual_mean_zhvi,complete_12_months
GA,13281,Towns County,2018,221898.95,12,Zillow ZHVI county,annual_mean_zhvi,complete_12_months
GA,13281,Towns County,2019,238147.97,12,Zillow ZHVI county,annual_mean_zhvi,complete_12_months
GA,13281,Towns County,2020,257780.7,12,Zillow ZHVI county,annual_mean_zhvi,complete_12_months
GA,13281,Towns County,2021,316507.96,12,Zillow ZHVI county,annual_mean_zhvi,complete_12_months
GA,13281,Towns County,2022,376512.73,12,Zillow ZHVI county,annual_mean_zhvi,complete_12_months
GA,13281,Towns County,2023,381689.24,12,Zillow ZHVI county,annual_mean_zhvi,complete_12_months
GA,13281,Towns County,2024,399053.24,12,Zillow ZHVI county,annual_mean_zhvi,complete_12_months
GA,13283,Treutlen County,2015,88085.65,12,Zillow ZHVI county,annual_mean_zhvi,complete_12_months
GA,13283,Treutlen County,2016,89958.82,12,Zillow ZHVI county,annual_mean_zhvi,complete_12_months
GA,13283,Treutlen County,2017,93857.68,12,Zillow ZHVI county,annual_mean_zhvi,complete_12_months
GA,13283,Treutlen County,2018,95731.85,12,Zillow ZHVI county,annual_mean_zhvi,complete_12_months
GA,13283,Treutlen County,2019,100068.47,12,Zillow ZHVI county,annual_mean_zhvi,complete_12_months
GA,13283,Treutlen County,2020,108014.93,12,Zillow ZHVI county,annual_mean_zhvi,complete_12_months
GA,13283,Treutlen County,2021,128762.03,12,Zillow ZHVI county,annual_mean_zhvi,complete_12_months
GA,13283,Treutlen County,2022,138721.46,12,Zillow ZHVI county,annual_mean_zhvi,complete_12_months
GA,13283,Treutlen County,2023,134519.93,12,Zillow ZHVI county,annual_mean_zhvi,complete_12_months
GA,13283,Treutlen County,2024,139706.4,12,Zillow ZHVI county,annual_mean_zhvi,complete_12_months
GA,13285,Troup County,2015,111247.51,12,Zillow ZHVI county,annual_mean_zhvi,complete_12_months
GA,13285,Troup County,2016,113947.99,12,Zillow ZHVI county,annual_mean_zhvi,complete_12_months
GA,13285,Troup County,2017,116606.98,12,Zillow ZHVI county,annual_mean_zhvi,complete_12_months
GA,13285,Troup County,2018,128919.35,12,Zillow ZHVI county,annual_mean_zhvi,complete_12_months
GA,13285,Troup County,2019,138180.13,12,Zillow ZHVI county,annual_mean_zhvi,complete_12_months
GA,13285,Troup County,2020,145642.11,12,Zillow ZHVI county,annual_mean_zhvi,complete_12_months
GA,13285,Troup County,2021,168275.7,12,Zillow ZHVI county,annual_mean_zhvi,complete_12_months
GA,13285,Troup County,2022,197317.32,12,Zillow ZHVI county,annual_mean_zhvi,complete_12_months
GA,13285,Troup County,2023,212637.89,12,Zillow ZHVI county,annual_mean_zhvi,complete_12_months
GA,13285,Troup County,2024,230662.59,12,Zillow ZHVI county,annual_mean_zhvi,complete_12_months
GA,13287,Turner County,2015,82170.21,12,Zillow ZHVI county,annual_mean_zhvi,complete_12_months
GA,13287,Turner County,2016,85454.66,12,Zillow ZHVI county,annual_mean_zhvi,complete_12_months
GA,13287,Turner County,2017,85715.01,12,Zillow ZHVI county,annual_mean_zhvi,complete_12_months
GA,13287,Turner County,2018,88266.6,12,Zillow ZHVI county,annual_mean_zhvi,complete_12_months
GA,13287,Turner County,2019,98053.24,12,Zillow ZHVI county,annual_mean_zhvi,complete_12_months
GA,13287,Turner County,2020,105067.1,12,Zillow ZHVI county,annual_mean_zhvi,complete_12_months
GA,13287,Turner County,2021,122076.19,12,Zillow ZHVI county,annual_mean_zhvi,complete_12_months
GA,13287,Turner County,2022,137632.77,12,Zillow ZHVI county,annual_mean_zhvi,complete_12_months
GA,13287,Turner County,2023,133822.59,12,Zillow ZHVI county,annual_mean_zhvi,complete_12_months
GA,13287,Turner County,2024,140460.96,12,Zillow ZHVI county,annual_mean_zhvi,complete_12_months
GA,13289,Twiggs County,2015,66560.61,12,Zillow ZHVI county,annual_mean_zhvi,complete_12_months
GA,13289,Twiggs County,2016,68132.76,12,Zillow ZHVI county,annual_mean_zhvi,complete_12_months
GA,13289,Twiggs County,2017,65218.35,12,Zillow ZHVI county,annual_mean_zhvi,complete_12_months
GA,13289,Twiggs County,2018,74814.82,12,Zillow ZHVI county,annual_mean_zhvi,complete_12_months
GA,13289,Twiggs County,2019,80389.5,12,Zillow ZHVI county,annual_mean_zhvi,complete_12_months
GA,13289,Twiggs County,2020,85141.6,12,Zillow ZHVI county,annual_mean_zhvi,complete_12_months
GA,13289,Twiggs County,2021,102903.33,12,Zillow ZHVI county,annual_mean_zhvi,complete_12_months
GA,13289,Twiggs County,2022,116548.35,12,Zillow ZHVI county,annual_mean_zhvi,complete_12_months
GA,13289,Twiggs County,2023,115200.95,12,Zillow ZHVI county,annual_mean_zhvi,complete_12_months
GA,13289,Twiggs County,2024,115309.18,12,Zillow ZHVI county,annual_mean_zhvi,complete_12_months
GA,13291,Union County,2015,171828.46,12,Zillow ZHVI county,annual_mean_zhvi,complete_12_months
GA,13291,Union County,2016,181259.14,12,Zillow ZHVI county,annual_mean_zhvi,complete_12_months
GA,13291,Union County,2017,191320.12,12,Zillow ZHVI county,annual_mean_zhvi,complete_12_months
GA,13291,Union County,2018,209039.24,12,Zillow ZHVI county,annual_mean_zhvi,complete_12_months
GA,13291,Union County,2019,226537.33,12,Zillow ZHVI county,annual_mean_zhvi,complete_12_months
GA,13291,Union County,2020,244345.06,12,Zillow ZHVI county,annual_mean_zhvi,complete_12_months
GA,13291,Union County,2021,303936.0,12,Zillow ZHVI county,annual_mean_zhvi,complete_12_months
GA,13291,Union County,2022,356625.38,12,Zillow ZHVI county,annual_mean_zhvi,complete_12_months
GA,13291,Union County,2023,364474.71,12,Zillow ZHVI county,annual_mean_zhvi,complete_12_months
GA,13291,Union County,2024,385456.27,12,Zillow ZHVI county,annual_mean_zhvi,complete_12_months
GA,13293,Upson County,2015,69563.86,12,Zillow ZHVI county,annual_mean_zhvi,complete_12_months
GA,13293,Upson County,2016,73321.14,12,Zillow ZHVI county,annual_mean_zhvi,complete_12_months
GA,13293,Upson County,2017,74148.36,12,Zillow ZHVI county,annual_mean_zhvi,complete_12_months
GA,13293,Upson County,2018,81696.89,12,Zillow ZHVI county,annual_mean_zhvi,complete_12_months
GA,13293,Upson County,2019,91867.85,12,Zillow ZHVI county,annual_mean_zhvi,complete_12_months
GA,13293,Upson County,2020,103970.34,12,Zillow ZHVI county,annual_mean_zhvi,complete_12_months
GA,13293,Upson County,2021,128025.74,12,Zillow ZHVI county,annual_mean_zhvi,complete_12_months
GA,13293,Upson County,2022,154581.09,12,Zillow ZHVI county,annual_mean_zhvi,complete_12_months
GA,13293,Upson County,2023,168671.98,12,Zillow ZHVI county,annual_mean_zhvi,complete_12_months
GA,13293,Upson County,2024,180371.47,12,Zillow ZHVI county,annual_mean_zhvi,complete_12_months
GA,13295,Walker County,2015,116946.05,12,Zillow ZHVI county,annual_mean_zhvi,complete_12_months
GA,13295,Walker County,2016,122031.77,12,Zillow ZHVI county,annual_mean_zhvi,complete_12_months
GA,13295,Walker County,2017,127705.29,12,Zillow ZHVI county,annual_mean_zhvi,complete_12_months
GA,13295,Walker County,2018,136779.85,12,Zillow ZHVI county,annual_mean_zhvi,complete_12_months
GA,13295,Walker County,2019,149522.6,12,Zillow ZHVI county,annual_mean_zhvi,complete_12_months
GA,13295,Walker County,2020,163543.59,12,Zillow ZHVI county,annual_mean_zhvi,complete_12_months
GA,13295,Walker County,2021,190519.41,12,Zillow ZHVI county,annual_mean_zhvi,complete_12_months
GA,13295,Walker County,2022,215723.7,12,Zillow ZHVI county,annual_mean_zhvi,complete_12_months
GA,13295,Walker County,2023,227979.39,12,Zillow ZHVI county,annual_mean_zhvi,complete_12_months
GA,13295,Walker County,2024,240819.72,12,Zillow ZHVI county,annual_mean_zhvi,complete_12_months
GA,13297,Walton County,2015,172374.44,12,Zillow ZHVI county,annual_mean_zhvi,complete_12_months
GA,13297,Walton County,2016,187842.3,12,Zillow ZHVI county,annual_mean_zhvi,complete_12_months
GA,13297,Walton County,2017,201456.78,12,Zillow ZHVI county,annual_mean_zhvi,complete_12_months
GA,13297,Walton County,2018,217183.55,12,Zillow ZHVI county,annual_mean_zhvi,complete_12_months
GA,13297,Walton County,2019,233233.35,12,Zillow ZHVI county,annual_mean_zhvi,complete_12_months
GA,13297,Walton County,2020,252605.87,12,Zillow ZHVI county,annual_mean_zhvi,complete_12_months
GA,13297,Walton County,2021,301669.8,12,Zillow ZHVI county,annual_mean_zhvi,complete_12_months
GA,13297,Walton County,2022,364601.56,12,Zillow ZHVI county,annual_mean_zhvi,complete_12_months
GA,13297,Walton County,2023,372415.31,12,Zillow ZHVI county,annual_mean_zhvi,complete_12_months
GA,13297,Walton County,2024,389232.86,12,Zillow ZHVI county,annual_mean_zhvi,complete_12_months
GA,13299,Ware County,2015,76253.4,12,Zillow ZHVI county,annual_mean_zhvi,complete_12_months
GA,13299,Ware County,2016,79458.46,12,Zillow ZHVI county,annual_mean_zhvi,complete_12_months
GA,13299,Ware County,2017,81294.73,12,Zillow ZHVI county,annual_mean_zhvi,complete_12_months
GA,13299,Ware County,2018,86220.17,12,Zillow ZHVI county,annual_mean_zhvi,complete_12_months
GA,13299,Ware County,2019,94203.42,12,Zillow ZHVI county,annual_mean_zhvi,complete_12_months
GA,13299,Ware County,2020,100503.27,12,Zillow ZHVI county,annual_mean_zhvi,complete_12_months
GA,13299,Ware County,2021,118468.65,12,Zillow ZHVI county,annual_mean_zhvi,complete_12_months
GA,13299,Ware County,2022,141877.28,12,Zillow ZHVI county,annual_mean_zhvi,complete_12_months
GA,13299,Ware County,2023,146773.08,12,Zillow ZHVI county,annual_mean_zhvi,complete_12_months
GA,13299,Ware County,2024,151854.14,12,Zillow ZHVI county,annual_mean_zhvi,complete_12_months
GA,13301,Warren County,2015,75278.95,12,Zillow ZHVI county,annual_mean_zhvi,complete_12_months
GA,13301,Warren County,2016,74542.79,12,Zillow ZHVI county,annual_mean_zhvi,complete_12_months
GA,13301,Warren County,2017,77108.16,12,Zillow ZHVI county,annual_mean_zhvi,complete_12_months
GA,13301,Warren County,2018,80989.37,12,Zillow ZHVI county,annual_mean_zhvi,complete_12_months
GA,13301,Warren County,2019,88851.83,12,Zillow ZHVI county,annual_mean_zhvi,complete_12_months
GA,13301,Warren County,2020,93598.62,12,Zillow ZHVI county,annual_mean_zhvi,complete_12_months
GA,13301,Warren County,2021,110274.24,12,Zillow ZHVI county,annual_mean_zhvi,complete_12_months
GA,13301,Warren County,2022,124794.85,12,Zillow ZHVI county,annual_mean_zhvi,complete_12_months
GA,13301,Warren County,2023,121131.7,12,Zillow ZHVI county,annual_mean_zhvi,complete_12_months
GA,13301,Warren County,2024,120845.6,12,Zillow ZHVI county,annual_mean_zhvi,complete_12_months
GA,13303,Washington County,2015,100731.93,12,Zillow ZHVI county,annual_mean_zhvi,complete_12_months
GA,13303,Washington County,2016,104001.89,12,Zillow ZHVI county,annual_mean_zhvi,complete_12_months
GA,13303,Washington County,2017,104306.11,12,Zillow ZHVI county,annual_mean_zhvi,complete_12_months
GA,13303,Washington County,2018,111349.24,12,Zillow ZHVI county,annual_mean_zhvi,complete_12_months
GA,13303,Washington County,2019,117581.98,12,Zillow ZHVI county,annual_mean_zhvi,complete_12_months
GA,13303,Washington County,2020,124951.68,12,Zillow ZHVI county,annual_mean_zhvi,complete_12_months
GA,13303,Washington County,2021,141375.88,12,Zillow ZHVI county,annual_mean_zhvi,complete_12_months
GA,13303,Washington County,2022,159809.46,12,Zillow ZHVI county,annual_mean_zhvi,complete_12_months
GA,13303,Washington County,2023,158882.11,12,Zillow ZHVI county,annual_mean_zhvi,complete_12_months
GA,13303,Washington County,2024,158853.2,12,Zillow ZHVI county,annual_mean_zhvi,complete_12_months
GA,13305,Wayne County,2015,113391.76,12,Zillow ZHVI county,annual_mean_zhvi,complete_12_months
GA,13305,Wayne County,2016,114886.84,12,Zillow ZHVI county,annual_mean_zhvi,complete_12_months
GA,13305,Wayne County,2017,115739.72,12,Zillow ZHVI county,annual_mean_zhvi,complete_12_months
GA,13305,Wayne County,2018,122604.03,12,Zillow ZHVI county,annual_mean_zhvi,complete_12_months
GA,13305,Wayne County,2019,132084.93,12,Zillow ZHVI county,annual_mean_zhvi,complete_12_months
GA,13305,Wayne County,2020,144802.02,12,Zillow ZHVI county,annual_mean_zhvi,complete_12_months
GA,13305,Wayne County,2021,163849.83,12,Zillow ZHVI county,annual_mean_zhvi,complete_12_months
GA,13305,Wayne County,2022,186916.39,12,Zillow ZHVI county,annual_mean_zhvi,complete_12_months
GA,13305,Wayne County,2023,189926.05,12,Zillow ZHVI county,annual_mean_zhvi,complete_12_months
GA,13305,Wayne County,2024,201632.42,12,Zillow ZHVI county,annual_mean_zhvi,complete_12_months
GA,13307,Webster County,2015,83123.26,12,Zillow ZHVI county,annual_mean_zhvi,complete_12_months
GA,13307,Webster County,2016,86082.44,12,Zillow ZHVI county,annual_mean_zhvi,complete_12_months
GA,13307,Webster County,2017,84188.37,12,Zillow ZHVI county,annual_mean_zhvi,complete_12_months
GA,13307,Webster County,2018,88411.08,12,Zillow ZHVI county,annual_mean_zhvi,complete_12_months
GA,13307,Webster County,2019,93444.4,12,Zillow ZHVI county,annual_mean_zhvi,complete_12_months
GA,13307,Webster County,2020,103848.95,12,Zillow ZHVI county,annual_mean_zhvi,complete_12_months
GA,13307,Webster County,2021,127483.21,12,Zillow ZHVI county,annual_mean_zhvi,complete_12_months
GA,13307,Webster County,2022,151294.2,12,Zillow ZHVI county,annual_mean_zhvi,complete_12_months
GA,13307,Webster County,2023,153838.35,12,Zillow ZHVI county,annual_mean_zhvi,complete_12_months
GA,13307,Webster County,2024,162648.59,12,Zillow ZHVI county,annual_mean_zhvi,complete_12_months
GA,13309,Wheeler County,2015,80414.99,12,Zillow ZHVI county,annual_mean_zhvi,complete_12_months
GA,13309,Wheeler County,2016,81185.04,12,Zillow ZHVI county,annual_mean_zhvi,complete_12_months
GA,13309,Wheeler County,2017,81141.06,12,Zillow ZHVI county,annual_mean_zhvi,complete_12_months
GA,13309,Wheeler County,2018,86752.32,12,Zillow ZHVI county,annual_mean_zhvi,complete_12_months
GA,13309,Wheeler County,2019,90243.86,12,Zillow ZHVI county,annual_mean_zhvi,complete_12_months
GA,13309,Wheeler County,2020,95334.61,12,Zillow ZHVI county,annual_mean_zhvi,complete_12_months
GA,13309,Wheeler County,2021,112666.41,12,Zillow ZHVI county,annual_mean_zhvi,complete_12_months
GA,13309,Wheeler County,2022,122954.89,12,Zillow ZHVI county,annual_mean_zhvi,complete_12_months
GA,13309,Wheeler County,2023,125949.18,12,Zillow ZHVI county,annual_mean_zhvi,complete_12_months
GA,13309,Wheeler County,2024,137131.08,12,Zillow ZHVI county,annual_mean_zhvi,complete_12_months
GA,13311,White County,2015,141665.61,12,Zillow ZHVI county,annual_mean_zhvi,complete_12_months
GA,13311,White County,2016,145232.36,12,Zillow ZHVI county,annual_mean_zhvi,complete_12_months
GA,13311,White County,2017,151671.92,12,Zillow ZHVI county,annual_mean_zhvi,complete_12_months
GA,13311,White County,2018,163797.51,12,Zillow ZHVI county,annual_mean_zhvi,complete_12_months
GA,13311,White County,2019,175457.64,12,Zillow ZHVI county,annual_mean_zhvi,complete_12_months
GA,13311,White County,2020,191566.87,12,Zillow ZHVI county,annual_mean_zhvi,complete_12_months
GA,13311,White County,2021,236586.76,12,Zillow ZHVI county,annual_mean_zhvi,complete_12_months
GA,13311,White County,2022,287104.33,12,Zillow ZHVI county,annual_mean_zhvi,complete_12_months
GA,13311,White County,2023,291233.65,12,Zillow ZHVI county,annual_mean_zhvi,complete_12_months
GA,13311,White County,2024,309967.17,12,Zillow ZHVI county,annual_mean_zhvi,complete_12_months
GA,13313,Whitfield County,2015,116522.65,12,Zillow ZHVI county,annual_mean_zhvi,complete_12_months
GA,13313,Whitfield County,2016,122645.09,12,Zillow ZHVI county,annual_mean_zhvi,complete_12_months
GA,13313,Whitfield County,2017,132556.46,12,Zillow ZHVI county,annual_mean_zhvi,complete_12_months
GA,13313,Whitfield County,2018,142328.88,12,Zillow ZHVI county,annual_mean_zhvi,complete_12_months
GA,13313,Whitfield County,2019,151368.77,12,Zillow ZHVI county,annual_mean_zhvi,complete_12_months
GA,13313,Whitfield County,2020,161851.02,12,Zillow ZHVI county,annual_mean_zhvi,complete_12_months
GA,13313,Whitfield County,2021,186655.07,12,Zillow ZHVI county,annual_mean_zhvi,complete_12_months
GA,13313,Whitfield County,2022,215975.35,12,Zillow ZHVI county,annual_mean_zhvi,complete_12_months
GA,13313,Whitfield County,2023,224129.21,12,Zillow ZHVI county,annual_mean_zhvi,complete_12_months
GA,13313,Whitfield County,2024,240369.29,12,Zillow ZHVI county,annual_mean_zhvi,complete_12_months
GA,13315,Wilcox County,2015,76818.47,12,Zillow ZHVI county,annual_mean_zhvi,complete_12_months
GA,13315,Wilcox County,2016,78859.49,12,Zillow ZHVI county,annual_mean_zhvi,complete_12_months
GA,13315,Wilcox County,2017,80122.52,12,Zillow ZHVI county,annual_mean_zhvi,complete_12_months
GA,13315,Wilcox County,2018,84854.99,12,Zillow ZHVI county,annual_mean_zhvi,complete_12_months
GA,13315,Wilcox County,2019,90442.57,12,Zillow ZHVI county,annual_mean_zhvi,complete_12_months
GA,13315,Wilcox County,2020,94261.98,12,Zillow ZHVI county,annual_mean_zhvi,complete_12_months
GA,13315,Wilcox County,2021,111031.08,12,Zillow ZHVI county,annual_mean_zhvi,complete_12_months
GA,13315,Wilcox County,2022,125538.48,12,Zillow ZHVI county,annual_mean_zhvi,complete_12_months
GA,13315,Wilcox County,2023,127410.42,12,Zillow ZHVI county,annual_mean_zhvi,complete_12_months
GA,13315,Wilcox County,2024,133296.05,12,Zillow ZHVI county,annual_mean_zhvi,complete_12_months
GA,13317,Wilkes County,2015,81737.99,12,Zillow ZHVI county,annual_mean_zhvi,complete_12_months
GA,13317,Wilkes County,2016,84365.68,12,Zillow ZHVI county,annual_mean_zhvi,complete_12_months
GA,13317,Wilkes County,2017,87086.3,12,Zillow ZHVI county,annual_mean_zhvi,complete_12_months
GA,13317,Wilkes County,2018,90949.08,12,Zillow ZHVI county,annual_mean_zhvi,complete_12_months
GA,13317,Wilkes County,2019,94083.17,12,Zillow ZHVI county,annual_mean_zhvi,complete_12_months
GA,13317,Wilkes County,2020,100846.25,12,Zillow ZHVI county,annual_mean_zhvi,complete_12_months
GA,13317,Wilkes County,2021,121799.79,12,Zillow ZHVI county,annual_mean_zhvi,complete_12_months
GA,13317,Wilkes County,2022,146651.15,12,Zillow ZHVI county,annual_mean_zhvi,complete_12_months
GA,13317,Wilkes County,2023,155698.26,12,Zillow ZHVI county,annual_mean_zhvi,complete_12_months
GA,13317,Wilkes County,2024,166962.97,12,Zillow ZHVI county,annual_mean_zhvi,complete_12_months
GA,13319,Wilkinson County,2015,78750.87,12,Zillow ZHVI county,annual_mean_zhvi,complete_12_months
GA,13319,Wilkinson County,2016,80349.57,12,Zillow ZHVI county,annual_mean_zhvi,complete_12_months
GA,13319,Wilkinson County,2017,82228.51,12,Zillow ZHVI county,annual_mean_zhvi,complete_12_months
GA,13319,Wilkinson County,2018,86224.9,12,Zillow ZHVI county,annual_mean_zhvi,complete_12_months
GA,13319,Wilkinson County,2019,91634.7,12,Zillow ZHVI county,annual_mean_zhvi,complete_12_months
GA,13319,Wilkinson County,2020,101677.34,12,Zillow ZHVI county,annual_mean_zhvi,complete_12_months
GA,13319,Wilkinson County,2021,119123.36,12,Zillow ZHVI county,annual_mean_zhvi,complete_12_months
GA,13319,Wilkinson County,2022,134091.78,12,Zillow ZHVI county,annual_mean_zhvi,complete_12_months
GA,13319,Wilkinson County,2023,130650.66,12,Zillow ZHVI county,annual_mean_zhvi,complete_12_months
GA,13319,Wilkinson County,2024,138848.17,12,Zillow ZHVI county,annual_mean_zhvi,complete_12_months
GA,13321,Worth County,2015,114347.32,12,Zillow ZHVI county,annual_mean_zhvi,complete_12_months
GA,13321,Worth County,2016,110497.13,12,Zillow ZHVI county,annual_mean_zhvi,complete_12_months
GA,13321,Worth County,2017,105670.56,12,Zillow ZHVI county,annual_mean_zhvi,complete_12_months
GA,13321,Worth County,2018,112218.86,12,Zillow ZHVI county,annual_mean_zhvi,complete_12_months
GA,13321,Worth County,2019,119198.67,12,Zillow ZHVI county,annual_mean_zhvi,complete_12_months
GA,13321,Worth County,2020,125805.0,12,Zillow ZHVI county,annual_mean_zhvi,complete_12_months
GA,13321,Worth County,2021,138588.61,12,Zillow ZHVI county,annual_mean_zhvi,complete_12_months
GA,13321,Worth County,2022,154828.49,12,Zillow ZHVI county,annual_mean_zhvi,complete_12_months
GA,13321,Worth County,2023,157947.73,12,Zillow ZHVI county,annual_mean_zhvi,complete_12_months
GA,13321,Worth County,2024,167228.66,12,Zillow ZHVI county,annual_mean_zhvi,complete_12_months
MD,24001,Allegany County,2015,98022.2,12,Zillow ZHVI county,annual_mean_zhvi,complete_12_months
MD,24001,Allegany County,2016,97368.85,12,Zillow ZHVI county,annual_mean_zhvi,complete_12_months
MD,24001,Allegany County,2017,98184.29,12,Zillow ZHVI county,annual_mean_zhvi,complete_12_months
MD,24001,Allegany County,2018,100691.75,12,Zillow ZHVI county,annual_mean_zhvi,complete_12_months
MD,24001,Allegany County,2019,108110.98,12,Zillow ZHVI county,annual_mean_zhvi,complete_12_months
MD,24001,Allegany County,2020,113521.04,12,Zillow ZHVI county,annual_mean_zhvi,complete_12_months
MD,24001,Allegany County,2021,127320.98,12,Zillow ZHVI county,annual_mean_zhvi,complete_12_months
MD,24001,Allegany County,2022,138136.31,12,Zillow ZHVI county,annual_mean_zhvi,complete_12_months
MD,24001,Allegany County,2023,141646.71,12,Zillow ZHVI county,annual_mean_zhvi,complete_12_months
MD,24001,Allegany County,2024,145565.22,12,Zillow ZHVI county,annual_mean_zhvi,complete_12_months
MD,24003,Anne Arundel County,2015,345511.86,12,Zillow ZHVI county,annual_mean_zhvi,complete_12_months
MD,24003,Anne Arundel County,2016,351338.05,12,Zillow ZHVI county,annual_mean_zhvi,complete_12_months
MD,24003,Anne Arundel County,2017,362772.67,12,Zillow ZHVI county,annual_mean_zhvi,complete_12_months
MD,24003,Anne Arundel County,2018,372772.01,12,Zillow ZHVI county,annual_mean_zhvi,complete_12_months
MD,24003,Anne Arundel County,2019,380914.74,12,Zillow ZHVI county,annual_mean_zhvi,complete_12_months
MD,24003,Anne Arundel County,2020,396472.03,12,Zillow ZHVI county,annual_mean_zhvi,complete_12_months
MD,24003,Anne Arundel County,2021,439909.92,12,Zillow ZHVI county,annual_mean_zhvi,complete_12_months
MD,24003,Anne Arundel County,2022,471617.11,12,Zillow ZHVI county,annual_mean_zhvi,complete_12_months
MD,24003,Anne Arundel County,2023,483589.1,12,Zillow ZHVI county,annual_mean_zhvi,complete_12_months
MD,24003,Anne Arundel County,2024,499187.21,12,Zillow ZHVI county,annual_mean_zhvi,complete_12_months
MD,24005,Baltimore County,2015,242505.89,12,Zillow ZHVI county,annual_mean_zhvi,complete_12_months
MD,24005,Baltimore County,2016,248108.52,12,Zillow ZHVI county,annual_mean_zhvi,complete_12_months
MD,24005,Baltimore County,2017,255267.03,12,Zillow ZHVI county,annual_mean_zhvi,complete_12_months
MD,24005,Baltimore County,2018,262948.31,12,Zillow ZHVI county,annual_mean_zhvi,complete_12_months
MD,24005,Baltimore County,2019,271619.13,12,Zillow ZHVI county,annual_mean_zhvi,complete_12_months
MD,24005,Baltimore County,2020,282658.54,12,Zillow ZHVI county,annual_mean_zhvi,complete_12_months
MD,24005,Baltimore County,2021,313763.72,12,Zillow ZHVI county,annual_mean_zhvi,complete_12_months
MD,24005,Baltimore County,2022,338173.65,12,Zillow ZHVI county,annual_mean_zhvi,complete_12_months
MD,24005,Baltimore County,2023,346067.21,12,Zillow ZHVI county,annual_mean_zhvi,complete_12_months
MD,24005,Baltimore County,2024,355833.78,12,Zillow ZHVI county,annual_mean_zhvi,complete_12_months
MD,24009,Calvert County,2015,328886.94,12,Zillow ZHVI county,annual_mean_zhvi,complete_12_months
MD,24009,Calvert County,2016,334814.03,12,Zillow ZHVI county,annual_mean_zhvi,complete_12_months
MD,24009,Calvert County,2017,344610.23,12,Zillow ZHVI county,annual_mean_zhvi,complete_12_months
MD,24009,Calvert County,2018,352640.88,12,Zillow ZHVI county,annual_mean_zhvi,complete_12_months
MD,24009,Calvert County,2019,363812.58,12,Zillow ZHVI county,annual_mean_zhvi,complete_12_months
MD,24009,Calvert County,2020,379419.9,12,Zillow ZHVI county,annual_mean_zhvi,complete_12_months
MD,24009,Calvert County,2021,424567.95,12,Zillow ZHVI county,annual_mean_zhvi,complete_12_months
MD,24009,Calvert County,2022,451829.78,12,Zillow ZHVI county,annual_mean_zhvi,complete_12_months
MD,24009,Calvert County,2023,458616.25,12,Zillow ZHVI county,annual_mean_zhvi,complete_12_months
MD,24009,Calvert County,2024,470143.37,12,Zillow ZHVI county,annual_mean_zhvi,complete_12_months
MD,24011,Caroline County,2015,184899.43,12,Zillow ZHVI county,annual_mean_zhvi,complete_12_months
MD,24011,Caroline County,2016,192097.05,12,Zillow ZHVI county,annual_mean_zhvi,complete_12_months
MD,24011,Caroline County,2017,199241.44,12,Zillow ZHVI county,annual_mean_zhvi,complete_12_months
MD,24011,Caroline County,2018,210478.64,12,Zillow ZHVI county,annual_mean_zhvi,complete_12_months
MD,24011,Caroline County,2019,224301.95,12,Zillow ZHVI county,annual_mean_zhvi,complete_12_months
MD,24011,Caroline County,2020,240206.71,12,Zillow ZHVI county,annual_mean_zhvi,complete_12_months
MD,24011,Caroline County,2021,280230.58,12,Zillow ZHVI county,annual_mean_zhvi,complete_12_months
MD,24011,Caroline County,2022,304476.19,12,Zillow ZHVI county,annual_mean_zhvi,complete_12_months
MD,24011,Caroline County,2023,307247.24,12,Zillow ZHVI county,annual_mean_zhvi,complete_12_months
MD,24011,Caroline County,2024,323783.16,12,Zillow ZHVI county,annual_mean_zhvi,complete_12_months
MD,24013,Carroll County,2015,319597.82,12,Zillow ZHVI county,annual_mean_zhvi,complete_12_months
MD,24013,Carroll County,2016,325983.21,12,Zillow ZHVI county,annual_mean_zhvi,complete_12_months
MD,24013,Carroll County,2017,334797.39,12,Zillow ZHVI county,annual_mean_zhvi,complete_12_months
MD,24013,Carroll County,2018,345584.91,12,Zillow ZHVI county,annual_mean_zhvi,complete_12_months
MD,24013,Carroll County,2019,356176.11,12,Zillow ZHVI county,annual_mean_zhvi,complete_12_months
MD,24013,Carroll County,2020,371658.92,12,Zillow ZHVI county,annual_mean_zhvi,complete_12_months
MD,24013,Carroll County,2021,417164.47,12,Zillow ZHVI county,annual_mean_zhvi,complete_12_months
MD,24013,Carroll County,2022,447764.13,12,Zillow ZHVI county,annual_mean_zhvi,complete_12_months
MD,24013,Carroll County,2023,461573.8,12,Zillow ZHVI county,annual_mean_zhvi,complete_12_months
MD,24013,Carroll County,2024,479704.43,12,Zillow ZHVI county,annual_mean_zhvi,complete_12_months
MD,24015,Cecil County,2015,231520.8,12,Zillow ZHVI county,annual_mean_zhvi,complete_12_months
MD,24015,Cecil County,2016,233645.23,12,Zillow ZHVI county,annual_mean_zhvi,complete_12_months
MD,24015,Cecil County,2017,241062.58,12,Zillow ZHVI county,annual_mean_zhvi,complete_12_months
MD,24015,Cecil County,2018,250535.73,12,Zillow ZHVI county,annual_mean_zhvi,complete_12_months
MD,24015,Cecil County,2019,263527.94,12,Zillow ZHVI county,annual_mean_zhvi,complete_12_months
MD,24015,Cecil County,2020,278761.62,12,Zillow ZHVI county,annual_mean_zhvi,complete_12_months
MD,24015,Cecil County,2021,316158.25,12,Zillow ZHVI county,annual_mean_zhvi,complete_12_months
MD,24015,Cecil County,2022,342657.07,12,Zillow ZHVI county,annual_mean_zhvi,complete_12_months
MD,24015,Cecil County,2023,354915.08,12,Zillow ZHVI county,annual_mean_zhvi,complete_12_months
MD,24015,Cecil County,2024,373201.47,12,Zillow ZHVI county,annual_mean_zhvi,complete_12_months
MD,24017,Charles County,2015,285821.91,12,Zillow ZHVI county,annual_mean_zhvi,complete_12_months
MD,24017,Charles County,2016,296473.16,12,Zillow ZHVI county,annual_mean_zhvi,complete_12_months
MD,24017,Charles County,2017,309255.18,12,Zillow ZHVI county,annual_mean_zhvi,complete_12_months
MD,24017,Charles County,2018,323640.25,12,Zillow ZHVI county,annual_mean_zhvi,complete_12_months
MD,24017,Charles County,2019,335878.9,12,Zillow ZHVI county,annual_mean_zhvi,complete_12_months
MD,24017,Charles County,2020,352182.93,12,Zillow ZHVI county,annual_mean_zhvi,complete_12_months
MD,24017,Charles County,2021,402279.14,12,Zillow ZHVI county,annual_mean_zhvi,complete_12_months
MD,24017,Charles County,2022,435132.14,12,Zillow ZHVI county,annual_mean_zhvi,complete_12_months
MD,24017,Charles County,2023,439365.65,12,Zillow ZHVI county,annual_mean_zhvi,complete_12_months
MD,24017,Charles County,2024,451011.99,12,Zillow ZHVI county,annual_mean_zhvi,complete_12_months
MD,24019,Dorchester County,2015,152530.74,12,Zillow ZHVI county,annual_mean_zhvi,complete_12_months
MD,24019,Dorchester County,2016,156552.47,12,Zillow ZHVI county,annual_mean_zhvi,complete_12_months
MD,24019,Dorchester County,2017,159993.31,12,Zillow ZHVI county,annual_mean_zhvi,complete_12_months
MD,24019,Dorchester County,2018,172767.79,12,Zillow ZHVI county,annual_mean_zhvi,complete_12_months
MD,24019,Dorchester County,2019,182062.32,12,Zillow ZHVI county,annual_mean_zhvi,complete_12_months
MD,24019,Dorchester County,2020,194639.33,12,Zillow ZHVI county,annual_mean_zhvi,complete_12_months
MD,24019,Dorchester County,2021,225045.33,12,Zillow ZHVI county,annual_mean_zhvi,complete_12_months
MD,24019,Dorchester County,2022,249090.36,12,Zillow ZHVI county,annual_mean_zhvi,complete_12_months
MD,24019,Dorchester County,2023,257225.75,12,Zillow ZHVI county,annual_mean_zhvi,complete_12_months
MD,24019,Dorchester County,2024,268770.47,12,Zillow ZHVI county,annual_mean_zhvi,complete_12_months
MD,24021,Frederick County,2015,315560.93,12,Zillow ZHVI county,annual_mean_zhvi,complete_12_months
MD,24021,Frederick County,2016,322481.51,12,Zillow ZHVI county,annual_mean_zhvi,complete_12_months
MD,24021,Frederick County,2017,331465.73,12,Zillow ZHVI county,annual_mean_zhvi,complete_12_months
MD,24021,Frederick County,2018,342057.36,12,Zillow ZHVI county,annual_mean_zhvi,complete_12_months
MD,24021,Frederick County,2019,354078.97,12,Zillow ZHVI county,annual_mean_zhvi,complete_12_months
MD,24021,Frederick County,2020,368191.18,12,Zillow ZHVI county,annual_mean_zhvi,complete_12_months
MD,24021,Frederick County,2021,417338.7,12,Zillow ZHVI county,annual_mean_zhvi,complete_12_months
MD,24021,Frederick County,2022,459043.68,12,Zillow ZHVI county,annual_mean_zhvi,complete_12_months
MD,24021,Frederick County,2023,473895.6,12,Zillow ZHVI county,annual_mean_zhvi,complete_12_months
MD,24021,Frederick County,2024,495530.41,12,Zillow ZHVI county,annual_mean_zhvi,complete_12_months
MD,24023,Garrett County,2015,205178.5,12,Zillow ZHVI county,annual_mean_zhvi,complete_12_months
MD,24023,Garrett County,2016,208548.6,12,Zillow ZHVI county,annual_mean_zhvi,complete_12_months
MD,24023,Garrett County,2017,210453.91,12,Zillow ZHVI county,annual_mean_zhvi,complete_12_months
MD,24023,Garrett County,2018,216657.62,12,Zillow ZHVI county,annual_mean_zhvi,complete_12_months
MD,24023,Garrett County,2019,224405.0,12,Zillow ZHVI county,annual_mean_zhvi,complete_12_months
MD,24023,Garrett County,2020,236425.05,12,Zillow ZHVI county,annual_mean_zhvi,complete_12_months
MD,24023,Garrett County,2021,286435.06,12,Zillow ZHVI county,annual_mean_zhvi,complete_12_months
MD,24023,Garrett County,2022,326192.07,12,Zillow ZHVI county,annual_mean_zhvi,complete_12_months
MD,24023,Garrett County,2023,330062.86,12,Zillow ZHVI county,annual_mean_zhvi,complete_12_months
MD,24023,Garrett County,2024,336711.6,12,Zillow ZHVI county,annual_mean_zhvi,complete_12_months
MD,24025,Harford County,2015,276268.39,12,Zillow ZHVI county,annual_mean_zhvi,complete_12_months
MD,24025,Harford County,2016,282324.18,12,Zillow ZHVI county,annual_mean_zhvi,complete_12_months
MD,24025,Harford County,2017,288313.02,12,Zillow ZHVI county,annual_mean_zhvi,complete_12_months
MD,24025,Harford County,2018,296755.87,12,Zillow ZHVI county,annual_mean_zhvi,complete_12_months
MD,24025,Harford County,2019,305733.73,12,Zillow ZHVI county,annual_mean_zhvi,complete_12_months
MD,24025,Harford County,2020,320554.85,12,Zillow ZHVI county,annual_mean_zhvi,complete_12_months
MD,24025,Harford County,2021,356342.26,12,Zillow ZHVI county,annual_mean_zhvi,complete_12_months
MD,24025,Harford County,2022,384820.32,12,Zillow ZHVI county,annual_mean_zhvi,complete_12_months
MD,24025,Harford County,2023,400827.03,12,Zillow ZHVI county,annual_mean_zhvi,complete_12_months
MD,24025,Harford County,2024,413701.14,12,Zillow ZHVI county,annual_mean_zhvi,complete_12_months
MD,24027,Howard County,2015,447168.84,12,Zillow ZHVI county,annual_mean_zhvi,complete_12_months
MD,24027,Howard County,2016,451592.0,12,Zillow ZHVI county,annual_mean_zhvi,complete_12_months
MD,24027,Howard County,2017,462239.5,12,Zillow ZHVI county,annual_mean_zhvi,complete_12_months
MD,24027,Howard County,2018,470748.06,12,Zillow ZHVI county,annual_mean_zhvi,complete_12_months
MD,24027,Howard County,2019,480882.05,12,Zillow ZHVI county,annual_mean_zhvi,complete_12_months
MD,24027,Howard County,2020,495980.96,12,Zillow ZHVI county,annual_mean_zhvi,complete_12_months
MD,24027,Howard County,2021,543609.09,12,Zillow ZHVI county,annual_mean_zhvi,complete_12_months
MD,24027,Howard County,2022,588896.5,12,Zillow ZHVI county,annual_mean_zhvi,complete_12_months
MD,24027,Howard County,2023,606497.25,12,Zillow ZHVI county,annual_mean_zhvi,complete_12_months
MD,24027,Howard County,2024,632263.4,12,Zillow ZHVI county,annual_mean_zhvi,complete_12_months
MD,24029,Kent County,2015,234566.89,12,Zillow ZHVI county,annual_mean_zhvi,complete_12_months
MD,24029,Kent County,2016,233908.01,12,Zillow ZHVI county,annual_mean_zhvi,complete_12_months
MD,24029,Kent County,2017,236086.97,12,Zillow ZHVI county,annual_mean_zhvi,complete_12_months
MD,24029,Kent County,2018,249029.38,12,Zillow ZHVI county,annual_mean_zhvi,complete_12_months
MD,24029,Kent County,2019,258176.72,12,Zillow ZHVI county,annual_mean_zhvi,complete_12_months
MD,24029,Kent County,2020,273477.17,12,Zillow ZHVI county,annual_mean_zhvi,complete_12_months
MD,24029,Kent County,2021,322467.16,12,Zillow ZHVI county,annual_mean_zhvi,complete_12_months
MD,24029,Kent County,2022,351623.74,12,Zillow ZHVI county,annual_mean_zhvi,complete_12_months
MD,24029,Kent County,2023,359373.34,12,Zillow ZHVI county,annual_mean_zhvi,complete_12_months
MD,24029,Kent County,2024,376386.89,12,Zillow ZHVI county,annual_mean_zhvi,complete_12_months
MD,24031,Montgomery County,2015,444013.89,12,Zillow ZHVI county,annual_mean_zhvi,complete_12_months
MD,24031,Montgomery County,2016,450778.34,12,Zillow ZHVI county,annual_mean_zhvi,complete_12_months
MD,24031,Montgomery County,2017,461517.25,12,Zillow ZHVI county,annual_mean_zhvi,complete_12_months
MD,24031,Montgomery County,2018,474645.95,12,Zillow ZHVI county,annual_mean_zhvi,complete_12_months
MD,24031,Montgomery County,2019,489346.43,12,Zillow ZHVI county,annual_mean_zhvi,complete_12_months
MD,24031,Montgomery County,2020,507672.12,12,Zillow ZHVI county,annual_mean_zhvi,complete_12_months
MD,24031,Montgomery County,2021,560799.52,12,Zillow ZHVI county,annual_mean_zhvi,complete_12_months
MD,24031,Montgomery County,2022,594042.6,12,Zillow ZHVI county,annual_mean_zhvi,complete_12_months
MD,24031,Montgomery County,2023,599360.21,12,Zillow ZHVI county,annual_mean_zhvi,complete_12_months
MD,24031,Montgomery County,2024,622173.43,12,Zillow ZHVI county,annual_mean_zhvi,complete_12_months
MD,24033,Prince George's County,2015,263330.43,12,Zillow ZHVI county,annual_mean_zhvi,complete_12_months
MD,24033,Prince George's County,2016,282717.68,12,Zillow ZHVI county,annual_mean_zhvi,complete_12_months
MD,24033,Prince George's County,2017,300564.74,12,Zillow ZHVI county,annual_mean_zhvi,complete_12_months
MD,24033,Prince George's County,2018,314907.96,12,Zillow ZHVI county,annual_mean_zhvi,complete_12_months
MD,24033,Prince George's County,2019,328241.13,12,Zillow ZHVI county,annual_mean_zhvi,complete_12_months
MD,24033,Prince George's County,2020,349355.02,12,Zillow ZHVI county,annual_mean_zhvi,complete_12_months
MD,24033,Prince George's County,2021,394033.67,12,Zillow ZHVI county,annual_mean_zhvi,complete_12_months
MD,24033,Prince George's County,2022,417743.25,12,Zillow ZHVI county,annual_mean_zhvi,complete_12_months
MD,24033,Prince George's County,2023,421521.97,12,Zillow ZHVI county,annual_mean_zhvi,complete_12_months
MD,24033,Prince George's County,2024,431005.6,12,Zillow ZHVI county,annual_mean_zhvi,complete_12_months
MD,24035,Queen Anne's County,2015,323368.63,12,Zillow ZHVI county,annual_mean_zhvi,complete_12_months
MD,24035,Queen Anne's County,2016,326978.27,12,Zillow ZHVI county,annual_mean_zhvi,complete_12_months
MD,24035,Queen Anne's County,2017,337828.22,12,Zillow ZHVI county,annual_mean_zhvi,complete_12_months
MD,24035,Queen Anne's County,2018,350850.92,12,Zillow ZHVI county,annual_mean_zhvi,complete_12_months
MD,24035,Queen Anne's County,2019,362562.65,12,Zillow ZHVI county,annual_mean_zhvi,complete_12_months
MD,24035,Queen Anne's County,2020,376073.69,12,Zillow ZHVI county,annual_mean_zhvi,complete_12_months
MD,24035,Queen Anne's County,2021,427988.39,12,Zillow ZHVI county,annual_mean_zhvi,complete_12_months
MD,24035,Queen Anne's County,2022,465026.83,12,Zillow ZHVI county,annual_mean_zhvi,complete_12_months
MD,24035,Queen Anne's County,2023,479275.39,12,Zillow ZHVI county,annual_mean_zhvi,complete_12_months
MD,24035,Queen Anne's County,2024,503839.93,12,Zillow ZHVI county,annual_mean_zhvi,complete_12_months
MD,24037,St. Mary's County,2015,292706.89,12,Zillow ZHVI county,annual_mean_zhvi,complete_12_months
MD,24037,St. Mary's County,2016,291726.32,12,Zillow ZHVI county,annual_mean_zhvi,complete_12_months
MD,24037,St. Mary's County,2017,299473.12,12,Zillow ZHVI county,annual_mean_zhvi,complete_12_months
MD,24037,St. Mary's County,2018,307423.14,12,Zillow ZHVI county,annual_mean_zhvi,complete_12_months
MD,24037,St. Mary's County,2019,317121.17,12,Zillow ZHVI county,annual_mean_zhvi,complete_12_months
MD,24037,St. Mary's County,2020,334316.6,12,Zillow ZHVI county,annual_mean_zhvi,complete_12_months
MD,24037,St. Mary's County,2021,373237.26,12,Zillow ZHVI county,annual_mean_zhvi,complete_12_months
MD,24037,St. Mary's County,2022,398115.77,12,Zillow ZHVI county,annual_mean_zhvi,complete_12_months
MD,24037,St. Mary's County,2023,405322.45,12,Zillow ZHVI county,annual_mean_zhvi,complete_12_months
MD,24037,St. Mary's County,2024,416218.69,12,Zillow ZHVI county,annual_mean_zhvi,complete_12_months
MD,24039,Somerset County,2015,118035.92,12,Zillow ZHVI county,annual_mean_zhvi,complete_12_months
MD,24039,Somerset County,2016,116850.44,12,Zillow ZHVI county,annual_mean_zhvi,complete_12_months
MD,24039,Somerset County,2017,118920.21,12,Zillow ZHVI county,annual_mean_zhvi,complete_12_months
MD,24039,Somerset County,2018,123208.84,12,Zillow ZHVI county,annual_mean_zhvi,complete_12_months
MD,24039,Somerset County,2019,129414.82,12,Zillow ZHVI county,annual_mean_zhvi,complete_12_months
MD,24039,Somerset County,2020,140540.51,12,Zillow ZHVI county,annual_mean_zhvi,complete_12_months
MD,24039,Somerset County,2021,163994.69,12,Zillow ZHVI county,annual_mean_zhvi,complete_12_months
MD,24039,Somerset County,2022,181436.71,12,Zillow ZHVI county,annual_mean_zhvi,complete_12_months
MD,24039,Somerset County,2023,186976.53,12,Zillow ZHVI county,annual_mean_zhvi,complete_12_months
MD,24039,Somerset County,2024,198190.99,12,Zillow ZHVI county,annual_mean_zhvi,complete_12_months
MD,24041,Talbot County,2015,314669.0,12,Zillow ZHVI county,annual_mean_zhvi,complete_12_months
MD,24041,Talbot County,2016,320812.69,12,Zillow ZHVI county,annual_mean_zhvi,complete_12_months
MD,24041,Talbot County,2017,327782.37,12,Zillow ZHVI county,annual_mean_zhvi,complete_12_months
MD,24041,Talbot County,2018,336869.98,12,Zillow ZHVI county,annual_mean_zhvi,complete_12_months
MD,24041,Talbot County,2019,344341.55,12,Zillow ZHVI county,annual_mean_zhvi,complete_12_months
MD,24041,Talbot County,2020,357498.69,12,Zillow ZHVI county,annual_mean_zhvi,complete_12_months
MD,24041,Talbot County,2021,412865.62,12,Zillow ZHVI county,annual_mean_zhvi,complete_12_months
MD,24041,Talbot County,2022,454246.51,12,Zillow ZHVI county,annual_mean_zhvi,complete_12_months
MD,24041,Talbot County,2023,465975.87,12,Zillow ZHVI county,annual_mean_zhvi,complete_12_months
MD,24041,Talbot County,2024,489108.68,12,Zillow ZHVI county,annual_mean_zhvi,complete_12_months
MD,24043,Washington County,2015,196507.97,12,Zillow ZHVI county,annual_mean_zhvi,complete_12_months
MD,24043,Washington County,2016,200723.18,12,Zillow ZHVI county,annual_mean_zhvi,complete_12_months
MD,24043,Washington County,2017,206863.07,12,Zillow ZHVI county,annual_mean_zhvi,complete_12_months
MD,24043,Washington County,2018,213990.99,12,Zillow ZHVI county,annual_mean_zhvi,complete_12_months
MD,24043,Washington County,2019,224415.71,12,Zillow ZHVI county,annual_mean_zhvi,complete_12_months
MD,24043,Washington County,2020,237460.93,12,Zillow ZHVI county,annual_mean_zhvi,complete_12_months
MD,24043,Washington County,2021,270502.24,12,Zillow ZHVI county,annual_mean_zhvi,complete_12_months
MD,24043,Washington County,2022,296888.46,12,Zillow ZHVI county,annual_mean_zhvi,complete_12_months
MD,24043,Washington County,2023,307258.39,12,Zillow ZHVI county,annual_mean_zhvi,complete_12_months
MD,24043,Washington County,2024,320708.13,12,Zillow ZHVI county,annual_mean_zhvi,complete_12_months
MD,24045,Wicomico County,2015,157550.19,12,Zillow ZHVI county,annual_mean_zhvi,complete_12_months
MD,24045,Wicomico County,2016,158425.28,12,Zillow ZHVI county,annual_mean_zhvi,complete_12_months
MD,24045,Wicomico County,2017,163377.91,12,Zillow ZHVI county,annual_mean_zhvi,complete_12_months
MD,24045,Wicomico County,2018,171568.07,12,Zillow ZHVI county,annual_mean_zhvi,complete_12_months
MD,24045,Wicomico County,2019,180092.2,12,Zillow ZHVI county,annual_mean_zhvi,complete_12_months
MD,24045,Wicomico County,2020,190860.52,12,Zillow ZHVI county,annual_mean_zhvi,complete_12_months
MD,24045,Wicomico County,2021,215680.77,12,Zillow ZHVI county,annual_mean_zhvi,complete_12_months
MD,24045,Wicomico County,2022,239581.45,12,Zillow ZHVI county,annual_mean_zhvi,complete_12_months
MD,24045,Wicomico County,2023,252093.32,12,Zillow ZHVI county,annual_mean_zhvi,complete_12_months
MD,24045,Wicomico County,2024,269147.26,12,Zillow ZHVI county,annual_mean_zhvi,complete_12_months
MD,24047,Worcester County,2015,245157.9,12,Zillow ZHVI county,annual_mean_zhvi,complete_12_months
MD,24047,Worcester County,2016,246089.77,12,Zillow ZHVI county,annual_mean_zhvi,complete_12_months
MD,24047,Worcester County,2017,253121.42,12,Zillow ZHVI county,annual_mean_zhvi,complete_12_months
MD,24047,Worcester County,2018,264285.76,12,Zillow ZHVI county,annual_mean_zhvi,complete_12_months
MD,24047,Worcester County,2019,274830.95,12,Zillow ZHVI county,annual_mean_zhvi,complete_12_months
MD,24047,Worcester County,2020,288024.94,12,Zillow ZHVI county,annual_mean_zhvi,complete_12_months
MD,24047,Worcester County,2021,345332.02,12,Zillow ZHVI county,annual_mean_zhvi,complete_12_months
MD,24047,Worcester County,2022,405244.96,12,Zillow ZHVI county,annual_mean_zhvi,complete_12_months
MD,24047,Worcester County,2023,424880.97,12,Zillow ZHVI county,annual_mean_zhvi,complete_12_months
MD,24047,Worcester County,2024,439266.89,12,Zillow ZHVI county,annual_mean_zhvi,complete_12_months
MD,24510,Baltimore city,2015,111671.98,12,Zillow ZHVI county,annual_mean_zhvi,complete_12_months
MD,24510,Baltimore city,2016,114802.41,12,Zillow ZHVI county,annual_mean_zhvi,complete_12_months
MD,24510,Baltimore city,2017,120951.51,12,Zillow ZHVI county,annual_mean_zhvi,complete_12_months
MD,24510,Baltimore city,2018,131590.83,12,Zillow ZHVI county,annual_mean_zhvi,complete_12_months
MD,24510,Baltimore city,2019,142761.08,12,Zillow ZHVI county,annual_mean_zhvi,complete_12_months
MD,24510,Baltimore city,2020,150146.82,12,Zillow ZHVI county,annual_mean_zhvi,complete_12_months
MD,24510,Baltimore city,2021,171120.44,12,Zillow ZHVI county,annual_mean_zhvi,complete_12_months
MD,24510,Baltimore city,2022,185383.22,12,Zillow ZHVI county,annual_mean_zhvi,complete_12_months
MD,24510,Baltimore city,2023,185774.25,12,Zillow ZHVI county,annual_mean_zhvi,complete_12_months
MD,24510,Baltimore city,2024,192563.64,12,Zillow ZHVI county,annual_mean_zhvi,complete_12_months
NJ,34001,Atlantic County,2015,192324.8,12,Zillow ZHVI county,annual_mean_zhvi,complete_12_months
NJ,34001,Atlantic County,2016,184370.04,12,Zillow ZHVI county,annual_mean_zhvi,complete_12_months
NJ,34001,Atlantic County,2017,179726.79,12,Zillow ZHVI county,annual_mean_zhvi,complete_12_months
NJ,34001,Atlantic County,2018,188733.58,12,Zillow ZHVI county,annual_mean_zhvi,complete_12_months
NJ,34001,Atlantic County,2019,203923.77,12,Zillow ZHVI county,annual_mean_zhvi,complete_12_months
NJ,34001,Atlantic County,2020,220439.35,12,Zillow ZHVI county,annual_mean_zhvi,complete_12_months
NJ,34001,Atlantic County,2021,262176.03,12,Zillow ZHVI county,annual_mean_zhvi,complete_12_months
NJ,34001,Atlantic County,2022,301571.04,12,Zillow ZHVI county,annual_mean_zhvi,complete_12_months
NJ,34001,Atlantic County,2023,326380.2,12,Zillow ZHVI county,annual_mean_zhvi,complete_12_months
NJ,34001,Atlantic County,2024,355752.01,12,Zillow ZHVI county,annual_mean_zhvi,complete_12_months
NJ,34003,Bergen County,2015,470232.27,12,Zillow ZHVI county,annual_mean_zhvi,complete_12_months
NJ,34003,Bergen County,2016,484523.73,12,Zillow ZHVI county,annual_mean_zhvi,complete_12_months
NJ,34003,Bergen County,2017,500947.73,12,Zillow ZHVI county,annual_mean_zhvi,complete_12_months
NJ,34003,Bergen County,2018,515125.91,12,Zillow ZHVI county,annual_mean_zhvi,complete_12_months
NJ,34003,Bergen County,2019,521857.05,12,Zillow ZHVI county,annual_mean_zhvi,complete_12_months
NJ,34003,Bergen County,2020,540878.54,12,Zillow ZHVI county,annual_mean_zhvi,complete_12_months
NJ,34003,Bergen County,2021,593770.74,12,Zillow ZHVI county,annual_mean_zhvi,complete_12_months
NJ,34003,Bergen County,2022,635460.48,12,Zillow ZHVI county,annual_mean_zhvi,complete_12_months
NJ,34003,Bergen County,2023,660276.17,12,Zillow ZHVI county,annual_mean_zhvi,complete_12_months
NJ,34003,Bergen County,2024,712050.65,12,Zillow ZHVI county,annual_mean_zhvi,complete_12_months
NJ,34005,Burlington County,2015,230536.77,12,Zillow ZHVI county,annual_mean_zhvi,complete_12_months
NJ,34005,Burlington County,2016,235805.36,12,Zillow ZHVI county,annual_mean_zhvi,complete_12_months
NJ,34005,Burlington County,2017,238486.41,12,Zillow ZHVI county,annual_mean_zhvi,complete_12_months
NJ,34005,Burlington County,2018,243327.37,12,Zillow ZHVI county,annual_mean_zhvi,complete_12_months
NJ,34005,Burlington County,2019,252980.82,12,Zillow ZHVI county,annual_mean_zhvi,complete_12_months
NJ,34005,Burlington County,2020,270054.29,12,Zillow ZHVI county,annual_mean_zhvi,complete_12_months
NJ,34005,Burlington County,2021,306509.12,12,Zillow ZHVI county,annual_mean_zhvi,complete_12_months
NJ,34005,Burlington County,2022,345230.8,12,Zillow ZHVI county,annual_mean_zhvi,complete_12_months
NJ,34005,Burlington County,2023,370772.53,12,Zillow ZHVI county,annual_mean_zhvi,complete_12_months
NJ,34005,Burlington County,2024,404323.34,12,Zillow ZHVI county,annual_mean_zhvi,complete_12_months
NJ,34007,Camden County,2015,172211.02,12,Zillow ZHVI county,annual_mean_zhvi,complete_12_months
NJ,34007,Camden County,2016,174298.14,12,Zillow ZHVI county,annual_mean_zhvi,complete_12_months
NJ,34007,Camden County,2017,176892.91,12,Zillow ZHVI county,annual_mean_zhvi,complete_12_months
NJ,34007,Camden County,2018,180899.58,12,Zillow ZHVI county,annual_mean_zhvi,complete_12_months
NJ,34007,Camden County,2019,190552.75,12,Zillow ZHVI county,annual_mean_zhvi,complete_12_months
NJ,34007,Camden County,2020,208361.59,12,Zillow ZHVI county,annual_mean_zhvi,complete_12_months
NJ,34007,Camden County,2021,245722.28,12,Zillow ZHVI county,annual_mean_zhvi,complete_12_months
NJ,34007,Camden County,2022,280396.01,12,Zillow ZHVI county,annual_mean_zhvi,complete_12_months
NJ,34007,Camden County,2023,302010.49,12,Zillow ZHVI county,annual_mean_zhvi,complete_12_months
NJ,34007,Camden County,2024,330258.29,12,Zillow ZHVI county,annual_mean_zhvi,complete_12_months
NJ,34009,Cape May County,2015,378618.72,12,Zillow ZHVI county,annual_mean_zhvi,complete_12_months
NJ,34009,Cape May County,2016,387790.19,12,Zillow ZHVI county,annual_mean_zhvi,complete_12_months
NJ,34009,Cape May County,2017,400004.3,12,Zillow ZHVI county,annual_mean_zhvi,complete_12_months
NJ,34009,Cape May County,2018,415164.7,12,Zillow ZHVI county,annual_mean_zhvi,complete_12_months
NJ,34009,Cape May County,2019,433353.19,12,Zillow ZHVI county,annual_mean_zhvi,complete_12_months
NJ,34009,Cape May County,2020,465429.64,12,Zillow ZHVI county,annual_mean_zhvi,complete_12_months
NJ,34009,Cape May County,2021,570430.32,12,Zillow ZHVI county,annual_mean_zhvi,complete_12_months
NJ,34009,Cape May County,2022,674844.52,12,Zillow ZHVI county,annual_mean_zhvi,complete_12_months
NJ,34009,Cape May County,2023,695363.61,12,Zillow ZHVI county,annual_mean_zhvi,complete_12_months
NJ,34009,Cape May County,2024,727289.04,12,Zillow ZHVI county,annual_mean_zhvi,complete_12_months
NJ,34011,Cumberland County,2015,153474.27,12,Zillow ZHVI county,annual_mean_zhvi,complete_12_months
NJ,34011,Cumberland County,2016,156010.79,12,Zillow ZHVI county,annual_mean_zhvi,complete_12_months
NJ,34011,Cumberland County,2017,156323.85,12,Zillow ZHVI county,annual_mean_zhvi,complete_12_months
NJ,34011,Cumberland County,2018,153901.15,12,Zillow ZHVI county,annual_mean_zhvi,complete_12_months
NJ,34011,Cumberland County,2019,159626.24,12,Zillow ZHVI county,annual_mean_zhvi,complete_12_months
NJ,34011,Cumberland County,2020,171918.36,12,Zillow ZHVI county,annual_mean_zhvi,complete_12_months
NJ,34011,Cumberland County,2021,200971.05,12,Zillow ZHVI county,annual_mean_zhvi,complete_12_months
NJ,34011,Cumberland County,2022,227997.67,12,Zillow ZHVI county,annual_mean_zhvi,complete_12_months
NJ,34011,Cumberland County,2023,246887.96,12,Zillow ZHVI county,annual_mean_zhvi,complete_12_months
NJ,34011,Cumberland County,2024,264996.17,12,Zillow ZHVI county,annual_mean_zhvi,complete_12_months
NJ,34013,Essex County,2015,361062.98,12,Zillow ZHVI county,annual_mean_zhvi,complete_12_months
NJ,34013,Essex County,2016,375476.36,12,Zillow ZHVI county,annual_mean_zhvi,complete_12_months
NJ,34013,Essex County,2017,391934.99,12,Zillow ZHVI county,annual_mean_zhvi,complete_12_months
NJ,34013,Essex County,2018,409958.28,12,Zillow ZHVI county,annual_mean_zhvi,complete_12_months
NJ,34013,Essex County,2019,427234.86,12,Zillow ZHVI county,annual_mean_zhvi,complete_12_months
NJ,34013,Essex County,2020,454219.18,12,Zillow ZHVI county,annual_mean_zhvi,complete_12_months
NJ,34013,Essex County,2021,506622.08,12,Zillow ZHVI county,annual_mean_zhvi,complete_12_months
NJ,34013,Essex County,2022,545481.84,12,Zillow ZHVI county,annual_mean_zhvi,complete_12_months
NJ,34013,Essex County,2023,573939.76,12,Zillow ZHVI county,annual_mean_zhvi,complete_12_months
NJ,34013,Essex County,2024,626346.17,12,Zillow ZHVI county,annual_mean_zhvi,complete_12_months
NJ,34015,Gloucester County,2015,206545.31,12,Zillow ZHVI county,annual_mean_zhvi,complete_12_months
NJ,34015,Gloucester County,2016,211339.19,12,Zillow ZHVI county,annual_mean_zhvi,complete_12_months
NJ,34015,Gloucester County,2017,213014.02,12,Zillow ZHVI county,annual_mean_zhvi,complete_12_months
NJ,34015,Gloucester County,2018,213683.2,12,Zillow ZHVI county,annual_mean_zhvi,complete_12_months
NJ,34015,Gloucester County,2019,220116.2,12,Zillow ZHVI county,annual_mean_zhvi,complete_12_months
NJ,34015,Gloucester County,2020,236183.59,12,Zillow ZHVI county,annual_mean_zhvi,complete_12_months
NJ,34015,Gloucester County,2021,273155.45,12,Zillow ZHVI county,annual_mean_zhvi,complete_12_months
NJ,34015,Gloucester County,2022,310723.59,12,Zillow ZHVI county,annual_mean_zhvi,complete_12_months
NJ,34015,Gloucester County,2023,333197.2,12,Zillow ZHVI county,annual_mean_zhvi,complete_12_months
NJ,34015,Gloucester County,2024,360260.59,12,Zillow ZHVI county,annual_mean_zhvi,complete_12_months
NJ,34017,Hudson County,2015,365999.78,12,Zillow ZHVI county,annual_mean_zhvi,complete_12_months
NJ,34017,Hudson County,2016,400346.5,12,Zillow ZHVI county,annual_mean_zhvi,complete_12_months
NJ,34017,Hudson County,2017,435135.07,12,Zillow ZHVI county,annual_mean_zhvi,complete_12_months
NJ,34017,Hudson County,2018,474454.65,12,Zillow ZHVI county,annual_mean_zhvi,complete_12_months
NJ,34017,Hudson County,2019,492865.55,12,Zillow ZHVI county,annual_mean_zhvi,complete_12_months
NJ,34017,Hudson County,2020,516307.22,12,Zillow ZHVI county,annual_mean_zhvi,complete_12_months
NJ,34017,Hudson County,2021,554565.09,12,Zillow ZHVI county,annual_mean_zhvi,complete_12_months
NJ,34017,Hudson County,2022,581369.05,12,Zillow ZHVI county,annual_mean_zhvi,complete_12_months
NJ,34017,Hudson County,2023,587308.0,12,Zillow ZHVI county,annual_mean_zhvi,complete_12_months
NJ,34017,Hudson County,2024,621019.22,12,Zillow ZHVI county,annual_mean_zhvi,complete_12_months
NJ,34019,Hunterdon County,2015,407019.22,12,Zillow ZHVI county,annual_mean_zhvi,complete_12_months
NJ,34019,Hunterdon County,2016,412226.79,12,Zillow ZHVI county,annual_mean_zhvi,complete_12_months
NJ,34019,Hunterdon County,2017,420894.39,12,Zillow ZHVI county,annual_mean_zhvi,complete_12_months
NJ,34019,Hunterdon County,2018,427849.04,12,Zillow ZHVI county,annual_mean_zhvi,complete_12_months
NJ,34019,Hunterdon County,2019,432304.82,12,Zillow ZHVI county,annual_mean_zhvi,complete_12_months
NJ,34019,Hunterdon County,2020,444227.23,12,Zillow ZHVI county,annual_mean_zhvi,complete_12_months
NJ,34019,Hunterdon County,2021,496107.9,12,Zillow ZHVI county,annual_mean_zhvi,complete_12_months
NJ,34019,Hunterdon County,2022,537138.52,12,Zillow ZHVI county,annual_mean_zhvi,complete_12_months
NJ,34019,Hunterdon County,2023,558727.68,12,Zillow ZHVI county,annual_mean_zhvi,complete_12_months
NJ,34019,Hunterdon County,2024,605943.29,12,Zillow ZHVI county,annual_mean_zhvi,complete_12_months
NJ,34021,Mercer County,2015,248539.79,12,Zillow ZHVI county,annual_mean_zhvi,complete_12_months
NJ,34021,Mercer County,2016,255239.54,12,Zillow ZHVI county,annual_mean_zhvi,complete_12_months
NJ,34021,Mercer County,2017,260413.5,12,Zillow ZHVI county,annual_mean_zhvi,complete_12_months
NJ,34021,Mercer County,2018,270457.84,12,Zillow ZHVI county,annual_mean_zhvi,complete_12_months
NJ,34021,Mercer County,2019,279153.35,12,Zillow ZHVI county,annual_mean_zhvi,complete_12_months
NJ,34021,Mercer County,2020,294176.85,12,Zillow ZHVI county,annual_mean_zhvi,complete_12_months
NJ,34021,Mercer County,2021,329687.29,12,Zillow ZHVI county,annual_mean_zhvi,complete_12_months
NJ,34021,Mercer County,2022,369564.69,12,Zillow ZHVI county,annual_mean_zhvi,complete_12_months
NJ,34021,Mercer County,2023,399880.67,12,Zillow ZHVI county,annual_mean_zhvi,complete_12_months
NJ,34021,Mercer County,2024,437320.7,12,Zillow ZHVI county,annual_mean_zhvi,complete_12_months
NJ,34023,Middlesex County,2015,321246.26,12,Zillow ZHVI county,annual_mean_zhvi,complete_12_months
NJ,34023,Middlesex County,2016,332387.23,12,Zillow ZHVI county,annual_mean_zhvi,complete_12_months
NJ,34023,Middlesex County,2017,340454.31,12,Zillow ZHVI county,annual_mean_zhvi,complete_12_months
NJ,34023,Middlesex County,2018,355842.49,12,Zillow ZHVI county,annual_mean_zhvi,complete_12_months
NJ,34023,Middlesex County,2019,372951.19,12,Zillow ZHVI county,annual_mean_zhvi,complete_12_months
NJ,34023,Middlesex County,2020,391467.14,12,Zillow ZHVI county,annual_mean_zhvi,complete_12_months
NJ,34023,Middlesex County,2021,432109.12,12,Zillow ZHVI county,annual_mean_zhvi,complete_12_months
NJ,34023,Middlesex County,2022,467613.25,12,Zillow ZHVI county,annual_mean_zhvi,complete_12_months
NJ,34023,Middlesex County,2023,495564.17,12,Zillow ZHVI county,annual_mean_zhvi,complete_12_months
NJ,34023,Middlesex County,2024,541907.48,12,Zillow ZHVI county,annual_mean_zhvi,complete_12_months
NJ,34025,Monmouth County,2015,397814.77,12,Zillow ZHVI county,annual_mean_zhvi,complete_12_months
NJ,34025,Monmouth County,2016,412605.32,12,Zillow ZHVI county,annual_mean_zhvi,complete_12_months
NJ,34025,Monmouth County,2017,428009.67,12,Zillow ZHVI county,annual_mean_zhvi,complete_12_months
NJ,34025,Monmouth County,2018,449968.21,12,Zillow ZHVI county,annual_mean_zhvi,complete_12_months
NJ,34025,Monmouth County,2019,463930.57,12,Zillow ZHVI county,annual_mean_zhvi,complete_12_months
NJ,34025,Monmouth County,2020,480256.89,11,Zillow ZHVI county,annual_mean_zhvi,partial_10_11_months
NJ,34025,Monmouth County,2021,559761.33,12,Zillow ZHVI county,annual_mean_zhvi,complete_12_months
NJ,34025,Monmouth County,2022,634370.73,12,Zillow ZHVI county,annual_mean_zhvi,complete_12_months
NJ,34025,Monmouth County,2023,669933.43,12,Zillow ZHVI county,annual_mean_zhvi,complete_12_months
NJ,34025,Monmouth County,2024,726470.62,12,Zillow ZHVI county,annual_mean_zhvi,complete_12_months
NJ,34027,Morris County,2015,443073.7,12,Zillow ZHVI county,annual_mean_zhvi,complete_12_months
NJ,34027,Morris County,2016,453350.48,12,Zillow ZHVI county,annual_mean_zhvi,complete_12_months
NJ,34027,Morris County,2017,459890.49,12,Zillow ZHVI county,annual_mean_zhvi,complete_12_months
NJ,34027,Morris County,2018,470812.3,12,Zillow ZHVI county,annual_mean_zhvi,complete_12_months
NJ,34027,Morris County,2019,476403.59,12,Zillow ZHVI county,annual_mean_zhvi,complete_12_months
NJ,34027,Morris County,2020,486416.62,12,Zillow ZHVI county,annual_mean_zhvi,complete_12_months
NJ,34027,Morris County,2021,535718.23,12,Zillow ZHVI county,annual_mean_zhvi,complete_12_months
NJ,34027,Morris County,2022,577188.6,12,Zillow ZHVI county,annual_mean_zhvi,complete_12_months
NJ,34027,Morris County,2023,609302.18,12,Zillow ZHVI county,annual_mean_zhvi,complete_12_months
NJ,34027,Morris County,2024,664745.79,12,Zillow ZHVI county,annual_mean_zhvi,complete_12_months
NJ,34029,Ocean County,2015,266822.46,12,Zillow ZHVI county,annual_mean_zhvi,complete_12_months
NJ,34029,Ocean County,2016,275636.56,12,Zillow ZHVI county,annual_mean_zhvi,complete_12_months
NJ,34029,Ocean County,2017,284475.26,12,Zillow ZHVI county,annual_mean_zhvi,complete_12_months
NJ,34029,Ocean County,2018,293776.14,12,Zillow ZHVI county,annual_mean_zhvi,complete_12_months
NJ,34029,Ocean County,2019,303210.69,12,Zillow ZHVI county,annual_mean_zhvi,complete_12_months
NJ,34029,Ocean County,2020,319560.95,12,Zillow ZHVI county,annual_mean_zhvi,complete_12_months
NJ,34029,Ocean County,2021,381906.86,12,Zillow ZHVI county,annual_mean_zhvi,complete_12_months
NJ,34029,Ocean County,2022,447443.95,12,Zillow ZHVI county,annual_mean_zhvi,complete_12_months
NJ,34029,Ocean County,2023,471839.42,12,Zillow ZHVI county,annual_mean_zhvi,complete_12_months
NJ,34029,Ocean County,2024,511263.4,12,Zillow ZHVI county,annual_mean_zhvi,complete_12_months
NJ,34031,Passaic County,2015,309385.63,12,Zillow ZHVI county,annual_mean_zhvi,complete_12_months
NJ,34031,Passaic County,2016,323142.94,12,Zillow ZHVI county,annual_mean_zhvi,complete_12_months
NJ,34031,Passaic County,2017,332180.2,12,Zillow ZHVI county,annual_mean_zhvi,complete_12_months
NJ,34031,Passaic County,2018,348844.4,12,Zillow ZHVI county,annual_mean_zhvi,complete_12_months
NJ,34031,Passaic County,2019,368978.47,12,Zillow ZHVI county,annual_mean_zhvi,complete_12_months
NJ,34031,Passaic County,2020,391928.45,12,Zillow ZHVI county,annual_mean_zhvi,complete_12_months
NJ,34031,Passaic County,2021,443375.4,12,Zillow ZHVI county,annual_mean_zhvi,complete_12_months
NJ,34031,Passaic County,2022,480461.33,12,Zillow ZHVI county,annual_mean_zhvi,complete_12_months
NJ,34031,Passaic County,2023,507664.14,12,Zillow ZHVI county,annual_mean_zhvi,complete_12_months
NJ,34031,Passaic County,2024,552262.44,12,Zillow ZHVI county,annual_mean_zhvi,complete_12_months
NJ,34033,Salem County,2015,169259.19,12,Zillow ZHVI county,annual_mean_zhvi,complete_12_months
NJ,34033,Salem County,2016,169279.71,12,Zillow ZHVI county,annual_mean_zhvi,complete_12_months
NJ,34033,Salem County,2017,169843.05,12,Zillow ZHVI county,annual_mean_zhvi,complete_12_months
NJ,34033,Salem County,2018,167915.92,12,Zillow ZHVI county,annual_mean_zhvi,complete_12_months
NJ,34033,Salem County,2019,169132.22,12,Zillow ZHVI county,annual_mean_zhvi,complete_12_months
NJ,34033,Salem County,2020,186260.15,12,Zillow ZHVI county,annual_mean_zhvi,complete_12_months
NJ,34033,Salem County,2021,220912.37,12,Zillow ZHVI county,annual_mean_zhvi,complete_12_months
NJ,34033,Salem County,2022,249614.46,12,Zillow ZHVI county,annual_mean_zhvi,complete_12_months
NJ,34033,Salem County,2023,268222.34,12,Zillow ZHVI county,annual_mean_zhvi,complete_12_months
NJ,34033,Salem County,2024,288339.73,12,Zillow ZHVI county,annual_mean_zhvi,complete_12_months
NJ,34035,Somerset County,2015,410320.61,12,Zillow ZHVI county,annual_mean_zhvi,complete_12_months
NJ,34035,Somerset County,2016,418701.54,12,Zillow ZHVI county,annual_mean_zhvi,complete_12_months
NJ,34035,Somerset County,2017,429501.36,12,Zillow ZHVI county,annual_mean_zhvi,complete_12_months
NJ,34035,Somerset County,2018,441627.73,12,Zillow ZHVI county,annual_mean_zhvi,complete_12_months
NJ,34035,Somerset County,2019,447781.19,12,Zillow ZHVI county,annual_mean_zhvi,complete_12_months
NJ,34035,Somerset County,2020,460402.0,12,Zillow ZHVI county,annual_mean_zhvi,complete_12_months
NJ,34035,Somerset County,2021,503270.38,12,Zillow ZHVI county,annual_mean_zhvi,complete_12_months
NJ,34035,Somerset County,2022,548557.59,12,Zillow ZHVI county,annual_mean_zhvi,complete_12_months
NJ,34035,Somerset County,2023,580945.76,12,Zillow ZHVI county,annual_mean_zhvi,complete_12_months
NJ,34035,Somerset County,2024,637004.18,12,Zillow ZHVI county,annual_mean_zhvi,complete_12_months
NJ,34037,Sussex County,2015,234844.12,12,Zillow ZHVI county,annual_mean_zhvi,complete_12_months
NJ,34037,Sussex County,2016,239879.1,12,Zillow ZHVI county,annual_mean_zhvi,complete_12_months
NJ,34037,Sussex County,2017,240023.88,12,Zillow ZHVI county,annual_mean_zhvi,complete_12_months
NJ,34037,Sussex County,2018,247007.79,12,Zillow ZHVI county,annual_mean_zhvi,complete_12_months
NJ,34037,Sussex County,2019,261699.5,12,Zillow ZHVI county,annual_mean_zhvi,complete_12_months
NJ,34037,Sussex County,2020,280438.65,12,Zillow ZHVI county,annual_mean_zhvi,complete_12_months
NJ,34037,Sussex County,2021,330677.54,12,Zillow ZHVI county,annual_mean_zhvi,complete_12_months
NJ,34037,Sussex County,2022,362413.22,12,Zillow ZHVI county,annual_mean_zhvi,complete_12_months
NJ,34037,Sussex County,2023,382582.96,12,Zillow ZHVI county,annual_mean_zhvi,complete_12_months
NJ,34037,Sussex County,2024,420568.44,12,Zillow ZHVI county,annual_mean_zhvi,complete_12_months
NJ,34039,Union County,2015,349310.86,12,Zillow ZHVI county,annual_mean_zhvi,complete_12_months
NJ,34039,Union County,2016,359872.27,12,Zillow ZHVI county,annual_mean_zhvi,complete_12_months
NJ,34039,Union County,2017,380681.77,12,Zillow ZHVI county,annual_mean_zhvi,complete_12_months
NJ,34039,Union County,2018,403161.8,12,Zillow ZHVI county,annual_mean_zhvi,complete_12_months
NJ,34039,Union County,2019,418918.86,12,Zillow ZHVI county,annual_mean_zhvi,complete_12_months
NJ,34039,Union County,2020,439384.67,12,Zillow ZHVI county,annual_mean_zhvi,complete_12_months
NJ,34039,Union County,2021,496081.56,12,Zillow ZHVI county,annual_mean_zhvi,complete_12_months
NJ,34039,Union County,2022,536625.44,12,Zillow ZHVI county,annual_mean_zhvi,complete_12_months
NJ,34039,Union County,2023,564311.53,12,Zillow ZHVI county,annual_mean_zhvi,complete_12_months
NJ,34039,Union County,2024,607288.59,12,Zillow ZHVI county,annual_mean_zhvi,complete_12_months
NJ,34041,Warren County,2015,242455.77,12,Zillow ZHVI county,annual_mean_zhvi,complete_12_months
NJ,34041,Warren County,2016,247242.59,12,Zillow ZHVI county,annual_mean_zhvi,complete_12_months
NJ,34041,Warren County,2017,250477.02,12,Zillow ZHVI county,annual_mean_zhvi,complete_12_months
NJ,34041,Warren County,2018,256069.01,12,Zillow ZHVI county,annual_mean_zhvi,complete_12_months
NJ,34041,Warren County,2019,263620.53,12,Zillow ZHVI county,annual_mean_zhvi,complete_12_months
NJ,34041,Warren County,2020,280981.86,12,Zillow ZHVI county,annual_mean_zhvi,complete_12_months
NJ,34041,Warren County,2021,327332.76,12,Zillow ZHVI county,annual_mean_zhvi,complete_12_months
NJ,34041,Warren County,2022,359074.57,12,Zillow ZHVI county,annual_mean_zhvi,complete_12_months
NJ,34041,Warren County,2023,376248.84,12,Zillow ZHVI county,annual_mean_zhvi,complete_12_months
NJ,34041,Warren County,2024,406484.19,12,Zillow ZHVI county,annual_mean_zhvi,complete_12_months
NC,37001,Alamance County,2015,,0,Zillow ZHVI county,annual_mean_zhvi,source_data_unavailable
NC,37001,Alamance County,2016,148782.96,11,Zillow ZHVI county,annual_mean_zhvi,partial_10_11_months
NC,37001,Alamance County,2017,156048.19,12,Zillow ZHVI county,annual_mean_zhvi,complete_12_months
NC,37001,Alamance County,2018,165726.66,12,Zillow ZHVI county,annual_mean_zhvi,complete_12_months
NC,37001,Alamance County,2019,174666.61,12,Zillow ZHVI county,annual_mean_zhvi,complete_12_months
NC,37001,Alamance County,2020,186134.71,12,Zillow ZHVI county,annual_mean_zhvi,complete_12_months
NC,37001,Alamance County,2021,216023.37,12,Zillow ZHVI county,annual_mean_zhvi,complete_12_months
NC,37001,Alamance County,2022,260307.97,12,Zillow ZHVI county,annual_mean_zhvi,complete_12_months
NC,37001,Alamance County,2023,279356.27,12,Zillow ZHVI county,annual_mean_zhvi,complete_12_months
NC,37001,Alamance County,2024,292045.57,12,Zillow ZHVI county,annual_mean_zhvi,complete_12_months
NC,37003,Alexander County,2015,126905.09,12,Zillow ZHVI county,annual_mean_zhvi,complete_12_months
NC,37003,Alexander County,2016,130221.45,12,Zillow ZHVI county,annual_mean_zhvi,complete_12_months
NC,37003,Alexander County,2017,137635.06,12,Zillow ZHVI county,annual_mean_zhvi,complete_12_months
NC,37003,Alexander County,2018,142411.35,12,Zillow ZHVI county,annual_mean_zhvi,complete_12_months
NC,37003,Alexander County,2019,154229.09,12,Zillow ZHVI county,annual_mean_zhvi,complete_12_months
NC,37003,Alexander County,2020,171982.08,12,Zillow ZHVI county,annual_mean_zhvi,complete_12_months
NC,37003,Alexander County,2021,201234.92,12,Zillow ZHVI county,annual_mean_zhvi,complete_12_months
NC,37003,Alexander County,2022,220878.98,12,Zillow ZHVI county,annual_mean_zhvi,complete_12_months
NC,37003,Alexander County,2023,236400.52,12,Zillow ZHVI county,annual_mean_zhvi,complete_12_months
NC,37003,Alexander County,2024,244310.75,12,Zillow ZHVI county,annual_mean_zhvi,complete_12_months
NC,37005,Alleghany County,2015,136174.85,12,Zillow ZHVI county,annual_mean_zhvi,complete_12_months
NC,37005,Alleghany County,2016,140949.43,12,Zillow ZHVI county,annual_mean_zhvi,complete_12_months
NC,37005,Alleghany County,2017,146497.84,12,Zillow ZHVI county,annual_mean_zhvi,complete_12_months
NC,37005,Alleghany County,2018,152333.46,12,Zillow ZHVI county,annual_mean_zhvi,complete_12_months
NC,37005,Alleghany County,2019,160187.95,12,Zillow ZHVI county,annual_mean_zhvi,complete_12_months
NC,37005,Alleghany County,2020,171034.95,12,Zillow ZHVI county,annual_mean_zhvi,complete_12_months
NC,37005,Alleghany County,2021,203892.6,12,Zillow ZHVI county,annual_mean_zhvi,complete_12_months
NC,37005,Alleghany County,2022,239740.59,12,Zillow ZHVI county,annual_mean_zhvi,complete_12_months
NC,37005,Alleghany County,2023,247909.51,12,Zillow ZHVI county,annual_mean_zhvi,complete_12_months
NC,37005,Alleghany County,2024,263807.84,12,Zillow ZHVI county,annual_mean_zhvi,complete_12_months
NC,37007,Anson County,2015,77039.96,12,Zillow ZHVI county,annual_mean_zhvi,complete_12_months
NC,37007,Anson County,2016,82974.35,12,Zillow ZHVI county,annual_mean_zhvi,complete_12_months
NC,37007,Anson County,2017,84839.0,12,Zillow ZHVI county,annual_mean_zhvi,complete_12_months
NC,37007,Anson County,2018,86830.06,12,Zillow ZHVI county,annual_mean_zhvi,complete_12_months
NC,37007,Anson County,2019,93793.43,12,Zillow ZHVI county,annual_mean_zhvi,complete_12_months
NC,37007,Anson County,2020,104710.27,12,Zillow ZHVI county,annual_mean_zhvi,complete_12_months
NC,37007,Anson County,2021,128963.99,12,Zillow ZHVI county,annual_mean_zhvi,complete_12_months
NC,37007,Anson County,2022,147859.7,12,Zillow ZHVI county,annual_mean_zhvi,complete_12_months
NC,37007,Anson County,2023,163576.98,12,Zillow ZHVI county,annual_mean_zhvi,complete_12_months
NC,37007,Anson County,2024,168473.09,12,Zillow ZHVI county,annual_mean_zhvi,complete_12_months
NC,37009,Ashe County,2015,207785.61,12,Zillow ZHVI county,annual_mean_zhvi,complete_12_months
NC,37009,Ashe County,2016,216194.77,12,Zillow ZHVI county,annual_mean_zhvi,complete_12_months
NC,37009,Ashe County,2017,223408.05,12,Zillow ZHVI county,annual_mean_zhvi,complete_12_months
NC,37009,Ashe County,2018,231239.8,12,Zillow ZHVI county,annual_mean_zhvi,complete_12_months
NC,37009,Ashe County,2019,244110.79,12,Zillow ZHVI county,annual_mean_zhvi,complete_12_months
NC,37009,Ashe County,2020,261899.21,12,Zillow ZHVI county,annual_mean_zhvi,complete_12_months
NC,37009,Ashe County,2021,308365.82,12,Zillow ZHVI county,annual_mean_zhvi,complete_12_months
NC,37009,Ashe County,2022,347643.71,12,Zillow ZHVI county,annual_mean_zhvi,complete_12_months
NC,37009,Ashe County,2023,356261.86,12,Zillow ZHVI county,annual_mean_zhvi,complete_12_months
NC,37009,Ashe County,2024,364734.49,12,Zillow ZHVI county,annual_mean_zhvi,complete_12_months
NC,37011,Avery County,2015,,0,Zillow ZHVI county,annual_mean_zhvi,source_data_unavailable
NC,37011,Avery County,2016,203091.44,11,Zillow ZHVI county,annual_mean_zhvi,partial_10_11_months
NC,37011,Avery County,2017,197880.04,12,Zillow ZHVI county,annual_mean_zhvi,complete_12_months
NC,37011,Avery County,2018,207057.93,12,Zillow ZHVI county,annual_mean_zhvi,complete_12_months
NC,37011,Avery County,2019,214124.89,12,Zillow ZHVI county,annual_mean_zhvi,complete_12_months
NC,37011,Avery County,2020,235646.62,12,Zillow ZHVI county,annual_mean_zhvi,complete_12_months
NC,37011,Avery County,2021,304681.8,12,Zillow ZHVI county,annual_mean_zhvi,complete_12_months
NC,37011,Avery County,2022,372200.52,12,Zillow ZHVI county,annual_mean_zhvi,complete_12_months
NC,37011,Avery County,2023,380755.34,12,Zillow ZHVI county,annual_mean_zhvi,complete_12_months
NC,37011,Avery County,2024,404002.68,12,Zillow ZHVI county,annual_mean_zhvi,complete_12_months
NC,37013,Beaufort County,2015,117609.93,12,Zillow ZHVI county,annual_mean_zhvi,complete_12_months
NC,37013,Beaufort County,2016,126616.59,12,Zillow ZHVI county,annual_mean_zhvi,complete_12_months
NC,37013,Beaufort County,2017,128535.78,12,Zillow ZHVI county,annual_mean_zhvi,complete_12_months
NC,37013,Beaufort County,2018,133222.0,12,Zillow ZHVI county,annual_mean_zhvi,complete_12_months
NC,37013,Beaufort County,2019,139007.93,12,Zillow ZHVI county,annual_mean_zhvi,complete_12_months
NC,37013,Beaufort County,2020,149093.78,12,Zillow ZHVI county,annual_mean_zhvi,complete_12_months
NC,37013,Beaufort County,2021,175605.44,12,Zillow ZHVI county,annual_mean_zhvi,complete_12_months
NC,37013,Beaufort County,2022,202980.68,12,Zillow ZHVI county,annual_mean_zhvi,complete_12_months
NC,37013,Beaufort County,2023,215073.39,12,Zillow ZHVI county,annual_mean_zhvi,complete_12_months
NC,37013,Beaufort County,2024,229352.08,12,Zillow ZHVI county,annual_mean_zhvi,complete_12_months
NC,37015,Bertie County,2015,52251.54,12,Zillow ZHVI county,annual_mean_zhvi,complete_12_months
NC,37015,Bertie County,2016,52357.35,12,Zillow ZHVI county,annual_mean_zhvi,complete_12_months
NC,37015,Bertie County,2017,52805.82,12,Zillow ZHVI county,annual_mean_zhvi,complete_12_months
NC,37015,Bertie County,2018,56867.8,12,Zillow ZHVI county,annual_mean_zhvi,complete_12_months
NC,37015,Bertie County,2019,55961.47,12,Zillow ZHVI county,annual_mean_zhvi,complete_12_months
NC,37015,Bertie County,2020,58712.08,12,Zillow ZHVI county,annual_mean_zhvi,complete_12_months
NC,37015,Bertie County,2021,65006.79,12,Zillow ZHVI county,annual_mean_zhvi,complete_12_months
NC,37015,Bertie County,2022,68715.87,12,Zillow ZHVI county,annual_mean_zhvi,complete_12_months
NC,37015,Bertie County,2023,67836.41,12,Zillow ZHVI county,annual_mean_zhvi,complete_12_months
NC,37015,Bertie County,2024,72029.84,12,Zillow ZHVI county,annual_mean_zhvi,complete_12_months
NC,37017,Bladen County,2015,114157.11,12,Zillow ZHVI county,annual_mean_zhvi,complete_12_months
NC,37017,Bladen County,2016,116878.47,12,Zillow ZHVI county,annual_mean_zhvi,complete_12_months
NC,37017,Bladen County,2017,123692.27,12,Zillow ZHVI county,annual_mean_zhvi,complete_12_months
NC,37017,Bladen County,2018,125358.87,12,Zillow ZHVI county,annual_mean_zhvi,complete_12_months
NC,37017,Bladen County,2019,125393.25,12,Zillow ZHVI county,annual_mean_zhvi,complete_12_months
NC,37017,Bladen County,2020,127629.97,12,Zillow ZHVI county,annual_mean_zhvi,complete_12_months
NC,37017,Bladen County,2021,145469.57,12,Zillow ZHVI county,annual_mean_zhvi,complete_12_months
NC,37017,Bladen County,2022,156976.0,12,Zillow ZHVI county,annual_mean_zhvi,complete_12_months
NC,37017,Bladen County,2023,159929.92,12,Zillow ZHVI county,annual_mean_zhvi,complete_12_months
NC,37017,Bladen County,2024,159951.08,12,Zillow ZHVI county,annual_mean_zhvi,complete_12_months
NC,37019,Brunswick County,2015,210005.52,12,Zillow ZHVI county,annual_mean_zhvi,complete_12_months
NC,37019,Brunswick County,2016,215987.82,12,Zillow ZHVI county,annual_mean_zhvi,complete_12_months
NC,37019,Brunswick County,2017,224719.11,12,Zillow ZHVI county,annual_mean_zhvi,complete_12_months
NC,37019,Brunswick County,2018,236512.2,12,Zillow ZHVI county,annual_mean_zhvi,complete_12_months
NC,37019,Brunswick County,2019,251320.95,12,Zillow ZHVI county,annual_mean_zhvi,complete_12_months
NC,37019,Brunswick County,2020,266487.9,12,Zillow ZHVI county,annual_mean_zhvi,complete_12_months
NC,37019,Brunswick County,2021,315470.17,12,Zillow ZHVI county,annual_mean_zhvi,complete_12_months
NC,37019,Brunswick County,2022,383060.32,12,Zillow ZHVI county,annual_mean_zhvi,complete_12_months
NC,37019,Brunswick County,2023,400474.06,12,Zillow ZHVI county,annual_mean_zhvi,complete_12_months
NC,37019,Brunswick County,2024,408835.07,12,Zillow ZHVI county,annual_mean_zhvi,complete_12_months
NC,37021,Buncombe County,2015,237451.19,12,Zillow ZHVI county,annual_mean_zhvi,complete_12_months
NC,37021,Buncombe County,2016,255895.49,12,Zillow ZHVI county,annual_mean_zhvi,complete_12_months
NC,37021,Buncombe County,2017,277119.25,12,Zillow ZHVI county,annual_mean_zhvi,complete_12_months
NC,37021,Buncombe County,2018,297938.14,12,Zillow ZHVI county,annual_mean_zhvi,complete_12_months
NC,37021,Buncombe County,2019,308445.17,12,Zillow ZHVI county,annual_mean_zhvi,complete_12_months
NC,37021,Buncombe County,2020,326054.47,12,Zillow ZHVI county,annual_mean_zhvi,complete_12_months
NC,37021,Buncombe County,2021,377779.5,12,Zillow ZHVI county,annual_mean_zhvi,complete_12_months
NC,37021,Buncombe County,2022,439952.57,12,Zillow ZHVI county,annual_mean_zhvi,complete_12_months
NC,37021,Buncombe County,2023,459726.16,12,Zillow ZHVI county,annual_mean_zhvi,complete_12_months
NC,37021,Buncombe County,2024,480703.57,12,Zillow ZHVI county,annual_mean_zhvi,complete_12_months
NC,37023,Burke County,2015,,0,Zillow ZHVI county,annual_mean_zhvi,source_data_unavailable
NC,37023,Burke County,2016,124187.53,11,Zillow ZHVI county,annual_mean_zhvi,partial_10_11_months
NC,37023,Burke County,2017,130694.06,12,Zillow ZHVI county,annual_mean_zhvi,complete_12_months
NC,37023,Burke County,2018,140152.15,12,Zillow ZHVI county,annual_mean_zhvi,complete_12_months
NC,37023,Burke County,2019,149679.48,12,Zillow ZHVI county,annual_mean_zhvi,complete_12_months
NC,37023,Burke County,2020,168765.0,12,Zillow ZHVI county,annual_mean_zhvi,complete_12_months
NC,37023,Burke County,2021,197015.38,12,Zillow ZHVI county,annual_mean_zhvi,complete_12_months
NC,37023,Burke County,2022,223658.45,12,Zillow ZHVI county,annual_mean_zhvi,complete_12_months
NC,37023,Burke County,2023,236783.79,12,Zillow ZHVI county,annual_mean_zhvi,complete_12_months
NC,37023,Burke County,2024,253474.47,12,Zillow ZHVI county,annual_mean_zhvi,complete_12_months
NC,37025,Cabarrus County,2015,177909.4,12,Zillow ZHVI county,annual_mean_zhvi,complete_12_months
NC,37025,Cabarrus County,2016,191546.59,12,Zillow ZHVI county,annual_mean_zhvi,complete_12_months
NC,37025,Cabarrus County,2017,207189.58,12,Zillow ZHVI county,annual_mean_zhvi,complete_12_months
NC,37025,Cabarrus County,2018,224854.94,12,Zillow ZHVI county,annual_mean_zhvi,complete_12_months
NC,37025,Cabarrus County,2019,237902.53,12,Zillow ZHVI county,annual_mean_zhvi,complete_12_months
NC,37025,Cabarrus County,2020,257202.73,12,Zillow ZHVI county,annual_mean_zhvi,complete_12_months
NC,37025,Cabarrus County,2021,307005.13,12,Zillow ZHVI county,annual_mean_zhvi,complete_12_months
NC,37025,Cabarrus County,2022,373421.09,12,Zillow ZHVI county,annual_mean_zhvi,complete_12_months
NC,37025,Cabarrus County,2023,382628.62,12,Zillow ZHVI county,annual_mean_zhvi,complete_12_months
NC,37025,Cabarrus County,2024,396032.49,12,Zillow ZHVI county,annual_mean_zhvi,complete_12_months
NC,37027,Caldwell County,2015,102889.29,12,Zillow ZHVI county,annual_mean_zhvi,complete_12_months
NC,37027,Caldwell County,2016,112851.08,12,Zillow ZHVI county,annual_mean_zhvi,complete_12_months
NC,37027,Caldwell County,2017,121205.91,12,Zillow ZHVI county,annual_mean_zhvi,complete_12_months
NC,37027,Caldwell County,2018,131036.83,12,Zillow ZHVI county,annual_mean_zhvi,complete_12_months
NC,37027,Caldwell County,2019,143939.72,12,Zillow ZHVI county,annual_mean_zhvi,complete_12_months
NC,37027,Caldwell County,2020,157857.14,12,Zillow ZHVI county,annual_mean_zhvi,complete_12_months
NC,37027,Caldwell County,2021,186525.95,12,Zillow ZHVI county,annual_mean_zhvi,complete_12_months
NC,37027,Caldwell County,2022,214600.0,12,Zillow ZHVI county,annual_mean_zhvi,complete_12_months
NC,37027,Caldwell County,2023,227080.83,12,Zillow ZHVI county,annual_mean_zhvi,complete_12_months
NC,37027,Caldwell County,2024,239443.41,12,Zillow ZHVI county,annual_mean_zhvi,complete_12_months
NC,37029,Camden County,2015,211211.3,12,Zillow ZHVI county,annual_mean_zhvi,complete_12_months
NC,37029,Camden County,2016,216283.48,12,Zillow ZHVI county,annual_mean_zhvi,complete_12_months
NC,37029,Camden County,2017,228239.44,12,Zillow ZHVI county,annual_mean_zhvi,complete_12_months
NC,37029,Camden County,2018,241852.16,12,Zillow ZHVI county,annual_mean_zhvi,complete_12_months
NC,37029,Camden County,2019,248446.48,12,Zillow ZHVI county,annual_mean_zhvi,complete_12_months
NC,37029,Camden County,2020,261604.49,12,Zillow ZHVI county,annual_mean_zhvi,complete_12_months
NC,37029,Camden County,2021,295672.11,12,Zillow ZHVI county,annual_mean_zhvi,complete_12_months
NC,37029,Camden County,2022,326665.35,12,Zillow ZHVI county,annual_mean_zhvi,complete_12_months
NC,37029,Camden County,2023,340299.62,12,Zillow ZHVI county,annual_mean_zhvi,complete_12_months
NC,37029,Camden County,2024,368853.79,12,Zillow ZHVI county,annual_mean_zhvi,complete_12_months
NC,37031,Carteret County,2015,240997.77,12,Zillow ZHVI county,annual_mean_zhvi,complete_12_months
NC,37031,Carteret County,2016,251454.04,12,Zillow ZHVI county,annual_mean_zhvi,complete_12_months
NC,37031,Carteret County,2017,259705.68,12,Zillow ZHVI county,annual_mean_zhvi,complete_12_months
NC,37031,Carteret County,2018,269974.82,12,Zillow ZHVI county,annual_mean_zhvi,complete_12_months
NC,37031,Carteret County,2019,280536.39,12,Zillow ZHVI county,annual_mean_zhvi,complete_12_months
NC,37031,Carteret County,2020,296804.47,12,Zillow ZHVI county,annual_mean_zhvi,complete_12_months
NC,37031,Carteret County,2021,353345.19,12,Zillow ZHVI county,annual_mean_zhvi,complete_12_months
NC,37031,Carteret County,2022,421741.31,12,Zillow ZHVI county,annual_mean_zhvi,complete_12_months
NC,37031,Carteret County,2023,447413.61,12,Zillow ZHVI county,annual_mean_zhvi,complete_12_months
NC,37031,Carteret County,2024,463462.14,12,Zillow ZHVI county,annual_mean_zhvi,complete_12_months
NC,37033,Caswell County,2015,114075.76,12,Zillow ZHVI county,annual_mean_zhvi,complete_12_months
NC,37033,Caswell County,2016,119799.68,12,Zillow ZHVI county,annual_mean_zhvi,complete_12_months
NC,37033,Caswell County,2017,122270.83,12,Zillow ZHVI county,annual_mean_zhvi,complete_12_months
NC,37033,Caswell County,2018,128473.57,12,Zillow ZHVI county,annual_mean_zhvi,complete_12_months
NC,37033,Caswell County,2019,133452.17,12,Zillow ZHVI county,annual_mean_zhvi,complete_12_months
NC,37033,Caswell County,2020,146513.88,12,Zillow ZHVI county,annual_mean_zhvi,complete_12_months
NC,37033,Caswell County,2021,174731.91,12,Zillow ZHVI county,annual_mean_zhvi,complete_12_months
NC,37033,Caswell County,2022,193316.81,12,Zillow ZHVI county,annual_mean_zhvi,complete_12_months
NC,37033,Caswell County,2023,201927.88,12,Zillow ZHVI county,annual_mean_zhvi,complete_12_months
NC,37033,Caswell County,2024,213138.44,12,Zillow ZHVI county,annual_mean_zhvi,complete_12_months
NC,37035,Catawba County,2015,132886.15,12,Zillow ZHVI county,annual_mean_zhvi,complete_12_months
NC,37035,Catawba County,2016,139995.36,12,Zillow ZHVI county,annual_mean_zhvi,complete_12_months
NC,37035,Catawba County,2017,147371.03,12,Zillow ZHVI county,annual_mean_zhvi,complete_12_months
NC,37035,Catawba County,2018,157895.37,12,Zillow ZHVI county,annual_mean_zhvi,complete_12_months
NC,37035,Catawba County,2019,171766.67,12,Zillow ZHVI county,annual_mean_zhvi,complete_12_months
NC,37035,Catawba County,2020,187888.87,12,Zillow ZHVI county,annual_mean_zhvi,complete_12_months
NC,37035,Catawba County,2021,222077.13,12,Zillow ZHVI county,annual_mean_zhvi,complete_12_months
NC,37035,Catawba County,2022,258541.61,12,Zillow ZHVI county,annual_mean_zhvi,complete_12_months
NC,37035,Catawba County,2023,275716.07,12,Zillow ZHVI county,annual_mean_zhvi,complete_12_months
NC,37035,Catawba County,2024,290352.72,12,Zillow ZHVI county,annual_mean_zhvi,complete_12_months
NC,37037,Chatham County,2015,294130.92,12,Zillow ZHVI county,annual_mean_zhvi,complete_12_months
NC,37037,Chatham County,2016,310978.9,12,Zillow ZHVI county,annual_mean_zhvi,complete_12_months
NC,37037,Chatham County,2017,327880.83,12,Zillow ZHVI county,annual_mean_zhvi,complete_12_months
NC,37037,Chatham County,2018,342836.06,12,Zillow ZHVI county,annual_mean_zhvi,complete_12_months
NC,37037,Chatham County,2019,356431.15,12,Zillow ZHVI county,annual_mean_zhvi,complete_12_months
NC,37037,Chatham County,2020,375197.02,12,Zillow ZHVI county,annual_mean_zhvi,complete_12_months
NC,37037,Chatham County,2021,431082.17,12,Zillow ZHVI county,annual_mean_zhvi,complete_12_months
NC,37037,Chatham County,2022,519228.59,12,Zillow ZHVI county,annual_mean_zhvi,complete_12_months
NC,37037,Chatham County,2023,546764.47,12,Zillow ZHVI county,annual_mean_zhvi,complete_12_months
NC,37037,Chatham County,2024,567361.94,12,Zillow ZHVI county,annual_mean_zhvi,complete_12_months
NC,37039,Cherokee County,2015,121115.18,12,Zillow ZHVI county,annual_mean_zhvi,complete_12_months
NC,37039,Cherokee County,2016,127815.92,12,Zillow ZHVI county,annual_mean_zhvi,complete_12_months
NC,37039,Cherokee County,2017,134899.67,12,Zillow ZHVI county,annual_mean_zhvi,complete_12_months
NC,37039,Cherokee County,2018,143144.89,12,Zillow ZHVI county,annual_mean_zhvi,complete_12_months
NC,37039,Cherokee County,2019,152828.55,12,Zillow ZHVI county,annual_mean_zhvi,complete_12_months
NC,37039,Cherokee County,2020,166197.71,12,Zillow ZHVI county,annual_mean_zhvi,complete_12_months
NC,37039,Cherokee County,2021,204358.73,12,Zillow ZHVI county,annual_mean_zhvi,complete_12_months
NC,37039,Cherokee County,2022,245169.87,12,Zillow ZHVI county,annual_mean_zhvi,complete_12_months
NC,37039,Cherokee County,2023,256491.3,12,Zillow ZHVI county,annual_mean_zhvi,complete_12_months
NC,37039,Cherokee County,2024,271240.2,12,Zillow ZHVI county,annual_mean_zhvi,complete_12_months
NC,37041,Chowan County,2015,,0,Zillow ZHVI county,annual_mean_zhvi,source_data_unavailable
NC,37041,Chowan County,2016,136002.59,11,Zillow ZHVI county,annual_mean_zhvi,partial_10_11_months
NC,37041,Chowan County,2017,137233.17,12,Zillow ZHVI county,annual_mean_zhvi,complete_12_months
NC,37041,Chowan County,2018,140756.1,12,Zillow ZHVI county,annual_mean_zhvi,complete_12_months
NC,37041,Chowan County,2019,147607.36,12,Zillow ZHVI county,annual_mean_zhvi,complete_12_months
NC,37041,Chowan County,2020,154270.79,12,Zillow ZHVI county,annual_mean_zhvi,complete_12_months
NC,37041,Chowan County,2021,182546.55,12,Zillow ZHVI county,annual_mean_zhvi,complete_12_months
NC,37041,Chowan County,2022,212997.76,12,Zillow ZHVI county,annual_mean_zhvi,complete_12_months
NC,37041,Chowan County,2023,228027.52,12,Zillow ZHVI county,annual_mean_zhvi,complete_12_months
NC,37041,Chowan County,2024,230082.39,12,Zillow ZHVI county,annual_mean_zhvi,complete_12_months
NC,37043,Clay County,2015,159665.69,12,Zillow ZHVI county,annual_mean_zhvi,complete_12_months
NC,37043,Clay County,2016,170581.01,12,Zillow ZHVI county,annual_mean_zhvi,complete_12_months
NC,37043,Clay County,2017,175321.28,12,Zillow ZHVI county,annual_mean_zhvi,complete_12_months
NC,37043,Clay County,2018,187116.26,12,Zillow ZHVI county,annual_mean_zhvi,complete_12_months
NC,37043,Clay County,2019,195630.58,12,Zillow ZHVI county,annual_mean_zhvi,complete_12_months
NC,37043,Clay County,2020,211317.82,12,Zillow ZHVI county,annual_mean_zhvi,complete_12_months
NC,37043,Clay County,2021,262993.01,12,Zillow ZHVI county,annual_mean_zhvi,complete_12_months
NC,37043,Clay County,2022,314603.64,12,Zillow ZHVI county,annual_mean_zhvi,complete_12_months
NC,37043,Clay County,2023,328068.39,12,Zillow ZHVI county,annual_mean_zhvi,complete_12_months
NC,37043,Clay County,2024,343188.97,12,Zillow ZHVI county,annual_mean_zhvi,complete_12_months
NC,37045,Cleveland County,2015,110832.67,12,Zillow ZHVI county,annual_mean_zhvi,complete_12_months
NC,37045,Cleveland County,2016,117091.46,12,Zillow ZHVI county,annual_mean_zhvi,complete_12_months
NC,37045,Cleveland County,2017,121534.55,12,Zillow ZHVI county,annual_mean_zhvi,complete_12_months
NC,37045,Cleveland County,2018,129697.41,12,Zillow ZHVI county,annual_mean_zhvi,complete_12_months
NC,37045,Cleveland County,2019,145593.01,12,Zillow ZHVI county,annual_mean_zhvi,complete_12_months
NC,37045,Cleveland County,2020,160691.91,12,Zillow ZHVI county,annual_mean_zhvi,complete_12_months
NC,37045,Cleveland County,2021,190596.09,12,Zillow ZHVI county,annual_mean_zhvi,complete_12_months
NC,37045,Cleveland County,2022,214939.81,12,Zillow ZHVI county,annual_mean_zhvi,complete_12_months
NC,37045,Cleveland County,2023,233023.19,12,Zillow ZHVI county,annual_mean_zhvi,complete_12_months
NC,37045,Cleveland County,2024,231707.37,12,Zillow ZHVI county,annual_mean_zhvi,complete_12_months
NC,37047,Columbus County,2015,100402.96,12,Zillow ZHVI county,annual_mean_zhvi,complete_12_months
NC,37047,Columbus County,2016,108968.18,12,Zillow ZHVI county,annual_mean_zhvi,complete_12_months
NC,37047,Columbus County,2017,114265.33,12,Zillow ZHVI county,annual_mean_zhvi,complete_12_months
NC,37047,Columbus County,2018,119026.85,12,Zillow ZHVI county,annual_mean_zhvi,complete_12_months
NC,37047,Columbus County,2019,120695.05,12,Zillow ZHVI county,annual_mean_zhvi,complete_12_months
NC,37047,Columbus County,2020,130278.55,12,Zillow ZHVI county,annual_mean_zhvi,complete_12_months
NC,37047,Columbus County,2021,151440.79,12,Zillow ZHVI county,annual_mean_zhvi,complete_12_months
NC,37047,Columbus County,2022,180750.18,12,Zillow ZHVI county,annual_mean_zhvi,complete_12_months
NC,37047,Columbus County,2023,191472.63,12,Zillow ZHVI county,annual_mean_zhvi,complete_12_months
NC,37047,Columbus County,2024,189390.04,12,Zillow ZHVI county,annual_mean_zhvi,complete_12_months
NC,37049,Craven County,2015,141508.71,12,Zillow ZHVI county,annual_mean_zhvi,complete_12_months
NC,37049,Craven County,2016,145117.39,12,Zillow ZHVI county,annual_mean_zhvi,complete_12_months
NC,37049,Craven County,2017,149805.26,12,Zillow ZHVI county,annual_mean_zhvi,complete_12_months
NC,37049,Craven County,2018,156280.59,12,Zillow ZHVI county,annual_mean_zhvi,complete_12_months
NC,37049,Craven County,2019,163799.8,12,Zillow ZHVI county,annual_mean_zhvi,complete_12_months
NC,37049,Craven County,2020,174948.63,12,Zillow ZHVI county,annual_mean_zhvi,complete_12_months
NC,37049,Craven County,2021,198065.6,12,Zillow ZHVI county,annual_mean_zhvi,complete_12_months
NC,37049,Craven County,2022,230042.97,12,Zillow ZHVI county,annual_mean_zhvi,complete_12_months
NC,37049,Craven County,2023,251712.68,12,Zillow ZHVI county,annual_mean_zhvi,complete_12_months
NC,37049,Craven County,2024,266736.79,12,Zillow ZHVI county,annual_mean_zhvi,complete_12_months
NC,37051,Cumberland County,2015,123981.01,12,Zillow ZHVI county,annual_mean_zhvi,complete_12_months
NC,37051,Cumberland County,2016,123442.92,12,Zillow ZHVI county,annual_mean_zhvi,complete_12_months
NC,37051,Cumberland County,2017,126694.33,12,Zillow ZHVI county,annual_mean_zhvi,complete_12_months
NC,37051,Cumberland County,2018,130665.02,12,Zillow ZHVI county,annual_mean_zhvi,complete_12_months
NC,37051,Cumberland County,2019,136336.77,12,Zillow ZHVI county,annual_mean_zhvi,complete_12_months
NC,37051,Cumberland County,2020,146240.65,12,Zillow ZHVI county,annual_mean_zhvi,complete_12_months
NC,37051,Cumberland County,2021,168013.73,12,Zillow ZHVI county,annual_mean_zhvi,complete_12_months
NC,37051,Cumberland County,2022,196091.52,12,Zillow ZHVI county,annual_mean_zhvi,complete_12_months
NC,37051,Cumberland County,2023,218167.69,12,Zillow ZHVI county,annual_mean_zhvi,complete_12_months
NC,37051,Cumberland County,2024,231112.0,12,Zillow ZHVI county,annual_mean_zhvi,complete_12_months
NC,37053,Currituck County,2015,306840.91,12,Zillow ZHVI county,annual_mean_zhvi,complete_12_months
NC,37053,Currituck County,2016,317550.05,12,Zillow ZHVI county,annual_mean_zhvi,complete_12_months
NC,37053,Currituck County,2017,328710.72,12,Zillow ZHVI county,annual_mean_zhvi,complete_12_months
NC,37053,Currituck County,2018,336974.95,12,Zillow ZHVI county,annual_mean_zhvi,complete_12_months
NC,37053,Currituck County,2019,344280.04,12,Zillow ZHVI county,annual_mean_zhvi,complete_12_months
NC,37053,Currituck County,2020,362179.29,12,Zillow ZHVI county,annual_mean_zhvi,complete_12_months
NC,37053,Currituck County,2021,430010.71,12,Zillow ZHVI county,annual_mean_zhvi,complete_12_months
NC,37053,Currituck County,2022,503584.96,12,Zillow ZHVI county,annual_mean_zhvi,complete_12_months
NC,37053,Currituck County,2023,516522.51,12,Zillow ZHVI county,annual_mean_zhvi,complete_12_months
NC,37053,Currituck County,2024,535730.57,12,Zillow ZHVI county,annual_mean_zhvi,complete_12_months
NC,37055,Dare County,2015,319983.69,12,Zillow ZHVI county,annual_mean_zhvi,complete_12_months
NC,37055,Dare County,2016,328433.89,12,Zillow ZHVI county,annual_mean_zhvi,complete_12_months
NC,37055,Dare County,2017,341144.04,12,Zillow ZHVI county,annual_mean_zhvi,complete_12_months
NC,37055,Dare County,2018,353213.11,12,Zillow ZHVI county,annual_mean_zhvi,complete_12_months
NC,37055,Dare County,2019,365737.7,12,Zillow ZHVI county,annual_mean_zhvi,complete_12_months
NC,37055,Dare County,2020,376434.82,12,Zillow ZHVI county,annual_mean_zhvi,complete_12_months
NC,37055,Dare County,2021,460132.56,12,Zillow ZHVI county,annual_mean_zhvi,complete_12_months
NC,37055,Dare County,2022,566361.32,12,Zillow ZHVI county,annual_mean_zhvi,complete_12_months
NC,37055,Dare County,2023,593286.49,12,Zillow ZHVI county,annual_mean_zhvi,complete_12_months
NC,37055,Dare County,2024,610231.43,12,Zillow ZHVI county,annual_mean_zhvi,complete_12_months
NC,37057,Davidson County,2015,133965.32,12,Zillow ZHVI county,annual_mean_zhvi,complete_12_months
NC,37057,Davidson County,2016,139006.9,12,Zillow ZHVI county,annual_mean_zhvi,complete_12_months
NC,37057,Davidson County,2017,145103.85,12,Zillow ZHVI county,annual_mean_zhvi,complete_12_months
NC,37057,Davidson County,2018,153132.32,12,Zillow ZHVI county,annual_mean_zhvi,complete_12_months
NC,37057,Davidson County,2019,162366.21,12,Zillow ZHVI county,annual_mean_zhvi,complete_12_months
NC,37057,Davidson County,2020,175440.09,12,Zillow ZHVI county,annual_mean_zhvi,complete_12_months
NC,37057,Davidson County,2021,204278.18,12,Zillow ZHVI county,annual_mean_zhvi,complete_12_months
NC,37057,Davidson County,2022,234150.5,12,Zillow ZHVI county,annual_mean_zhvi,complete_12_months
NC,37057,Davidson County,2023,248203.11,12,Zillow ZHVI county,annual_mean_zhvi,complete_12_months
NC,37057,Davidson County,2024,262389.8,12,Zillow ZHVI county,annual_mean_zhvi,complete_12_months
NC,37059,Davie County,2015,181347.23,12,Zillow ZHVI county,annual_mean_zhvi,complete_12_months
NC,37059,Davie County,2016,187695.65,12,Zillow ZHVI county,annual_mean_zhvi,complete_12_months
NC,37059,Davie County,2017,193519.73,12,Zillow ZHVI county,annual_mean_zhvi,complete_12_months
NC,37059,Davie County,2018,203084.75,12,Zillow ZHVI county,annual_mean_zhvi,complete_12_months
NC,37059,Davie County,2019,212573.0,12,Zillow ZHVI county,annual_mean_zhvi,complete_12_months
NC,37059,Davie County,2020,228161.1,12,Zillow ZHVI county,annual_mean_zhvi,complete_12_months
NC,37059,Davie County,2021,263330.77,12,Zillow ZHVI county,annual_mean_zhvi,complete_12_months
NC,37059,Davie County,2022,296469.76,12,Zillow ZHVI county,annual_mean_zhvi,complete_12_months
NC,37059,Davie County,2023,303800.94,12,Zillow ZHVI county,annual_mean_zhvi,complete_12_months
NC,37059,Davie County,2024,315873.06,12,Zillow ZHVI county,annual_mean_zhvi,complete_12_months
NC,37061,Duplin County,2015,95328.19,12,Zillow ZHVI county,annual_mean_zhvi,complete_12_months
NC,37061,Duplin County,2016,100478.11,12,Zillow ZHVI county,annual_mean_zhvi,complete_12_months
NC,37061,Duplin County,2017,101478.76,12,Zillow ZHVI county,annual_mean_zhvi,complete_12_months
NC,37061,Duplin County,2018,106532.48,12,Zillow ZHVI county,annual_mean_zhvi,complete_12_months
NC,37061,Duplin County,2019,111809.51,12,Zillow ZHVI county,annual_mean_zhvi,complete_12_months
NC,37061,Duplin County,2020,120122.75,12,Zillow ZHVI county,annual_mean_zhvi,complete_12_months
NC,37061,Duplin County,2021,141433.53,12,Zillow ZHVI county,annual_mean_zhvi,complete_12_months
NC,37061,Duplin County,2022,160922.19,12,Zillow ZHVI county,annual_mean_zhvi,complete_12_months
NC,37061,Duplin County,2023,171170.05,12,Zillow ZHVI county,annual_mean_zhvi,complete_12_months
NC,37061,Duplin County,2024,181873.9,12,Zillow ZHVI county,annual_mean_zhvi,complete_12_months
NC,37063,Durham County,2015,191777.76,12,Zillow ZHVI county,annual_mean_zhvi,complete_12_months
NC,37063,Durham County,2016,205339.69,12,Zillow ZHVI county,annual_mean_zhvi,complete_12_months
NC,37063,Durham County,2017,221989.79,12,Zillow ZHVI county,annual_mean_zhvi,complete_12_months
NC,37063,Durham County,2018,241655.57,12,Zillow ZHVI county,annual_mean_zhvi,complete_12_months
NC,37063,Durham County,2019,258024.82,12,Zillow ZHVI county,annual_mean_zhvi,complete_12_months
NC,37063,Durham County,2020,276796.66,12,Zillow ZHVI county,annual_mean_zhvi,complete_12_months
NC,37063,Durham County,2021,326006.66,12,Zillow ZHVI county,annual_mean_zhvi,complete_12_months
NC,37063,Durham County,2022,401527.89,12,Zillow ZHVI county,annual_mean_zhvi,complete_12_months
NC,37063,Durham County,2023,404236.26,12,Zillow ZHVI county,annual_mean_zhvi,complete_12_months
NC,37063,Durham County,2024,416713.91,12,Zillow ZHVI county,annual_mean_zhvi,complete_12_months
NC,37065,Edgecombe County,2015,71583.9,12,Zillow ZHVI county,annual_mean_zhvi,complete_12_months
NC,37065,Edgecombe County,2016,72467.67,12,Zillow ZHVI county,annual_mean_zhvi,complete_12_months
NC,37065,Edgecombe County,2017,76482.91,12,Zillow ZHVI county,annual_mean_zhvi,complete_12_months
NC,37065,Edgecombe County,2018,78758.29,12,Zillow ZHVI county,annual_mean_zhvi,complete_12_months
NC,37065,Edgecombe County,2019,80649.13,12,Zillow ZHVI county,annual_mean_zhvi,complete_12_months
NC,37065,Edgecombe County,2020,88402.26,12,Zillow ZHVI county,annual_mean_zhvi,complete_12_months
NC,37065,Edgecombe County,2021,106347.7,12,Zillow ZHVI county,annual_mean_zhvi,complete_12_months
NC,37065,Edgecombe County,2022,127615.16,12,Zillow ZHVI county,annual_mean_zhvi,complete_12_months
NC,37065,Edgecombe County,2023,140348.58,12,Zillow ZHVI county,annual_mean_zhvi,complete_12_months
NC,37065,Edgecombe County,2024,150057.89,12,Zillow ZHVI county,annual_mean_zhvi,complete_12_months
NC,37067,Forsyth County,2015,144078.58,12,Zillow ZHVI county,annual_mean_zhvi,complete_12_months
NC,37067,Forsyth County,2016,149130.73,12,Zillow ZHVI county,annual_mean_zhvi,complete_12_months
NC,37067,Forsyth County,2017,155401.92,12,Zillow ZHVI county,annual_mean_zhvi,complete_12_months
NC,37067,Forsyth County,2018,165167.66,12,Zillow ZHVI county,annual_mean_zhvi,complete_12_months
NC,37067,Forsyth County,2019,178338.06,12,Zillow ZHVI county,annual_mean_zhvi,complete_12_months
NC,37067,Forsyth County,2020,192353.48,12,Zillow ZHVI county,annual_mean_zhvi,complete_12_months
NC,37067,Forsyth County,2021,223702.52,12,Zillow ZHVI county,annual_mean_zhvi,complete_12_months
NC,37067,Forsyth County,2022,258635.82,12,Zillow ZHVI county,annual_mean_zhvi,complete_12_months
NC,37067,Forsyth County,2023,271422.03,12,Zillow ZHVI county,annual_mean_zhvi,complete_12_months
NC,37067,Forsyth County,2024,285170.64,12,Zillow ZHVI county,annual_mean_zhvi,complete_12_months
NC,37069,Franklin County,2015,174325.1,12,Zillow ZHVI county,annual_mean_zhvi,complete_12_months
NC,37069,Franklin County,2016,183758.85,12,Zillow ZHVI county,annual_mean_zhvi,complete_12_months
NC,37069,Franklin County,2017,197952.82,12,Zillow ZHVI county,annual_mean_zhvi,complete_12_months
NC,37069,Franklin County,2018,213107.71,12,Zillow ZHVI county,annual_mean_zhvi,complete_12_months
NC,37069,Franklin County,2019,226295.83,12,Zillow ZHVI county,annual_mean_zhvi,complete_12_months
NC,37069,Franklin County,2020,240726.57,12,Zillow ZHVI county,annual_mean_zhvi,complete_12_months
NC,37069,Franklin County,2021,285198.94,12,Zillow ZHVI county,annual_mean_zhvi,complete_12_months
NC,37069,Franklin County,2022,347906.48,12,Zillow ZHVI county,annual_mean_zhvi,complete_12_months
NC,37069,Franklin County,2023,355595.93,12,Zillow ZHVI county,annual_mean_zhvi,complete_12_months
NC,37069,Franklin County,2024,363088.88,12,Zillow ZHVI county,annual_mean_zhvi,complete_12_months
NC,37071,Gaston County,2015,122260.16,12,Zillow ZHVI county,annual_mean_zhvi,complete_12_months
NC,37071,Gaston County,2016,131826.09,12,Zillow ZHVI county,annual_mean_zhvi,complete_12_months
NC,37071,Gaston County,2017,145117.19,12,Zillow ZHVI county,annual_mean_zhvi,complete_12_months
NC,37071,Gaston County,2018,159577.28,12,Zillow ZHVI county,annual_mean_zhvi,complete_12_months
NC,37071,Gaston County,2019,175204.84,12,Zillow ZHVI county,annual_mean_zhvi,complete_12_months
NC,37071,Gaston County,2020,192295.05,12,Zillow ZHVI county,annual_mean_zhvi,complete_12_months
NC,37071,Gaston County,2021,231471.15,12,Zillow ZHVI county,annual_mean_zhvi,complete_12_months
NC,37071,Gaston County,2022,281341.92,12,Zillow ZHVI county,annual_mean_zhvi,complete_12_months
NC,37071,Gaston County,2023,289128.31,12,Zillow ZHVI county,annual_mean_zhvi,complete_12_months
NC,37071,Gaston County,2024,298643.99,12,Zillow ZHVI county,annual_mean_zhvi,complete_12_months
NC,37073,Gates County,2015,122911.01,12,Zillow ZHVI county,annual_mean_zhvi,complete_12_months
NC,37073,Gates County,2016,130045.32,12,Zillow ZHVI county,annual_mean_zhvi,complete_12_months
NC,37073,Gates County,2017,136520.87,12,Zillow ZHVI county,annual_mean_zhvi,complete_12_months
NC,37073,Gates County,2018,138172.9,12,Zillow ZHVI county,annual_mean_zhvi,complete_12_months
NC,37073,Gates County,2019,135379.39,12,Zillow ZHVI county,annual_mean_zhvi,complete_12_months
NC,37073,Gates County,2020,152568.01,12,Zillow ZHVI county,annual_mean_zhvi,complete_12_months
NC,37073,Gates County,2021,178527.67,12,Zillow ZHVI county,annual_mean_zhvi,complete_12_months
NC,37073,Gates County,2022,193071.84,12,Zillow ZHVI county,annual_mean_zhvi,complete_12_months
NC,37073,Gates County,2023,189896.55,12,Zillow ZHVI county,annual_mean_zhvi,complete_12_months
NC,37073,Gates County,2024,208570.32,12,Zillow ZHVI county,annual_mean_zhvi,complete_12_months
NC,37075,Graham County,2015,116572.97,12,Zillow ZHVI county,annual_mean_zhvi,complete_12_months
NC,37075,Graham County,2016,119652.66,12,Zillow ZHVI county,annual_mean_zhvi,complete_12_months
NC,37075,Graham County,2017,122427.67,12,Zillow ZHVI county,annual_mean_zhvi,complete_12_months
NC,37075,Graham County,2018,128271.54,12,Zillow ZHVI county,annual_mean_zhvi,complete_12_months
NC,37075,Graham County,2019,133094.89,12,Zillow ZHVI county,annual_mean_zhvi,complete_12_months
NC,37075,Graham County,2020,142392.62,12,Zillow ZHVI county,annual_mean_zhvi,complete_12_months
NC,37075,Graham County,2021,173537.6,12,Zillow ZHVI county,annual_mean_zhvi,complete_12_months
NC,37075,Graham County,2022,204815.61,12,Zillow ZHVI county,annual_mean_zhvi,complete_12_months
NC,37075,Graham County,2023,217128.05,12,Zillow ZHVI county,annual_mean_zhvi,complete_12_months
NC,37075,Graham County,2024,229789.74,12,Zillow ZHVI county,annual_mean_zhvi,complete_12_months
NC,37077,Granville County,2015,149756.17,12,Zillow ZHVI county,annual_mean_zhvi,complete_12_months
NC,37077,Granville County,2016,157189.26,12,Zillow ZHVI county,annual_mean_zhvi,complete_12_months
NC,37077,Granville County,2017,165262.34,12,Zillow ZHVI county,annual_mean_zhvi,complete_12_months
NC,37077,Granville County,2018,176913.88,12,Zillow ZHVI county,annual_mean_zhvi,complete_12_months
NC,37077,Granville County,2019,190643.01,12,Zillow ZHVI county,annual_mean_zhvi,complete_12_months
NC,37077,Granville County,2020,208008.15,12,Zillow ZHVI county,annual_mean_zhvi,complete_12_months
NC,37077,Granville County,2021,246502.84,12,Zillow ZHVI county,annual_mean_zhvi,complete_12_months
NC,37077,Granville County,2022,289557.01,12,Zillow ZHVI county,annual_mean_zhvi,complete_12_months
NC,37077,Granville County,2023,303876.96,12,Zillow ZHVI county,annual_mean_zhvi,complete_12_months
NC,37077,Granville County,2024,317548.56,12,Zillow ZHVI county,annual_mean_zhvi,complete_12_months
NC,37079,Greene County,2015,102502.36,12,Zillow ZHVI county,annual_mean_zhvi,complete_12_months
NC,37079,Greene County,2016,107033.64,12,Zillow ZHVI county,annual_mean_zhvi,complete_12_months
NC,37079,Greene County,2017,108938.21,12,Zillow ZHVI county,annual_mean_zhvi,complete_12_months
NC,37079,Greene County,2018,112390.3,12,Zillow ZHVI county,annual_mean_zhvi,complete_12_months
NC,37079,Greene County,2019,119551.59,12,Zillow ZHVI county,annual_mean_zhvi,complete_12_months
NC,37079,Greene County,2020,128760.49,12,Zillow ZHVI county,annual_mean_zhvi,complete_12_months
NC,37079,Greene County,2021,149407.32,12,Zillow ZHVI county,annual_mean_zhvi,complete_12_months
NC,37079,Greene County,2022,171244.32,12,Zillow ZHVI county,annual_mean_zhvi,complete_12_months
NC,37079,Greene County,2023,178487.8,12,Zillow ZHVI county,annual_mean_zhvi,complete_12_months
NC,37079,Greene County,2024,184172.51,12,Zillow ZHVI county,annual_mean_zhvi,complete_12_months
NC,37081,Guilford County,2015,139070.64,12,Zillow ZHVI county,annual_mean_zhvi,complete_12_months
NC,37081,Guilford County,2016,145097.94,12,Zillow ZHVI county,annual_mean_zhvi,complete_12_months
NC,37081,Guilford County,2017,153136.68,12,Zillow ZHVI county,annual_mean_zhvi,complete_12_months
NC,37081,Guilford County,2018,164327.43,12,Zillow ZHVI county,annual_mean_zhvi,complete_12_months
NC,37081,Guilford County,2019,175737.44,12,Zillow ZHVI county,annual_mean_zhvi,complete_12_months
NC,37081,Guilford County,2020,189848.99,12,Zillow ZHVI county,annual_mean_zhvi,complete_12_months
NC,37081,Guilford County,2021,219572.79,12,Zillow ZHVI county,annual_mean_zhvi,complete_12_months
NC,37081,Guilford County,2022,253328.05,12,Zillow ZHVI county,annual_mean_zhvi,complete_12_months
NC,37081,Guilford County,2023,266713.22,12,Zillow ZHVI county,annual_mean_zhvi,complete_12_months
NC,37081,Guilford County,2024,277468.33,12,Zillow ZHVI county,annual_mean_zhvi,complete_12_months
NC,37083,Halifax County,2015,66553.6,12,Zillow ZHVI county,annual_mean_zhvi,complete_12_months
NC,37083,Halifax County,2016,64969.53,12,Zillow ZHVI county,annual_mean_zhvi,complete_12_months
NC,37083,Halifax County,2017,63347.15,12,Zillow ZHVI county,annual_mean_zhvi,complete_12_months
NC,37083,Halifax County,2018,67403.73,12,Zillow ZHVI county,annual_mean_zhvi,complete_12_months
NC,37083,Halifax County,2019,70476.33,12,Zillow ZHVI county,annual_mean_zhvi,complete_12_months
NC,37083,Halifax County,2020,74233.59,12,Zillow ZHVI county,annual_mean_zhvi,complete_12_months
NC,37083,Halifax County,2021,87901.19,12,Zillow ZHVI county,annual_mean_zhvi,complete_12_months
NC,37083,Halifax County,2022,96957.23,12,Zillow ZHVI county,annual_mean_zhvi,complete_12_months
NC,37083,Halifax County,2023,102061.04,12,Zillow ZHVI county,annual_mean_zhvi,complete_12_months
NC,37083,Halifax County,2024,102751.92,12,Zillow ZHVI county,annual_mean_zhvi,complete_12_months
NC,37085,Harnett County,2015,148800.44,12,Zillow ZHVI county,annual_mean_zhvi,complete_12_months
NC,37085,Harnett County,2016,153621.87,12,Zillow ZHVI county,annual_mean_zhvi,complete_12_months
NC,37085,Harnett County,2017,162983.2,12,Zillow ZHVI county,annual_mean_zhvi,complete_12_months
NC,37085,Harnett County,2018,170428.14,12,Zillow ZHVI county,annual_mean_zhvi,complete_12_months
NC,37085,Harnett County,2019,177811.97,12,Zillow ZHVI county,annual_mean_zhvi,complete_12_months
NC,37085,Harnett County,2020,190387.54,12,Zillow ZHVI county,annual_mean_zhvi,complete_12_months
NC,37085,Harnett County,2021,221213.78,12,Zillow ZHVI county,annual_mean_zhvi,complete_12_months
NC,37085,Harnett County,2022,261313.21,12,Zillow ZHVI county,annual_mean_zhvi,complete_12_months
NC,37085,Harnett County,2023,280022.42,12,Zillow ZHVI county,annual_mean_zhvi,complete_12_months
NC,37085,Harnett County,2024,293004.35,12,Zillow ZHVI county,annual_mean_zhvi,complete_12_months
NC,37087,Haywood County,2015,168949.13,12,Zillow ZHVI county,annual_mean_zhvi,complete_12_months
NC,37087,Haywood County,2016,179170.73,12,Zillow ZHVI county,annual_mean_zhvi,complete_12_months
NC,37087,Haywood County,2017,192440.79,12,Zillow ZHVI county,annual_mean_zhvi,complete_12_months
NC,37087,Haywood County,2018,205747.5,12,Zillow ZHVI county,annual_mean_zhvi,complete_12_months
NC,37087,Haywood County,2019,220131.26,12,Zillow ZHVI county,annual_mean_zhvi,complete_12_months
NC,37087,Haywood County,2020,238146.96,12,Zillow ZHVI county,annual_mean_zhvi,complete_12_months
NC,37087,Haywood County,2021,283145.27,12,Zillow ZHVI county,annual_mean_zhvi,complete_12_months
NC,37087,Haywood County,2022,326567.21,12,Zillow ZHVI county,annual_mean_zhvi,complete_12_months
NC,37087,Haywood County,2023,338362.52,12,Zillow ZHVI county,annual_mean_zhvi,complete_12_months
NC,37087,Haywood County,2024,359146.05,12,Zillow ZHVI county,annual_mean_zhvi,complete_12_months
NC,37089,Henderson County,2015,206242.4,12,Zillow ZHVI county,annual_mean_zhvi,complete_12_months
NC,37089,Henderson County,2016,226319.36,12,Zillow ZHVI county,annual_mean_zhvi,complete_12_months
NC,37089,Henderson County,2017,247032.95,12,Zillow ZHVI county,annual_mean_zhvi,complete_12_months
NC,37089,Henderson County,2018,266004.12,12,Zillow ZHVI county,annual_mean_zhvi,complete_12_months
NC,37089,Henderson County,2019,275568.03,12,Zillow ZHVI county,annual_mean_zhvi,complete_12_months
NC,37089,Henderson County,2020,295259.59,12,Zillow ZHVI county,annual_mean_zhvi,complete_12_months
NC,37089,Henderson County,2021,344165.27,12,Zillow ZHVI county,annual_mean_zhvi,complete_12_months
NC,37089,Henderson County,2022,402577.04,12,Zillow ZHVI county,annual_mean_zhvi,complete_12_months
NC,37089,Henderson County,2023,419728.4,12,Zillow ZHVI county,annual_mean_zhvi,complete_12_months
NC,37089,Henderson County,2024,440571.3,12,Zillow ZHVI county,annual_mean_zhvi,complete_12_months
NC,37091,Hertford County,2015,85616.7,12,Zillow ZHVI county,annual_mean_zhvi,complete_12_months
NC,37091,Hertford County,2016,87995.24,12,Zillow ZHVI county,annual_mean_zhvi,complete_12_months
NC,37091,Hertford County,2017,89368.47,12,Zillow ZHVI county,annual_mean_zhvi,complete_12_months
NC,37091,Hertford County,2018,93464.33,12,Zillow ZHVI county,annual_mean_zhvi,complete_12_months
NC,37091,Hertford County,2019,96968.6,12,Zillow ZHVI county,annual_mean_zhvi,complete_12_months
NC,37091,Hertford County,2020,100623.55,12,Zillow ZHVI county,annual_mean_zhvi,complete_12_months
NC,37091,Hertford County,2021,115321.9,12,Zillow ZHVI county,annual_mean_zhvi,complete_12_months
NC,37091,Hertford County,2022,125490.59,12,Zillow ZHVI county,annual_mean_zhvi,complete_12_months
NC,37091,Hertford County,2023,124973.49,12,Zillow ZHVI county,annual_mean_zhvi,complete_12_months
NC,37091,Hertford County,2024,126318.45,12,Zillow ZHVI county,annual_mean_zhvi,complete_12_months
NC,37093,Hoke County,2015,156445.5,12,Zillow ZHVI county,annual_mean_zhvi,complete_12_months
NC,37093,Hoke County,2016,158447.76,12,Zillow ZHVI county,annual_mean_zhvi,complete_12_months
NC,37093,Hoke County,2017,161244.25,12,Zillow ZHVI county,annual_mean_zhvi,complete_12_months
NC,37093,Hoke County,2018,165269.34,12,Zillow ZHVI county,annual_mean_zhvi,complete_12_months
NC,37093,Hoke County,2019,171443.18,12,Zillow ZHVI county,annual_mean_zhvi,complete_12_months
NC,37093,Hoke County,2020,180738.66,12,Zillow ZHVI county,annual_mean_zhvi,complete_12_months
NC,37093,Hoke County,2021,203523.94,12,Zillow ZHVI county,annual_mean_zhvi,complete_12_months
NC,37093,Hoke County,2022,234935.77,12,Zillow ZHVI county,annual_mean_zhvi,complete_12_months
NC,37093,Hoke County,2023,261070.46,12,Zillow ZHVI county,annual_mean_zhvi,complete_12_months
NC,37093,Hoke County,2024,276909.75,12,Zillow ZHVI county,annual_mean_zhvi,complete_12_months
NC,37095,Hyde County,2015,134168.23,12,Zillow ZHVI county,annual_mean_zhvi,complete_12_months
NC,37095,Hyde County,2016,139237.77,12,Zillow ZHVI county,annual_mean_zhvi,complete_12_months
NC,37095,Hyde County,2017,145559.03,12,Zillow ZHVI county,annual_mean_zhvi,complete_12_months
NC,37095,Hyde County,2018,149636.63,12,Zillow ZHVI county,annual_mean_zhvi,complete_12_months
NC,37095,Hyde County,2019,147492.09,12,Zillow ZHVI county,annual_mean_zhvi,complete_12_months
NC,37095,Hyde County,2020,160987.03,12,Zillow ZHVI county,annual_mean_zhvi,complete_12_months
NC,37095,Hyde County,2021,188523.83,12,Zillow ZHVI county,annual_mean_zhvi,complete_12_months
NC,37095,Hyde County,2022,214099.36,12,Zillow ZHVI county,annual_mean_zhvi,complete_12_months
NC,37095,Hyde County,2023,216596.96,12,Zillow ZHVI county,annual_mean_zhvi,complete_12_months
NC,37095,Hyde County,2024,218050.13,12,Zillow ZHVI county,annual_mean_zhvi,complete_12_months
NC,37097,Iredell County,2015,195286.64,12,Zillow ZHVI county,annual_mean_zhvi,complete_12_months
NC,37097,Iredell County,2016,207265.69,12,Zillow ZHVI county,annual_mean_zhvi,complete_12_months
NC,37097,Iredell County,2017,216665.63,12,Zillow ZHVI county,annual_mean_zhvi,complete_12_months
NC,37097,Iredell County,2018,229173.82,12,Zillow ZHVI county,annual_mean_zhvi,complete_12_months
NC,37097,Iredell County,2019,237268.55,12,Zillow ZHVI county,annual_mean_zhvi,complete_12_months
NC,37097,Iredell County,2020,253778.97,12,Zillow ZHVI county,annual_mean_zhvi,complete_12_months
NC,37097,Iredell County,2021,306325.16,12,Zillow ZHVI county,annual_mean_zhvi,complete_12_months
NC,37097,Iredell County,2022,368014.72,12,Zillow ZHVI county,annual_mean_zhvi,complete_12_months
NC,37097,Iredell County,2023,374860.71,12,Zillow ZHVI county,annual_mean_zhvi,complete_12_months
NC,37097,Iredell County,2024,382924.74,12,Zillow ZHVI county,annual_mean_zhvi,complete_12_months
NC,37099,Jackson County,2015,232696.81,12,Zillow ZHVI county,annual_mean_zhvi,complete_12_months
NC,37099,Jackson County,2016,236779.58,12,Zillow ZHVI county,annual_mean_zhvi,complete_12_months
NC,37099,Jackson County,2017,245471.77,12,Zillow ZHVI county,annual_mean_zhvi,complete_12_months
NC,37099,Jackson County,2018,260820.9,12,Zillow ZHVI county,annual_mean_zhvi,complete_12_months
NC,37099,Jackson County,2019,268408.08,12,Zillow ZHVI county,annual_mean_zhvi,complete_12_months
NC,37099,Jackson County,2020,281191.91,12,Zillow ZHVI county,annual_mean_zhvi,complete_12_months
NC,37099,Jackson County,2021,348132.91,12,Zillow ZHVI county,annual_mean_zhvi,complete_12_months
NC,37099,Jackson County,2022,408738.39,12,Zillow ZHVI county,annual_mean_zhvi,complete_12_months
NC,37099,Jackson County,2023,419385.61,12,Zillow ZHVI county,annual_mean_zhvi,complete_12_months
NC,37099,Jackson County,2024,438904.73,12,Zillow ZHVI county,annual_mean_zhvi,complete_12_months
NC,37101,Johnston County,2015,168887.22,12,Zillow ZHVI county,annual_mean_zhvi,complete_12_months
NC,37101,Johnston County,2016,178884.13,12,Zillow ZHVI county,annual_mean_zhvi,complete_12_months
NC,37101,Johnston County,2017,191684.54,12,Zillow ZHVI county,annual_mean_zhvi,complete_12_months
NC,37101,Johnston County,2018,204990.06,12,Zillow ZHVI county,annual_mean_zhvi,complete_12_months
NC,37101,Johnston County,2019,216728.1,12,Zillow ZHVI county,annual_mean_zhvi,complete_12_months
NC,37101,Johnston County,2020,232842.05,12,Zillow ZHVI county,annual_mean_zhvi,complete_12_months
NC,37101,Johnston County,2021,276708.89,12,Zillow ZHVI county,annual_mean_zhvi,complete_12_months
NC,37101,Johnston County,2022,341036.11,12,Zillow ZHVI county,annual_mean_zhvi,complete_12_months
NC,37101,Johnston County,2023,344003.72,12,Zillow ZHVI county,annual_mean_zhvi,complete_12_months
NC,37101,Johnston County,2024,349861.45,12,Zillow ZHVI county,annual_mean_zhvi,complete_12_months
NC,37103,Jones County,2015,75870.11,12,Zillow ZHVI county,annual_mean_zhvi,complete_12_months
NC,37103,Jones County,2016,81241.7,12,Zillow ZHVI county,annual_mean_zhvi,complete_12_months
NC,37103,Jones County,2017,84965.03,12,Zillow ZHVI county,annual_mean_zhvi,complete_12_months
NC,37103,Jones County,2018,88851.89,12,Zillow ZHVI county,annual_mean_zhvi,complete_12_months
NC,37103,Jones County,2019,88751.26,12,Zillow ZHVI county,annual_mean_zhvi,complete_12_months
NC,37103,Jones County,2020,93336.82,12,Zillow ZHVI county,annual_mean_zhvi,complete_12_months
NC,37103,Jones County,2021,115012.46,12,Zillow ZHVI county,annual_mean_zhvi,complete_12_months
NC,37103,Jones County,2022,135958.98,12,Zillow ZHVI county,annual_mean_zhvi,complete_12_months
NC,37103,Jones County,2023,136058.86,12,Zillow ZHVI county,annual_mean_zhvi,complete_12_months
NC,37103,Jones County,2024,147868.95,12,Zillow ZHVI county,annual_mean_zhvi,complete_12_months
NC,37105,Lee County,2015,125206.44,12,Zillow ZHVI county,annual_mean_zhvi,complete_12_months
NC,37105,Lee County,2016,131600.94,12,Zillow ZHVI county,annual_mean_zhvi,complete_12_months
NC,37105,Lee County,2017,139313.78,12,Zillow ZHVI county,annual_mean_zhvi,complete_12_months
NC,37105,Lee County,2018,152075.31,12,Zillow ZHVI county,annual_mean_zhvi,complete_12_months
NC,37105,Lee County,2019,161585.63,12,Zillow ZHVI county,annual_mean_zhvi,complete_12_months
NC,37105,Lee County,2020,179658.06,12,Zillow ZHVI county,annual_mean_zhvi,complete_12_months
NC,37105,Lee County,2021,210660.4,12,Zillow ZHVI county,annual_mean_zhvi,complete_12_months
NC,37105,Lee County,2022,253875.31,12,Zillow ZHVI county,annual_mean_zhvi,complete_12_months
NC,37105,Lee County,2023,278570.95,12,Zillow ZHVI county,annual_mean_zhvi,complete_12_months
NC,37105,Lee County,2024,291153.85,12,Zillow ZHVI county,annual_mean_zhvi,complete_12_months
NC,37107,Lenoir County,2015,72073.45,12,Zillow ZHVI county,annual_mean_zhvi,complete_12_months
NC,37107,Lenoir County,2016,73666.4,12,Zillow ZHVI county,annual_mean_zhvi,complete_12_months
NC,37107,Lenoir County,2017,74896.58,12,Zillow ZHVI county,annual_mean_zhvi,complete_12_months
NC,37107,Lenoir County,2018,79409.28,12,Zillow ZHVI county,annual_mean_zhvi,complete_12_months
NC,37107,Lenoir County,2019,82973.6,12,Zillow ZHVI county,annual_mean_zhvi,complete_12_months
NC,37107,Lenoir County,2020,88435.41,12,Zillow ZHVI county,annual_mean_zhvi,complete_12_months
NC,37107,Lenoir County,2021,105331.06,12,Zillow ZHVI county,annual_mean_zhvi,complete_12_months
NC,37107,Lenoir County,2022,127731.28,12,Zillow ZHVI county,annual_mean_zhvi,complete_12_months
NC,37107,Lenoir County,2023,139820.74,12,Zillow ZHVI county,annual_mean_zhvi,complete_12_months
NC,37107,Lenoir County,2024,144908.81,12,Zillow ZHVI county,annual_mean_zhvi,complete_12_months
NC,37109,Lincoln County,2015,191070.05,12,Zillow ZHVI county,annual_mean_zhvi,complete_12_months
NC,37109,Lincoln County,2016,201090.63,12,Zillow ZHVI county,annual_mean_zhvi,complete_12_months
NC,37109,Lincoln County,2017,214186.71,12,Zillow ZHVI county,annual_mean_zhvi,complete_12_months
NC,37109,Lincoln County,2018,230470.15,12,Zillow ZHVI county,annual_mean_zhvi,complete_12_months
NC,37109,Lincoln County,2019,245336.87,12,Zillow ZHVI county,annual_mean_zhvi,complete_12_months
NC,37109,Lincoln County,2020,263058.38,12,Zillow ZHVI county,annual_mean_zhvi,complete_12_months
NC,37109,Lincoln County,2021,308259.52,12,Zillow ZHVI county,annual_mean_zhvi,complete_12_months
NC,37109,Lincoln County,2022,366198.21,12,Zillow ZHVI county,annual_mean_zhvi,complete_12_months
NC,37109,Lincoln County,2023,378444.1,12,Zillow ZHVI county,annual_mean_zhvi,complete_12_months
NC,37109,Lincoln County,2024,393412.32,12,Zillow ZHVI county,annual_mean_zhvi,complete_12_months
NC,37111,McDowell County,2015,,0,Zillow ZHVI county,annual_mean_zhvi,source_data_unavailable
NC,37111,McDowell County,2016,146043.76,12,Zillow ZHVI county,annual_mean_zhvi,complete_12_months
NC,37111,McDowell County,2017,152616.6,12,Zillow ZHVI county,annual_mean_zhvi,complete_12_months
NC,37111,McDowell County,2018,163719.23,12,Zillow ZHVI county,annual_mean_zhvi,complete_12_months
NC,37111,McDowell County,2019,180164.06,12,Zillow ZHVI county,annual_mean_zhvi,complete_12_months
NC,37111,McDowell County,2020,190865.65,12,Zillow ZHVI county,annual_mean_zhvi,complete_12_months
NC,37111,McDowell County,2021,227243.51,12,Zillow ZHVI county,annual_mean_zhvi,complete_12_months
NC,37111,McDowell County,2022,251080.29,12,Zillow ZHVI county,annual_mean_zhvi,complete_12_months
NC,37111,McDowell County,2023,259716.08,12,Zillow ZHVI county,annual_mean_zhvi,complete_12_months
NC,37111,McDowell County,2024,269303.77,12,Zillow ZHVI county,annual_mean_zhvi,complete_12_months
NC,37113,Macon County,2015,173525.14,12,Zillow ZHVI county,annual_mean_zhvi,complete_12_months
NC,37113,Macon County,2016,176899.44,12,Zillow ZHVI county,annual_mean_zhvi,complete_12_months
NC,37113,Macon County,2017,186012.79,12,Zillow ZHVI county,annual_mean_zhvi,complete_12_months
NC,37113,Macon County,2018,197659.33,12,Zillow ZHVI county,annual_mean_zhvi,complete_12_months
NC,37113,Macon County,2019,205303.98,12,Zillow ZHVI county,annual_mean_zhvi,complete_12_months
NC,37113,Macon County,2020,219301.91,12,Zillow ZHVI county,annual_mean_zhvi,complete_12_months
NC,37113,Macon County,2021,269474.4,12,Zillow ZHVI county,annual_mean_zhvi,complete_12_months
NC,37113,Macon County,2022,319614.21,12,Zillow ZHVI county,annual_mean_zhvi,complete_12_months
NC,37113,Macon County,2023,330264.66,12,Zillow ZHVI county,annual_mean_zhvi,complete_12_months
NC,37113,Macon County,2024,349832.49,12,Zillow ZHVI county,annual_mean_zhvi,complete_12_months
NC,37115,Madison County,2015,202170.73,12,Zillow ZHVI county,annual_mean_zhvi,complete_12_months
NC,37115,Madison County,2016,221601.05,12,Zillow ZHVI county,annual_mean_zhvi,complete_12_months
NC,37115,Madison County,2017,238830.51,12,Zillow ZHVI county,annual_mean_zhvi,complete_12_months
NC,37115,Madison County,2018,245105.33,12,Zillow ZHVI county,annual_mean_zhvi,complete_12_months
NC,37115,Madison County,2019,246142.96,12,Zillow ZHVI county,annual_mean_zhvi,complete_12_months
NC,37115,Madison County,2020,265643.69,12,Zillow ZHVI county,annual_mean_zhvi,complete_12_months
NC,37115,Madison County,2021,317794.49,12,Zillow ZHVI county,annual_mean_zhvi,complete_12_months
NC,37115,Madison County,2022,365069.52,12,Zillow ZHVI county,annual_mean_zhvi,complete_12_months
NC,37115,Madison County,2023,370509.46,12,Zillow ZHVI county,annual_mean_zhvi,complete_12_months
NC,37115,Madison County,2024,388366.38,12,Zillow ZHVI county,annual_mean_zhvi,complete_12_months
NC,37117,Martin County,2015,80531.37,12,Zillow ZHVI county,annual_mean_zhvi,complete_12_months
NC,37117,Martin County,2016,85961.89,12,Zillow ZHVI county,annual_mean_zhvi,complete_12_months
NC,37117,Martin County,2017,88470.33,12,Zillow ZHVI county,annual_mean_zhvi,complete_12_months
NC,37117,Martin County,2018,86910.96,12,Zillow ZHVI county,annual_mean_zhvi,complete_12_months
NC,37117,Martin County,2019,90428.73,12,Zillow ZHVI county,annual_mean_zhvi,complete_12_months
NC,37117,Martin County,2020,97507.68,12,Zillow ZHVI county,annual_mean_zhvi,complete_12_months
NC,37117,Martin County,2021,119921.48,12,Zillow ZHVI county,annual_mean_zhvi,complete_12_months
NC,37117,Martin County,2022,133886.11,12,Zillow ZHVI county,annual_mean_zhvi,complete_12_months
NC,37117,Martin County,2023,137744.75,12,Zillow ZHVI county,annual_mean_zhvi,complete_12_months
NC,37117,Martin County,2024,136283.11,12,Zillow ZHVI county,annual_mean_zhvi,complete_12_months
NC,37119,Mecklenburg County,2015,193963.67,12,Zillow ZHVI county,annual_mean_zhvi,complete_12_months
NC,37119,Mecklenburg County,2016,211547.04,12,Zillow ZHVI county,annual_mean_zhvi,complete_12_months
NC,37119,Mecklenburg County,2017,230823.04,12,Zillow ZHVI county,annual_mean_zhvi,complete_12_months
NC,37119,Mecklenburg County,2018,250581.81,12,Zillow ZHVI county,annual_mean_zhvi,complete_12_months
NC,37119,Mecklenburg County,2019,264403.41,12,Zillow ZHVI county,annual_mean_zhvi,complete_12_months
NC,37119,Mecklenburg County,2020,282408.94,12,Zillow ZHVI county,annual_mean_zhvi,complete_12_months
NC,37119,Mecklenburg County,2021,336714.95,12,Zillow ZHVI county,annual_mean_zhvi,complete_12_months
NC,37119,Mecklenburg County,2022,407849.36,12,Zillow ZHVI county,annual_mean_zhvi,complete_12_months
NC,37119,Mecklenburg County,2023,413171.9,12,Zillow ZHVI county,annual_mean_zhvi,complete_12_months
NC,37119,Mecklenburg County,2024,429107.32,12,Zillow ZHVI county,annual_mean_zhvi,complete_12_months
NC,37121,Mitchell County,2015,130141.68,12,Zillow ZHVI county,annual_mean_zhvi,complete_12_months
NC,37121,Mitchell County,2016,132986.21,12,Zillow ZHVI county,annual_mean_zhvi,complete_12_months
NC,37121,Mitchell County,2017,138259.81,12,Zillow ZHVI county,annual_mean_zhvi,complete_12_months
NC,37121,Mitchell County,2018,142426.93,12,Zillow ZHVI county,annual_mean_zhvi,complete_12_months
NC,37121,Mitchell County,2019,149213.02,12,Zillow ZHVI county,annual_mean_zhvi,complete_12_months
NC,37121,Mitchell County,2020,159658.29,12,Zillow ZHVI county,annual_mean_zhvi,complete_12_months
NC,37121,Mitchell County,2021,190092.18,12,Zillow ZHVI county,annual_mean_zhvi,complete_12_months
NC,37121,Mitchell County,2022,222011.92,12,Zillow ZHVI county,annual_mean_zhvi,complete_12_months
NC,37121,Mitchell County,2023,243193.76,12,Zillow ZHVI county,annual_mean_zhvi,complete_12_months
NC,37121,Mitchell County,2024,243714.58,12,Zillow ZHVI county,annual_mean_zhvi,complete_12_months
NC,37123,Montgomery County,2015,95849.53,12,Zillow ZHVI county,annual_mean_zhvi,complete_12_months
NC,37123,Montgomery County,2016,99913.67,12,Zillow ZHVI county,annual_mean_zhvi,complete_12_months
NC,37123,Montgomery County,2017,102720.73,12,Zillow ZHVI county,annual_mean_zhvi,complete_12_months
NC,37123,Montgomery County,2018,108558.53,12,Zillow ZHVI county,annual_mean_zhvi,complete_12_months
NC,37123,Montgomery County,2019,114387.39,12,Zillow ZHVI county,annual_mean_zhvi,complete_12_months
NC,37123,Montgomery County,2020,125127.41,12,Zillow ZHVI county,annual_mean_zhvi,complete_12_months
NC,37123,Montgomery County,2021,149662.38,12,Zillow ZHVI county,annual_mean_zhvi,complete_12_months
NC,37123,Montgomery County,2022,173715.86,12,Zillow ZHVI county,annual_mean_zhvi,complete_12_months
NC,37123,Montgomery County,2023,182128.93,12,Zillow ZHVI county,annual_mean_zhvi,complete_12_months
NC,37123,Montgomery County,2024,189088.1,12,Zillow ZHVI county,annual_mean_zhvi,complete_12_months
NC,37125,Moore County,2015,207760.77,12,Zillow ZHVI county,annual_mean_zhvi,complete_12_months
NC,37125,Moore County,2016,214486.06,12,Zillow ZHVI county,annual_mean_zhvi,complete_12_months
NC,37125,Moore County,2017,223354.99,12,Zillow ZHVI county,annual_mean_zhvi,complete_12_months
NC,37125,Moore County,2018,233836.95,12,Zillow ZHVI county,annual_mean_zhvi,complete_12_months
NC,37125,Moore County,2019,242800.96,12,Zillow ZHVI county,annual_mean_zhvi,complete_12_months
NC,37125,Moore County,2020,260793.85,12,Zillow ZHVI county,annual_mean_zhvi,complete_12_months
NC,37125,Moore County,2021,309965.03,12,Zillow ZHVI county,annual_mean_zhvi,complete_12_months
NC,37125,Moore County,2022,373424.54,12,Zillow ZHVI county,annual_mean_zhvi,complete_12_months
NC,37125,Moore County,2023,395472.46,12,Zillow ZHVI county,annual_mean_zhvi,complete_12_months
NC,37125,Moore County,2024,409764.23,12,Zillow ZHVI county,annual_mean_zhvi,complete_12_months
NC,37127,Nash County,2015,120042.38,12,Zillow ZHVI county,annual_mean_zhvi,complete_12_months
NC,37127,Nash County,2016,122863.33,12,Zillow ZHVI county,annual_mean_zhvi,complete_12_months
NC,37127,Nash County,2017,127982.64,12,Zillow ZHVI county,annual_mean_zhvi,complete_12_months
NC,37127,Nash County,2018,135628.48,12,Zillow ZHVI county,annual_mean_zhvi,complete_12_months
NC,37127,Nash County,2019,142445.88,12,Zillow ZHVI county,annual_mean_zhvi,complete_12_months
NC,37127,Nash County,2020,154654.63,12,Zillow ZHVI county,annual_mean_zhvi,complete_12_months
NC,37127,Nash County,2021,182583.59,12,Zillow ZHVI county,annual_mean_zhvi,complete_12_months
NC,37127,Nash County,2022,213957.04,12,Zillow ZHVI county,annual_mean_zhvi,complete_12_months
NC,37127,Nash County,2023,227666.55,12,Zillow ZHVI county,annual_mean_zhvi,complete_12_months
NC,37127,Nash County,2024,240127.45,12,Zillow ZHVI county,annual_mean_zhvi,complete_12_months
NC,37129,New Hanover County,2015,219519.79,12,Zillow ZHVI county,annual_mean_zhvi,complete_12_months
NC,37129,New Hanover County,2016,231834.34,12,Zillow ZHVI county,annual_mean_zhvi,complete_12_months
NC,37129,New Hanover County,2017,244975.52,12,Zillow ZHVI county,annual_mean_zhvi,complete_12_months
NC,37129,New Hanover County,2018,259652.73,12,Zillow ZHVI county,annual_mean_zhvi,complete_12_months
NC,37129,New Hanover County,2019,273118.59,12,Zillow ZHVI county,annual_mean_zhvi,complete_12_months
NC,37129,New Hanover County,2020,291204.54,12,Zillow ZHVI county,annual_mean_zhvi,complete_12_months
NC,37129,New Hanover County,2021,337262.15,12,Zillow ZHVI county,annual_mean_zhvi,complete_12_months
NC,37129,New Hanover County,2022,400862.09,12,Zillow ZHVI county,annual_mean_zhvi,complete_12_months
NC,37129,New Hanover County,2023,431561.19,12,Zillow ZHVI county,annual_mean_zhvi,complete_12_months
NC,37129,New Hanover County,2024,452641.84,12,Zillow ZHVI county,annual_mean_zhvi,complete_12_months
NC,37131,Northampton County,2015,59558.24,12,Zillow ZHVI county,annual_mean_zhvi,complete_12_months
NC,37131,Northampton County,2016,64956.16,12,Zillow ZHVI county,annual_mean_zhvi,complete_12_months
NC,37131,Northampton County,2017,69338.05,12,Zillow ZHVI county,annual_mean_zhvi,complete_12_months
NC,37131,Northampton County,2018,73356.48,12,Zillow ZHVI county,annual_mean_zhvi,complete_12_months
NC,37131,Northampton County,2019,74647.26,12,Zillow ZHVI county,annual_mean_zhvi,complete_12_months
NC,37131,Northampton County,2020,83610.49,12,Zillow ZHVI county,annual_mean_zhvi,complete_12_months
NC,37131,Northampton County,2021,101568.27,12,Zillow ZHVI county,annual_mean_zhvi,complete_12_months
NC,37131,Northampton County,2022,112502.53,12,Zillow ZHVI county,annual_mean_zhvi,complete_12_months
NC,37131,Northampton County,2023,104100.42,12,Zillow ZHVI county,annual_mean_zhvi,complete_12_months
NC,37131,Northampton County,2024,102480.86,12,Zillow ZHVI county,annual_mean_zhvi,complete_12_months
NC,37133,Onslow County,2015,154078.36,12,Zillow ZHVI county,annual_mean_zhvi,complete_12_months
NC,37133,Onslow County,2016,149651.98,12,Zillow ZHVI county,annual_mean_zhvi,complete_12_months
NC,37133,Onslow County,2017,151973.0,12,Zillow ZHVI county,annual_mean_zhvi,complete_12_months
NC,37133,Onslow County,2018,159501.42,12,Zillow ZHVI county,annual_mean_zhvi,complete_12_months
NC,37133,Onslow County,2019,172438.59,12,Zillow ZHVI county,annual_mean_zhvi,complete_12_months
NC,37133,Onslow County,2020,184171.33,12,Zillow ZHVI county,annual_mean_zhvi,complete_12_months
NC,37133,Onslow County,2021,206938.15,12,Zillow ZHVI county,annual_mean_zhvi,complete_12_months
NC,37133,Onslow County,2022,242623.9,12,Zillow ZHVI county,annual_mean_zhvi,complete_12_months
NC,37133,Onslow County,2023,265377.84,12,Zillow ZHVI county,annual_mean_zhvi,complete_12_months
NC,37133,Onslow County,2024,277215.57,12,Zillow ZHVI county,annual_mean_zhvi,complete_12_months
NC,37135,Orange County,2015,272676.82,12,Zillow ZHVI county,annual_mean_zhvi,complete_12_months
NC,37135,Orange County,2016,283915.68,12,Zillow ZHVI county,annual_mean_zhvi,complete_12_months
NC,37135,Orange County,2017,297923.9,12,Zillow ZHVI county,annual_mean_zhvi,complete_12_months
NC,37135,Orange County,2018,316753.7,12,Zillow ZHVI county,annual_mean_zhvi,complete_12_months
NC,37135,Orange County,2019,330278.92,12,Zillow ZHVI county,annual_mean_zhvi,complete_12_months
NC,37135,Orange County,2020,345985.62,12,Zillow ZHVI county,annual_mean_zhvi,complete_12_months
NC,37135,Orange County,2021,397760.74,12,Zillow ZHVI county,annual_mean_zhvi,complete_12_months
NC,37135,Orange County,2022,470255.09,12,Zillow ZHVI county,annual_mean_zhvi,complete_12_months
NC,37135,Orange County,2023,491497.2,12,Zillow ZHVI county,annual_mean_zhvi,complete_12_months
NC,37135,Orange County,2024,517593.92,12,Zillow ZHVI county,annual_mean_zhvi,complete_12_months
NC,37137,Pamlico County,2015,141001.17,12,Zillow ZHVI county,annual_mean_zhvi,complete_12_months
NC,37137,Pamlico County,2016,141157.5,12,Zillow ZHVI county,annual_mean_zhvi,complete_12_months
NC,37137,Pamlico County,2017,148992.2,12,Zillow ZHVI county,annual_mean_zhvi,complete_12_months
NC,37137,Pamlico County,2018,154625.51,12,Zillow ZHVI county,annual_mean_zhvi,complete_12_months
NC,37137,Pamlico County,2019,162409.74,12,Zillow ZHVI county,annual_mean_zhvi,complete_12_months
NC,37137,Pamlico County,2020,175610.03,12,Zillow ZHVI county,annual_mean_zhvi,complete_12_months
NC,37137,Pamlico County,2021,207678.28,12,Zillow ZHVI county,annual_mean_zhvi,complete_12_months
NC,37137,Pamlico County,2022,235629.33,12,Zillow ZHVI county,annual_mean_zhvi,complete_12_months
NC,37137,Pamlico County,2023,248598.23,12,Zillow ZHVI county,annual_mean_zhvi,complete_12_months
NC,37137,Pamlico County,2024,262541.49,12,Zillow ZHVI county,annual_mean_zhvi,complete_12_months
NC,37139,Pasquotank County,2015,138609.61,12,Zillow ZHVI county,annual_mean_zhvi,complete_12_months
NC,37139,Pasquotank County,2016,144839.09,12,Zillow ZHVI county,annual_mean_zhvi,complete_12_months
NC,37139,Pasquotank County,2017,146226.54,12,Zillow ZHVI county,annual_mean_zhvi,complete_12_months
NC,37139,Pasquotank County,2018,155902.51,12,Zillow ZHVI county,annual_mean_zhvi,complete_12_months
NC,37139,Pasquotank County,2019,162779.86,12,Zillow ZHVI county,annual_mean_zhvi,complete_12_months
NC,37139,Pasquotank County,2020,170778.46,12,Zillow ZHVI county,annual_mean_zhvi,complete_12_months
NC,37139,Pasquotank County,2021,198579.37,12,Zillow ZHVI county,annual_mean_zhvi,complete_12_months
NC,37139,Pasquotank County,2022,225494.53,12,Zillow ZHVI county,annual_mean_zhvi,complete_12_months
NC,37139,Pasquotank County,2023,239979.07,12,Zillow ZHVI county,annual_mean_zhvi,complete_12_months
NC,37139,Pasquotank County,2024,256101.94,12,Zillow ZHVI county,annual_mean_zhvi,complete_12_months
NC,37141,Pender County,2015,227230.64,12,Zillow ZHVI county,annual_mean_zhvi,complete_12_months
NC,37141,Pender County,2016,238477.55,12,Zillow ZHVI county,annual_mean_zhvi,complete_12_months
NC,37141,Pender County,2017,248826.17,12,Zillow ZHVI county,annual_mean_zhvi,complete_12_months
NC,37141,Pender County,2018,259230.26,12,Zillow ZHVI county,annual_mean_zhvi,complete_12_months
NC,37141,Pender County,2019,272991.3,12,Zillow ZHVI county,annual_mean_zhvi,complete_12_months
NC,37141,Pender County,2020,291431.44,12,Zillow ZHVI county,annual_mean_zhvi,complete_12_months
NC,37141,Pender County,2021,342571.04,12,Zillow ZHVI county,annual_mean_zhvi,complete_12_months
NC,37141,Pender County,2022,403559.41,12,Zillow ZHVI county,annual_mean_zhvi,complete_12_months
NC,37141,Pender County,2023,424723.88,12,Zillow ZHVI county,annual_mean_zhvi,complete_12_months
NC,37141,Pender County,2024,437586.72,12,Zillow ZHVI county,annual_mean_zhvi,complete_12_months
NC,37143,Perquimans County,2015,186833.19,12,Zillow ZHVI county,annual_mean_zhvi,complete_12_months
NC,37143,Perquimans County,2016,170422.34,12,Zillow ZHVI county,annual_mean_zhvi,complete_12_months
NC,37143,Perquimans County,2017,164736.5,12,Zillow ZHVI county,annual_mean_zhvi,complete_12_months
NC,37143,Perquimans County,2018,179900.58,12,Zillow ZHVI county,annual_mean_zhvi,complete_12_months
NC,37143,Perquimans County,2019,172157.92,12,Zillow ZHVI county,annual_mean_zhvi,complete_12_months
NC,37143,Perquimans County,2020,180137.54,12,Zillow ZHVI county,annual_mean_zhvi,complete_12_months
NC,37143,Perquimans County,2021,214794.6,12,Zillow ZHVI county,annual_mean_zhvi,complete_12_months
NC,37143,Perquimans County,2022,246846.14,12,Zillow ZHVI county,annual_mean_zhvi,complete_12_months
NC,37143,Perquimans County,2023,251920.2,12,Zillow ZHVI county,annual_mean_zhvi,complete_12_months
NC,37143,Perquimans County,2024,258014.03,12,Zillow ZHVI county,annual_mean_zhvi,complete_12_months
NC,37145,Person County,2015,128477.26,12,Zillow ZHVI county,annual_mean_zhvi,complete_12_months
NC,37145,Person County,2016,132594.61,12,Zillow ZHVI county,annual_mean_zhvi,complete_12_months
NC,37145,Person County,2017,141713.87,12,Zillow ZHVI county,annual_mean_zhvi,complete_12_months
NC,37145,Person County,2018,151320.58,12,Zillow ZHVI county,annual_mean_zhvi,complete_12_months
NC,37145,Person County,2019,158726.06,12,Zillow ZHVI county,annual_mean_zhvi,complete_12_months
NC,37145,Person County,2020,173298.71,12,Zillow ZHVI county,annual_mean_zhvi,complete_12_months
NC,37145,Person County,2021,201962.98,12,Zillow ZHVI county,annual_mean_zhvi,complete_12_months
NC,37145,Person County,2022,224404.09,12,Zillow ZHVI county,annual_mean_zhvi,complete_12_months
NC,37145,Person County,2023,233327.93,12,Zillow ZHVI county,annual_mean_zhvi,complete_12_months
NC,37145,Person County,2024,242992.84,12,Zillow ZHVI county,annual_mean_zhvi,complete_12_months
NC,37147,Pitt County,2015,126328.88,12,Zillow ZHVI county,annual_mean_zhvi,complete_12_months
NC,37147,Pitt County,2016,128258.82,12,Zillow ZHVI county,annual_mean_zhvi,complete_12_months
NC,37147,Pitt County,2017,132694.33,12,Zillow ZHVI county,annual_mean_zhvi,complete_12_months
NC,37147,Pitt County,2018,138231.13,12,Zillow ZHVI county,annual_mean_zhvi,complete_12_months
NC,37147,Pitt County,2019,145688.34,12,Zillow ZHVI county,annual_mean_zhvi,complete_12_months
NC,37147,Pitt County,2020,155616.48,12,Zillow ZHVI county,annual_mean_zhvi,complete_12_months
NC,37147,Pitt County,2021,179562.06,12,Zillow ZHVI county,annual_mean_zhvi,complete_12_months
NC,37147,Pitt County,2022,211712.69,12,Zillow ZHVI county,annual_mean_zhvi,complete_12_months
NC,37147,Pitt County,2023,229957.86,12,Zillow ZHVI county,annual_mean_zhvi,complete_12_months
NC,37147,Pitt County,2024,239754.19,12,Zillow ZHVI county,annual_mean_zhvi,complete_12_months
NC,37149,Polk County,2015,157613.36,12,Zillow ZHVI county,annual_mean_zhvi,complete_12_months
NC,37149,Polk County,2016,170393.62,12,Zillow ZHVI county,annual_mean_zhvi,complete_12_months
NC,37149,Polk County,2017,183418.22,12,Zillow ZHVI county,annual_mean_zhvi,complete_12_months
NC,37149,Polk County,2018,193485.66,12,Zillow ZHVI county,annual_mean_zhvi,complete_12_months
NC,37149,Polk County,2019,198809.75,12,Zillow ZHVI county,annual_mean_zhvi,complete_12_months
NC,37149,Polk County,2020,214926.0,12,Zillow ZHVI county,annual_mean_zhvi,complete_12_months
NC,37149,Polk County,2021,257662.17,12,Zillow ZHVI county,annual_mean_zhvi,complete_12_months
NC,37149,Polk County,2022,298117.87,12,Zillow ZHVI county,annual_mean_zhvi,complete_12_months
NC,37149,Polk County,2023,307088.61,12,Zillow ZHVI county,annual_mean_zhvi,complete_12_months
NC,37149,Polk County,2024,324211.58,12,Zillow ZHVI county,annual_mean_zhvi,complete_12_months
NC,37151,Randolph County,2015,128501.59,12,Zillow ZHVI county,annual_mean_zhvi,complete_12_months
NC,37151,Randolph County,2016,134547.43,12,Zillow ZHVI county,annual_mean_zhvi,complete_12_months
NC,37151,Randolph County,2017,140791.58,12,Zillow ZHVI county,annual_mean_zhvi,complete_12_months
NC,37151,Randolph County,2018,146716.48,12,Zillow ZHVI county,annual_mean_zhvi,complete_12_months
NC,37151,Randolph County,2019,158788.93,12,Zillow ZHVI county,annual_mean_zhvi,complete_12_months
NC,37151,Randolph County,2020,171934.0,12,Zillow ZHVI county,annual_mean_zhvi,complete_12_months
NC,37151,Randolph County,2021,196818.17,12,Zillow ZHVI county,annual_mean_zhvi,complete_12_months
NC,37151,Randolph County,2022,217653.76,12,Zillow ZHVI county,annual_mean_zhvi,complete_12_months
NC,37151,Randolph County,2023,228032.71,12,Zillow ZHVI county,annual_mean_zhvi,complete_12_months
NC,37151,Randolph County,2024,242879.75,12,Zillow ZHVI county,annual_mean_zhvi,complete_12_months
NC,37153,Richmond County,2015,75562.68,12,Zillow ZHVI county,annual_mean_zhvi,complete_12_months
NC,37153,Richmond County,2016,79235.43,12,Zillow ZHVI county,annual_mean_zhvi,complete_12_months
NC,37153,Richmond County,2017,83427.08,12,Zillow ZHVI county,annual_mean_zhvi,complete_12_months
NC,37153,Richmond County,2018,87307.91,12,Zillow ZHVI county,annual_mean_zhvi,complete_12_months
NC,37153,Richmond County,2019,93157.01,12,Zillow ZHVI county,annual_mean_zhvi,complete_12_months
NC,37153,Richmond County,2020,101099.89,12,Zillow ZHVI county,annual_mean_zhvi,complete_12_months
NC,37153,Richmond County,2021,108905.78,12,Zillow ZHVI county,annual_mean_zhvi,complete_12_months
NC,37153,Richmond County,2022,126461.92,12,Zillow ZHVI county,annual_mean_zhvi,complete_12_months
NC,37153,Richmond County,2023,135268.79,12,Zillow ZHVI county,annual_mean_zhvi,complete_12_months
NC,37153,Richmond County,2024,135401.83,12,Zillow ZHVI county,annual_mean_zhvi,complete_12_months
NC,37155,Robeson County,2015,,0,Zillow ZHVI county,annual_mean_zhvi,source_data_unavailable
NC,37155,Robeson County,2016,79170.3,11,Zillow ZHVI county,annual_mean_zhvi,partial_10_11_months
NC,37155,Robeson County,2017,77650.61,12,Zillow ZHVI county,annual_mean_zhvi,complete_12_months
NC,37155,Robeson County,2018,82070.43,12,Zillow ZHVI county,annual_mean_zhvi,complete_12_months
NC,37155,Robeson County,2019,85394.48,12,Zillow ZHVI county,annual_mean_zhvi,complete_12_months
NC,37155,Robeson County,2020,91881.58,12,Zillow ZHVI county,annual_mean_zhvi,complete_12_months
NC,37155,Robeson County,2021,109606.65,12,Zillow ZHVI county,annual_mean_zhvi,complete_12_months
NC,37155,Robeson County,2022,125747.26,12,Zillow ZHVI county,annual_mean_zhvi,complete_12_months
NC,37155,Robeson County,2023,135233.82,12,Zillow ZHVI county,annual_mean_zhvi,complete_12_months
NC,37155,Robeson County,2024,140192.83,12,Zillow ZHVI county,annual_mean_zhvi,complete_12_months
NC,37157,Rockingham County,2015,119245.15,12,Zillow ZHVI county,annual_mean_zhvi,complete_12_months
NC,37157,Rockingham County,2016,121484.06,12,Zillow ZHVI county,annual_mean_zhvi,complete_12_months
NC,37157,Rockingham County,2017,124109.08,12,Zillow ZHVI county,annual_mean_zhvi,complete_12_months
NC,37157,Rockingham County,2018,131919.38,12,Zillow ZHVI county,annual_mean_zhvi,complete_12_months
NC,37157,Rockingham County,2019,145374.72,12,Zillow ZHVI county,annual_mean_zhvi,complete_12_months
NC,37157,Rockingham County,2020,159304.69,12,Zillow ZHVI county,annual_mean_zhvi,complete_12_months
NC,37157,Rockingham County,2021,181784.8,12,Zillow ZHVI county,annual_mean_zhvi,complete_12_months
NC,37157,Rockingham County,2022,192989.63,12,Zillow ZHVI county,annual_mean_zhvi,complete_12_months
NC,37157,Rockingham County,2023,197332.78,12,Zillow ZHVI county,annual_mean_zhvi,complete_12_months
NC,37157,Rockingham County,2024,204906.57,12,Zillow ZHVI county,annual_mean_zhvi,complete_12_months
NC,37159,Rowan County,2015,129479.4,12,Zillow ZHVI county,annual_mean_zhvi,complete_12_months
NC,37159,Rowan County,2016,138116.95,12,Zillow ZHVI county,annual_mean_zhvi,complete_12_months
NC,37159,Rowan County,2017,146150.05,12,Zillow ZHVI county,annual_mean_zhvi,complete_12_months
NC,37159,Rowan County,2018,153382.97,12,Zillow ZHVI county,annual_mean_zhvi,complete_12_months
NC,37159,Rowan County,2019,164965.92,12,Zillow ZHVI county,annual_mean_zhvi,complete_12_months
NC,37159,Rowan County,2020,183390.1,12,Zillow ZHVI county,annual_mean_zhvi,complete_12_months
NC,37159,Rowan County,2021,219341.22,12,Zillow ZHVI county,annual_mean_zhvi,complete_12_months
NC,37159,Rowan County,2022,255472.72,12,Zillow ZHVI county,annual_mean_zhvi,complete_12_months
NC,37159,Rowan County,2023,264125.9,12,Zillow ZHVI county,annual_mean_zhvi,complete_12_months
NC,37159,Rowan County,2024,276986.31,12,Zillow ZHVI county,annual_mean_zhvi,complete_12_months
NC,37161,Rutherford County,2015,107775.03,12,Zillow ZHVI county,annual_mean_zhvi,complete_12_months
NC,37161,Rutherford County,2016,111231.04,12,Zillow ZHVI county,annual_mean_zhvi,complete_12_months
NC,37161,Rutherford County,2017,118626.09,12,Zillow ZHVI county,annual_mean_zhvi,complete_12_months
NC,37161,Rutherford County,2018,128682.3,12,Zillow ZHVI county,annual_mean_zhvi,complete_12_months
NC,37161,Rutherford County,2019,141842.73,12,Zillow ZHVI county,annual_mean_zhvi,complete_12_months
NC,37161,Rutherford County,2020,153546.48,12,Zillow ZHVI county,annual_mean_zhvi,complete_12_months
NC,37161,Rutherford County,2021,181110.35,12,Zillow ZHVI county,annual_mean_zhvi,complete_12_months
NC,37161,Rutherford County,2022,208327.08,12,Zillow ZHVI county,annual_mean_zhvi,complete_12_months
NC,37161,Rutherford County,2023,212865.66,12,Zillow ZHVI county,annual_mean_zhvi,complete_12_months
NC,37161,Rutherford County,2024,222566.07,12,Zillow ZHVI county,annual_mean_zhvi,complete_12_months
NC,37163,Sampson County,2015,83963.03,12,Zillow ZHVI county,annual_mean_zhvi,complete_12_months
NC,37163,Sampson County,2016,88099.03,12,Zillow ZHVI county,annual_mean_zhvi,complete_12_months
NC,37163,Sampson County,2017,90103.02,12,Zillow ZHVI county,annual_mean_zhvi,complete_12_months
NC,37163,Sampson County,2018,96269.47,12,Zillow ZHVI county,annual_mean_zhvi,complete_12_months
NC,37163,Sampson County,2019,100547.28,12,Zillow ZHVI county,annual_mean_zhvi,complete_12_months
NC,37163,Sampson County,2020,108143.28,12,Zillow ZHVI county,annual_mean_zhvi,complete_12_months
NC,37163,Sampson County,2021,122632.28,12,Zillow ZHVI county,annual_mean_zhvi,complete_12_months
NC,37163,Sampson County,2022,140292.32,12,Zillow ZHVI county,annual_mean_zhvi,complete_12_months
NC,37163,Sampson County,2023,145103.56,12,Zillow ZHVI county,annual_mean_zhvi,complete_12_months
NC,37163,Sampson County,2024,147763.96,12,Zillow ZHVI county,annual_mean_zhvi,complete_12_months
NC,37165,Scotland County,2015,76225.15,12,Zillow ZHVI county,annual_mean_zhvi,complete_12_months
NC,37165,Scotland County,2016,79566.96,12,Zillow ZHVI county,annual_mean_zhvi,complete_12_months
NC,37165,Scotland County,2017,80745.48,12,Zillow ZHVI county,annual_mean_zhvi,complete_12_months
NC,37165,Scotland County,2018,81954.41,12,Zillow ZHVI county,annual_mean_zhvi,complete_12_months
NC,37165,Scotland County,2019,83446.38,12,Zillow ZHVI county,annual_mean_zhvi,complete_12_months
NC,37165,Scotland County,2020,88356.59,12,Zillow ZHVI county,annual_mean_zhvi,complete_12_months
NC,37165,Scotland County,2021,105929.45,12,Zillow ZHVI county,annual_mean_zhvi,complete_12_months
NC,37165,Scotland County,2022,126610.11,12,Zillow ZHVI county,annual_mean_zhvi,complete_12_months
NC,37165,Scotland County,2023,140027.68,12,Zillow ZHVI county,annual_mean_zhvi,complete_12_months
NC,37165,Scotland County,2024,146362.71,12,Zillow ZHVI county,annual_mean_zhvi,complete_12_months
NC,37167,Stanly County,2015,,0,Zillow ZHVI county,annual_mean_zhvi,source_data_unavailable
NC,37167,Stanly County,2016,140907.21,11,Zillow ZHVI county,annual_mean_zhvi,partial_10_11_months
NC,37167,Stanly County,2017,149866.21,12,Zillow ZHVI county,annual_mean_zhvi,complete_12_months
NC,37167,Stanly County,2018,161284.67,12,Zillow ZHVI county,annual_mean_zhvi,complete_12_months
NC,37167,Stanly County,2019,171059.91,12,Zillow ZHVI county,annual_mean_zhvi,complete_12_months
NC,37167,Stanly County,2020,187532.55,12,Zillow ZHVI county,annual_mean_zhvi,complete_12_months
NC,37167,Stanly County,2021,226547.67,12,Zillow ZHVI county,annual_mean_zhvi,complete_12_months
NC,37167,Stanly County,2022,269089.28,12,Zillow ZHVI county,annual_mean_zhvi,complete_12_months
NC,37167,Stanly County,2023,281132.58,12,Zillow ZHVI county,annual_mean_zhvi,complete_12_months
NC,37167,Stanly County,2024,297010.45,12,Zillow ZHVI county,annual_mean_zhvi,complete_12_months
NC,37169,Stokes County,2015,132508.54,12,Zillow ZHVI county,annual_mean_zhvi,complete_12_months
NC,37169,Stokes County,2016,136066.67,12,Zillow ZHVI county,annual_mean_zhvi,complete_12_months
NC,37169,Stokes County,2017,140745.48,12,Zillow ZHVI county,annual_mean_zhvi,complete_12_months
NC,37169,Stokes County,2018,149198.06,12,Zillow ZHVI county,annual_mean_zhvi,complete_12_months
NC,37169,Stokes County,2019,159136.66,12,Zillow ZHVI county,annual_mean_zhvi,complete_12_months
NC,37169,Stokes County,2020,172973.13,12,Zillow ZHVI county,annual_mean_zhvi,complete_12_months
NC,37169,Stokes County,2021,198143.51,12,Zillow ZHVI county,annual_mean_zhvi,complete_12_months
NC,37169,Stokes County,2022,215843.44,12,Zillow ZHVI county,annual_mean_zhvi,complete_12_months
NC,37169,Stokes County,2023,227571.14,12,Zillow ZHVI county,annual_mean_zhvi,complete_12_months
NC,37169,Stokes County,2024,242020.3,12,Zillow ZHVI county,annual_mean_zhvi,complete_12_months
NC,37171,Surry County,2015,119750.01,12,Zillow ZHVI county,annual_mean_zhvi,complete_12_months
NC,37171,Surry County,2016,123216.55,12,Zillow ZHVI county,annual_mean_zhvi,complete_12_months
NC,37171,Surry County,2017,126352.87,12,Zillow ZHVI county,annual_mean_zhvi,complete_12_months
NC,37171,Surry County,2018,132717.6,12,Zillow ZHVI county,annual_mean_zhvi,complete_12_months
NC,37171,Surry County,2019,139859.93,12,Zillow ZHVI county,annual_mean_zhvi,complete_12_months
NC,37171,Surry County,2020,149883.66,12,Zillow ZHVI county,annual_mean_zhvi,complete_12_months
NC,37171,Surry County,2021,179631.91,12,Zillow ZHVI county,annual_mean_zhvi,complete_12_months
NC,37171,Surry County,2022,209632.73,12,Zillow ZHVI county,annual_mean_zhvi,complete_12_months
NC,37171,Surry County,2023,216841.84,12,Zillow ZHVI county,annual_mean_zhvi,complete_12_months
NC,37171,Surry County,2024,231817.99,12,Zillow ZHVI county,annual_mean_zhvi,complete_12_months
NC,37173,Swain County,2015,158923.14,12,Zillow ZHVI county,annual_mean_zhvi,complete_12_months
NC,37173,Swain County,2016,169772.11,12,Zillow ZHVI county,annual_mean_zhvi,complete_12_months
NC,37173,Swain County,2017,179472.71,12,Zillow ZHVI county,annual_mean_zhvi,complete_12_months
NC,37173,Swain County,2018,188297.18,12,Zillow ZHVI county,annual_mean_zhvi,complete_12_months
NC,37173,Swain County,2019,195647.35,12,Zillow ZHVI county,annual_mean_zhvi,complete_12_months
NC,37173,Swain County,2020,209935.33,12,Zillow ZHVI county,annual_mean_zhvi,complete_12_months
NC,37173,Swain County,2021,250667.42,12,Zillow ZHVI county,annual_mean_zhvi,complete_12_months
NC,37173,Swain County,2022,289764.57,12,Zillow ZHVI county,annual_mean_zhvi,complete_12_months
NC,37173,Swain County,2023,307323.48,12,Zillow ZHVI county,annual_mean_zhvi,complete_12_months
NC,37173,Swain County,2024,329465.89,12,Zillow ZHVI county,annual_mean_zhvi,complete_12_months
NC,37175,Transylvania County,2015,206813.31,12,Zillow ZHVI county,annual_mean_zhvi,complete_12_months
NC,37175,Transylvania County,2016,217429.18,12,Zillow ZHVI county,annual_mean_zhvi,complete_12_months
NC,37175,Transylvania County,2017,233429.26,12,Zillow ZHVI county,annual_mean_zhvi,complete_12_months
NC,37175,Transylvania County,2018,254404.8,12,Zillow ZHVI county,annual_mean_zhvi,complete_12_months
NC,37175,Transylvania County,2019,263289.0,12,Zillow ZHVI county,annual_mean_zhvi,complete_12_months
NC,37175,Transylvania County,2020,285296.14,12,Zillow ZHVI county,annual_mean_zhvi,complete_12_months
NC,37175,Transylvania County,2021,353269.78,12,Zillow ZHVI county,annual_mean_zhvi,complete_12_months
NC,37175,Transylvania County,2022,417705.88,12,Zillow ZHVI county,annual_mean_zhvi,complete_12_months
NC,37175,Transylvania County,2023,442839.38,12,Zillow ZHVI county,annual_mean_zhvi,complete_12_months
NC,37175,Transylvania County,2024,470035.74,12,Zillow ZHVI county,annual_mean_zhvi,complete_12_months
NC,37177,Tyrrell County,2015,111075.52,12,Zillow ZHVI county,annual_mean_zhvi,complete_12_months
NC,37177,Tyrrell County,2016,117197.67,12,Zillow ZHVI county,annual_mean_zhvi,complete_12_months
NC,37177,Tyrrell County,2017,118449.29,12,Zillow ZHVI county,annual_mean_zhvi,complete_12_months
NC,37177,Tyrrell County,2018,120974.34,12,Zillow ZHVI county,annual_mean_zhvi,complete_12_months
NC,37177,Tyrrell County,2019,130481.17,12,Zillow ZHVI county,annual_mean_zhvi,complete_12_months
NC,37177,Tyrrell County,2020,138727.25,12,Zillow ZHVI county,annual_mean_zhvi,complete_12_months
NC,37177,Tyrrell County,2021,163993.76,12,Zillow ZHVI county,annual_mean_zhvi,complete_12_months
NC,37177,Tyrrell County,2022,174332.9,12,Zillow ZHVI county,annual_mean_zhvi,complete_12_months
NC,37177,Tyrrell County,2023,175434.17,12,Zillow ZHVI county,annual_mean_zhvi,complete_12_months
NC,37177,Tyrrell County,2024,177102.9,12,Zillow ZHVI county,annual_mean_zhvi,complete_12_months
NC,37179,Union County,2015,216781.6,12,Zillow ZHVI county,annual_mean_zhvi,complete_12_months
NC,37179,Union County,2016,233884.64,12,Zillow ZHVI county,annual_mean_zhvi,complete_12_months
NC,37179,Union County,2017,251122.4,12,Zillow ZHVI county,annual_mean_zhvi,complete_12_months
NC,37179,Union County,2018,268238.0,12,Zillow ZHVI county,annual_mean_zhvi,complete_12_months
NC,37179,Union County,2019,281170.4,12,Zillow ZHVI county,annual_mean_zhvi,complete_12_months
NC,37179,Union County,2020,299926.42,12,Zillow ZHVI county,annual_mean_zhvi,complete_12_months
NC,37179,Union County,2021,355937.45,12,Zillow ZHVI county,annual_mean_zhvi,complete_12_months
NC,37179,Union County,2022,433793.99,12,Zillow ZHVI county,annual_mean_zhvi,complete_12_months
NC,37179,Union County,2023,440972.93,12,Zillow ZHVI county,annual_mean_zhvi,complete_12_months
NC,37179,Union County,2024,458001.86,12,Zillow ZHVI county,annual_mean_zhvi,complete_12_months
NC,37181,Vance County,2015,96040.16,12,Zillow ZHVI county,annual_mean_zhvi,complete_12_months
NC,37181,Vance County,2016,97932.92,12,Zillow ZHVI county,annual_mean_zhvi,complete_12_months
NC,37181,Vance County,2017,101065.23,12,Zillow ZHVI county,annual_mean_zhvi,complete_12_months
NC,37181,Vance County,2018,109807.96,12,Zillow ZHVI county,annual_mean_zhvi,complete_12_months
NC,37181,Vance County,2019,121347.49,12,Zillow ZHVI county,annual_mean_zhvi,complete_12_months
NC,37181,Vance County,2020,133083.44,12,Zillow ZHVI county,annual_mean_zhvi,complete_12_months
NC,37181,Vance County,2021,159306.51,12,Zillow ZHVI county,annual_mean_zhvi,complete_12_months
NC,37181,Vance County,2022,176007.04,12,Zillow ZHVI county,annual_mean_zhvi,complete_12_months
NC,37181,Vance County,2023,184530.29,12,Zillow ZHVI county,annual_mean_zhvi,complete_12_months
NC,37181,Vance County,2024,191272.35,12,Zillow ZHVI county,annual_mean_zhvi,complete_12_months
NC,37183,Wake County,2015,255646.14,12,Zillow ZHVI county,annual_mean_zhvi,complete_12_months
NC,37183,Wake County,2016,274470.63,12,Zillow ZHVI county,annual_mean_zhvi,complete_12_months
NC,37183,Wake County,2017,290584.0,12,Zillow ZHVI county,annual_mean_zhvi,complete_12_months
NC,37183,Wake County,2018,304927.57,12,Zillow ZHVI county,annual_mean_zhvi,complete_12_months
NC,37183,Wake County,2019,318621.65,12,Zillow ZHVI county,annual_mean_zhvi,complete_12_months
NC,37183,Wake County,2020,333488.91,12,Zillow ZHVI county,annual_mean_zhvi,complete_12_months
NC,37183,Wake County,2021,387809.16,12,Zillow ZHVI county,annual_mean_zhvi,complete_12_months
NC,37183,Wake County,2022,480823.29,12,Zillow ZHVI county,annual_mean_zhvi,complete_12_months
NC,37183,Wake County,2023,483485.86,12,Zillow ZHVI county,annual_mean_zhvi,complete_12_months
NC,37183,Wake County,2024,497813.07,12,Zillow ZHVI county,annual_mean_zhvi,complete_12_months
NC,37185,Warren County,2015,116131.77,12,Zillow ZHVI county,annual_mean_zhvi,complete_12_months
NC,37185,Warren County,2016,125607.33,12,Zillow ZHVI county,annual_mean_zhvi,complete_12_months
NC,37185,Warren County,2017,125987.35,12,Zillow ZHVI county,annual_mean_zhvi,complete_12_months
NC,37185,Warren County,2018,129144.32,12,Zillow ZHVI county,annual_mean_zhvi,complete_12_months
NC,37185,Warren County,2019,133862.25,12,Zillow ZHVI county,annual_mean_zhvi,complete_12_months
NC,37185,Warren County,2020,145448.65,12,Zillow ZHVI county,annual_mean_zhvi,complete_12_months
NC,37185,Warren County,2021,177964.42,12,Zillow ZHVI county,annual_mean_zhvi,complete_12_months
NC,37185,Warren County,2022,212053.66,12,Zillow ZHVI county,annual_mean_zhvi,complete_12_months
NC,37185,Warren County,2023,219760.15,12,Zillow ZHVI county,annual_mean_zhvi,complete_12_months
NC,37185,Warren County,2024,223608.37,12,Zillow ZHVI county,annual_mean_zhvi,complete_12_months
NC,37187,Washington County,2015,76416.8,12,Zillow ZHVI county,annual_mean_zhvi,complete_12_months
NC,37187,Washington County,2016,78002.35,12,Zillow ZHVI county,annual_mean_zhvi,complete_12_months
NC,37187,Washington County,2017,80766.68,12,Zillow ZHVI county,annual_mean_zhvi,complete_12_months
NC,37187,Washington County,2018,84089.48,12,Zillow ZHVI county,annual_mean_zhvi,complete_12_months
NC,37187,Washington County,2019,86651.49,12,Zillow ZHVI county,annual_mean_zhvi,complete_12_months
NC,37187,Washington County,2020,90002.56,12,Zillow ZHVI county,annual_mean_zhvi,complete_12_months
NC,37187,Washington County,2021,104954.85,12,Zillow ZHVI county,annual_mean_zhvi,complete_12_months
NC,37187,Washington County,2022,116847.37,12,Zillow ZHVI county,annual_mean_zhvi,complete_12_months
NC,37187,Washington County,2023,117096.99,12,Zillow ZHVI county,annual_mean_zhvi,complete_12_months
NC,37187,Washington County,2024,116518.87,12,Zillow ZHVI county,annual_mean_zhvi,complete_12_months
NC,37189,Watauga County,2015,247542.95,12,Zillow ZHVI county,annual_mean_zhvi,complete_12_months
NC,37189,Watauga County,2016,252560.27,12,Zillow ZHVI county,annual_mean_zhvi,complete_12_months
NC,37189,Watauga County,2017,264983.67,12,Zillow ZHVI county,annual_mean_zhvi,complete_12_months
NC,37189,Watauga County,2018,276580.73,12,Zillow ZHVI county,annual_mean_zhvi,complete_12_months
NC,37189,Watauga County,2019,290848.21,12,Zillow ZHVI county,annual_mean_zhvi,complete_12_months
NC,37189,Watauga County,2020,308123.52,9,Zillow ZHVI county,annual_mean_zhvi,partial_1_9_months
NC,37189,Watauga County,2021,387561.94,12,Zillow ZHVI county,annual_mean_zhvi,complete_12_months
NC,37189,Watauga County,2022,469322.54,12,Zillow ZHVI county,annual_mean_zhvi,complete_12_months
NC,37189,Watauga County,2023,487184.22,12,Zillow ZHVI county,annual_mean_zhvi,complete_12_months
NC,37189,Watauga County,2024,513654.94,12,Zillow ZHVI county,annual_mean_zhvi,complete_12_months
NC,37191,Wayne County,2015,115539.04,12,Zillow ZHVI county,annual_mean_zhvi,complete_12_months
NC,37191,Wayne County,2016,121187.35,12,Zillow ZHVI county,annual_mean_zhvi,complete_12_months
NC,37191,Wayne County,2017,126458.46,12,Zillow ZHVI county,annual_mean_zhvi,complete_12_months
NC,37191,Wayne County,2018,131463.44,12,Zillow ZHVI county,annual_mean_zhvi,complete_12_months
NC,37191,Wayne County,2019,136114.24,12,Zillow ZHVI county,annual_mean_zhvi,complete_12_months
NC,37191,Wayne County,2020,145368.87,12,Zillow ZHVI county,annual_mean_zhvi,complete_12_months
NC,37191,Wayne County,2021,157806.01,12,Zillow ZHVI county,annual_mean_zhvi,complete_12_months
NC,37191,Wayne County,2022,176718.02,12,Zillow ZHVI county,annual_mean_zhvi,complete_12_months
NC,37191,Wayne County,2023,186933.44,12,Zillow ZHVI county,annual_mean_zhvi,complete_12_months
NC,37191,Wayne County,2024,195509.02,12,Zillow ZHVI county,annual_mean_zhvi,complete_12_months
NC,37193,Wilkes County,2015,117390.38,12,Zillow ZHVI county,annual_mean_zhvi,complete_12_months
NC,37193,Wilkes County,2016,123144.3,12,Zillow ZHVI county,annual_mean_zhvi,complete_12_months
NC,37193,Wilkes County,2017,122189.1,12,Zillow ZHVI county,annual_mean_zhvi,complete_12_months
NC,37193,Wilkes County,2018,124987.69,12,Zillow ZHVI county,annual_mean_zhvi,complete_12_months
NC,37193,Wilkes County,2019,137121.96,12,Zillow ZHVI county,annual_mean_zhvi,complete_12_months
NC,37193,Wilkes County,2020,149010.84,12,Zillow ZHVI county,annual_mean_zhvi,complete_12_months
NC,37193,Wilkes County,2021,173047.82,12,Zillow ZHVI county,annual_mean_zhvi,complete_12_months
NC,37193,Wilkes County,2022,196975.5,12,Zillow ZHVI county,annual_mean_zhvi,complete_12_months
NC,37193,Wilkes County,2023,209529.92,12,Zillow ZHVI county,annual_mean_zhvi,complete_12_months
NC,37193,Wilkes County,2024,216180.24,12,Zillow ZHVI county,annual_mean_zhvi,complete_12_months
NC,37195,Wilson County,2015,110548.16,12,Zillow ZHVI county,annual_mean_zhvi,complete_12_months
NC,37195,Wilson County,2016,111060.28,12,Zillow ZHVI county,annual_mean_zhvi,complete_12_months
NC,37195,Wilson County,2017,115146.23,12,Zillow ZHVI county,annual_mean_zhvi,complete_12_months
NC,37195,Wilson County,2018,121776.49,12,Zillow ZHVI county,annual_mean_zhvi,complete_12_months
NC,37195,Wilson County,2019,127539.38,12,Zillow ZHVI county,annual_mean_zhvi,complete_12_months
NC,37195,Wilson County,2020,135732.29,12,Zillow ZHVI county,annual_mean_zhvi,complete_12_months
NC,37195,Wilson County,2021,161246.67,12,Zillow ZHVI county,annual_mean_zhvi,complete_12_months
NC,37195,Wilson County,2022,193512.94,12,Zillow ZHVI county,annual_mean_zhvi,complete_12_months
NC,37195,Wilson County,2023,212099.69,12,Zillow ZHVI county,annual_mean_zhvi,complete_12_months
NC,37195,Wilson County,2024,220217.15,12,Zillow ZHVI county,annual_mean_zhvi,complete_12_months
NC,37197,Yadkin County,2015,129579.39,12,Zillow ZHVI county,annual_mean_zhvi,complete_12_months
NC,37197,Yadkin County,2016,134728.5,12,Zillow ZHVI county,annual_mean_zhvi,complete_12_months
NC,37197,Yadkin County,2017,142882.91,12,Zillow ZHVI county,annual_mean_zhvi,complete_12_months
NC,37197,Yadkin County,2018,148169.33,12,Zillow ZHVI county,annual_mean_zhvi,complete_12_months
NC,37197,Yadkin County,2019,155122.34,12,Zillow ZHVI county,annual_mean_zhvi,complete_12_months
NC,37197,Yadkin County,2020,170653.88,12,Zillow ZHVI county,annual_mean_zhvi,complete_12_months
NC,37197,Yadkin County,2021,189561.41,12,Zillow ZHVI county,annual_mean_zhvi,complete_12_months
NC,37197,Yadkin County,2022,208165.12,12,Zillow ZHVI county,annual_mean_zhvi,complete_12_months
NC,37197,Yadkin County,2023,219472.7,12,Zillow ZHVI county,annual_mean_zhvi,complete_12_months
NC,37197,Yadkin County,2024,233660.23,12,Zillow ZHVI county,annual_mean_zhvi,complete_12_months
NC,37199,Yancey County,2015,166048.65,12,Zillow ZHVI county,annual_mean_zhvi,complete_12_months
NC,37199,Yancey County,2016,171632.94,12,Zillow ZHVI county,annual_mean_zhvi,complete_12_months
NC,37199,Yancey County,2017,178372.82,12,Zillow ZHVI county,annual_mean_zhvi,complete_12_months
NC,37199,Yancey County,2018,189882.24,12,Zillow ZHVI county,annual_mean_zhvi,complete_12_months
NC,37199,Yancey County,2019,196591.11,12,Zillow ZHVI county,annual_mean_zhvi,complete_12_months
NC,37199,Yancey County,2020,210391.35,12,Zillow ZHVI county,annual_mean_zhvi,complete_12_months
NC,37199,Yancey County,2021,259200.04,12,Zillow ZHVI county,annual_mean_zhvi,complete_12_months
NC,37199,Yancey County,2022,313848.41,12,Zillow ZHVI county,annual_mean_zhvi,complete_12_months
NC,37199,Yancey County,2023,321059.81,12,Zillow ZHVI county,annual_mean_zhvi,complete_12_months
NC,37199,Yancey County,2024,332129.8,12,Zillow ZHVI county,annual_mean_zhvi,complete_12_months
SC,45001,Abbeville County,2015,109279.98,12,Zillow ZHVI county,annual_mean_zhvi,complete_12_months
SC,45001,Abbeville County,2016,121808.94,12,Zillow ZHVI county,annual_mean_zhvi,complete_12_months
SC,45001,Abbeville County,2017,121044.68,12,Zillow ZHVI county,annual_mean_zhvi,complete_12_months
SC,45001,Abbeville County,2018,128639.98,12,Zillow ZHVI county,annual_mean_zhvi,complete_12_months
SC,45001,Abbeville County,2019,134058.6,12,Zillow ZHVI county,annual_mean_zhvi,complete_12_months
SC,45001,Abbeville County,2020,145392.57,12,Zillow ZHVI county,annual_mean_zhvi,complete_12_months
SC,45001,Abbeville County,2021,174455.7,12,Zillow ZHVI county,annual_mean_zhvi,complete_12_months
SC,45001,Abbeville County,2022,201869.58,12,Zillow ZHVI county,annual_mean_zhvi,complete_12_months
SC,45001,Abbeville County,2023,213031.52,12,Zillow ZHVI county,annual_mean_zhvi,complete_12_months
SC,45001,Abbeville County,2024,215606.18,12,Zillow ZHVI county,annual_mean_zhvi,complete_12_months
SC,45003,Aiken County,2015,137512.52,12,Zillow ZHVI county,annual_mean_zhvi,complete_12_months
SC,45003,Aiken County,2016,144547.6,12,Zillow ZHVI county,annual_mean_zhvi,complete_12_months
SC,45003,Aiken County,2017,148738.04,12,Zillow ZHVI county,annual_mean_zhvi,complete_12_months
SC,45003,Aiken County,2018,160114.1,12,Zillow ZHVI county,annual_mean_zhvi,complete_12_months
SC,45003,Aiken County,2019,173525.35,12,Zillow ZHVI county,annual_mean_zhvi,complete_12_months
SC,45003,Aiken County,2020,187426.88,12,Zillow ZHVI county,annual_mean_zhvi,complete_12_months
SC,45003,Aiken County,2021,209299.35,12,Zillow ZHVI county,annual_mean_zhvi,complete_12_months
SC,45003,Aiken County,2022,231449.19,12,Zillow ZHVI county,annual_mean_zhvi,complete_12_months
SC,45003,Aiken County,2023,235669.12,12,Zillow ZHVI county,annual_mean_zhvi,complete_12_months
SC,45003,Aiken County,2024,238741.89,12,Zillow ZHVI county,annual_mean_zhvi,complete_12_months
SC,45005,Allendale County,2015,52786.77,12,Zillow ZHVI county,annual_mean_zhvi,complete_12_months
SC,45005,Allendale County,2016,57097.42,12,Zillow ZHVI county,annual_mean_zhvi,complete_12_months
SC,45005,Allendale County,2017,65036.2,12,Zillow ZHVI county,annual_mean_zhvi,complete_12_months
SC,45005,Allendale County,2018,71693.55,12,Zillow ZHVI county,annual_mean_zhvi,complete_12_months
SC,45005,Allendale County,2019,63383.64,12,Zillow ZHVI county,annual_mean_zhvi,complete_12_months
SC,45005,Allendale County,2020,65487.91,12,Zillow ZHVI county,annual_mean_zhvi,complete_12_months
SC,45005,Allendale County,2021,75489.05,12,Zillow ZHVI county,annual_mean_zhvi,complete_12_months
SC,45005,Allendale County,2022,85858.16,12,Zillow ZHVI county,annual_mean_zhvi,complete_12_months
SC,45005,Allendale County,2023,82071.32,12,Zillow ZHVI county,annual_mean_zhvi,complete_12_months
SC,45005,Allendale County,2024,82604.89,12,Zillow ZHVI county,annual_mean_zhvi,complete_12_months
SC,45007,Anderson County,2015,138808.49,12,Zillow ZHVI county,annual_mean_zhvi,complete_12_months
SC,45007,Anderson County,2016,147022.9,12,Zillow ZHVI county,annual_mean_zhvi,complete_12_months
SC,45007,Anderson County,2017,153346.71,12,Zillow ZHVI county,annual_mean_zhvi,complete_12_months
SC,45007,Anderson County,2018,161905.93,12,Zillow ZHVI county,annual_mean_zhvi,complete_12_months
SC,45007,Anderson County,2019,167623.76,12,Zillow ZHVI county,annual_mean_zhvi,complete_12_months
SC,45007,Anderson County,2020,181134.16,12,Zillow ZHVI county,annual_mean_zhvi,complete_12_months
SC,45007,Anderson County,2021,211810.24,12,Zillow ZHVI county,annual_mean_zhvi,complete_12_months
SC,45007,Anderson County,2022,248456.91,12,Zillow ZHVI county,annual_mean_zhvi,complete_12_months
SC,45007,Anderson County,2023,270861.09,12,Zillow ZHVI county,annual_mean_zhvi,complete_12_months
SC,45007,Anderson County,2024,285435.69,12,Zillow ZHVI county,annual_mean_zhvi,complete_12_months
SC,45009,Bamberg County,2015,,0,Zillow ZHVI county,annual_mean_zhvi,source_data_unavailable
SC,45009,Bamberg County,2016,103291.62,11,Zillow ZHVI county,annual_mean_zhvi,partial_10_11_months
SC,45009,Bamberg County,2017,88236.47,12,Zillow ZHVI county,annual_mean_zhvi,complete_12_months
SC,45009,Bamberg County,2018,92870.05,12,Zillow ZHVI county,annual_mean_zhvi,complete_12_months
SC,45009,Bamberg County,2019,94479.24,12,Zillow ZHVI county,annual_mean_zhvi,complete_12_months
SC,45009,Bamberg County,2020,104744.69,12,Zillow ZHVI county,annual_mean_zhvi,complete_12_months
SC,45009,Bamberg County,2021,119079.31,12,Zillow ZHVI county,annual_mean_zhvi,complete_12_months
SC,45009,Bamberg County,2022,125372.35,12,Zillow ZHVI county,annual_mean_zhvi,complete_12_months
SC,45009,Bamberg County,2023,127511.59,12,Zillow ZHVI county,annual_mean_zhvi,complete_12_months
SC,45009,Bamberg County,2024,143371.67,12,Zillow ZHVI county,annual_mean_zhvi,complete_12_months
SC,45011,Barnwell County,2015,118838.18,12,Zillow ZHVI county,annual_mean_zhvi,complete_12_months
SC,45011,Barnwell County,2016,130100.79,12,Zillow ZHVI county,annual_mean_zhvi,complete_12_months
SC,45011,Barnwell County,2017,132500.19,12,Zillow ZHVI county,annual_mean_zhvi,complete_12_months
SC,45011,Barnwell County,2018,134909.35,12,Zillow ZHVI county,annual_mean_zhvi,complete_12_months
SC,45011,Barnwell County,2019,140937.68,12,Zillow ZHVI county,annual_mean_zhvi,complete_12_months
SC,45011,Barnwell County,2020,152469.73,12,Zillow ZHVI county,annual_mean_zhvi,complete_12_months
SC,45011,Barnwell County,2021,174110.75,12,Zillow ZHVI county,annual_mean_zhvi,complete_12_months
SC,45011,Barnwell County,2022,183017.68,12,Zillow ZHVI county,annual_mean_zhvi,complete_12_months
SC,45011,Barnwell County,2023,182784.05,12,Zillow ZHVI county,annual_mean_zhvi,complete_12_months
SC,45011,Barnwell County,2024,177811.41,12,Zillow ZHVI county,annual_mean_zhvi,complete_12_months
SC,45013,Beaufort County,2015,283985.7,12,Zillow ZHVI county,annual_mean_zhvi,complete_12_months
SC,45013,Beaufort County,2016,299722.33,12,Zillow ZHVI county,annual_mean_zhvi,complete_12_months
SC,45013,Beaufort County,2017,306645.59,12,Zillow ZHVI county,annual_mean_zhvi,complete_12_months
SC,45013,Beaufort County,2018,315584.15,12,Zillow ZHVI county,annual_mean_zhvi,complete_12_months
SC,45013,Beaufort County,2019,326098.31,12,Zillow ZHVI county,annual_mean_zhvi,complete_12_months
SC,45013,Beaufort County,2020,338822.57,12,Zillow ZHVI county,annual_mean_zhvi,complete_12_months
SC,45013,Beaufort County,2021,396498.43,12,Zillow ZHVI county,annual_mean_zhvi,complete_12_months
SC,45013,Beaufort County,2022,493516.39,12,Zillow ZHVI county,annual_mean_zhvi,complete_12_months
SC,45013,Beaufort County,2023,527231.18,12,Zillow ZHVI county,annual_mean_zhvi,complete_12_months
SC,45013,Beaufort County,2024,549074.89,12,Zillow ZHVI county,annual_mean_zhvi,complete_12_months
SC,45015,Berkeley County,2015,191128.18,12,Zillow ZHVI county,annual_mean_zhvi,complete_12_months
SC,45015,Berkeley County,2016,202662.82,12,Zillow ZHVI county,annual_mean_zhvi,complete_12_months
SC,45015,Berkeley County,2017,214050.08,12,Zillow ZHVI county,annual_mean_zhvi,complete_12_months
SC,45015,Berkeley County,2018,228144.37,12,Zillow ZHVI county,annual_mean_zhvi,complete_12_months
SC,45015,Berkeley County,2019,241958.82,12,Zillow ZHVI county,annual_mean_zhvi,complete_12_months
SC,45015,Berkeley County,2020,256254.29,12,Zillow ZHVI county,annual_mean_zhvi,complete_12_months
SC,45015,Berkeley County,2021,295231.83,12,Zillow ZHVI county,annual_mean_zhvi,complete_12_months
SC,45015,Berkeley County,2022,350315.43,12,Zillow ZHVI county,annual_mean_zhvi,complete_12_months
SC,45015,Berkeley County,2023,360818.14,12,Zillow ZHVI county,annual_mean_zhvi,complete_12_months
SC,45015,Berkeley County,2024,374932.02,12,Zillow ZHVI county,annual_mean_zhvi,complete_12_months
SC,45017,Calhoun County,2015,118099.57,12,Zillow ZHVI county,annual_mean_zhvi,complete_12_months
SC,45017,Calhoun County,2016,129585.62,12,Zillow ZHVI county,annual_mean_zhvi,complete_12_months
SC,45017,Calhoun County,2017,131664.87,12,Zillow ZHVI county,annual_mean_zhvi,complete_12_months
SC,45017,Calhoun County,2018,137136.28,12,Zillow ZHVI county,annual_mean_zhvi,complete_12_months
SC,45017,Calhoun County,2019,145607.49,12,Zillow ZHVI county,annual_mean_zhvi,complete_12_months
SC,45017,Calhoun County,2020,155513.23,12,Zillow ZHVI county,annual_mean_zhvi,complete_12_months
SC,45017,Calhoun County,2021,174697.14,12,Zillow ZHVI county,annual_mean_zhvi,complete_12_months
SC,45017,Calhoun County,2022,194309.99,12,Zillow ZHVI county,annual_mean_zhvi,complete_12_months
SC,45017,Calhoun County,2023,201077.62,12,Zillow ZHVI county,annual_mean_zhvi,complete_12_months
SC,45017,Calhoun County,2024,208939.55,12,Zillow ZHVI county,annual_mean_zhvi,complete_12_months
SC,45019,Charleston County,2015,285309.51,12,Zillow ZHVI county,annual_mean_zhvi,complete_12_months
SC,45019,Charleston County,2016,311491.73,12,Zillow ZHVI county,annual_mean_zhvi,complete_12_months
SC,45019,Charleston County,2017,330610.73,12,Zillow ZHVI county,annual_mean_zhvi,complete_12_months
SC,45019,Charleston County,2018,347802.63,12,Zillow ZHVI county,annual_mean_zhvi,complete_12_months
SC,45019,Charleston County,2019,353517.85,12,Zillow ZHVI county,annual_mean_zhvi,complete_12_months
SC,45019,Charleston County,2020,366947.05,12,Zillow ZHVI county,annual_mean_zhvi,complete_12_months
SC,45019,Charleston County,2021,428145.05,12,Zillow ZHVI county,annual_mean_zhvi,complete_12_months
SC,45019,Charleston County,2022,522123.81,12,Zillow ZHVI county,annual_mean_zhvi,complete_12_months
SC,45019,Charleston County,2023,560851.13,12,Zillow ZHVI county,annual_mean_zhvi,complete_12_months
SC,45019,Charleston County,2024,607169.5,12,Zillow ZHVI county,annual_mean_zhvi,complete_12_months
SC,45021,Cherokee County,2015,136442.03,12,Zillow ZHVI county,annual_mean_zhvi,complete_12_months
SC,45021,Cherokee County,2016,142799.96,12,Zillow ZHVI county,annual_mean_zhvi,complete_12_months
SC,45021,Cherokee County,2017,145618.97,12,Zillow ZHVI county,annual_mean_zhvi,complete_12_months
SC,45021,Cherokee County,2018,149673.45,12,Zillow ZHVI county,annual_mean_zhvi,complete_12_months
SC,45021,Cherokee County,2019,162767.38,12,Zillow ZHVI county,annual_mean_zhvi,complete_12_months
SC,45021,Cherokee County,2020,177036.78,12,Zillow ZHVI county,annual_mean_zhvi,complete_12_months
SC,45021,Cherokee County,2021,198077.57,12,Zillow ZHVI county,annual_mean_zhvi,complete_12_months
SC,45021,Cherokee County,2022,214147.0,12,Zillow ZHVI county,annual_mean_zhvi,complete_12_months
SC,45021,Cherokee County,2023,210789.21,12,Zillow ZHVI county,annual_mean_zhvi,complete_12_months
SC,45021,Cherokee County,2024,205357.8,12,Zillow ZHVI county,annual_mean_zhvi,complete_12_months
SC,45023,Chester County,2015,106415.5,12,Zillow ZHVI county,annual_mean_zhvi,complete_12_months
SC,45023,Chester County,2016,114291.43,12,Zillow ZHVI county,annual_mean_zhvi,complete_12_months
SC,45023,Chester County,2017,120656.88,12,Zillow ZHVI county,annual_mean_zhvi,complete_12_months
SC,45023,Chester County,2018,132288.5,12,Zillow ZHVI county,annual_mean_zhvi,complete_12_months
SC,45023,Chester County,2019,130316.26,12,Zillow ZHVI county,annual_mean_zhvi,complete_12_months
SC,45023,Chester County,2020,143301.86,12,Zillow ZHVI county,annual_mean_zhvi,complete_12_months
SC,45023,Chester County,2021,176515.52,12,Zillow ZHVI county,annual_mean_zhvi,complete_12_months
SC,45023,Chester County,2022,209477.87,12,Zillow ZHVI county,annual_mean_zhvi,complete_12_months
SC,45023,Chester County,2023,215874.89,12,Zillow ZHVI county,annual_mean_zhvi,complete_12_months
SC,45023,Chester County,2024,223235.68,12,Zillow ZHVI county,annual_mean_zhvi,complete_12_months
SC,45025,Chesterfield County,2015,113616.44,12,Zillow ZHVI county,annual_mean_zhvi,complete_12_months
SC,45025,Chesterfield County,2016,117241.11,12,Zillow ZHVI county,annual_mean_zhvi,complete_12_months
SC,45025,Chesterfield County,2017,118856.17,12,Zillow ZHVI county,annual_mean_zhvi,complete_12_months
SC,45025,Chesterfield County,2018,124335.18,12,Zillow ZHVI county,annual_mean_zhvi,complete_12_months
SC,45025,Chesterfield County,2019,129004.17,12,Zillow ZHVI county,annual_mean_zhvi,complete_12_months
SC,45025,Chesterfield County,2020,133679.49,12,Zillow ZHVI county,annual_mean_zhvi,complete_12_months
SC,45025,Chesterfield County,2021,156523.32,12,Zillow ZHVI county,annual_mean_zhvi,complete_12_months
SC,45025,Chesterfield County,2022,179259.71,12,Zillow ZHVI county,annual_mean_zhvi,complete_12_months
SC,45025,Chesterfield County,2023,182088.73,12,Zillow ZHVI county,annual_mean_zhvi,complete_12_months
SC,45025,Chesterfield County,2024,179305.03,12,Zillow ZHVI county,annual_mean_zhvi,complete_12_months
SC,45027,Clarendon County,2015,123602.87,12,Zillow ZHVI county,annual_mean_zhvi,complete_12_months
SC,45027,Clarendon County,2016,129543.77,12,Zillow ZHVI county,annual_mean_zhvi,complete_12_months
SC,45027,Clarendon County,2017,135165.71,12,Zillow ZHVI county,annual_mean_zhvi,complete_12_months
SC,45027,Clarendon County,2018,143210.28,12,Zillow ZHVI county,annual_mean_zhvi,complete_12_months
SC,45027,Clarendon County,2019,152787.89,12,Zillow ZHVI county,annual_mean_zhvi,complete_12_months
SC,45027,Clarendon County,2020,165225.52,12,Zillow ZHVI county,annual_mean_zhvi,complete_12_months
SC,45027,Clarendon County,2021,191248.24,12,Zillow ZHVI county,annual_mean_zhvi,complete_12_months
SC,45027,Clarendon County,2022,207151.34,12,Zillow ZHVI county,annual_mean_zhvi,complete_12_months
SC,45027,Clarendon County,2023,198121.75,12,Zillow ZHVI county,annual_mean_zhvi,complete_12_months
SC,45027,Clarendon County,2024,196457.95,12,Zillow ZHVI county,annual_mean_zhvi,complete_12_months
SC,45029,Colleton County,2015,122434.5,12,Zillow ZHVI county,annual_mean_zhvi,complete_12_months
SC,45029,Colleton County,2016,137243.1,12,Zillow ZHVI county,annual_mean_zhvi,complete_12_months
SC,45029,Colleton County,2017,144254.13,12,Zillow ZHVI county,annual_mean_zhvi,complete_12_months
SC,45029,Colleton County,2018,153355.23,12,Zillow ZHVI county,annual_mean_zhvi,complete_12_months
SC,45029,Colleton County,2019,162570.87,12,Zillow ZHVI county,annual_mean_zhvi,complete_12_months
SC,45029,Colleton County,2020,176316.07,12,Zillow ZHVI county,annual_mean_zhvi,complete_12_months
SC,45029,Colleton County,2021,205185.29,12,Zillow ZHVI county,annual_mean_zhvi,complete_12_months
SC,45029,Colleton County,2022,229719.48,12,Zillow ZHVI county,annual_mean_zhvi,complete_12_months
SC,45029,Colleton County,2023,234127.23,12,Zillow ZHVI county,annual_mean_zhvi,complete_12_months
SC,45029,Colleton County,2024,256085.42,12,Zillow ZHVI county,annual_mean_zhvi,complete_12_months
SC,45031,Darlington County,2015,112011.46,12,Zillow ZHVI county,annual_mean_zhvi,complete_12_months
SC,45031,Darlington County,2016,115018.2,12,Zillow ZHVI county,annual_mean_zhvi,complete_12_months
SC,45031,Darlington County,2017,113012.1,12,Zillow ZHVI county,annual_mean_zhvi,complete_12_months
SC,45031,Darlington County,2018,117237.72,12,Zillow ZHVI county,annual_mean_zhvi,complete_12_months
SC,45031,Darlington County,2019,120759.66,12,Zillow ZHVI county,annual_mean_zhvi,complete_12_months
SC,45031,Darlington County,2020,124682.96,12,Zillow ZHVI county,annual_mean_zhvi,complete_12_months
SC,45031,Darlington County,2021,142326.43,12,Zillow ZHVI county,annual_mean_zhvi,complete_12_months
SC,45031,Darlington County,2022,156609.56,12,Zillow ZHVI county,annual_mean_zhvi,complete_12_months
SC,45031,Darlington County,2023,160419.55,12,Zillow ZHVI county,annual_mean_zhvi,complete_12_months
SC,45031,Darlington County,2024,161831.84,12,Zillow ZHVI county,annual_mean_zhvi,complete_12_months
SC,45033,Dillon County,2015,115680.53,12,Zillow ZHVI county,annual_mean_zhvi,complete_12_months
SC,45033,Dillon County,2016,124079.36,12,Zillow ZHVI county,annual_mean_zhvi,complete_12_months
SC,45033,Dillon County,2017,127153.21,12,Zillow ZHVI county,annual_mean_zhvi,complete_12_months
SC,45033,Dillon County,2018,130464.98,12,Zillow ZHVI county,annual_mean_zhvi,complete_12_months
SC,45033,Dillon County,2019,125959.54,12,Zillow ZHVI county,annual_mean_zhvi,complete_12_months
SC,45033,Dillon County,2020,135328.81,12,Zillow ZHVI county,annual_mean_zhvi,complete_12_months
SC,45033,Dillon County,2021,142638.66,12,Zillow ZHVI county,annual_mean_zhvi,complete_12_months
SC,45033,Dillon County,2022,140075.2,12,Zillow ZHVI county,annual_mean_zhvi,complete_12_months
SC,45033,Dillon County,2023,130521.51,12,Zillow ZHVI county,annual_mean_zhvi,complete_12_months
SC,45033,Dillon County,2024,120786.47,12,Zillow ZHVI county,annual_mean_zhvi,complete_12_months
SC,45035,Dorchester County,2015,187873.34,12,Zillow ZHVI county,annual_mean_zhvi,complete_12_months
SC,45035,Dorchester County,2016,200693.1,12,Zillow ZHVI county,annual_mean_zhvi,complete_12_months
SC,45035,Dorchester County,2017,213169.09,12,Zillow ZHVI county,annual_mean_zhvi,complete_12_months
SC,45035,Dorchester County,2018,227944.4,12,Zillow ZHVI county,annual_mean_zhvi,complete_12_months
SC,45035,Dorchester County,2019,237887.06,12,Zillow ZHVI county,annual_mean_zhvi,complete_12_months
SC,45035,Dorchester County,2020,251175.05,12,Zillow ZHVI county,annual_mean_zhvi,complete_12_months
SC,45035,Dorchester County,2021,284929.85,12,Zillow ZHVI county,annual_mean_zhvi,complete_12_months
SC,45035,Dorchester County,2022,332996.56,12,Zillow ZHVI county,annual_mean_zhvi,complete_12_months
SC,45035,Dorchester County,2023,345177.9,12,Zillow ZHVI county,annual_mean_zhvi,complete_12_months
SC,45035,Dorchester County,2024,356712.1,12,Zillow ZHVI county,annual_mean_zhvi,complete_12_months
SC,45037,Edgefield County,2015,154421.74,12,Zillow ZHVI county,annual_mean_zhvi,complete_12_months
SC,45037,Edgefield County,2016,161675.8,12,Zillow ZHVI county,annual_mean_zhvi,complete_12_months
SC,45037,Edgefield County,2017,167789.94,12,Zillow ZHVI county,annual_mean_zhvi,complete_12_months
SC,45037,Edgefield County,2018,171752.52,12,Zillow ZHVI county,annual_mean_zhvi,complete_12_months
SC,45037,Edgefield County,2019,184264.3,12,Zillow ZHVI county,annual_mean_zhvi,complete_12_months
SC,45037,Edgefield County,2020,203268.48,12,Zillow ZHVI county,annual_mean_zhvi,complete_12_months
SC,45037,Edgefield County,2021,228711.99,12,Zillow ZHVI county,annual_mean_zhvi,complete_12_months
SC,45037,Edgefield County,2022,258414.98,12,Zillow ZHVI county,annual_mean_zhvi,complete_12_months
SC,45037,Edgefield County,2023,265130.56,12,Zillow ZHVI county,annual_mean_zhvi,complete_12_months
SC,45037,Edgefield County,2024,271676.28,12,Zillow ZHVI county,annual_mean_zhvi,complete_12_months
SC,45039,Fairfield County,2015,171437.24,12,Zillow ZHVI county,annual_mean_zhvi,complete_12_months
SC,45039,Fairfield County,2016,175983.69,12,Zillow ZHVI county,annual_mean_zhvi,complete_12_months
SC,45039,Fairfield County,2017,182217.91,12,Zillow ZHVI county,annual_mean_zhvi,complete_12_months
SC,45039,Fairfield County,2018,181630.1,12,Zillow ZHVI county,annual_mean_zhvi,complete_12_months
SC,45039,Fairfield County,2019,189034.91,12,Zillow ZHVI county,annual_mean_zhvi,complete_12_months
SC,45039,Fairfield County,2020,208338.91,12,Zillow ZHVI county,annual_mean_zhvi,complete_12_months
SC,45039,Fairfield County,2021,228718.91,12,Zillow ZHVI county,annual_mean_zhvi,complete_12_months
SC,45039,Fairfield County,2022,235541.12,12,Zillow ZHVI county,annual_mean_zhvi,complete_12_months
SC,45039,Fairfield County,2023,220017.85,12,Zillow ZHVI county,annual_mean_zhvi,complete_12_months
SC,45039,Fairfield County,2024,202542.5,12,Zillow ZHVI county,annual_mean_zhvi,complete_12_months
SC,45041,Florence County,2015,118692.14,12,Zillow ZHVI county,annual_mean_zhvi,complete_12_months
SC,45041,Florence County,2016,122805.4,12,Zillow ZHVI county,annual_mean_zhvi,complete_12_months
SC,45041,Florence County,2017,124441.54,12,Zillow ZHVI county,annual_mean_zhvi,complete_12_months
SC,45041,Florence County,2018,129150.12,12,Zillow ZHVI county,annual_mean_zhvi,complete_12_months
SC,45041,Florence County,2019,135153.06,12,Zillow ZHVI county,annual_mean_zhvi,complete_12_months
SC,45041,Florence County,2020,141793.95,12,Zillow ZHVI county,annual_mean_zhvi,complete_12_months
SC,45041,Florence County,2021,159340.93,12,Zillow ZHVI county,annual_mean_zhvi,complete_12_months
SC,45041,Florence County,2022,181426.61,12,Zillow ZHVI county,annual_mean_zhvi,complete_12_months
SC,45041,Florence County,2023,188068.46,12,Zillow ZHVI county,annual_mean_zhvi,complete_12_months
SC,45041,Florence County,2024,194413.29,12,Zillow ZHVI county,annual_mean_zhvi,complete_12_months
SC,45043,Georgetown County,2015,200638.15,12,Zillow ZHVI county,annual_mean_zhvi,complete_12_months
SC,45043,Georgetown County,2016,211379.86,12,Zillow ZHVI county,annual_mean_zhvi,complete_12_months
SC,45043,Georgetown County,2017,221415.48,12,Zillow ZHVI county,annual_mean_zhvi,complete_12_months
SC,45043,Georgetown County,2018,232185.22,12,Zillow ZHVI county,annual_mean_zhvi,complete_12_months
SC,45043,Georgetown County,2019,241834.13,12,Zillow ZHVI county,annual_mean_zhvi,complete_12_months
SC,45043,Georgetown County,2020,254561.18,12,Zillow ZHVI county,annual_mean_zhvi,complete_12_months
SC,45043,Georgetown County,2021,294668.52,12,Zillow ZHVI county,annual_mean_zhvi,complete_12_months
SC,45043,Georgetown County,2022,351723.47,12,Zillow ZHVI county,annual_mean_zhvi,complete_12_months
SC,45043,Georgetown County,2023,372706.69,12,Zillow ZHVI county,annual_mean_zhvi,complete_12_months
SC,45043,Georgetown County,2024,390637.41,12,Zillow ZHVI county,annual_mean_zhvi,complete_12_months
SC,45045,Greenville County,2015,170220.09,12,Zillow ZHVI county,annual_mean_zhvi,complete_12_months
SC,45045,Greenville County,2016,182159.77,12,Zillow ZHVI county,annual_mean_zhvi,complete_12_months
SC,45045,Greenville County,2017,193684.29,12,Zillow ZHVI county,annual_mean_zhvi,complete_12_months
SC,45045,Greenville County,2018,207710.25,12,Zillow ZHVI county,annual_mean_zhvi,complete_12_months
SC,45045,Greenville County,2019,217996.89,12,Zillow ZHVI county,annual_mean_zhvi,complete_12_months
SC,45045,Greenville County,2020,230972.12,12,Zillow ZHVI county,annual_mean_zhvi,complete_12_months
SC,45045,Greenville County,2021,261266.45,12,Zillow ZHVI county,annual_mean_zhvi,complete_12_months
SC,45045,Greenville County,2022,307162.73,12,Zillow ZHVI county,annual_mean_zhvi,complete_12_months
SC,45045,Greenville County,2023,322545.8,12,Zillow ZHVI county,annual_mean_zhvi,complete_12_months
SC,45045,Greenville County,2024,331511.42,12,Zillow ZHVI county,annual_mean_zhvi,complete_12_months
SC,45047,Greenwood County,2015,,0,Zillow ZHVI county,annual_mean_zhvi,source_data_unavailable
SC,45047,Greenwood County,2016,108180.61,11,Zillow ZHVI county,annual_mean_zhvi,partial_10_11_months
SC,45047,Greenwood County,2017,108319.15,12,Zillow ZHVI county,annual_mean_zhvi,complete_12_months
SC,45047,Greenwood County,2018,112525.25,12,Zillow ZHVI county,annual_mean_zhvi,complete_12_months
SC,45047,Greenwood County,2019,122166.67,12,Zillow ZHVI county,annual_mean_zhvi,complete_12_months
SC,45047,Greenwood County,2020,133858.36,12,Zillow ZHVI county,annual_mean_zhvi,complete_12_months
SC,45047,Greenwood County,2021,150024.74,12,Zillow ZHVI county,annual_mean_zhvi,complete_12_months
SC,45047,Greenwood County,2022,167505.55,12,Zillow ZHVI county,annual_mean_zhvi,complete_12_months
SC,45047,Greenwood County,2023,175565.13,12,Zillow ZHVI county,annual_mean_zhvi,complete_12_months
SC,45047,Greenwood County,2024,179827.32,12,Zillow ZHVI county,annual_mean_zhvi,complete_12_months
SC,45049,Hampton County,2015,100943.29,12,Zillow ZHVI county,annual_mean_zhvi,complete_12_months
SC,45049,Hampton County,2016,101772.54,12,Zillow ZHVI county,annual_mean_zhvi,complete_12_months
SC,45049,Hampton County,2017,100445.54,12,Zillow ZHVI county,annual_mean_zhvi,complete_12_months
SC,45049,Hampton County,2018,103920.51,12,Zillow ZHVI county,annual_mean_zhvi,complete_12_months
SC,45049,Hampton County,2019,114882.2,12,Zillow ZHVI county,annual_mean_zhvi,complete_12_months
SC,45049,Hampton County,2020,123007.11,12,Zillow ZHVI county,annual_mean_zhvi,complete_12_months
SC,45049,Hampton County,2021,141858.23,12,Zillow ZHVI county,annual_mean_zhvi,complete_12_months
SC,45049,Hampton County,2022,161853.14,12,Zillow ZHVI county,annual_mean_zhvi,complete_12_months
SC,45049,Hampton County,2023,164674.28,12,Zillow ZHVI county,annual_mean_zhvi,complete_12_months
SC,45049,Hampton County,2024,170031.54,12,Zillow ZHVI county,annual_mean_zhvi,complete_12_months
SC,45051,Horry County,2015,173265.13,12,Zillow ZHVI county,annual_mean_zhvi,complete_12_months
SC,45051,Horry County,2016,180429.26,12,Zillow ZHVI county,annual_mean_zhvi,complete_12_months
SC,45051,Horry County,2017,187282.99,12,Zillow ZHVI county,annual_mean_zhvi,complete_12_months
SC,45051,Horry County,2018,197527.11,12,Zillow ZHVI county,annual_mean_zhvi,complete_12_months
SC,45051,Horry County,2019,207398.84,12,Zillow ZHVI county,annual_mean_zhvi,complete_12_months
SC,45051,Horry County,2020,217896.23,12,Zillow ZHVI county,annual_mean_zhvi,complete_12_months
SC,45051,Horry County,2021,253490.37,12,Zillow ZHVI county,annual_mean_zhvi,complete_12_months
SC,45051,Horry County,2022,316864.15,12,Zillow ZHVI county,annual_mean_zhvi,complete_12_months
SC,45051,Horry County,2023,330536.26,12,Zillow ZHVI county,annual_mean_zhvi,complete_12_months
SC,45051,Horry County,2024,333028.29,12,Zillow ZHVI county,annual_mean_zhvi,complete_12_months
SC,45053,Jasper County,2015,200699.84,12,Zillow ZHVI county,annual_mean_zhvi,complete_12_months
SC,45053,Jasper County,2016,219962.4,12,Zillow ZHVI county,annual_mean_zhvi,complete_12_months
SC,45053,Jasper County,2017,224650.84,12,Zillow ZHVI county,annual_mean_zhvi,complete_12_months
SC,45053,Jasper County,2018,240581.43,12,Zillow ZHVI county,annual_mean_zhvi,complete_12_months
SC,45053,Jasper County,2019,248398.84,12,Zillow ZHVI county,annual_mean_zhvi,complete_12_months
SC,45053,Jasper County,2020,273655.56,12,Zillow ZHVI county,annual_mean_zhvi,complete_12_months
SC,45053,Jasper County,2021,318831.91,12,Zillow ZHVI county,annual_mean_zhvi,complete_12_months
SC,45053,Jasper County,2022,367320.54,12,Zillow ZHVI county,annual_mean_zhvi,complete_12_months
SC,45053,Jasper County,2023,394522.24,12,Zillow ZHVI county,annual_mean_zhvi,complete_12_months
SC,45053,Jasper County,2024,432643.09,12,Zillow ZHVI county,annual_mean_zhvi,complete_12_months
SC,45055,Kershaw County,2015,138529.47,12,Zillow ZHVI county,annual_mean_zhvi,complete_12_months
SC,45055,Kershaw County,2016,147109.31,12,Zillow ZHVI county,annual_mean_zhvi,complete_12_months
SC,45055,Kershaw County,2017,153436.37,12,Zillow ZHVI county,annual_mean_zhvi,complete_12_months
SC,45055,Kershaw County,2018,161422.0,12,Zillow ZHVI county,annual_mean_zhvi,complete_12_months
SC,45055,Kershaw County,2019,169815.09,12,Zillow ZHVI county,annual_mean_zhvi,complete_12_months
SC,45055,Kershaw County,2020,183193.08,12,Zillow ZHVI county,annual_mean_zhvi,complete_12_months
SC,45055,Kershaw County,2021,204119.39,12,Zillow ZHVI county,annual_mean_zhvi,complete_12_months
SC,45055,Kershaw County,2022,229038.17,12,Zillow ZHVI county,annual_mean_zhvi,complete_12_months
SC,45055,Kershaw County,2023,238283.3,12,Zillow ZHVI county,annual_mean_zhvi,complete_12_months
SC,45055,Kershaw County,2024,250286.31,12,Zillow ZHVI county,annual_mean_zhvi,complete_12_months
SC,45057,Lancaster County,2015,196671.43,12,Zillow ZHVI county,annual_mean_zhvi,complete_12_months
SC,45057,Lancaster County,2016,211843.6,12,Zillow ZHVI county,annual_mean_zhvi,complete_12_months
SC,45057,Lancaster County,2017,223779.4,12,Zillow ZHVI county,annual_mean_zhvi,complete_12_months
SC,45057,Lancaster County,2018,235089.57,12,Zillow ZHVI county,annual_mean_zhvi,complete_12_months
SC,45057,Lancaster County,2019,248825.97,12,Zillow ZHVI county,annual_mean_zhvi,complete_12_months
SC,45057,Lancaster County,2020,269362.41,12,Zillow ZHVI county,annual_mean_zhvi,complete_12_months
SC,45057,Lancaster County,2021,315445.35,12,Zillow ZHVI county,annual_mean_zhvi,complete_12_months
SC,45057,Lancaster County,2022,377505.42,12,Zillow ZHVI county,annual_mean_zhvi,complete_12_months
SC,45057,Lancaster County,2023,384277.75,12,Zillow ZHVI county,annual_mean_zhvi,complete_12_months
SC,45057,Lancaster County,2024,398971.39,12,Zillow ZHVI county,annual_mean_zhvi,complete_12_months
SC,45059,Laurens County,2015,157765.33,12,Zillow ZHVI county,annual_mean_zhvi,complete_12_months
SC,45059,Laurens County,2016,170689.99,12,Zillow ZHVI county,annual_mean_zhvi,complete_12_months
SC,45059,Laurens County,2017,178511.5,12,Zillow ZHVI county,annual_mean_zhvi,complete_12_months
SC,45059,Laurens County,2018,188105.42,12,Zillow ZHVI county,annual_mean_zhvi,complete_12_months
SC,45059,Laurens County,2019,198357.33,12,Zillow ZHVI county,annual_mean_zhvi,complete_12_months
SC,45059,Laurens County,2020,214227.79,12,Zillow ZHVI county,annual_mean_zhvi,complete_12_months
SC,45059,Laurens County,2021,234495.47,12,Zillow ZHVI county,annual_mean_zhvi,complete_12_months
SC,45059,Laurens County,2022,261631.55,12,Zillow ZHVI county,annual_mean_zhvi,complete_12_months
SC,45059,Laurens County,2023,252550.41,12,Zillow ZHVI county,annual_mean_zhvi,complete_12_months
SC,45059,Laurens County,2024,237093.43,12,Zillow ZHVI county,annual_mean_zhvi,complete_12_months
SC,45061,Lee County,2015,110989.05,12,Zillow ZHVI county,annual_mean_zhvi,complete_12_months
SC,45061,Lee County,2016,115320.31,12,Zillow ZHVI county,annual_mean_zhvi,complete_12_months
SC,45061,Lee County,2017,122484.26,12,Zillow ZHVI county,annual_mean_zhvi,complete_12_months
SC,45061,Lee County,2018,128568.46,12,Zillow ZHVI county,annual_mean_zhvi,complete_12_months
SC,45061,Lee County,2019,131718.06,12,Zillow ZHVI county,annual_mean_zhvi,complete_12_months
SC,45061,Lee County,2020,139982.75,12,Zillow ZHVI county,annual_mean_zhvi,complete_12_months
SC,45061,Lee County,2021,160220.8,12,Zillow ZHVI county,annual_mean_zhvi,complete_12_months
SC,45061,Lee County,2022,174726.52,12,Zillow ZHVI county,annual_mean_zhvi,complete_12_months
SC,45061,Lee County,2023,166774.86,12,Zillow ZHVI county,annual_mean_zhvi,complete_12_months
SC,45061,Lee County,2024,157410.69,12,Zillow ZHVI county,annual_mean_zhvi,complete_12_months
SC,45063,Lexington County,2015,145802.99,12,Zillow ZHVI county,annual_mean_zhvi,complete_12_months
SC,45063,Lexington County,2016,151730.46,12,Zillow ZHVI county,annual_mean_zhvi,complete_12_months
SC,45063,Lexington County,2017,157188.08,12,Zillow ZHVI county,annual_mean_zhvi,complete_12_months
SC,45063,Lexington County,2018,164815.82,12,Zillow ZHVI county,annual_mean_zhvi,complete_12_months
SC,45063,Lexington County,2019,172935.1,12,Zillow ZHVI county,annual_mean_zhvi,complete_12_months
SC,45063,Lexington County,2020,183893.84,12,Zillow ZHVI county,annual_mean_zhvi,complete_12_months
SC,45063,Lexington County,2021,209083.1,12,Zillow ZHVI county,annual_mean_zhvi,complete_12_months
SC,45063,Lexington County,2022,246973.45,12,Zillow ZHVI county,annual_mean_zhvi,complete_12_months
SC,45063,Lexington County,2023,260545.48,12,Zillow ZHVI county,annual_mean_zhvi,complete_12_months
SC,45063,Lexington County,2024,268918.12,12,Zillow ZHVI county,annual_mean_zhvi,complete_12_months
SC,45065,McCormick County,2015,,0,Zillow ZHVI county,annual_mean_zhvi,source_data_unavailable
SC,45065,McCormick County,2016,163163.51,11,Zillow ZHVI county,annual_mean_zhvi,partial_10_11_months
SC,45065,McCormick County,2017,165992.88,12,Zillow ZHVI county,annual_mean_zhvi,complete_12_months
SC,45065,McCormick County,2018,174474.26,12,Zillow ZHVI county,annual_mean_zhvi,complete_12_months
SC,45065,McCormick County,2019,179612.18,12,Zillow ZHVI county,annual_mean_zhvi,complete_12_months
SC,45065,McCormick County,2020,190622.07,12,Zillow ZHVI county,annual_mean_zhvi,complete_12_months
SC,45065,McCormick County,2021,223837.65,12,Zillow ZHVI county,annual_mean_zhvi,complete_12_months
SC,45065,McCormick County,2022,268566.37,12,Zillow ZHVI county,annual_mean_zhvi,complete_12_months
SC,45065,McCormick County,2023,274428.19,12,Zillow ZHVI county,annual_mean_zhvi,complete_12_months
SC,45065,McCormick County,2024,293419.06,12,Zillow ZHVI county,annual_mean_zhvi,complete_12_months
SC,45067,Marion County,2015,111492.37,12,Zillow ZHVI county,annual_mean_zhvi,complete_12_months
SC,45067,Marion County,2016,114321.12,12,Zillow ZHVI county,annual_mean_zhvi,complete_12_months
SC,45067,Marion County,2017,106466.62,12,Zillow ZHVI county,annual_mean_zhvi,complete_12_months
SC,45067,Marion County,2018,106272.59,12,Zillow ZHVI county,annual_mean_zhvi,complete_12_months
SC,45067,Marion County,2019,111260.04,12,Zillow ZHVI county,annual_mean_zhvi,complete_12_months
SC,45067,Marion County,2020,120689.22,12,Zillow ZHVI county,annual_mean_zhvi,complete_12_months
SC,45067,Marion County,2021,130732.93,12,Zillow ZHVI county,annual_mean_zhvi,complete_12_months
SC,45067,Marion County,2022,144238.63,12,Zillow ZHVI county,annual_mean_zhvi,complete_12_months
SC,45067,Marion County,2023,140638.28,12,Zillow ZHVI county,annual_mean_zhvi,complete_12_months
SC,45067,Marion County,2024,154668.99,12,Zillow ZHVI county,annual_mean_zhvi,complete_12_months
SC,45069,Marlboro County,2015,95369.7,12,Zillow ZHVI county,annual_mean_zhvi,complete_12_months
SC,45069,Marlboro County,2016,99915.19,12,Zillow ZHVI county,annual_mean_zhvi,complete_12_months
SC,45069,Marlboro County,2017,98671.23,12,Zillow ZHVI county,annual_mean_zhvi,complete_12_months
SC,45069,Marlboro County,2018,114378.47,12,Zillow ZHVI county,annual_mean_zhvi,complete_12_months
SC,45069,Marlboro County,2019,109802.45,12,Zillow ZHVI county,annual_mean_zhvi,complete_12_months
SC,45069,Marlboro County,2020,112937.7,12,Zillow ZHVI county,annual_mean_zhvi,complete_12_months
SC,45069,Marlboro County,2021,123447.18,12,Zillow ZHVI county,annual_mean_zhvi,complete_12_months
SC,45069,Marlboro County,2022,140503.91,12,Zillow ZHVI county,annual_mean_zhvi,complete_12_months
SC,45069,Marlboro County,2023,128910.49,12,Zillow ZHVI county,annual_mean_zhvi,complete_12_months
SC,45069,Marlboro County,2024,115833.87,12,Zillow ZHVI county,annual_mean_zhvi,complete_12_months
SC,45071,Newberry County,2015,133742.99,12,Zillow ZHVI county,annual_mean_zhvi,complete_12_months
SC,45071,Newberry County,2016,140342.59,12,Zillow ZHVI county,annual_mean_zhvi,complete_12_months
SC,45071,Newberry County,2017,141156.86,12,Zillow ZHVI county,annual_mean_zhvi,complete_12_months
SC,45071,Newberry County,2018,144531.75,12,Zillow ZHVI county,annual_mean_zhvi,complete_12_months
SC,45071,Newberry County,2019,152170.68,12,Zillow ZHVI county,annual_mean_zhvi,complete_12_months
SC,45071,Newberry County,2020,177091.39,12,Zillow ZHVI county,annual_mean_zhvi,complete_12_months
SC,45071,Newberry County,2021,203321.09,12,Zillow ZHVI county,annual_mean_zhvi,complete_12_months
SC,45071,Newberry County,2022,223243.59,12,Zillow ZHVI county,annual_mean_zhvi,complete_12_months
SC,45071,Newberry County,2023,216375.4,12,Zillow ZHVI county,annual_mean_zhvi,complete_12_months
SC,45071,Newberry County,2024,218930.0,12,Zillow ZHVI county,annual_mean_zhvi,complete_12_months
SC,45073,Oconee County,2015,150274.46,12,Zillow ZHVI county,annual_mean_zhvi,complete_12_months
SC,45073,Oconee County,2016,154715.4,12,Zillow ZHVI county,annual_mean_zhvi,complete_12_months
SC,45073,Oconee County,2017,158598.68,12,Zillow ZHVI county,annual_mean_zhvi,complete_12_months
SC,45073,Oconee County,2018,164024.52,12,Zillow ZHVI county,annual_mean_zhvi,complete_12_months
SC,45073,Oconee County,2019,174193.85,12,Zillow ZHVI county,annual_mean_zhvi,complete_12_months
SC,45073,Oconee County,2020,188825.74,12,Zillow ZHVI county,annual_mean_zhvi,complete_12_months
SC,45073,Oconee County,2021,226243.79,12,Zillow ZHVI county,annual_mean_zhvi,complete_12_months
SC,45073,Oconee County,2022,261097.42,12,Zillow ZHVI county,annual_mean_zhvi,complete_12_months
SC,45073,Oconee County,2023,270644.94,12,Zillow ZHVI county,annual_mean_zhvi,complete_12_months
SC,45073,Oconee County,2024,284476.27,12,Zillow ZHVI county,annual_mean_zhvi,complete_12_months
SC,45075,Orangeburg County,2015,98034.77,12,Zillow ZHVI county,annual_mean_zhvi,complete_12_months
SC,45075,Orangeburg County,2016,103853.61,12,Zillow ZHVI county,annual_mean_zhvi,complete_12_months
SC,45075,Orangeburg County,2017,107040.44,12,Zillow ZHVI county,annual_mean_zhvi,complete_12_months
SC,45075,Orangeburg County,2018,113557.85,12,Zillow ZHVI county,annual_mean_zhvi,complete_12_months
SC,45075,Orangeburg County,2019,118217.6,12,Zillow ZHVI county,annual_mean_zhvi,complete_12_months
SC,45075,Orangeburg County,2020,127769.48,12,Zillow ZHVI county,annual_mean_zhvi,complete_12_months
SC,45075,Orangeburg County,2021,151950.32,12,Zillow ZHVI county,annual_mean_zhvi,complete_12_months
SC,45075,Orangeburg County,2022,164490.75,12,Zillow ZHVI county,annual_mean_zhvi,complete_12_months
SC,45075,Orangeburg County,2023,158709.39,12,Zillow ZHVI county,annual_mean_zhvi,complete_12_months
SC,45075,Orangeburg County,2024,165960.1,12,Zillow ZHVI county,annual_mean_zhvi,complete_12_months
SC,45077,Pickens County,2015,141530.91,12,Zillow ZHVI county,annual_mean_zhvi,complete_12_months
SC,45077,Pickens County,2016,150832.13,12,Zillow ZHVI county,annual_mean_zhvi,complete_12_months
SC,45077,Pickens County,2017,160979.82,12,Zillow ZHVI county,annual_mean_zhvi,complete_12_months
SC,45077,Pickens County,2018,172358.26,12,Zillow ZHVI county,annual_mean_zhvi,complete_12_months
SC,45077,Pickens County,2019,182038.67,12,Zillow ZHVI county,annual_mean_zhvi,complete_12_months
SC,45077,Pickens County,2020,197795.63,12,Zillow ZHVI county,annual_mean_zhvi,complete_12_months
SC,45077,Pickens County,2021,227092.7,12,Zillow ZHVI county,annual_mean_zhvi,complete_12_months
SC,45077,Pickens County,2022,267633.27,12,Zillow ZHVI county,annual_mean_zhvi,complete_12_months
SC,45077,Pickens County,2023,283174.21,12,Zillow ZHVI county,annual_mean_zhvi,complete_12_months
SC,45077,Pickens County,2024,295644.36,12,Zillow ZHVI county,annual_mean_zhvi,complete_12_months
SC,45079,Richland County,2015,129709.05,12,Zillow ZHVI county,annual_mean_zhvi,complete_12_months
SC,45079,Richland County,2016,135961.81,12,Zillow ZHVI county,annual_mean_zhvi,complete_12_months
SC,45079,Richland County,2017,142583.92,12,Zillow ZHVI county,annual_mean_zhvi,complete_12_months
SC,45079,Richland County,2018,147872.06,12,Zillow ZHVI county,annual_mean_zhvi,complete_12_months
SC,45079,Richland County,2019,155041.31,12,Zillow ZHVI county,annual_mean_zhvi,complete_12_months
SC,45079,Richland County,2020,164998.81,12,Zillow ZHVI county,annual_mean_zhvi,complete_12_months
SC,45079,Richland County,2021,187975.15,12,Zillow ZHVI county,annual_mean_zhvi,complete_12_months
SC,45079,Richland County,2022,219929.58,12,Zillow ZHVI county,annual_mean_zhvi,complete_12_months
SC,45079,Richland County,2023,231895.89,12,Zillow ZHVI county,annual_mean_zhvi,complete_12_months
SC,45079,Richland County,2024,240493.03,12,Zillow ZHVI county,annual_mean_zhvi,complete_12_months
SC,45081,Saluda County,2015,125189.17,12,Zillow ZHVI county,annual_mean_zhvi,complete_12_months
SC,45081,Saluda County,2016,127163.6,12,Zillow ZHVI county,annual_mean_zhvi,complete_12_months
SC,45081,Saluda County,2017,129413.63,12,Zillow ZHVI county,annual_mean_zhvi,complete_12_months
SC,45081,Saluda County,2018,133900.51,12,Zillow ZHVI county,annual_mean_zhvi,complete_12_months
SC,45081,Saluda County,2019,138161.32,12,Zillow ZHVI county,annual_mean_zhvi,complete_12_months
SC,45081,Saluda County,2020,151337.73,12,Zillow ZHVI county,annual_mean_zhvi,complete_12_months
SC,45081,Saluda County,2021,177380.62,12,Zillow ZHVI county,annual_mean_zhvi,complete_12_months
SC,45081,Saluda County,2022,194776.19,12,Zillow ZHVI county,annual_mean_zhvi,complete_12_months
SC,45081,Saluda County,2023,194318.41,12,Zillow ZHVI county,annual_mean_zhvi,complete_12_months
SC,45081,Saluda County,2024,209491.83,12,Zillow ZHVI county,annual_mean_zhvi,complete_12_months
SC,45083,Spartanburg County,2015,131557.84,12,Zillow ZHVI county,annual_mean_zhvi,complete_12_months
SC,45083,Spartanburg County,2016,137420.66,12,Zillow ZHVI county,annual_mean_zhvi,complete_12_months
SC,45083,Spartanburg County,2017,146421.26,12,Zillow ZHVI county,annual_mean_zhvi,complete_12_months
SC,45083,Spartanburg County,2018,157308.06,12,Zillow ZHVI county,annual_mean_zhvi,complete_12_months
SC,45083,Spartanburg County,2019,168029.72,12,Zillow ZHVI county,annual_mean_zhvi,complete_12_months
SC,45083,Spartanburg County,2020,181199.11,12,Zillow ZHVI county,annual_mean_zhvi,complete_12_months
SC,45083,Spartanburg County,2021,209798.29,12,Zillow ZHVI county,annual_mean_zhvi,complete_12_months
SC,45083,Spartanburg County,2022,248451.87,12,Zillow ZHVI county,annual_mean_zhvi,complete_12_months
SC,45083,Spartanburg County,2023,258865.35,12,Zillow ZHVI county,annual_mean_zhvi,complete_12_months
SC,45083,Spartanburg County,2024,270147.47,12,Zillow ZHVI county,annual_mean_zhvi,complete_12_months
SC,45085,Sumter County,2015,132418.99,12,Zillow ZHVI county,annual_mean_zhvi,complete_12_months
SC,45085,Sumter County,2016,134459.56,12,Zillow ZHVI county,annual_mean_zhvi,complete_12_months
SC,45085,Sumter County,2017,136121.13,12,Zillow ZHVI county,annual_mean_zhvi,complete_12_months
SC,45085,Sumter County,2018,142889.58,12,Zillow ZHVI county,annual_mean_zhvi,complete_12_months
SC,45085,Sumter County,2019,158107.98,12,Zillow ZHVI county,annual_mean_zhvi,complete_12_months
SC,45085,Sumter County,2020,168859.39,12,Zillow ZHVI county,annual_mean_zhvi,complete_12_months
SC,45085,Sumter County,2021,180981.97,12,Zillow ZHVI county,annual_mean_zhvi,complete_12_months
SC,45085,Sumter County,2022,196633.86,12,Zillow ZHVI county,annual_mean_zhvi,complete_12_months
SC,45085,Sumter County,2023,204856.95,12,Zillow ZHVI county,annual_mean_zhvi,complete_12_months
SC,45085,Sumter County,2024,212745.29,12,Zillow ZHVI county,annual_mean_zhvi,complete_12_months
SC,45087,Union County,2015,86689.04,12,Zillow ZHVI county,annual_mean_zhvi,complete_12_months
SC,45087,Union County,2016,91875.5,12,Zillow ZHVI county,annual_mean_zhvi,complete_12_months
SC,45087,Union County,2017,92600.14,12,Zillow ZHVI county,annual_mean_zhvi,complete_12_months
SC,45087,Union County,2018,93861.07,12,Zillow ZHVI county,annual_mean_zhvi,complete_12_months
SC,45087,Union County,2019,100100.9,12,Zillow ZHVI county,annual_mean_zhvi,complete_12_months
SC,45087,Union County,2020,115600.62,12,Zillow ZHVI county,annual_mean_zhvi,complete_12_months
SC,45087,Union County,2021,132161.17,12,Zillow ZHVI county,annual_mean_zhvi,complete_12_months
SC,45087,Union County,2022,142716.2,12,Zillow ZHVI county,annual_mean_zhvi,complete_12_months
SC,45087,Union County,2023,136419.88,12,Zillow ZHVI county,annual_mean_zhvi,complete_12_months
SC,45087,Union County,2024,136155.6,12,Zillow ZHVI county,annual_mean_zhvi,complete_12_months
SC,45089,Williamsburg County,2015,83683.65,12,Zillow ZHVI county,annual_mean_zhvi,complete_12_months
SC,45089,Williamsburg County,2016,86468.38,12,Zillow ZHVI county,annual_mean_zhvi,complete_12_months
SC,45089,Williamsburg County,2017,82146.78,12,Zillow ZHVI county,annual_mean_zhvi,complete_12_months
SC,45089,Williamsburg County,2018,86121.43,12,Zillow ZHVI county,annual_mean_zhvi,complete_12_months
SC,45089,Williamsburg County,2019,89573.62,12,Zillow ZHVI county,annual_mean_zhvi,complete_12_months
SC,45089,Williamsburg County,2020,95800.67,12,Zillow ZHVI county,annual_mean_zhvi,complete_12_months
SC,45089,Williamsburg County,2021,106579.41,12,Zillow ZHVI county,annual_mean_zhvi,complete_12_months
SC,45089,Williamsburg County,2022,121680.78,12,Zillow ZHVI county,annual_mean_zhvi,complete_12_months
SC,45089,Williamsburg County,2023,123913.13,12,Zillow ZHVI county,annual_mean_zhvi,complete_12_months
SC,45089,Williamsburg County,2024,124273.81,12,Zillow ZHVI county,annual_mean_zhvi,complete_12_months
SC,45091,York County,2015,189588.53,12,Zillow ZHVI county,annual_mean_zhvi,complete_12_months
SC,45091,York County,2016,206384.39,12,Zillow ZHVI county,annual_mean_zhvi,complete_12_months
SC,45091,York County,2017,218340.91,12,Zillow ZHVI county,annual_mean_zhvi,complete_12_months
SC,45091,York County,2018,233488.09,12,Zillow ZHVI county,annual_mean_zhvi,complete_12_months
SC,45091,York County,2019,242350.73,12,Zillow ZHVI county,annual_mean_zhvi,complete_12_months
SC,45091,York County,2020,262728.53,12,Zillow ZHVI county,annual_mean_zhvi,complete_12_months
SC,45091,York County,2021,311725.54,12,Zillow ZHVI county,annual_mean_zhvi,complete_12_months
SC,45091,York County,2022,368760.43,12,Zillow ZHVI county,annual_mean_zhvi,complete_12_months
SC,45091,York County,2023,379810.31,12,Zillow ZHVI county,annual_mean_zhvi,complete_12_months
SC,45091,York County,2024,396540.69,12,Zillow ZHVI county,annual_mean_zhvi,complete_12_months
VA,51001,Accomack County,2015,159196.79,12,Zillow ZHVI county,annual_mean_zhvi,complete_12_months
VA,51001,Accomack County,2016,160340.53,12,Zillow ZHVI county,annual_mean_zhvi,complete_12_months
VA,51001,Accomack County,2017,162421.05,12,Zillow ZHVI county,annual_mean_zhvi,complete_12_months
VA,51001,Accomack County,2018,169707.79,12,Zillow ZHVI county,annual_mean_zhvi,complete_12_months
VA,51001,Accomack County,2019,170782.94,12,Zillow ZHVI county,annual_mean_zhvi,complete_12_months
VA,51001,Accomack County,2020,181777.82,12,Zillow ZHVI county,annual_mean_zhvi,complete_12_months
VA,51001,Accomack County,2021,208471.81,12,Zillow ZHVI county,annual_mean_zhvi,complete_12_months
VA,51001,Accomack County,2022,221414.7,12,Zillow ZHVI county,annual_mean_zhvi,complete_12_months
VA,51001,Accomack County,2023,238985.76,12,Zillow ZHVI county,annual_mean_zhvi,complete_12_months
VA,51001,Accomack County,2024,249179.57,12,Zillow ZHVI county,annual_mean_zhvi,complete_12_months
VA,51003,Albemarle County,2015,329832.69,12,Zillow ZHVI county,annual_mean_zhvi,complete_12_months
VA,51003,Albemarle County,2016,342330.04,12,Zillow ZHVI county,annual_mean_zhvi,complete_12_months
VA,51003,Albemarle County,2017,357048.35,12,Zillow ZHVI county,annual_mean_zhvi,complete_12_months
VA,51003,Albemarle County,2018,373432.91,12,Zillow ZHVI county,annual_mean_zhvi,complete_12_months
VA,51003,Albemarle County,2019,386465.55,12,Zillow ZHVI county,annual_mean_zhvi,complete_12_months
VA,51003,Albemarle County,2020,402605.63,12,Zillow ZHVI county,annual_mean_zhvi,complete_12_months
VA,51003,Albemarle County,2021,441103.81,12,Zillow ZHVI county,annual_mean_zhvi,complete_12_months
VA,51003,Albemarle County,2022,488533.21,12,Zillow ZHVI county,annual_mean_zhvi,complete_12_months
VA,51003,Albemarle County,2023,510192.97,12,Zillow ZHVI county,annual_mean_zhvi,complete_12_months
VA,51003,Albemarle County,2024,539051.82,12,Zillow ZHVI county,annual_mean_zhvi,complete_12_months
VA,51005,Alleghany County,2015,,0,Zillow ZHVI county,annual_mean_zhvi,source_data_unavailable
VA,51005,Alleghany County,2016,115785.66,11,Zillow ZHVI county,annual_mean_zhvi,partial_10_11_months
VA,51005,Alleghany County,2017,116613.31,12,Zillow ZHVI county,annual_mean_zhvi,complete_12_months
VA,51005,Alleghany County,2018,117045.4,12,Zillow ZHVI county,annual_mean_zhvi,complete_12_months
VA,51005,Alleghany County,2019,123211.9,12,Zillow ZHVI county,annual_mean_zhvi,complete_12_months
VA,51005,Alleghany County,2020,129366.21,12,Zillow ZHVI county,annual_mean_zhvi,complete_12_months
VA,51005,Alleghany County,2021,148083.96,12,Zillow ZHVI county,annual_mean_zhvi,complete_12_months
VA,51005,Alleghany County,2022,160088.2,12,Zillow ZHVI county,annual_mean_zhvi,complete_12_months
VA,51005,Alleghany County,2023,166768.54,12,Zillow ZHVI county,annual_mean_zhvi,complete_12_months
VA,51005,Alleghany County,2024,178606.9,12,Zillow ZHVI county,annual_mean_zhvi,complete_12_months
VA,51007,Amelia County,2015,153056.41,12,Zillow ZHVI county,annual_mean_zhvi,complete_12_months
VA,51007,Amelia County,2016,160034.12,12,Zillow ZHVI county,annual_mean_zhvi,complete_12_months
VA,51007,Amelia County,2017,172844.46,12,Zillow ZHVI county,annual_mean_zhvi,complete_12_months
VA,51007,Amelia County,2018,181514.88,12,Zillow ZHVI county,annual_mean_zhvi,complete_12_months
VA,51007,Amelia County,2019,190086.56,12,Zillow ZHVI county,annual_mean_zhvi,complete_12_months
VA,51007,Amelia County,2020,205324.92,12,Zillow ZHVI county,annual_mean_zhvi,complete_12_months
VA,51007,Amelia County,2021,235364.04,12,Zillow ZHVI county,annual_mean_zhvi,complete_12_months
VA,51007,Amelia County,2022,268035.79,12,Zillow ZHVI county,annual_mean_zhvi,complete_12_months
VA,51007,Amelia County,2023,283252.93,12,Zillow ZHVI county,annual_mean_zhvi,complete_12_months
VA,51007,Amelia County,2024,297431.83,12,Zillow ZHVI county,annual_mean_zhvi,complete_12_months
VA,51009,Amherst County,2015,151705.56,12,Zillow ZHVI county,annual_mean_zhvi,complete_12_months
VA,51009,Amherst County,2016,157441.35,12,Zillow ZHVI county,annual_mean_zhvi,complete_12_months
VA,51009,Amherst County,2017,163666.26,12,Zillow ZHVI county,annual_mean_zhvi,complete_12_months
VA,51009,Amherst County,2018,169228.08,12,Zillow ZHVI county,annual_mean_zhvi,complete_12_months
VA,51009,Amherst County,2019,176580.09,12,Zillow ZHVI county,annual_mean_zhvi,complete_12_months
VA,51009,Amherst County,2020,185604.65,12,Zillow ZHVI county,annual_mean_zhvi,complete_12_months
VA,51009,Amherst County,2021,209331.06,12,Zillow ZHVI county,annual_mean_zhvi,complete_12_months
VA,51009,Amherst County,2022,233315.14,12,Zillow ZHVI county,annual_mean_zhvi,complete_12_months
VA,51009,Amherst County,2023,248728.43,12,Zillow ZHVI county,annual_mean_zhvi,complete_12_months
VA,51009,Amherst County,2024,261873.33,12,Zillow ZHVI county,annual_mean_zhvi,complete_12_months
VA,51011,Appomattox County,2015,149467.43,12,Zillow ZHVI county,annual_mean_zhvi,complete_12_months
VA,51011,Appomattox County,2016,155645.45,12,Zillow ZHVI county,annual_mean_zhvi,complete_12_months
VA,51011,Appomattox County,2017,160789.36,12,Zillow ZHVI county,annual_mean_zhvi,complete_12_months
VA,51011,Appomattox County,2018,169354.82,12,Zillow ZHVI county,annual_mean_zhvi,complete_12_months
VA,51011,Appomattox County,2019,174749.83,12,Zillow ZHVI county,annual_mean_zhvi,complete_12_months
VA,51011,Appomattox County,2020,187806.75,12,Zillow ZHVI county,annual_mean_zhvi,complete_12_months
VA,51011,Appomattox County,2021,216811.43,12,Zillow ZHVI county,annual_mean_zhvi,complete_12_months
VA,51011,Appomattox County,2022,243642.59,12,Zillow ZHVI county,annual_mean_zhvi,complete_12_months
VA,51011,Appomattox County,2023,257016.87,12,Zillow ZHVI county,annual_mean_zhvi,complete_12_months
VA,51011,Appomattox County,2024,267925.32,12,Zillow ZHVI county,annual_mean_zhvi,complete_12_months
VA,51013,Arlington County,2015,587858.4,12,Zillow ZHVI county,annual_mean_zhvi,complete_12_months
VA,51013,Arlington County,2016,598763.58,12,Zillow ZHVI county,annual_mean_zhvi,complete_12_months
VA,51013,Arlington County,2017,616574.25,12,Zillow ZHVI county,annual_mean_zhvi,complete_12_months
VA,51013,Arlington County,2018,633399.16,12,Zillow ZHVI county,annual_mean_zhvi,complete_12_months
VA,51013,Arlington County,2019,672461.37,12,Zillow ZHVI county,annual_mean_zhvi,complete_12_months
VA,51013,Arlington County,2020,719112.13,12,Zillow ZHVI county,annual_mean_zhvi,complete_12_months
VA,51013,Arlington County,2021,754827.75,12,Zillow ZHVI county,annual_mean_zhvi,complete_12_months
VA,51013,Arlington County,2022,778432.78,12,Zillow ZHVI county,annual_mean_zhvi,complete_12_months
VA,51013,Arlington County,2023,775940.52,12,Zillow ZHVI county,annual_mean_zhvi,complete_12_months
VA,51013,Arlington County,2024,810009.9,12,Zillow ZHVI county,annual_mean_zhvi,complete_12_months
VA,51015,Augusta County,2015,217976.54,12,Zillow ZHVI county,annual_mean_zhvi,complete_12_months
VA,51015,Augusta County,2016,221858.28,12,Zillow ZHVI county,annual_mean_zhvi,complete_12_months
VA,51015,Augusta County,2017,227823.19,12,Zillow ZHVI county,annual_mean_zhvi,complete_12_months
VA,51015,Augusta County,2018,236505.96,12,Zillow ZHVI county,annual_mean_zhvi,complete_12_months
VA,51015,Augusta County,2019,251329.22,12,Zillow ZHVI county,annual_mean_zhvi,complete_12_months
VA,51015,Augusta County,2020,268003.63,12,Zillow ZHVI county,annual_mean_zhvi,complete_12_months
VA,51015,Augusta County,2021,294832.89,12,Zillow ZHVI county,annual_mean_zhvi,complete_12_months
VA,51015,Augusta County,2022,326405.14,12,Zillow ZHVI county,annual_mean_zhvi,complete_12_months
VA,51015,Augusta County,2023,325103.83,12,Zillow ZHVI county,annual_mean_zhvi,complete_12_months
VA,51015,Augusta County,2024,338121.23,12,Zillow ZHVI county,annual_mean_zhvi,complete_12_months
VA,51017,Bath County,2015,,0,Zillow ZHVI county,annual_mean_zhvi,source_data_unavailable
VA,51017,Bath County,2016,157326.06,11,Zillow ZHVI county,annual_mean_zhvi,partial_10_11_months
VA,51017,Bath County,2017,157952.79,12,Zillow ZHVI county,annual_mean_zhvi,complete_12_months
VA,51017,Bath County,2018,158449.47,12,Zillow ZHVI county,annual_mean_zhvi,complete_12_months
VA,51017,Bath County,2019,159745.96,12,Zillow ZHVI county,annual_mean_zhvi,complete_12_months
VA,51017,Bath County,2020,165526.97,12,Zillow ZHVI county,annual_mean_zhvi,complete_12_months
VA,51017,Bath County,2021,192422.05,12,Zillow ZHVI county,annual_mean_zhvi,complete_12_months
VA,51017,Bath County,2022,205357.24,12,Zillow ZHVI county,annual_mean_zhvi,complete_12_months
VA,51017,Bath County,2023,209923.01,12,Zillow ZHVI county,annual_mean_zhvi,complete_12_months
VA,51017,Bath County,2024,218516.13,12,Zillow ZHVI county,annual_mean_zhvi,complete_12_months
VA,51019,Bedford County,2015,195167.42,12,Zillow ZHVI county,annual_mean_zhvi,complete_12_months
VA,51019,Bedford County,2016,200877.95,12,Zillow ZHVI county,annual_mean_zhvi,complete_12_months
VA,51019,Bedford County,2017,206658.54,12,Zillow ZHVI county,annual_mean_zhvi,complete_12_months
VA,51019,Bedford County,2018,212334.88,12,Zillow ZHVI county,annual_mean_zhvi,complete_12_months
VA,51019,Bedford County,2019,221421.99,12,Zillow ZHVI county,annual_mean_zhvi,complete_12_months
VA,51019,Bedford County,2020,235162.17,12,Zillow ZHVI county,annual_mean_zhvi,complete_12_months
VA,51019,Bedford County,2021,267199.98,12,Zillow ZHVI county,annual_mean_zhvi,complete_12_months
VA,51019,Bedford County,2022,299574.43,12,Zillow ZHVI county,annual_mean_zhvi,complete_12_months
VA,51019,Bedford County,2023,317368.62,12,Zillow ZHVI county,annual_mean_zhvi,complete_12_months
VA,51019,Bedford County,2024,334723.8,12,Zillow ZHVI county,annual_mean_zhvi,complete_12_months
VA,51021,Bland County,2015,114738.44,12,Zillow ZHVI county,annual_mean_zhvi,complete_12_months
VA,51021,Bland County,2016,118734.32,12,Zillow ZHVI county,annual_mean_zhvi,complete_12_months
VA,51021,Bland County,2017,121782.94,12,Zillow ZHVI county,annual_mean_zhvi,complete_12_months
VA,51021,Bland County,2018,128990.13,12,Zillow ZHVI county,annual_mean_zhvi,complete_12_months
VA,51021,Bland County,2019,130810.5,12,Zillow ZHVI county,annual_mean_zhvi,complete_12_months
VA,51021,Bland County,2020,134744.5,12,Zillow ZHVI county,annual_mean_zhvi,complete_12_months
VA,51021,Bland County,2021,154852.95,12,Zillow ZHVI county,annual_mean_zhvi,complete_12_months
VA,51021,Bland County,2022,168973.97,12,Zillow ZHVI county,annual_mean_zhvi,complete_12_months
VA,51021,Bland County,2023,165917.12,12,Zillow ZHVI county,annual_mean_zhvi,complete_12_months
VA,51021,Bland County,2024,171093.53,12,Zillow ZHVI county,annual_mean_zhvi,complete_12_months
VA,51023,Botetourt County,2015,194967.98,12,Zillow ZHVI county,annual_mean_zhvi,complete_12_months
VA,51023,Botetourt County,2016,198429.22,12,Zillow ZHVI county,annual_mean_zhvi,complete_12_months
VA,51023,Botetourt County,2017,201855.44,12,Zillow ZHVI county,annual_mean_zhvi,complete_12_months
VA,51023,Botetourt County,2018,206416.36,12,Zillow ZHVI county,annual_mean_zhvi,complete_12_months
VA,51023,Botetourt County,2019,218300.8,12,Zillow ZHVI county,annual_mean_zhvi,complete_12_months
VA,51023,Botetourt County,2020,232784.71,12,Zillow ZHVI county,annual_mean_zhvi,complete_12_months
VA,51023,Botetourt County,2021,258543.47,12,Zillow ZHVI county,annual_mean_zhvi,complete_12_months
VA,51023,Botetourt County,2022,287083.61,12,Zillow ZHVI county,annual_mean_zhvi,complete_12_months
VA,51023,Botetourt County,2023,290241.04,12,Zillow ZHVI county,annual_mean_zhvi,complete_12_months
VA,51023,Botetourt County,2024,301103.3,12,Zillow ZHVI county,annual_mean_zhvi,complete_12_months
VA,51025,Brunswick County,2015,166913.92,12,Zillow ZHVI county,annual_mean_zhvi,complete_12_months
VA,51025,Brunswick County,2016,154177.25,12,Zillow ZHVI county,annual_mean_zhvi,complete_12_months
VA,51025,Brunswick County,2017,151445.38,12,Zillow ZHVI county,annual_mean_zhvi,complete_12_months
VA,51025,Brunswick County,2018,143751.66,12,Zillow ZHVI county,annual_mean_zhvi,complete_12_months
VA,51025,Brunswick County,2019,143856.87,12,Zillow ZHVI county,annual_mean_zhvi,complete_12_months
VA,51025,Brunswick County,2020,152480.02,12,Zillow ZHVI county,annual_mean_zhvi,complete_12_months
VA,51025,Brunswick County,2021,163925.48,12,Zillow ZHVI county,annual_mean_zhvi,complete_12_months
VA,51025,Brunswick County,2022,170138.1,12,Zillow ZHVI county,annual_mean_zhvi,complete_12_months
VA,51025,Brunswick County,2023,167573.42,12,Zillow ZHVI county,annual_mean_zhvi,complete_12_months
VA,51025,Brunswick County,2024,160895.69,12,Zillow ZHVI county,annual_mean_zhvi,complete_12_months
VA,51027,Buchanan County,2015,71112.2,12,Zillow ZHVI county,annual_mean_zhvi,complete_12_months
VA,51027,Buchanan County,2016,72436.5,12,Zillow ZHVI county,annual_mean_zhvi,complete_12_months
VA,51027,Buchanan County,2017,71829.52,12,Zillow ZHVI county,annual_mean_zhvi,complete_12_months
VA,51027,Buchanan County,2018,73587.2,12,Zillow ZHVI county,annual_mean_zhvi,complete_12_months
VA,51027,Buchanan County,2019,75381.18,12,Zillow ZHVI county,annual_mean_zhvi,complete_12_months
VA,51027,Buchanan County,2020,79249.13,12,Zillow ZHVI county,annual_mean_zhvi,complete_12_months
VA,51027,Buchanan County,2021,88736.54,12,Zillow ZHVI county,annual_mean_zhvi,complete_12_months
VA,51027,Buchanan County,2022,89059.12,12,Zillow ZHVI county,annual_mean_zhvi,complete_12_months
VA,51027,Buchanan County,2023,91419.09,12,Zillow ZHVI county,annual_mean_zhvi,complete_12_months
VA,51027,Buchanan County,2024,91443.72,12,Zillow ZHVI county,annual_mean_zhvi,complete_12_months
VA,51029,Buckingham County,2015,140642.55,12,Zillow ZHVI county,annual_mean_zhvi,complete_12_months
VA,51029,Buckingham County,2016,153591.42,12,Zillow ZHVI county,annual_mean_zhvi,complete_12_months
VA,51029,Buckingham County,2017,156281.8,12,Zillow ZHVI county,annual_mean_zhvi,complete_12_months
VA,51029,Buckingham County,2018,168144.32,12,Zillow ZHVI county,annual_mean_zhvi,complete_12_months
VA,51029,Buckingham County,2019,178278.36,12,Zillow ZHVI county,annual_mean_zhvi,complete_12_months
VA,51029,Buckingham County,2020,195095.23,12,Zillow ZHVI county,annual_mean_zhvi,complete_12_months
VA,51029,Buckingham County,2021,223144.04,12,Zillow ZHVI county,annual_mean_zhvi,complete_12_months
VA,51029,Buckingham County,2022,239300.57,12,Zillow ZHVI county,annual_mean_zhvi,complete_12_months
VA,51029,Buckingham County,2023,241279.32,12,Zillow ZHVI county,annual_mean_zhvi,complete_12_months
VA,51029,Buckingham County,2024,255328.77,12,Zillow ZHVI county,annual_mean_zhvi,complete_12_months
VA,51031,Campbell County,2015,152646.51,12,Zillow ZHVI county,annual_mean_zhvi,complete_12_months
VA,51031,Campbell County,2016,156556.7,12,Zillow ZHVI county,annual_mean_zhvi,complete_12_months
VA,51031,Campbell County,2017,159086.57,12,Zillow ZHVI county,annual_mean_zhvi,complete_12_months
VA,51031,Campbell County,2018,165134.46,12,Zillow ZHVI county,annual_mean_zhvi,complete_12_months
VA,51031,Campbell County,2019,174375.44,12,Zillow ZHVI county,annual_mean_zhvi,complete_12_months
VA,51031,Campbell County,2020,186956.17,12,Zillow ZHVI county,annual_mean_zhvi,complete_12_months
VA,51031,Campbell County,2021,210577.09,12,Zillow ZHVI county,annual_mean_zhvi,complete_12_months
VA,51031,Campbell County,2022,235987.23,12,Zillow ZHVI county,annual_mean_zhvi,complete_12_months
VA,51031,Campbell County,2023,253626.72,12,Zillow ZHVI county,annual_mean_zhvi,complete_12_months
VA,51031,Campbell County,2024,266747.65,12,Zillow ZHVI county,annual_mean_zhvi,complete_12_months
VA,51033,Caroline County,2015,185809.11,12,Zillow ZHVI county,annual_mean_zhvi,complete_12_months
VA,51033,Caroline County,2016,196541.41,12,Zillow ZHVI county,annual_mean_zhvi,complete_12_months
VA,51033,Caroline County,2017,209718.32,12,Zillow ZHVI county,annual_mean_zhvi,complete_12_months
VA,51033,Caroline County,2018,222601.15,12,Zillow ZHVI county,annual_mean_zhvi,complete_12_months
VA,51033,Caroline County,2019,231858.96,12,Zillow ZHVI county,annual_mean_zhvi,complete_12_months
VA,51033,Caroline County,2020,247194.4,12,Zillow ZHVI county,annual_mean_zhvi,complete_12_months
VA,51033,Caroline County,2021,287940.8,12,Zillow ZHVI county,annual_mean_zhvi,complete_12_months
VA,51033,Caroline County,2022,324524.29,12,Zillow ZHVI county,annual_mean_zhvi,complete_12_months
VA,51033,Caroline County,2023,337878.85,12,Zillow ZHVI county,annual_mean_zhvi,complete_12_months
VA,51033,Caroline County,2024,348288.63,12,Zillow ZHVI county,annual_mean_zhvi,complete_12_months
VA,51035,Carroll County,2015,123977.59,12,Zillow ZHVI county,annual_mean_zhvi,complete_12_months
VA,51035,Carroll County,2016,130963.31,12,Zillow ZHVI county,annual_mean_zhvi,complete_12_months
VA,51035,Carroll County,2017,133017.48,12,Zillow ZHVI county,annual_mean_zhvi,complete_12_months
VA,51035,Carroll County,2018,134382.36,12,Zillow ZHVI county,annual_mean_zhvi,complete_12_months
VA,51035,Carroll County,2019,141151.1,12,Zillow ZHVI county,annual_mean_zhvi,complete_12_months
VA,51035,Carroll County,2020,152083.38,12,Zillow ZHVI county,annual_mean_zhvi,complete_12_months
VA,51035,Carroll County,2021,165049.64,12,Zillow ZHVI county,annual_mean_zhvi,complete_12_months
VA,51035,Carroll County,2022,179103.23,12,Zillow ZHVI county,annual_mean_zhvi,complete_12_months
VA,51035,Carroll County,2023,185256.04,12,Zillow ZHVI county,annual_mean_zhvi,complete_12_months
VA,51035,Carroll County,2024,193955.31,12,Zillow ZHVI county,annual_mean_zhvi,complete_12_months
VA,51036,Charles City County,2015,163266.82,12,Zillow ZHVI county,annual_mean_zhvi,complete_12_months
VA,51036,Charles City County,2016,166938.37,12,Zillow ZHVI county,annual_mean_zhvi,complete_12_months
VA,51036,Charles City County,2017,171886.12,12,Zillow ZHVI county,annual_mean_zhvi,complete_12_months
VA,51036,Charles City County,2018,178664.98,12,Zillow ZHVI county,annual_mean_zhvi,complete_12_months
VA,51036,Charles City County,2019,185840.82,12,Zillow ZHVI county,annual_mean_zhvi,complete_12_months
VA,51036,Charles City County,2020,201722.26,12,Zillow ZHVI county,annual_mean_zhvi,complete_12_months
VA,51036,Charles City County,2021,230309.96,12,Zillow ZHVI county,annual_mean_zhvi,complete_12_months
VA,51036,Charles City County,2022,256353.59,12,Zillow ZHVI county,annual_mean_zhvi,complete_12_months
VA,51036,Charles City County,2023,262520.32,12,Zillow ZHVI county,annual_mean_zhvi,complete_12_months
VA,51036,Charles City County,2024,273587.29,12,Zillow ZHVI county,annual_mean_zhvi,complete_12_months
VA,51037,Charlotte County,2015,102905.09,12,Zillow ZHVI county,annual_mean_zhvi,complete_12_months
VA,51037,Charlotte County,2016,106444.52,12,Zillow ZHVI county,annual_mean_zhvi,complete_12_months
VA,51037,Charlotte County,2017,107816.96,12,Zillow ZHVI county,annual_mean_zhvi,complete_12_months
VA,51037,Charlotte County,2018,131393.25,12,Zillow ZHVI county,annual_mean_zhvi,complete_12_months
VA,51037,Charlotte County,2019,125038.15,12,Zillow ZHVI county,annual_mean_zhvi,complete_12_months
VA,51037,Charlotte County,2020,135106.44,12,Zillow ZHVI county,annual_mean_zhvi,complete_12_months
VA,51037,Charlotte County,2021,154601.54,12,Zillow ZHVI county,annual_mean_zhvi,complete_12_months
VA,51037,Charlotte County,2022,165407.42,12,Zillow ZHVI county,annual_mean_zhvi,complete_12_months
VA,51037,Charlotte County,2023,170150.5,12,Zillow ZHVI county,annual_mean_zhvi,complete_12_months
VA,51037,Charlotte County,2024,169799.33,12,Zillow ZHVI county,annual_mean_zhvi,complete_12_months
VA,51041,Chesterfield County,2015,220194.03,12,Zillow ZHVI county,annual_mean_zhvi,complete_12_months
VA,51041,Chesterfield County,2016,231775.54,12,Zillow ZHVI county,annual_mean_zhvi,complete_12_months
VA,51041,Chesterfield County,2017,243706.98,12,Zillow ZHVI county,annual_mean_zhvi,complete_12_months
VA,51041,Chesterfield County,2018,254043.29,12,Zillow ZHVI county,annual_mean_zhvi,complete_12_months
VA,51041,Chesterfield County,2019,266256.14,12,Zillow ZHVI county,annual_mean_zhvi,complete_12_months
VA,51041,Chesterfield County,2020,280855.54,12,Zillow ZHVI county,annual_mean_zhvi,complete_12_months
VA,51041,Chesterfield County,2021,322307.17,12,Zillow ZHVI county,annual_mean_zhvi,complete_12_months
VA,51041,Chesterfield County,2022,362426.27,12,Zillow ZHVI county,annual_mean_zhvi,complete_12_months
VA,51041,Chesterfield County,2023,382282.7,12,Zillow ZHVI county,annual_mean_zhvi,complete_12_months
VA,51041,Chesterfield County,2024,401770.26,12,Zillow ZHVI county,annual_mean_zhvi,complete_12_months
VA,51043,Clarke County,2015,352648.96,12,Zillow ZHVI county,annual_mean_zhvi,complete_12_months
VA,51043,Clarke County,2016,368508.22,12,Zillow ZHVI county,annual_mean_zhvi,complete_12_months
VA,51043,Clarke County,2017,378652.51,12,Zillow ZHVI county,annual_mean_zhvi,complete_12_months
VA,51043,Clarke County,2018,378944.87,12,Zillow ZHVI county,annual_mean_zhvi,complete_12_months
VA,51043,Clarke County,2019,379448.25,12,Zillow ZHVI county,annual_mean_zhvi,complete_12_months
VA,51043,Clarke County,2020,407831.11,12,Zillow ZHVI county,annual_mean_zhvi,complete_12_months
VA,51043,Clarke County,2021,471735.56,12,Zillow ZHVI county,annual_mean_zhvi,complete_12_months
VA,51043,Clarke County,2022,514803.05,12,Zillow ZHVI county,annual_mean_zhvi,complete_12_months
VA,51043,Clarke County,2023,521814.22,12,Zillow ZHVI county,annual_mean_zhvi,complete_12_months
VA,51043,Clarke County,2024,547748.06,12,Zillow ZHVI county,annual_mean_zhvi,complete_12_months
VA,51045,Craig County,2015,144723.47,12,Zillow ZHVI county,annual_mean_zhvi,complete_12_months
VA,51045,Craig County,2016,148827.19,12,Zillow ZHVI county,annual_mean_zhvi,complete_12_months
VA,51045,Craig County,2017,152913.32,12,Zillow ZHVI county,annual_mean_zhvi,complete_12_months
VA,51045,Craig County,2018,160565.56,12,Zillow ZHVI county,annual_mean_zhvi,complete_12_months
VA,51045,Craig County,2019,163551.54,12,Zillow ZHVI county,annual_mean_zhvi,complete_12_months
VA,51045,Craig County,2020,176873.52,12,Zillow ZHVI county,annual_mean_zhvi,complete_12_months
VA,51045,Craig County,2021,198429.64,12,Zillow ZHVI county,annual_mean_zhvi,complete_12_months
VA,51045,Craig County,2022,209431.02,12,Zillow ZHVI county,annual_mean_zhvi,complete_12_months
VA,51045,Craig County,2023,213907.17,12,Zillow ZHVI county,annual_mean_zhvi,complete_12_months
VA,51045,Craig County,2024,218994.17,12,Zillow ZHVI county,annual_mean_zhvi,complete_12_months
VA,51047,Culpeper County,2015,263054.4,12,Zillow ZHVI county,annual_mean_zhvi,complete_12_months
VA,51047,Culpeper County,2016,278123.67,12,Zillow ZHVI county,annual_mean_zhvi,complete_12_months
VA,51047,Culpeper County,2017,289681.29,12,Zillow ZHVI county,annual_mean_zhvi,complete_12_months
VA,51047,Culpeper County,2018,303797.87,12,Zillow ZHVI county,annual_mean_zhvi,complete_12_months
VA,51047,Culpeper County,2019,315232.46,12,Zillow ZHVI county,annual_mean_zhvi,complete_12_months
VA,51047,Culpeper County,2020,333268.29,12,Zillow ZHVI county,annual_mean_zhvi,complete_12_months
VA,51047,Culpeper County,2021,387758.78,12,Zillow ZHVI county,annual_mean_zhvi,complete_12_months
VA,51047,Culpeper County,2022,427704.76,12,Zillow ZHVI county,annual_mean_zhvi,complete_12_months
VA,51047,Culpeper County,2023,440830.24,12,Zillow ZHVI county,annual_mean_zhvi,complete_12_months
VA,51047,Culpeper County,2024,466724.75,12,Zillow ZHVI county,annual_mean_zhvi,complete_12_months
VA,51049,Cumberland County,2015,134001.23,12,Zillow ZHVI county,annual_mean_zhvi,complete_12_months
VA,51049,Cumberland County,2016,145528.88,12,Zillow ZHVI county,annual_mean_zhvi,complete_12_months
VA,51049,Cumberland County,2017,152470.76,12,Zillow ZHVI county,annual_mean_zhvi,complete_12_months
VA,51049,Cumberland County,2018,161008.15,12,Zillow ZHVI county,annual_mean_zhvi,complete_12_months
VA,51049,Cumberland County,2019,164450.81,12,Zillow ZHVI county,annual_mean_zhvi,complete_12_months
VA,51049,Cumberland County,2020,174744.8,12,Zillow ZHVI county,annual_mean_zhvi,complete_12_months
VA,51049,Cumberland County,2021,208796.61,12,Zillow ZHVI county,annual_mean_zhvi,complete_12_months
VA,51049,Cumberland County,2022,239560.41,12,Zillow ZHVI county,annual_mean_zhvi,complete_12_months
VA,51049,Cumberland County,2023,249311.59,12,Zillow ZHVI county,annual_mean_zhvi,complete_12_months
VA,51049,Cumberland County,2024,259890.03,12,Zillow ZHVI county,annual_mean_zhvi,complete_12_months
VA,51051,Dickenson County,2015,71015.72,12,Zillow ZHVI county,annual_mean_zhvi,complete_12_months
VA,51051,Dickenson County,2016,73272.86,12,Zillow ZHVI county,annual_mean_zhvi,complete_12_months
VA,51051,Dickenson County,2017,73193.26,12,Zillow ZHVI county,annual_mean_zhvi,complete_12_months
VA,51051,Dickenson County,2018,74792.29,12,Zillow ZHVI county,annual_mean_zhvi,complete_12_months
VA,51051,Dickenson County,2019,68248.12,12,Zillow ZHVI county,annual_mean_zhvi,complete_12_months
VA,51051,Dickenson County,2020,73723.99,12,Zillow ZHVI county,annual_mean_zhvi,complete_12_months
VA,51051,Dickenson County,2021,87451.05,12,Zillow ZHVI county,annual_mean_zhvi,complete_12_months
VA,51051,Dickenson County,2022,95817.32,12,Zillow ZHVI county,annual_mean_zhvi,complete_12_months
VA,51051,Dickenson County,2023,95017.86,12,Zillow ZHVI county,annual_mean_zhvi,complete_12_months
VA,51051,Dickenson County,2024,103770.7,12,Zillow ZHVI county,annual_mean_zhvi,complete_12_months
VA,51053,Dinwiddie County,2015,127393.62,12,Zillow ZHVI county,annual_mean_zhvi,complete_12_months
VA,51053,Dinwiddie County,2016,136392.49,12,Zillow ZHVI county,annual_mean_zhvi,complete_12_months
VA,51053,Dinwiddie County,2017,142531.07,12,Zillow ZHVI county,annual_mean_zhvi,complete_12_months
VA,51053,Dinwiddie County,2018,151413.6,12,Zillow ZHVI county,annual_mean_zhvi,complete_12_months
VA,51053,Dinwiddie County,2019,161560.71,12,Zillow ZHVI county,annual_mean_zhvi,complete_12_months
VA,51053,Dinwiddie County,2020,176028.46,12,Zillow ZHVI county,annual_mean_zhvi,complete_12_months
VA,51053,Dinwiddie County,2021,205203.46,12,Zillow ZHVI county,annual_mean_zhvi,complete_12_months
VA,51053,Dinwiddie County,2022,247783.97,12,Zillow ZHVI county,annual_mean_zhvi,complete_12_months
VA,51053,Dinwiddie County,2023,272276.12,12,Zillow ZHVI county,annual_mean_zhvi,complete_12_months
VA,51053,Dinwiddie County,2024,281685.03,12,Zillow ZHVI county,annual_mean_zhvi,complete_12_months
VA,51057,Essex County,2015,171902.04,12,Zillow ZHVI county,annual_mean_zhvi,complete_12_months
VA,51057,Essex County,2016,176702.66,12,Zillow ZHVI county,annual_mean_zhvi,complete_12_months
VA,51057,Essex County,2017,180194.27,12,Zillow ZHVI county,annual_mean_zhvi,complete_12_months
VA,51057,Essex County,2018,186876.98,12,Zillow ZHVI county,annual_mean_zhvi,complete_12_months
VA,51057,Essex County,2019,192614.66,12,Zillow ZHVI county,annual_mean_zhvi,complete_12_months
VA,51057,Essex County,2020,204555.85,12,Zillow ZHVI county,annual_mean_zhvi,complete_12_months
VA,51057,Essex County,2021,240505.72,12,Zillow ZHVI county,annual_mean_zhvi,complete_12_months
VA,51057,Essex County,2022,274376.47,12,Zillow ZHVI county,annual_mean_zhvi,complete_12_months
VA,51057,Essex County,2023,284586.35,12,Zillow ZHVI county,annual_mean_zhvi,complete_12_months
VA,51057,Essex County,2024,293656.11,12,Zillow ZHVI county,annual_mean_zhvi,complete_12_months
VA,51059,Fairfax County,2015,515931.18,12,Zillow ZHVI county,annual_mean_zhvi,complete_12_months
VA,51059,Fairfax County,2016,523324.1,12,Zillow ZHVI county,annual_mean_zhvi,complete_12_months
VA,51059,Fairfax County,2017,537866.95,12,Zillow ZHVI county,annual_mean_zhvi,complete_12_months
VA,51059,Fairfax County,2018,555230.1,12,Zillow ZHVI county,annual_mean_zhvi,complete_12_months
VA,51059,Fairfax County,2019,573865.67,12,Zillow ZHVI county,annual_mean_zhvi,complete_12_months
VA,51059,Fairfax County,2020,606771.12,12,Zillow ZHVI county,annual_mean_zhvi,complete_12_months
VA,51059,Fairfax County,2021,665725.57,12,Zillow ZHVI county,annual_mean_zhvi,complete_12_months
VA,51059,Fairfax County,2022,711798.91,12,Zillow ZHVI county,annual_mean_zhvi,complete_12_months
VA,51059,Fairfax County,2023,720012.38,12,Zillow ZHVI county,annual_mean_zhvi,complete_12_months
VA,51059,Fairfax County,2024,765979.91,12,Zillow ZHVI county,annual_mean_zhvi,complete_12_months
VA,51061,Fauquier County,2015,379709.23,12,Zillow ZHVI county,annual_mean_zhvi,complete_12_months
VA,51061,Fauquier County,2016,394062.13,12,Zillow ZHVI county,annual_mean_zhvi,complete_12_months
VA,51061,Fauquier County,2017,408773.29,12,Zillow ZHVI county,annual_mean_zhvi,complete_12_months
VA,51061,Fauquier County,2018,425689.83,12,Zillow ZHVI county,annual_mean_zhvi,complete_12_months
VA,51061,Fauquier County,2019,436572.19,12,Zillow ZHVI county,annual_mean_zhvi,complete_12_months
VA,51061,Fauquier County,2020,457619.53,12,Zillow ZHVI county,annual_mean_zhvi,complete_12_months
VA,51061,Fauquier County,2021,521457.65,12,Zillow ZHVI county,annual_mean_zhvi,complete_12_months
VA,51061,Fauquier County,2022,572039.77,12,Zillow ZHVI county,annual_mean_zhvi,complete_12_months
VA,51061,Fauquier County,2023,587490.17,12,Zillow ZHVI county,annual_mean_zhvi,complete_12_months
VA,51061,Fauquier County,2024,611704.28,12,Zillow ZHVI county,annual_mean_zhvi,complete_12_months
VA,51063,Floyd County,2015,149520.46,12,Zillow ZHVI county,annual_mean_zhvi,complete_12_months
VA,51063,Floyd County,2016,156921.71,12,Zillow ZHVI county,annual_mean_zhvi,complete_12_months
VA,51063,Floyd County,2017,161262.98,12,Zillow ZHVI county,annual_mean_zhvi,complete_12_months
VA,51063,Floyd County,2018,164962.77,12,Zillow ZHVI county,annual_mean_zhvi,complete_12_months
VA,51063,Floyd County,2019,170596.53,12,Zillow ZHVI county,annual_mean_zhvi,complete_12_months
VA,51063,Floyd County,2020,183721.16,12,Zillow ZHVI county,annual_mean_zhvi,complete_12_months
VA,51063,Floyd County,2021,209253.23,12,Zillow ZHVI county,annual_mean_zhvi,complete_12_months
VA,51063,Floyd County,2022,235836.57,12,Zillow ZHVI county,annual_mean_zhvi,complete_12_months
VA,51063,Floyd County,2023,247542.49,12,Zillow ZHVI county,annual_mean_zhvi,complete_12_months
VA,51063,Floyd County,2024,253643.12,12,Zillow ZHVI county,annual_mean_zhvi,complete_12_months
VA,51065,Fluvanna County,2015,206342.11,12,Zillow ZHVI county,annual_mean_zhvi,complete_12_months
VA,51065,Fluvanna County,2016,215275.33,12,Zillow ZHVI county,annual_mean_zhvi,complete_12_months
VA,51065,Fluvanna County,2017,222227.31,12,Zillow ZHVI county,annual_mean_zhvi,complete_12_months
VA,51065,Fluvanna County,2018,234096.32,12,Zillow ZHVI county,annual_mean_zhvi,complete_12_months
VA,51065,Fluvanna County,2019,243487.92,12,Zillow ZHVI county,annual_mean_zhvi,complete_12_months
VA,51065,Fluvanna County,2020,257537.61,12,Zillow ZHVI county,annual_mean_zhvi,complete_12_months
VA,51065,Fluvanna County,2021,297924.48,12,Zillow ZHVI county,annual_mean_zhvi,complete_12_months
VA,51065,Fluvanna County,2022,335804.14,12,Zillow ZHVI county,annual_mean_zhvi,complete_12_months
VA,51065,Fluvanna County,2023,349619.51,12,Zillow ZHVI county,annual_mean_zhvi,complete_12_months
VA,51065,Fluvanna County,2024,371342.81,12,Zillow ZHVI county,annual_mean_zhvi,complete_12_months
VA,51067,Franklin County,2015,195037.57,12,Zillow ZHVI county,annual_mean_zhvi,complete_12_months
VA,51067,Franklin County,2016,199802.94,12,Zillow ZHVI county,annual_mean_zhvi,complete_12_months
VA,51067,Franklin County,2017,208188.11,12,Zillow ZHVI county,annual_mean_zhvi,complete_12_months
VA,51067,Franklin County,2018,214531.51,12,Zillow ZHVI county,annual_mean_zhvi,complete_12_months
VA,51067,Franklin County,2019,223549.4,12,Zillow ZHVI county,annual_mean_zhvi,complete_12_months
VA,51067,Franklin County,2020,240359.34,12,Zillow ZHVI county,annual_mean_zhvi,complete_12_months
VA,51067,Franklin County,2021,277769.72,12,Zillow ZHVI county,annual_mean_zhvi,complete_12_months
VA,51067,Franklin County,2022,310840.26,12,Zillow ZHVI county,annual_mean_zhvi,complete_12_months
VA,51067,Franklin County,2023,324133.63,12,Zillow ZHVI county,annual_mean_zhvi,complete_12_months
VA,51067,Franklin County,2024,346034.47,12,Zillow ZHVI county,annual_mean_zhvi,complete_12_months
VA,51069,Frederick County,2015,246971.2,12,Zillow ZHVI county,annual_mean_zhvi,complete_12_months
VA,51069,Frederick County,2016,256727.94,12,Zillow ZHVI county,annual_mean_zhvi,complete_12_months
VA,51069,Frederick County,2017,269337.19,12,Zillow ZHVI county,annual_mean_zhvi,complete_12_months
VA,51069,Frederick County,2018,279562.26,12,Zillow ZHVI county,annual_mean_zhvi,complete_12_months
VA,51069,Frederick County,2019,292208.38,12,Zillow ZHVI county,annual_mean_zhvi,complete_12_months
VA,51069,Frederick County,2020,307639.64,12,Zillow ZHVI county,annual_mean_zhvi,complete_12_months
VA,51069,Frederick County,2021,352866.59,12,Zillow ZHVI county,annual_mean_zhvi,complete_12_months
VA,51069,Frederick County,2022,396366.99,12,Zillow ZHVI county,annual_mean_zhvi,complete_12_months
VA,51069,Frederick County,2023,404592.1,12,Zillow ZHVI county,annual_mean_zhvi,complete_12_months
VA,51069,Frederick County,2024,419839.1,12,Zillow ZHVI county,annual_mean_zhvi,complete_12_months
VA,51071,Giles County,2015,112857.84,12,Zillow ZHVI county,annual_mean_zhvi,complete_12_months
VA,51071,Giles County,2016,116697.88,12,Zillow ZHVI county,annual_mean_zhvi,complete_12_months
VA,51071,Giles County,2017,117868.71,12,Zillow ZHVI county,annual_mean_zhvi,complete_12_months
VA,51071,Giles County,2018,122640.24,12,Zillow ZHVI county,annual_mean_zhvi,complete_12_months
VA,51071,Giles County,2019,130679.12,12,Zillow ZHVI county,annual_mean_zhvi,complete_12_months
VA,51071,Giles County,2020,140201.78,12,Zillow ZHVI county,annual_mean_zhvi,complete_12_months
VA,51071,Giles County,2021,162687.65,12,Zillow ZHVI county,annual_mean_zhvi,complete_12_months
VA,51071,Giles County,2022,179684.9,12,Zillow ZHVI county,annual_mean_zhvi,complete_12_months
VA,51071,Giles County,2023,187779.57,12,Zillow ZHVI county,annual_mean_zhvi,complete_12_months
VA,51071,Giles County,2024,194343.74,12,Zillow ZHVI county,annual_mean_zhvi,complete_12_months
VA,51073,Gloucester County,2015,221675.56,12,Zillow ZHVI county,annual_mean_zhvi,complete_12_months
VA,51073,Gloucester County,2016,227818.37,12,Zillow ZHVI county,annual_mean_zhvi,complete_12_months
VA,51073,Gloucester County,2017,234645.65,12,Zillow ZHVI county,annual_mean_zhvi,complete_12_months
VA,51073,Gloucester County,2018,240487.75,12,Zillow ZHVI county,annual_mean_zhvi,complete_12_months
VA,51073,Gloucester County,2019,245321.05,12,Zillow ZHVI county,annual_mean_zhvi,complete_12_months
VA,51073,Gloucester County,2020,258641.63,12,Zillow ZHVI county,annual_mean_zhvi,complete_12_months
VA,51073,Gloucester County,2021,290709.34,12,Zillow ZHVI county,annual_mean_zhvi,complete_12_months
VA,51073,Gloucester County,2022,323144.83,12,Zillow ZHVI county,annual_mean_zhvi,complete_12_months
VA,51073,Gloucester County,2023,336853.83,12,Zillow ZHVI county,annual_mean_zhvi,complete_12_months
VA,51073,Gloucester County,2024,353757.01,12,Zillow ZHVI county,annual_mean_zhvi,complete_12_months
VA,51075,Goochland County,2015,352133.88,12,Zillow ZHVI county,annual_mean_zhvi,complete_12_months
VA,51075,Goochland County,2016,365099.05,12,Zillow ZHVI county,annual_mean_zhvi,complete_12_months
VA,51075,Goochland County,2017,380839.24,12,Zillow ZHVI county,annual_mean_zhvi,complete_12_months
VA,51075,Goochland County,2018,394134.47,12,Zillow ZHVI county,annual_mean_zhvi,complete_12_months
VA,51075,Goochland County,2019,403578.13,12,Zillow ZHVI county,annual_mean_zhvi,complete_12_months
VA,51075,Goochland County,2020,425940.59,12,Zillow ZHVI county,annual_mean_zhvi,complete_12_months
VA,51075,Goochland County,2021,479642.86,12,Zillow ZHVI county,annual_mean_zhvi,complete_12_months
VA,51075,Goochland County,2022,508316.85,12,Zillow ZHVI county,annual_mean_zhvi,complete_12_months
VA,51075,Goochland County,2023,499783.64,12,Zillow ZHVI county,annual_mean_zhvi,complete_12_months
VA,51075,Goochland County,2024,555384.78,12,Zillow ZHVI county,annual_mean_zhvi,complete_12_months
VA,51077,Grayson County,2015,110211.95,12,Zillow ZHVI county,annual_mean_zhvi,complete_12_months
VA,51077,Grayson County,2016,115738.68,12,Zillow ZHVI county,annual_mean_zhvi,complete_12_months
VA,51077,Grayson County,2017,118177.07,12,Zillow ZHVI county,annual_mean_zhvi,complete_12_months
VA,51077,Grayson County,2018,120034.22,12,Zillow ZHVI county,annual_mean_zhvi,complete_12_months
VA,51077,Grayson County,2019,125271.69,12,Zillow ZHVI county,annual_mean_zhvi,complete_12_months
VA,51077,Grayson County,2020,133004.98,12,Zillow ZHVI county,annual_mean_zhvi,complete_12_months
VA,51077,Grayson County,2021,158142.4,12,Zillow ZHVI county,annual_mean_zhvi,complete_12_months
VA,51077,Grayson County,2022,179358.33,12,Zillow ZHVI county,annual_mean_zhvi,complete_12_months
VA,51077,Grayson County,2023,180865.07,12,Zillow ZHVI county,annual_mean_zhvi,complete_12_months
VA,51077,Grayson County,2024,196292.15,12,Zillow ZHVI county,annual_mean_zhvi,complete_12_months
VA,51079,Greene County,2015,215219.46,12,Zillow ZHVI county,annual_mean_zhvi,complete_12_months
VA,51079,Greene County,2016,225069.89,12,Zillow ZHVI county,annual_mean_zhvi,complete_12_months
VA,51079,Greene County,2017,236768.84,12,Zillow ZHVI county,annual_mean_zhvi,complete_12_months
VA,51079,Greene County,2018,249828.13,12,Zillow ZHVI county,annual_mean_zhvi,complete_12_months
VA,51079,Greene County,2019,256324.01,12,Zillow ZHVI county,annual_mean_zhvi,complete_12_months
VA,51079,Greene County,2020,269285.45,12,Zillow ZHVI county,annual_mean_zhvi,complete_12_months
VA,51079,Greene County,2021,304316.88,12,Zillow ZHVI county,annual_mean_zhvi,complete_12_months
VA,51079,Greene County,2022,333221.29,12,Zillow ZHVI county,annual_mean_zhvi,complete_12_months
VA,51079,Greene County,2023,345129.81,12,Zillow ZHVI county,annual_mean_zhvi,complete_12_months
VA,51079,Greene County,2024,365500.74,12,Zillow ZHVI county,annual_mean_zhvi,complete_12_months
VA,51081,Greensville County,2015,87194.43,12,Zillow ZHVI county,annual_mean_zhvi,complete_12_months
VA,51081,Greensville County,2016,87476.34,12,Zillow ZHVI county,annual_mean_zhvi,complete_12_months
VA,51081,Greensville County,2017,89284.41,12,Zillow ZHVI county,annual_mean_zhvi,complete_12_months
VA,51081,Greensville County,2018,92699.74,12,Zillow ZHVI county,annual_mean_zhvi,complete_12_months
VA,51081,Greensville County,2019,97969.81,12,Zillow ZHVI county,annual_mean_zhvi,complete_12_months
VA,51081,Greensville County,2020,105904.42,12,Zillow ZHVI county,annual_mean_zhvi,complete_12_months
VA,51081,Greensville County,2021,128339.59,12,Zillow ZHVI county,annual_mean_zhvi,complete_12_months
VA,51081,Greensville County,2022,140138.01,12,Zillow ZHVI county,annual_mean_zhvi,complete_12_months
VA,51081,Greensville County,2023,145606.96,12,Zillow ZHVI county,annual_mean_zhvi,complete_12_months
VA,51081,Greensville County,2024,155693.19,12,Zillow ZHVI county,annual_mean_zhvi,complete_12_months
VA,51083,Halifax County,2015,87636.79,12,Zillow ZHVI county,annual_mean_zhvi,complete_12_months
VA,51083,Halifax County,2016,89144.31,12,Zillow ZHVI county,annual_mean_zhvi,complete_12_months
VA,51083,Halifax County,2017,89143.15,12,Zillow ZHVI county,annual_mean_zhvi,complete_12_months
VA,51083,Halifax County,2018,91744.4,12,Zillow ZHVI county,annual_mean_zhvi,complete_12_months
VA,51083,Halifax County,2019,96814.3,12,Zillow ZHVI county,annual_mean_zhvi,complete_12_months
VA,51083,Halifax County,2020,102278.27,12,Zillow ZHVI county,annual_mean_zhvi,complete_12_months
VA,51083,Halifax County,2021,113323.3,12,Zillow ZHVI county,annual_mean_zhvi,complete_12_months
VA,51083,Halifax County,2022,125813.12,12,Zillow ZHVI county,annual_mean_zhvi,complete_12_months
VA,51083,Halifax County,2023,133912.64,12,Zillow ZHVI county,annual_mean_zhvi,complete_12_months
VA,51083,Halifax County,2024,140252.64,12,Zillow ZHVI county,annual_mean_zhvi,complete_12_months
VA,51085,Hanover County,2015,264718.75,12,Zillow ZHVI county,annual_mean_zhvi,complete_12_months
VA,51085,Hanover County,2016,276292.59,12,Zillow ZHVI county,annual_mean_zhvi,complete_12_months
VA,51085,Hanover County,2017,287630.02,12,Zillow ZHVI county,annual_mean_zhvi,complete_12_months
VA,51085,Hanover County,2018,299596.76,12,Zillow ZHVI county,annual_mean_zhvi,complete_12_months
VA,51085,Hanover County,2019,309412.66,12,Zillow ZHVI county,annual_mean_zhvi,complete_12_months
VA,51085,Hanover County,2020,324414.22,12,Zillow ZHVI county,annual_mean_zhvi,complete_12_months
VA,51085,Hanover County,2021,358092.73,12,Zillow ZHVI county,annual_mean_zhvi,complete_12_months
VA,51085,Hanover County,2022,390510.41,12,Zillow ZHVI county,annual_mean_zhvi,complete_12_months
VA,51085,Hanover County,2023,410727.57,12,Zillow ZHVI county,annual_mean_zhvi,complete_12_months
VA,51085,Hanover County,2024,439614.58,12,Zillow ZHVI county,annual_mean_zhvi,complete_12_months
VA,51087,Henrico County,2015,217160.7,12,Zillow ZHVI county,annual_mean_zhvi,complete_12_months
VA,51087,Henrico County,2016,227757.95,12,Zillow ZHVI county,annual_mean_zhvi,complete_12_months
VA,51087,Henrico County,2017,239842.71,12,Zillow ZHVI county,annual_mean_zhvi,complete_12_months
VA,51087,Henrico County,2018,252796.58,12,Zillow ZHVI county,annual_mean_zhvi,complete_12_months
VA,51087,Henrico County,2019,264399.48,12,Zillow ZHVI county,annual_mean_zhvi,complete_12_months
VA,51087,Henrico County,2020,280339.74,12,Zillow ZHVI county,annual_mean_zhvi,complete_12_months
VA,51087,Henrico County,2021,315619.95,12,Zillow ZHVI county,annual_mean_zhvi,complete_12_months
VA,51087,Henrico County,2022,353110.04,12,Zillow ZHVI county,annual_mean_zhvi,complete_12_months
VA,51087,Henrico County,2023,373351.46,12,Zillow ZHVI county,annual_mean_zhvi,complete_12_months
VA,51087,Henrico County,2024,391659.16,12,Zillow ZHVI county,annual_mean_zhvi,complete_12_months
VA,51089,Henry County,2015,99529.25,12,Zillow ZHVI county,annual_mean_zhvi,complete_12_months
VA,51089,Henry County,2016,101733.59,12,Zillow ZHVI county,annual_mean_zhvi,complete_12_months
VA,51089,Henry County,2017,101242.81,12,Zillow ZHVI county,annual_mean_zhvi,complete_12_months
VA,51089,Henry County,2018,102426.99,12,Zillow ZHVI county,annual_mean_zhvi,complete_12_months
VA,51089,Henry County,2019,100760.59,12,Zillow ZHVI county,annual_mean_zhvi,complete_12_months
VA,51089,Henry County,2020,104305.93,12,Zillow ZHVI county,annual_mean_zhvi,complete_12_months
VA,51089,Henry County,2021,118546.04,12,Zillow ZHVI county,annual_mean_zhvi,complete_12_months
VA,51089,Henry County,2022,135385.03,12,Zillow ZHVI county,annual_mean_zhvi,complete_12_months
VA,51089,Henry County,2023,148902.8,12,Zillow ZHVI county,annual_mean_zhvi,complete_12_months
VA,51089,Henry County,2024,154071.37,12,Zillow ZHVI county,annual_mean_zhvi,complete_12_months
VA,51091,Highland County,2015,,0,Zillow ZHVI county,annual_mean_zhvi,source_data_unavailable
VA,51091,Highland County,2016,180758.66,11,Zillow ZHVI county,annual_mean_zhvi,partial_10_11_months
VA,51091,Highland County,2017,187687.37,12,Zillow ZHVI county,annual_mean_zhvi,complete_12_months
VA,51091,Highland County,2018,189655.67,12,Zillow ZHVI county,annual_mean_zhvi,complete_12_months
VA,51091,Highland County,2019,189572.47,12,Zillow ZHVI county,annual_mean_zhvi,complete_12_months
VA,51091,Highland County,2020,194542.37,12,Zillow ZHVI county,annual_mean_zhvi,complete_12_months
VA,51091,Highland County,2021,224467.36,12,Zillow ZHVI county,annual_mean_zhvi,complete_12_months
VA,51091,Highland County,2022,249791.11,12,Zillow ZHVI county,annual_mean_zhvi,complete_12_months
VA,51091,Highland County,2023,261041.69,12,Zillow ZHVI county,annual_mean_zhvi,complete_12_months
VA,51091,Highland County,2024,280696.12,12,Zillow ZHVI county,annual_mean_zhvi,complete_12_months
VA,51093,Isle of Wight County,2015,255063.56,12,Zillow ZHVI county,annual_mean_zhvi,complete_12_months
VA,51093,Isle of Wight County,2016,265723.08,12,Zillow ZHVI county,annual_mean_zhvi,complete_12_months
VA,51093,Isle of Wight County,2017,275087.36,12,Zillow ZHVI county,annual_mean_zhvi,complete_12_months
VA,51093,Isle of Wight County,2018,279740.55,12,Zillow ZHVI county,annual_mean_zhvi,complete_12_months
VA,51093,Isle of Wight County,2019,289754.34,12,Zillow ZHVI county,annual_mean_zhvi,complete_12_months
VA,51093,Isle of Wight County,2020,303640.54,12,Zillow ZHVI county,annual_mean_zhvi,complete_12_months
VA,51093,Isle of Wight County,2021,329744.17,12,Zillow ZHVI county,annual_mean_zhvi,complete_12_months
VA,51093,Isle of Wight County,2022,359070.39,12,Zillow ZHVI county,annual_mean_zhvi,complete_12_months
VA,51093,Isle of Wight County,2023,368887.31,12,Zillow ZHVI county,annual_mean_zhvi,complete_12_months
VA,51093,Isle of Wight County,2024,373436.76,12,Zillow ZHVI county,annual_mean_zhvi,complete_12_months
VA,51095,James City County,2015,310297.72,12,Zillow ZHVI county,annual_mean_zhvi,complete_12_months
VA,51095,James City County,2016,315299.61,12,Zillow ZHVI county,annual_mean_zhvi,complete_12_months
VA,51095,James City County,2017,321573.05,12,Zillow ZHVI county,annual_mean_zhvi,complete_12_months
VA,51095,James City County,2018,327855.35,12,Zillow ZHVI county,annual_mean_zhvi,complete_12_months
VA,51095,James City County,2019,331529.81,12,Zillow ZHVI county,annual_mean_zhvi,complete_12_months
VA,51095,James City County,2020,340846.69,12,Zillow ZHVI county,annual_mean_zhvi,complete_12_months
VA,51095,James City County,2021,375042.62,12,Zillow ZHVI county,annual_mean_zhvi,complete_12_months
VA,51095,James City County,2022,418328.45,12,Zillow ZHVI county,annual_mean_zhvi,complete_12_months
VA,51095,James City County,2023,445079.03,12,Zillow ZHVI county,annual_mean_zhvi,complete_12_months
VA,51095,James City County,2024,469433.68,12,Zillow ZHVI county,annual_mean_zhvi,complete_12_months
VA,51097,King and Queen County,2015,150496.73,12,Zillow ZHVI county,annual_mean_zhvi,complete_12_months
VA,51097,King and Queen County,2016,160527.17,12,Zillow ZHVI county,annual_mean_zhvi,complete_12_months
VA,51097,King and Queen County,2017,165734.49,12,Zillow ZHVI county,annual_mean_zhvi,complete_12_months
VA,51097,King and Queen County,2018,177289.29,12,Zillow ZHVI county,annual_mean_zhvi,complete_12_months
VA,51097,King and Queen County,2019,181801.34,12,Zillow ZHVI county,annual_mean_zhvi,complete_12_months
VA,51097,King and Queen County,2020,191478.33,12,Zillow ZHVI county,annual_mean_zhvi,complete_12_months
VA,51097,King and Queen County,2021,221775.72,12,Zillow ZHVI county,annual_mean_zhvi,complete_12_months
VA,51097,King and Queen County,2022,249742.16,12,Zillow ZHVI county,annual_mean_zhvi,complete_12_months
VA,51097,King and Queen County,2023,255451.18,12,Zillow ZHVI county,annual_mean_zhvi,complete_12_months
VA,51097,King and Queen County,2024,269832.53,12,Zillow ZHVI county,annual_mean_zhvi,complete_12_months
VA,51099,King George County,2015,278485.73,12,Zillow ZHVI county,annual_mean_zhvi,complete_12_months
VA,51099,King George County,2016,288627.02,12,Zillow ZHVI county,annual_mean_zhvi,complete_12_months
VA,51099,King George County,2017,300460.25,12,Zillow ZHVI county,annual_mean_zhvi,complete_12_months
VA,51099,King George County,2018,309824.04,12,Zillow ZHVI county,annual_mean_zhvi,complete_12_months
VA,51099,King George County,2019,321173.82,12,Zillow ZHVI county,annual_mean_zhvi,complete_12_months
VA,51099,King George County,2020,337291.33,12,Zillow ZHVI county,annual_mean_zhvi,complete_12_months
VA,51099,King George County,2021,384303.46,12,Zillow ZHVI county,annual_mean_zhvi,complete_12_months
VA,51099,King George County,2022,428131.31,12,Zillow ZHVI county,annual_mean_zhvi,complete_12_months
VA,51099,King George County,2023,434742.04,12,Zillow ZHVI county,annual_mean_zhvi,complete_12_months
VA,51099,King George County,2024,457381.97,12,Zillow ZHVI county,annual_mean_zhvi,complete_12_months
VA,51101,King William County,2015,187826.9,12,Zillow ZHVI county,annual_mean_zhvi,complete_12_months
VA,51101,King William County,2016,194444.42,12,Zillow ZHVI county,annual_mean_zhvi,complete_12_months
VA,51101,King William County,2017,204421.74,12,Zillow ZHVI county,annual_mean_zhvi,complete_12_months
VA,51101,King William County,2018,214877.2,12,Zillow ZHVI county,annual_mean_zhvi,complete_12_months
VA,51101,King William County,2019,223586.13,12,Zillow ZHVI county,annual_mean_zhvi,complete_12_months
VA,51101,King William County,2020,237762.16,12,Zillow ZHVI county,annual_mean_zhvi,complete_12_months
VA,51101,King William County,2021,271041.16,12,Zillow ZHVI county,annual_mean_zhvi,complete_12_months
VA,51101,King William County,2022,306135.95,12,Zillow ZHVI county,annual_mean_zhvi,complete_12_months
VA,51101,King William County,2023,320081.14,12,Zillow ZHVI county,annual_mean_zhvi,complete_12_months
VA,51101,King William County,2024,341047.61,12,Zillow ZHVI county,annual_mean_zhvi,complete_12_months
VA,51103,Lancaster County,2015,242889.16,12,Zillow ZHVI county,annual_mean_zhvi,complete_12_months
VA,51103,Lancaster County,2016,240786.98,12,Zillow ZHVI county,annual_mean_zhvi,complete_12_months
VA,51103,Lancaster County,2017,244631.07,12,Zillow ZHVI county,annual_mean_zhvi,complete_12_months
VA,51103,Lancaster County,2018,251852.53,12,Zillow ZHVI county,annual_mean_zhvi,complete_12_months
VA,51103,Lancaster County,2019,254108.66,12,Zillow ZHVI county,annual_mean_zhvi,complete_12_months
VA,51103,Lancaster County,2020,261846.99,12,Zillow ZHVI county,annual_mean_zhvi,complete_12_months
VA,51103,Lancaster County,2021,309173.54,12,Zillow ZHVI county,annual_mean_zhvi,complete_12_months
VA,51103,Lancaster County,2022,351057.5,12,Zillow ZHVI county,annual_mean_zhvi,complete_12_months
VA,51103,Lancaster County,2023,360226.09,12,Zillow ZHVI county,annual_mean_zhvi,complete_12_months
VA,51103,Lancaster County,2024,369861.44,12,Zillow ZHVI county,annual_mean_zhvi,complete_12_months
VA,51105,Lee County,2015,80264.1,12,Zillow ZHVI county,annual_mean_zhvi,complete_12_months
VA,51105,Lee County,2016,83308.24,12,Zillow ZHVI county,annual_mean_zhvi,complete_12_months
VA,51105,Lee County,2017,84848.63,12,Zillow ZHVI county,annual_mean_zhvi,complete_12_months
VA,51105,Lee County,2018,84063.15,12,Zillow ZHVI county,annual_mean_zhvi,complete_12_months
VA,51105,Lee County,2019,79467.94,12,Zillow ZHVI county,annual_mean_zhvi,complete_12_months
VA,51105,Lee County,2020,83937.78,12,Zillow ZHVI county,annual_mean_zhvi,complete_12_months
VA,51105,Lee County,2021,91673.7,12,Zillow ZHVI county,annual_mean_zhvi,complete_12_months
VA,51105,Lee County,2022,94755.57,12,Zillow ZHVI county,annual_mean_zhvi,complete_12_months
VA,51105,Lee County,2023,96065.64,12,Zillow ZHVI county,annual_mean_zhvi,complete_12_months
VA,51105,Lee County,2024,102082.34,12,Zillow ZHVI county,annual_mean_zhvi,complete_12_months
VA,51107,Loudoun County,2015,485308.54,12,Zillow ZHVI county,annual_mean_zhvi,complete_12_months
VA,51107,Loudoun County,2016,489794.44,12,Zillow ZHVI county,annual_mean_zhvi,complete_12_months
VA,51107,Loudoun County,2017,505597.09,12,Zillow ZHVI county,annual_mean_zhvi,complete_12_months
VA,51107,Loudoun County,2018,527096.18,12,Zillow ZHVI county,annual_mean_zhvi,complete_12_months
VA,51107,Loudoun County,2019,547508.18,12,Zillow ZHVI county,annual_mean_zhvi,complete_12_months
VA,51107,Loudoun County,2020,578143.66,12,Zillow ZHVI county,annual_mean_zhvi,complete_12_months
VA,51107,Loudoun County,2021,654354.65,12,Zillow ZHVI county,annual_mean_zhvi,complete_12_months
VA,51107,Loudoun County,2022,727619.33,12,Zillow ZHVI county,annual_mean_zhvi,complete_12_months
VA,51107,Loudoun County,2023,738428.05,12,Zillow ZHVI county,annual_mean_zhvi,complete_12_months
VA,51107,Loudoun County,2024,782067.26,12,Zillow ZHVI county,annual_mean_zhvi,complete_12_months
VA,51109,Louisa County,2015,216013.47,12,Zillow ZHVI county,annual_mean_zhvi,complete_12_months
VA,51109,Louisa County,2016,224991.98,12,Zillow ZHVI county,annual_mean_zhvi,complete_12_months
VA,51109,Louisa County,2017,237626.52,12,Zillow ZHVI county,annual_mean_zhvi,complete_12_months
VA,51109,Louisa County,2018,249636.89,12,Zillow ZHVI county,annual_mean_zhvi,complete_12_months
VA,51109,Louisa County,2019,262602.9,12,Zillow ZHVI county,annual_mean_zhvi,complete_12_months
VA,51109,Louisa County,2020,280454.14,12,Zillow ZHVI county,annual_mean_zhvi,complete_12_months
VA,51109,Louisa County,2021,324561.26,12,Zillow ZHVI county,annual_mean_zhvi,complete_12_months
VA,51109,Louisa County,2022,361418.27,12,Zillow ZHVI county,annual_mean_zhvi,complete_12_months
VA,51109,Louisa County,2023,377534.07,12,Zillow ZHVI county,annual_mean_zhvi,complete_12_months
VA,51109,Louisa County,2024,399390.02,12,Zillow ZHVI county,annual_mean_zhvi,complete_12_months
VA,51111,Lunenburg County,2015,91745.25,12,Zillow ZHVI county,annual_mean_zhvi,complete_12_months
VA,51111,Lunenburg County,2016,96951.28,12,Zillow ZHVI county,annual_mean_zhvi,complete_12_months
VA,51111,Lunenburg County,2017,100405.83,12,Zillow ZHVI county,annual_mean_zhvi,complete_12_months
VA,51111,Lunenburg County,2018,104495.77,12,Zillow ZHVI county,annual_mean_zhvi,complete_12_months
VA,51111,Lunenburg County,2019,105100.91,12,Zillow ZHVI county,annual_mean_zhvi,complete_12_months
VA,51111,Lunenburg County,2020,111011.68,12,Zillow ZHVI county,annual_mean_zhvi,complete_12_months
VA,51111,Lunenburg County,2021,128551.87,12,Zillow ZHVI county,annual_mean_zhvi,complete_12_months
VA,51111,Lunenburg County,2022,139862.38,12,Zillow ZHVI county,annual_mean_zhvi,complete_12_months
VA,51111,Lunenburg County,2023,142832.65,12,Zillow ZHVI county,annual_mean_zhvi,complete_12_months
VA,51111,Lunenburg County,2024,146904.67,12,Zillow ZHVI county,annual_mean_zhvi,complete_12_months
VA,51113,Madison County,2015,225032.37,12,Zillow ZHVI county,annual_mean_zhvi,complete_12_months
VA,51113,Madison County,2016,236048.7,12,Zillow ZHVI county,annual_mean_zhvi,complete_12_months
VA,51113,Madison County,2017,245188.86,12,Zillow ZHVI county,annual_mean_zhvi,complete_12_months
VA,51113,Madison County,2018,254832.68,12,Zillow ZHVI county,annual_mean_zhvi,complete_12_months
VA,51113,Madison County,2019,265676.83,12,Zillow ZHVI county,annual_mean_zhvi,complete_12_months
VA,51113,Madison County,2020,283703.91,12,Zillow ZHVI county,annual_mean_zhvi,complete_12_months
VA,51113,Madison County,2021,337461.03,12,Zillow ZHVI county,annual_mean_zhvi,complete_12_months
VA,51113,Madison County,2022,375470.69,12,Zillow ZHVI county,annual_mean_zhvi,complete_12_months
VA,51113,Madison County,2023,379709.15,12,Zillow ZHVI county,annual_mean_zhvi,complete_12_months
VA,51113,Madison County,2024,403710.37,12,Zillow ZHVI county,annual_mean_zhvi,complete_12_months
VA,51115,Mathews County,2015,251593.6,12,Zillow ZHVI county,annual_mean_zhvi,complete_12_months
VA,51115,Mathews County,2016,255763.53,12,Zillow ZHVI county,annual_mean_zhvi,complete_12_months
VA,51115,Mathews County,2017,252803.29,12,Zillow ZHVI county,annual_mean_zhvi,complete_12_months
VA,51115,Mathews County,2018,254940.08,12,Zillow ZHVI county,annual_mean_zhvi,complete_12_months
VA,51115,Mathews County,2019,261091.55,12,Zillow ZHVI county,annual_mean_zhvi,complete_12_months
VA,51115,Mathews County,2020,277456.44,12,Zillow ZHVI county,annual_mean_zhvi,complete_12_months
VA,51115,Mathews County,2021,301571.91,12,Zillow ZHVI county,annual_mean_zhvi,complete_12_months
VA,51115,Mathews County,2022,319633.87,12,Zillow ZHVI county,annual_mean_zhvi,complete_12_months
VA,51115,Mathews County,2023,322406.37,12,Zillow ZHVI county,annual_mean_zhvi,complete_12_months
VA,51115,Mathews County,2024,345132.36,12,Zillow ZHVI county,annual_mean_zhvi,complete_12_months
VA,51117,Mecklenburg County,2015,111656.09,12,Zillow ZHVI county,annual_mean_zhvi,complete_12_months
VA,51117,Mecklenburg County,2016,115513.94,12,Zillow ZHVI county,annual_mean_zhvi,complete_12_months
VA,51117,Mecklenburg County,2017,116828.23,12,Zillow ZHVI county,annual_mean_zhvi,complete_12_months
VA,51117,Mecklenburg County,2018,124781.43,12,Zillow ZHVI county,annual_mean_zhvi,complete_12_months
VA,51117,Mecklenburg County,2019,125122.17,12,Zillow ZHVI county,annual_mean_zhvi,complete_12_months
VA,51117,Mecklenburg County,2020,131011.82,12,Zillow ZHVI county,annual_mean_zhvi,complete_12_months
VA,51117,Mecklenburg County,2021,154636.02,12,Zillow ZHVI county,annual_mean_zhvi,complete_12_months
VA,51117,Mecklenburg County,2022,175507.43,12,Zillow ZHVI county,annual_mean_zhvi,complete_12_months
VA,51117,Mecklenburg County,2023,183240.16,12,Zillow ZHVI county,annual_mean_zhvi,complete_12_months
VA,51117,Mecklenburg County,2024,204470.05,12,Zillow ZHVI county,annual_mean_zhvi,complete_12_months
VA,51119,Middlesex County,2015,237489.66,12,Zillow ZHVI county,annual_mean_zhvi,complete_12_months
VA,51119,Middlesex County,2016,240462.19,12,Zillow ZHVI county,annual_mean_zhvi,complete_12_months
VA,51119,Middlesex County,2017,241516.16,12,Zillow ZHVI county,annual_mean_zhvi,complete_12_months
VA,51119,Middlesex County,2018,244780.91,12,Zillow ZHVI county,annual_mean_zhvi,complete_12_months
VA,51119,Middlesex County,2019,250503.51,12,Zillow ZHVI county,annual_mean_zhvi,complete_12_months
VA,51119,Middlesex County,2020,259602.53,12,Zillow ZHVI county,annual_mean_zhvi,complete_12_months
VA,51119,Middlesex County,2021,302282.01,12,Zillow ZHVI county,annual_mean_zhvi,complete_12_months
VA,51119,Middlesex County,2022,342312.22,12,Zillow ZHVI county,annual_mean_zhvi,complete_12_months
VA,51119,Middlesex County,2023,355878.02,12,Zillow ZHVI county,annual_mean_zhvi,complete_12_months
VA,51119,Middlesex County,2024,372363.34,12,Zillow ZHVI county,annual_mean_zhvi,complete_12_months
VA,51121,Montgomery County,2015,192008.39,12,Zillow ZHVI county,annual_mean_zhvi,complete_12_months
VA,51121,Montgomery County,2016,199053.73,12,Zillow ZHVI county,annual_mean_zhvi,complete_12_months
VA,51121,Montgomery County,2017,206199.59,12,Zillow ZHVI county,annual_mean_zhvi,complete_12_months
VA,51121,Montgomery County,2018,218227.73,12,Zillow ZHVI county,annual_mean_zhvi,complete_12_months
VA,51121,Montgomery County,2019,229424.89,12,Zillow ZHVI county,annual_mean_zhvi,complete_12_months
VA,51121,Montgomery County,2020,246881.73,12,Zillow ZHVI county,annual_mean_zhvi,complete_12_months
VA,51121,Montgomery County,2021,281107.14,12,Zillow ZHVI county,annual_mean_zhvi,complete_12_months
VA,51121,Montgomery County,2022,311516.74,12,Zillow ZHVI county,annual_mean_zhvi,complete_12_months
VA,51121,Montgomery County,2023,322377.79,12,Zillow ZHVI county,annual_mean_zhvi,complete_12_months
VA,51121,Montgomery County,2024,334009.72,12,Zillow ZHVI county,annual_mean_zhvi,complete_12_months
VA,51125,Nelson County,2015,198256.36,12,Zillow ZHVI county,annual_mean_zhvi,complete_12_months
VA,51125,Nelson County,2016,202374.29,12,Zillow ZHVI county,annual_mean_zhvi,complete_12_months
VA,51125,Nelson County,2017,209187.65,12,Zillow ZHVI county,annual_mean_zhvi,complete_12_months
VA,51125,Nelson County,2018,216425.07,12,Zillow ZHVI county,annual_mean_zhvi,complete_12_months
VA,51125,Nelson County,2019,220085.76,12,Zillow ZHVI county,annual_mean_zhvi,complete_12_months
VA,51125,Nelson County,2020,231169.51,12,Zillow ZHVI county,annual_mean_zhvi,complete_12_months
VA,51125,Nelson County,2021,281358.6,12,Zillow ZHVI county,annual_mean_zhvi,complete_12_months
VA,51125,Nelson County,2022,326970.28,12,Zillow ZHVI county,annual_mean_zhvi,complete_12_months
VA,51125,Nelson County,2023,343034.26,12,Zillow ZHVI county,annual_mean_zhvi,complete_12_months
VA,51125,Nelson County,2024,354269.67,12,Zillow ZHVI county,annual_mean_zhvi,complete_12_months
VA,51127,New Kent County,2015,257813.6,12,Zillow ZHVI county,annual_mean_zhvi,complete_12_months
VA,51127,New Kent County,2016,268308.26,12,Zillow ZHVI county,annual_mean_zhvi,complete_12_months
VA,51127,New Kent County,2017,278853.55,12,Zillow ZHVI county,annual_mean_zhvi,complete_12_months
VA,51127,New Kent County,2018,287631.13,12,Zillow ZHVI county,annual_mean_zhvi,complete_12_months
VA,51127,New Kent County,2019,299271.94,12,Zillow ZHVI county,annual_mean_zhvi,complete_12_months
VA,51127,New Kent County,2020,312736.27,12,Zillow ZHVI county,annual_mean_zhvi,complete_12_months
VA,51127,New Kent County,2021,353088.48,12,Zillow ZHVI county,annual_mean_zhvi,complete_12_months
VA,51127,New Kent County,2022,392113.12,12,Zillow ZHVI county,annual_mean_zhvi,complete_12_months
VA,51127,New Kent County,2023,402013.43,12,Zillow ZHVI county,annual_mean_zhvi,complete_12_months
VA,51127,New Kent County,2024,423074.37,12,Zillow ZHVI county,annual_mean_zhvi,complete_12_months
VA,51131,Northampton County,2015,162735.69,12,Zillow ZHVI county,annual_mean_zhvi,complete_12_months
VA,51131,Northampton County,2016,160039.02,12,Zillow ZHVI county,annual_mean_zhvi,complete_12_months
VA,51131,Northampton County,2017,162808.09,12,Zillow ZHVI county,annual_mean_zhvi,complete_12_months
VA,51131,Northampton County,2018,168658.8,12,Zillow ZHVI county,annual_mean_zhvi,complete_12_months
VA,51131,Northampton County,2019,169095.42,12,Zillow ZHVI county,annual_mean_zhvi,complete_12_months
VA,51131,Northampton County,2020,181920.97,12,Zillow ZHVI county,annual_mean_zhvi,complete_12_months
VA,51131,Northampton County,2021,226687.91,12,Zillow ZHVI county,annual_mean_zhvi,complete_12_months
VA,51131,Northampton County,2022,262080.6,12,Zillow ZHVI county,annual_mean_zhvi,complete_12_months
VA,51131,Northampton County,2023,274962.98,12,Zillow ZHVI county,annual_mean_zhvi,complete_12_months
VA,51131,Northampton County,2024,288195.35,12,Zillow ZHVI county,annual_mean_zhvi,complete_12_months
VA,51133,Northumberland County,2015,230975.37,12,Zillow ZHVI county,annual_mean_zhvi,complete_12_months
VA,51133,Northumberland County,2016,236937.94,12,Zillow ZHVI county,annual_mean_zhvi,complete_12_months
VA,51133,Northumberland County,2017,242066.38,12,Zillow ZHVI county,annual_mean_zhvi,complete_12_months
VA,51133,Northumberland County,2018,250199.67,12,Zillow ZHVI county,annual_mean_zhvi,complete_12_months
VA,51133,Northumberland County,2019,259284.63,12,Zillow ZHVI county,annual_mean_zhvi,complete_12_months
VA,51133,Northumberland County,2020,274539.0,12,Zillow ZHVI county,annual_mean_zhvi,complete_12_months
VA,51133,Northumberland County,2021,314362.39,12,Zillow ZHVI county,annual_mean_zhvi,complete_12_months
VA,51133,Northumberland County,2022,351133.73,12,Zillow ZHVI county,annual_mean_zhvi,complete_12_months
VA,51133,Northumberland County,2023,351447.85,12,Zillow ZHVI county,annual_mean_zhvi,complete_12_months
VA,51133,Northumberland County,2024,363001.42,12,Zillow ZHVI county,annual_mean_zhvi,complete_12_months
VA,51135,Nottoway County,2015,105696.39,12,Zillow ZHVI county,annual_mean_zhvi,complete_12_months
VA,51135,Nottoway County,2016,112480.3,12,Zillow ZHVI county,annual_mean_zhvi,complete_12_months
VA,51135,Nottoway County,2017,114368.12,12,Zillow ZHVI county,annual_mean_zhvi,complete_12_months
VA,51135,Nottoway County,2018,118248.79,12,Zillow ZHVI county,annual_mean_zhvi,complete_12_months
VA,51135,Nottoway County,2019,119727.6,12,Zillow ZHVI county,annual_mean_zhvi,complete_12_months
VA,51135,Nottoway County,2020,118933.42,12,Zillow ZHVI county,annual_mean_zhvi,complete_12_months
VA,51135,Nottoway County,2021,136508.44,12,Zillow ZHVI county,annual_mean_zhvi,complete_12_months
VA,51135,Nottoway County,2022,159229.06,12,Zillow ZHVI county,annual_mean_zhvi,complete_12_months
VA,51135,Nottoway County,2023,169636.89,12,Zillow ZHVI county,annual_mean_zhvi,complete_12_months
VA,51135,Nottoway County,2024,164518.75,12,Zillow ZHVI county,annual_mean_zhvi,complete_12_months
VA,51137,Orange County,2015,207666.24,12,Zillow ZHVI county,annual_mean_zhvi,complete_12_months
VA,51137,Orange County,2016,214864.87,12,Zillow ZHVI county,annual_mean_zhvi,complete_12_months
VA,51137,Orange County,2017,222412.73,12,Zillow ZHVI county,annual_mean_zhvi,complete_12_months
VA,51137,Orange County,2018,230755.37,12,Zillow ZHVI county,annual_mean_zhvi,complete_12_months
VA,51137,Orange County,2019,239983.57,12,Zillow ZHVI county,annual_mean_zhvi,complete_12_months
VA,51137,Orange County,2020,256124.98,12,Zillow ZHVI county,annual_mean_zhvi,complete_12_months
VA,51137,Orange County,2021,305192.7,12,Zillow ZHVI county,annual_mean_zhvi,complete_12_months
VA,51137,Orange County,2022,345232.79,12,Zillow ZHVI county,annual_mean_zhvi,complete_12_months
VA,51137,Orange County,2023,354288.26,12,Zillow ZHVI county,annual_mean_zhvi,complete_12_months
VA,51137,Orange County,2024,372983.31,12,Zillow ZHVI county,annual_mean_zhvi,complete_12_months
VA,51139,Page County,2015,151119.39,12,Zillow ZHVI county,annual_mean_zhvi,complete_12_months
VA,51139,Page County,2016,157787.52,12,Zillow ZHVI county,annual_mean_zhvi,complete_12_months
VA,51139,Page County,2017,163921.57,12,Zillow ZHVI county,annual_mean_zhvi,complete_12_months
VA,51139,Page County,2018,171296.08,12,Zillow ZHVI county,annual_mean_zhvi,complete_12_months
VA,51139,Page County,2019,179199.06,12,Zillow ZHVI county,annual_mean_zhvi,complete_12_months
VA,51139,Page County,2020,194210.35,12,Zillow ZHVI county,annual_mean_zhvi,complete_12_months
VA,51139,Page County,2021,231826.81,12,Zillow ZHVI county,annual_mean_zhvi,complete_12_months
VA,51139,Page County,2022,266956.83,12,Zillow ZHVI county,annual_mean_zhvi,complete_12_months
VA,51139,Page County,2023,278990.41,12,Zillow ZHVI county,annual_mean_zhvi,complete_12_months
VA,51139,Page County,2024,295292.62,12,Zillow ZHVI county,annual_mean_zhvi,complete_12_months
VA,51141,Patrick County,2015,138323.69,12,Zillow ZHVI county,annual_mean_zhvi,complete_12_months
VA,51141,Patrick County,2016,136932.39,12,Zillow ZHVI county,annual_mean_zhvi,complete_12_months
VA,51141,Patrick County,2017,139313.77,12,Zillow ZHVI county,annual_mean_zhvi,complete_12_months
VA,51141,Patrick County,2018,143227.09,12,Zillow ZHVI county,annual_mean_zhvi,complete_12_months
VA,51141,Patrick County,2019,144986.13,12,Zillow ZHVI county,annual_mean_zhvi,complete_12_months
VA,51141,Patrick County,2020,155574.72,12,Zillow ZHVI county,annual_mean_zhvi,complete_12_months
VA,51141,Patrick County,2021,174229.74,12,Zillow ZHVI county,annual_mean_zhvi,complete_12_months
VA,51141,Patrick County,2022,186405.67,12,Zillow ZHVI county,annual_mean_zhvi,complete_12_months
VA,51141,Patrick County,2023,192837.34,12,Zillow ZHVI county,annual_mean_zhvi,complete_12_months
VA,51141,Patrick County,2024,198770.76,12,Zillow ZHVI county,annual_mean_zhvi,complete_12_months
VA,51143,Pittsylvania County,2015,112088.08,12,Zillow ZHVI county,annual_mean_zhvi,complete_12_months
VA,51143,Pittsylvania County,2016,119870.7,12,Zillow ZHVI county,annual_mean_zhvi,complete_12_months
VA,51143,Pittsylvania County,2017,121662.98,12,Zillow ZHVI county,annual_mean_zhvi,complete_12_months
VA,51143,Pittsylvania County,2018,122733.44,12,Zillow ZHVI county,annual_mean_zhvi,complete_12_months
VA,51143,Pittsylvania County,2019,128117.9,12,Zillow ZHVI county,annual_mean_zhvi,complete_12_months
VA,51143,Pittsylvania County,2020,135689.03,12,Zillow ZHVI county,annual_mean_zhvi,complete_12_months
VA,51143,Pittsylvania County,2021,152885.04,12,Zillow ZHVI county,annual_mean_zhvi,complete_12_months
VA,51143,Pittsylvania County,2022,174663.23,12,Zillow ZHVI county,annual_mean_zhvi,complete_12_months
VA,51143,Pittsylvania County,2023,183158.99,12,Zillow ZHVI county,annual_mean_zhvi,complete_12_months
VA,51143,Pittsylvania County,2024,193952.76,12,Zillow ZHVI county,annual_mean_zhvi,complete_12_months
VA,51145,Powhatan County,2015,278131.56,12,Zillow ZHVI county,annual_mean_zhvi,complete_12_months
VA,51145,Powhatan County,2016,298289.38,12,Zillow ZHVI county,annual_mean_zhvi,complete_12_months
VA,51145,Powhatan County,2017,313980.47,12,Zillow ZHVI county,annual_mean_zhvi,complete_12_months
VA,51145,Powhatan County,2018,327410.2,12,Zillow ZHVI county,annual_mean_zhvi,complete_12_months
VA,51145,Powhatan County,2019,338364.19,12,Zillow ZHVI county,annual_mean_zhvi,complete_12_months
VA,51145,Powhatan County,2020,358450.55,12,Zillow ZHVI county,annual_mean_zhvi,complete_12_months
VA,51145,Powhatan County,2021,401610.31,12,Zillow ZHVI county,annual_mean_zhvi,complete_12_months
VA,51145,Powhatan County,2022,432250.7,12,Zillow ZHVI county,annual_mean_zhvi,complete_12_months
VA,51145,Powhatan County,2023,430866.19,12,Zillow ZHVI county,annual_mean_zhvi,complete_12_months
VA,51145,Powhatan County,2024,466583.78,12,Zillow ZHVI county,annual_mean_zhvi,complete_12_months
VA,51147,Prince Edward County,2015,163083.39,12,Zillow ZHVI county,annual_mean_zhvi,complete_12_months
VA,51147,Prince Edward County,2016,161885.01,12,Zillow ZHVI county,annual_mean_zhvi,complete_12_months
VA,51147,Prince Edward County,2017,165199.84,12,Zillow ZHVI county,annual_mean_zhvi,complete_12_months
VA,51147,Prince Edward County,2018,169996.63,12,Zillow ZHVI county,annual_mean_zhvi,complete_12_months
VA,51147,Prince Edward County,2019,174734.25,12,Zillow ZHVI county,annual_mean_zhvi,complete_12_months
VA,51147,Prince Edward County,2020,181586.5,12,Zillow ZHVI county,annual_mean_zhvi,complete_12_months
VA,51147,Prince Edward County,2021,205197.15,12,Zillow ZHVI county,annual_mean_zhvi,complete_12_months
VA,51147,Prince Edward County,2022,217664.99,12,Zillow ZHVI county,annual_mean_zhvi,complete_12_months
VA,51147,Prince Edward County,2023,229065.3,12,Zillow ZHVI county,annual_mean_zhvi,complete_12_months
VA,51147,Prince Edward County,2024,231976.82,12,Zillow ZHVI county,annual_mean_zhvi,complete_12_months
VA,51149,Prince George County,2015,185560.11,12,Zillow ZHVI county,annual_mean_zhvi,complete_12_months
VA,51149,Prince George County,2016,192009.84,12,Zillow ZHVI county,annual_mean_zhvi,complete_12_months
VA,51149,Prince George County,2017,200640.31,12,Zillow ZHVI county,annual_mean_zhvi,complete_12_months
VA,51149,Prince George County,2018,209573.85,12,Zillow ZHVI county,annual_mean_zhvi,complete_12_months
VA,51149,Prince George County,2019,218213.26,12,Zillow ZHVI county,annual_mean_zhvi,complete_12_months
VA,51149,Prince George County,2020,233517.23,12,Zillow ZHVI county,annual_mean_zhvi,complete_12_months
VA,51149,Prince George County,2021,267929.06,12,Zillow ZHVI county,annual_mean_zhvi,complete_12_months
VA,51149,Prince George County,2022,306152.82,12,Zillow ZHVI county,annual_mean_zhvi,complete_12_months
VA,51149,Prince George County,2023,328238.66,12,Zillow ZHVI county,annual_mean_zhvi,complete_12_months
VA,51149,Prince George County,2024,340457.75,12,Zillow ZHVI county,annual_mean_zhvi,complete_12_months
VA,51153,Prince William County,2015,353195.21,12,Zillow ZHVI county,annual_mean_zhvi,complete_12_months
VA,51153,Prince William County,2016,360874.78,12,Zillow ZHVI county,annual_mean_zhvi,complete_12_months
VA,51153,Prince William County,2017,375244.66,12,Zillow ZHVI county,annual_mean_zhvi,complete_12_months
VA,51153,Prince William County,2018,391161.22,12,Zillow ZHVI county,annual_mean_zhvi,complete_12_months
VA,51153,Prince William County,2019,404245.64,12,Zillow ZHVI county,annual_mean_zhvi,complete_12_months
VA,51153,Prince William County,2020,427620.83,12,Zillow ZHVI county,annual_mean_zhvi,complete_12_months
VA,51153,Prince William County,2021,483445.74,12,Zillow ZHVI county,annual_mean_zhvi,complete_12_months
VA,51153,Prince William County,2022,532056.4,12,Zillow ZHVI county,annual_mean_zhvi,complete_12_months
VA,51153,Prince William County,2023,541946.78,12,Zillow ZHVI county,annual_mean_zhvi,complete_12_months
VA,51153,Prince William County,2024,571986.46,12,Zillow ZHVI county,annual_mean_zhvi,complete_12_months
VA,51155,Pulaski County,2015,151209.99,12,Zillow ZHVI county,annual_mean_zhvi,complete_12_months
VA,51155,Pulaski County,2016,152509.53,12,Zillow ZHVI county,annual_mean_zhvi,complete_12_months
VA,51155,Pulaski County,2017,152374.09,12,Zillow ZHVI county,annual_mean_zhvi,complete_12_months
VA,51155,Pulaski County,2018,156122.16,12,Zillow ZHVI county,annual_mean_zhvi,complete_12_months
VA,51155,Pulaski County,2019,164197.28,12,Zillow ZHVI county,annual_mean_zhvi,complete_12_months
VA,51155,Pulaski County,2020,175005.6,12,Zillow ZHVI county,annual_mean_zhvi,complete_12_months
VA,51155,Pulaski County,2021,192600.4,12,Zillow ZHVI county,annual_mean_zhvi,complete_12_months
VA,51155,Pulaski County,2022,210580.64,12,Zillow ZHVI county,annual_mean_zhvi,complete_12_months
VA,51155,Pulaski County,2023,217353.54,12,Zillow ZHVI county,annual_mean_zhvi,complete_12_months
VA,51155,Pulaski County,2024,219321.02,12,Zillow ZHVI county,annual_mean_zhvi,complete_12_months
VA,51157,Rappahannock County,2015,357962.87,12,Zillow ZHVI county,annual_mean_zhvi,complete_12_months
VA,51157,Rappahannock County,2016,368489.67,12,Zillow ZHVI county,annual_mean_zhvi,complete_12_months
VA,51157,Rappahannock County,2017,371165.22,12,Zillow ZHVI county,annual_mean_zhvi,complete_12_months
VA,51157,Rappahannock County,2018,382001.98,12,Zillow ZHVI county,annual_mean_zhvi,complete_12_months
VA,51157,Rappahannock County,2019,386655.63,12,Zillow ZHVI county,annual_mean_zhvi,complete_12_months
VA,51157,Rappahannock County,2020,407342.93,12,Zillow ZHVI county,annual_mean_zhvi,complete_12_months
VA,51157,Rappahannock County,2021,470041.87,12,Zillow ZHVI county,annual_mean_zhvi,complete_12_months
VA,51157,Rappahannock County,2022,510059.38,12,Zillow ZHVI county,annual_mean_zhvi,complete_12_months
VA,51157,Rappahannock County,2023,521299.52,12,Zillow ZHVI county,annual_mean_zhvi,complete_12_months
VA,51157,Rappahannock County,2024,555189.21,12,Zillow ZHVI county,annual_mean_zhvi,complete_12_months
VA,51159,Richmond County,2015,147036.62,12,Zillow ZHVI county,annual_mean_zhvi,complete_12_months
VA,51159,Richmond County,2016,148180.05,12,Zillow ZHVI county,annual_mean_zhvi,complete_12_months
VA,51159,Richmond County,2017,151935.26,12,Zillow ZHVI county,annual_mean_zhvi,complete_12_months
VA,51159,Richmond County,2018,158489.5,12,Zillow ZHVI county,annual_mean_zhvi,complete_12_months
VA,51159,Richmond County,2019,161770.41,12,Zillow ZHVI county,annual_mean_zhvi,complete_12_months
VA,51159,Richmond County,2020,169667.41,12,Zillow ZHVI county,annual_mean_zhvi,complete_12_months
VA,51159,Richmond County,2021,189928.11,12,Zillow ZHVI county,annual_mean_zhvi,complete_12_months
VA,51159,Richmond County,2022,214744.7,12,Zillow ZHVI county,annual_mean_zhvi,complete_12_months
VA,51159,Richmond County,2023,225272.91,12,Zillow ZHVI county,annual_mean_zhvi,complete_12_months
VA,51159,Richmond County,2024,235063.97,12,Zillow ZHVI county,annual_mean_zhvi,complete_12_months
VA,51161,Roanoke County,2015,181115.17,12,Zillow ZHVI county,annual_mean_zhvi,complete_12_months
VA,51161,Roanoke County,2016,184852.52,12,Zillow ZHVI county,annual_mean_zhvi,complete_12_months
VA,51161,Roanoke County,2017,190365.86,12,Zillow ZHVI county,annual_mean_zhvi,complete_12_months
VA,51161,Roanoke County,2018,196141.42,12,Zillow ZHVI county,annual_mean_zhvi,complete_12_months
VA,51161,Roanoke County,2019,207784.81,12,Zillow ZHVI county,annual_mean_zhvi,complete_12_months
VA,51161,Roanoke County,2020,224707.7,12,Zillow ZHVI county,annual_mean_zhvi,complete_12_months
VA,51161,Roanoke County,2021,255993.87,12,Zillow ZHVI county,annual_mean_zhvi,complete_12_months
VA,51161,Roanoke County,2022,286197.52,12,Zillow ZHVI county,annual_mean_zhvi,complete_12_months
VA,51161,Roanoke County,2023,304370.76,12,Zillow ZHVI county,annual_mean_zhvi,complete_12_months
VA,51161,Roanoke County,2024,319978.16,12,Zillow ZHVI county,annual_mean_zhvi,complete_12_months
VA,51163,Rockbridge County,2015,204272.05,12,Zillow ZHVI county,annual_mean_zhvi,complete_12_months
VA,51163,Rockbridge County,2016,206641.09,12,Zillow ZHVI county,annual_mean_zhvi,complete_12_months
VA,51163,Rockbridge County,2017,211610.95,12,Zillow ZHVI county,annual_mean_zhvi,complete_12_months
VA,51163,Rockbridge County,2018,220337.1,12,Zillow ZHVI county,annual_mean_zhvi,complete_12_months
VA,51163,Rockbridge County,2019,224666.7,12,Zillow ZHVI county,annual_mean_zhvi,complete_12_months
VA,51163,Rockbridge County,2020,236640.35,12,Zillow ZHVI county,annual_mean_zhvi,complete_12_months
VA,51163,Rockbridge County,2021,271297.99,12,Zillow ZHVI county,annual_mean_zhvi,complete_12_months
VA,51163,Rockbridge County,2022,295815.52,12,Zillow ZHVI county,annual_mean_zhvi,complete_12_months
VA,51163,Rockbridge County,2023,298563.55,12,Zillow ZHVI county,annual_mean_zhvi,complete_12_months
VA,51163,Rockbridge County,2024,318357.8,12,Zillow ZHVI county,annual_mean_zhvi,complete_12_months
VA,51165,Rockingham County,2015,206701.93,12,Zillow ZHVI county,annual_mean_zhvi,complete_12_months
VA,51165,Rockingham County,2016,214174.13,12,Zillow ZHVI county,annual_mean_zhvi,complete_12_months
VA,51165,Rockingham County,2017,218615.89,12,Zillow ZHVI county,annual_mean_zhvi,complete_12_months
VA,51165,Rockingham County,2018,225324.18,12,Zillow ZHVI county,annual_mean_zhvi,complete_12_months
VA,51165,Rockingham County,2019,230994.31,12,Zillow ZHVI county,annual_mean_zhvi,complete_12_months
VA,51165,Rockingham County,2020,246118.36,12,Zillow ZHVI county,annual_mean_zhvi,complete_12_months
VA,51165,Rockingham County,2021,278608.56,12,Zillow ZHVI county,annual_mean_zhvi,complete_12_months
VA,51165,Rockingham County,2022,307757.87,12,Zillow ZHVI county,annual_mean_zhvi,complete_12_months
VA,51165,Rockingham County,2023,333144.27,12,Zillow ZHVI county,annual_mean_zhvi,complete_12_months
VA,51165,Rockingham County,2024,346594.35,12,Zillow ZHVI county,annual_mean_zhvi,complete_12_months
VA,51167,Russell County,2015,98668.12,12,Zillow ZHVI county,annual_mean_zhvi,complete_12_months
VA,51167,Russell County,2016,97599.22,12,Zillow ZHVI county,annual_mean_zhvi,complete_12_months
VA,51167,Russell County,2017,95914.97,12,Zillow ZHVI county,annual_mean_zhvi,complete_12_months
VA,51167,Russell County,2018,98937.86,12,Zillow ZHVI county,annual_mean_zhvi,complete_12_months
VA,51167,Russell County,2019,103542.92,12,Zillow ZHVI county,annual_mean_zhvi,complete_12_months
VA,51167,Russell County,2020,111882.11,12,Zillow ZHVI county,annual_mean_zhvi,complete_12_months
VA,51167,Russell County,2021,124046.72,12,Zillow ZHVI county,annual_mean_zhvi,complete_12_months
VA,51167,Russell County,2022,133994.69,12,Zillow ZHVI county,annual_mean_zhvi,complete_12_months
VA,51167,Russell County,2023,139616.1,12,Zillow ZHVI county,annual_mean_zhvi,complete_12_months
VA,51167,Russell County,2024,144651.5,12,Zillow ZHVI county,annual_mean_zhvi,complete_12_months
VA,51169,Scott County,2015,83669.54,12,Zillow ZHVI county,annual_mean_zhvi,complete_12_months
VA,51169,Scott County,2016,85288.66,12,Zillow ZHVI county,annual_mean_zhvi,complete_12_months
VA,51169,Scott County,2017,90720.88,12,Zillow ZHVI county,annual_mean_zhvi,complete_12_months
VA,51169,Scott County,2018,93719.53,12,Zillow ZHVI county,annual_mean_zhvi,complete_12_months
VA,51169,Scott County,2019,99079.86,12,Zillow ZHVI county,annual_mean_zhvi,complete_12_months
VA,51169,Scott County,2020,106107.75,12,Zillow ZHVI county,annual_mean_zhvi,complete_12_months
VA,51169,Scott County,2021,121183.78,12,Zillow ZHVI county,annual_mean_zhvi,complete_12_months
VA,51169,Scott County,2022,141399.82,12,Zillow ZHVI county,annual_mean_zhvi,complete_12_months
VA,51169,Scott County,2023,148025.56,12,Zillow ZHVI county,annual_mean_zhvi,complete_12_months
VA,51169,Scott County,2024,163587.65,12,Zillow ZHVI county,annual_mean_zhvi,complete_12_months
VA,51171,Shenandoah County,2015,191422.28,12,Zillow ZHVI county,annual_mean_zhvi,complete_12_months
VA,51171,Shenandoah County,2016,196763.99,12,Zillow ZHVI county,annual_mean_zhvi,complete_12_months
VA,51171,Shenandoah County,2017,201051.42,12,Zillow ZHVI county,annual_mean_zhvi,complete_12_months
VA,51171,Shenandoah County,2018,209500.66,12,Zillow ZHVI county,annual_mean_zhvi,complete_12_months
VA,51171,Shenandoah County,2019,219054.31,12,Zillow ZHVI county,annual_mean_zhvi,complete_12_months
VA,51171,Shenandoah County,2020,233706.16,12,Zillow ZHVI county,annual_mean_zhvi,complete_12_months
VA,51171,Shenandoah County,2021,269751.63,12,Zillow ZHVI county,annual_mean_zhvi,complete_12_months
VA,51171,Shenandoah County,2022,305678.84,12,Zillow ZHVI county,annual_mean_zhvi,complete_12_months
VA,51171,Shenandoah County,2023,319338.46,12,Zillow ZHVI county,annual_mean_zhvi,complete_12_months
VA,51171,Shenandoah County,2024,339319.3,12,Zillow ZHVI county,annual_mean_zhvi,complete_12_months
VA,51173,Smyth County,2015,93738.08,12,Zillow ZHVI county,annual_mean_zhvi,complete_12_months
VA,51173,Smyth County,2016,94812.22,12,Zillow ZHVI county,annual_mean_zhvi,complete_12_months
VA,51173,Smyth County,2017,97395.16,12,Zillow ZHVI county,annual_mean_zhvi,complete_12_months
VA,51173,Smyth County,2018,100031.93,12,Zillow ZHVI county,annual_mean_zhvi,complete_12_months
VA,51173,Smyth County,2019,104707.46,12,Zillow ZHVI county,annual_mean_zhvi,complete_12_months
VA,51173,Smyth County,2020,109799.53,12,Zillow ZHVI county,annual_mean_zhvi,complete_12_months
VA,51173,Smyth County,2021,124990.51,12,Zillow ZHVI county,annual_mean_zhvi,complete_12_months
VA,51173,Smyth County,2022,138912.64,12,Zillow ZHVI county,annual_mean_zhvi,complete_12_months
VA,51173,Smyth County,2023,145993.82,12,Zillow ZHVI county,annual_mean_zhvi,complete_12_months
VA,51173,Smyth County,2024,155325.94,12,Zillow ZHVI county,annual_mean_zhvi,complete_12_months
VA,51175,Southampton County,2015,158654.64,12,Zillow ZHVI county,annual_mean_zhvi,complete_12_months
VA,51175,Southampton County,2016,163325.61,12,Zillow ZHVI county,annual_mean_zhvi,complete_12_months
VA,51175,Southampton County,2017,168400.2,12,Zillow ZHVI county,annual_mean_zhvi,complete_12_months
VA,51175,Southampton County,2018,172176.4,12,Zillow ZHVI county,annual_mean_zhvi,complete_12_months
VA,51175,Southampton County,2019,178450.33,12,Zillow ZHVI county,annual_mean_zhvi,complete_12_months
VA,51175,Southampton County,2020,191272.43,12,Zillow ZHVI county,annual_mean_zhvi,complete_12_months
VA,51175,Southampton County,2021,218328.29,12,Zillow ZHVI county,annual_mean_zhvi,complete_12_months
VA,51175,Southampton County,2022,245564.04,12,Zillow ZHVI county,annual_mean_zhvi,complete_12_months
VA,51175,Southampton County,2023,249445.44,12,Zillow ZHVI county,annual_mean_zhvi,complete_12_months
VA,51175,Southampton County,2024,270051.29,12,Zillow ZHVI county,annual_mean_zhvi,complete_12_months
VA,51177,Spotsylvania County,2015,276954.3,12,Zillow ZHVI county,annual_mean_zhvi,complete_12_months
VA,51177,Spotsylvania County,2016,285145.77,12,Zillow ZHVI county,annual_mean_zhvi,complete_12_months
VA,51177,Spotsylvania County,2017,296107.38,12,Zillow ZHVI county,annual_mean_zhvi,complete_12_months
VA,51177,Spotsylvania County,2018,306951.74,12,Zillow ZHVI county,annual_mean_zhvi,complete_12_months
VA,51177,Spotsylvania County,2019,313382.6,12,Zillow ZHVI county,annual_mean_zhvi,complete_12_months
VA,51177,Spotsylvania County,2020,330367.15,12,Zillow ZHVI county,annual_mean_zhvi,complete_12_months
VA,51177,Spotsylvania County,2021,375725.08,12,Zillow ZHVI county,annual_mean_zhvi,complete_12_months
VA,51177,Spotsylvania County,2022,411594.86,12,Zillow ZHVI county,annual_mean_zhvi,complete_12_months
VA,51177,Spotsylvania County,2023,425793.2,12,Zillow ZHVI county,annual_mean_zhvi,complete_12_months
VA,51177,Spotsylvania County,2024,448746.18,12,Zillow ZHVI county,annual_mean_zhvi,complete_12_months
VA,51179,Stafford County,2015,318602.35,12,Zillow ZHVI county,annual_mean_zhvi,complete_12_months
VA,51179,Stafford County,2016,326930.0,12,Zillow ZHVI county,annual_mean_zhvi,complete_12_months
VA,51179,Stafford County,2017,341006.7,12,Zillow ZHVI county,annual_mean_zhvi,complete_12_months
VA,51179,Stafford County,2018,352677.32,12,Zillow ZHVI county,annual_mean_zhvi,complete_12_months
VA,51179,Stafford County,2019,363013.38,12,Zillow ZHVI county,annual_mean_zhvi,complete_12_months
VA,51179,Stafford County,2020,385022.64,12,Zillow ZHVI county,annual_mean_zhvi,complete_12_months
VA,51179,Stafford County,2021,443861.26,12,Zillow ZHVI county,annual_mean_zhvi,complete_12_months
VA,51179,Stafford County,2022,491589.3,12,Zillow ZHVI county,annual_mean_zhvi,complete_12_months
VA,51179,Stafford County,2023,502035.37,12,Zillow ZHVI county,annual_mean_zhvi,complete_12_months
VA,51179,Stafford County,2024,526327.13,12,Zillow ZHVI county,annual_mean_zhvi,complete_12_months
VA,51181,Surry County,2015,172203.91,12,Zillow ZHVI county,annual_mean_zhvi,complete_12_months
VA,51181,Surry County,2016,179159.57,12,Zillow ZHVI county,annual_mean_zhvi,complete_12_months
VA,51181,Surry County,2017,183728.69,12,Zillow ZHVI county,annual_mean_zhvi,complete_12_months
VA,51181,Surry County,2018,190338.51,12,Zillow ZHVI county,annual_mean_zhvi,complete_12_months
VA,51181,Surry County,2019,197346.85,12,Zillow ZHVI county,annual_mean_zhvi,complete_12_months
VA,51181,Surry County,2020,213362.28,12,Zillow ZHVI county,annual_mean_zhvi,complete_12_months
VA,51181,Surry County,2021,242447.92,12,Zillow ZHVI county,annual_mean_zhvi,complete_12_months
VA,51181,Surry County,2022,258569.65,12,Zillow ZHVI county,annual_mean_zhvi,complete_12_months
VA,51181,Surry County,2023,269172.29,12,Zillow ZHVI county,annual_mean_zhvi,complete_12_months
VA,51181,Surry County,2024,279571.9,12,Zillow ZHVI county,annual_mean_zhvi,complete_12_months
VA,51183,Sussex County,2015,112325.5,12,Zillow ZHVI county,annual_mean_zhvi,complete_12_months
VA,51183,Sussex County,2016,113755.94,12,Zillow ZHVI county,annual_mean_zhvi,complete_12_months
VA,51183,Sussex County,2017,118681.34,12,Zillow ZHVI county,annual_mean_zhvi,complete_12_months
VA,51183,Sussex County,2018,116500.74,12,Zillow ZHVI county,annual_mean_zhvi,complete_12_months
VA,51183,Sussex County,2019,120167.55,12,Zillow ZHVI county,annual_mean_zhvi,complete_12_months
VA,51183,Sussex County,2020,128341.13,12,Zillow ZHVI county,annual_mean_zhvi,complete_12_months
VA,51183,Sussex County,2021,139151.19,12,Zillow ZHVI county,annual_mean_zhvi,complete_12_months
VA,51183,Sussex County,2022,161124.27,12,Zillow ZHVI county,annual_mean_zhvi,complete_12_months
VA,51183,Sussex County,2023,177585.39,12,Zillow ZHVI county,annual_mean_zhvi,complete_12_months
VA,51183,Sussex County,2024,184332.21,12,Zillow ZHVI county,annual_mean_zhvi,complete_12_months
VA,51185,Tazewell County,2015,98204.97,12,Zillow ZHVI county,annual_mean_zhvi,complete_12_months
VA,51185,Tazewell County,2016,97693.39,12,Zillow ZHVI county,annual_mean_zhvi,complete_12_months
VA,51185,Tazewell County,2017,96676.18,12,Zillow ZHVI county,annual_mean_zhvi,complete_12_months
VA,51185,Tazewell County,2018,95355.57,12,Zillow ZHVI county,annual_mean_zhvi,complete_12_months
VA,51185,Tazewell County,2019,98214.95,12,Zillow ZHVI county,annual_mean_zhvi,complete_12_months
VA,51185,Tazewell County,2020,103191.65,12,Zillow ZHVI county,annual_mean_zhvi,complete_12_months
VA,51185,Tazewell County,2021,115187.1,12,Zillow ZHVI county,annual_mean_zhvi,complete_12_months
VA,51185,Tazewell County,2022,126023.31,12,Zillow ZHVI county,annual_mean_zhvi,complete_12_months
VA,51185,Tazewell County,2023,133880.78,12,Zillow ZHVI county,annual_mean_zhvi,complete_12_months
VA,51185,Tazewell County,2024,141826.39,12,Zillow ZHVI county,annual_mean_zhvi,complete_12_months
VA,51187,Warren County,2015,207709.81,12,Zillow ZHVI county,annual_mean_zhvi,complete_12_months
VA,51187,Warren County,2016,217377.96,12,Zillow ZHVI county,annual_mean_zhvi,complete_12_months
VA,51187,Warren County,2017,227867.22,12,Zillow ZHVI county,annual_mean_zhvi,complete_12_months
VA,51187,Warren County,2018,239616.47,12,Zillow ZHVI county,annual_mean_zhvi,complete_12_months
VA,51187,Warren County,2019,251349.21,12,Zillow ZHVI county,annual_mean_zhvi,complete_12_months
VA,51187,Warren County,2020,263344.16,12,Zillow ZHVI county,annual_mean_zhvi,complete_12_months
VA,51187,Warren County,2021,305334.36,12,Zillow ZHVI county,annual_mean_zhvi,complete_12_months
VA,51187,Warren County,2022,339207.0,12,Zillow ZHVI county,annual_mean_zhvi,complete_12_months
VA,51187,Warren County,2023,349521.05,12,Zillow ZHVI county,annual_mean_zhvi,complete_12_months
VA,51187,Warren County,2024,374531.63,12,Zillow ZHVI county,annual_mean_zhvi,complete_12_months
VA,51191,Washington County,2015,139616.34,12,Zillow ZHVI county,annual_mean_zhvi,complete_12_months
VA,51191,Washington County,2016,140312.44,12,Zillow ZHVI county,annual_mean_zhvi,complete_12_months
VA,51191,Washington County,2017,143643.91,12,Zillow ZHVI county,annual_mean_zhvi,complete_12_months
VA,51191,Washington County,2018,148369.23,12,Zillow ZHVI county,annual_mean_zhvi,complete_12_months
VA,51191,Washington County,2019,156243.36,12,Zillow ZHVI county,annual_mean_zhvi,complete_12_months
VA,51191,Washington County,2020,163954.31,12,Zillow ZHVI county,annual_mean_zhvi,complete_12_months
VA,51191,Washington County,2021,185256.85,12,Zillow ZHVI county,annual_mean_zhvi,complete_12_months
VA,51191,Washington County,2022,212344.42,12,Zillow ZHVI county,annual_mean_zhvi,complete_12_months
VA,51191,Washington County,2023,231726.18,12,Zillow ZHVI county,annual_mean_zhvi,complete_12_months
VA,51191,Washington County,2024,253739.58,12,Zillow ZHVI county,annual_mean_zhvi,complete_12_months
VA,51193,Westmoreland County,2015,207167.47,12,Zillow ZHVI county,annual_mean_zhvi,complete_12_months
VA,51193,Westmoreland County,2016,210993.5,12,Zillow ZHVI county,annual_mean_zhvi,complete_12_months
VA,51193,Westmoreland County,2017,209828.84,12,Zillow ZHVI county,annual_mean_zhvi,complete_12_months
VA,51193,Westmoreland County,2018,212372.02,12,Zillow ZHVI county,annual_mean_zhvi,complete_12_months
VA,51193,Westmoreland County,2019,222361.41,12,Zillow ZHVI county,annual_mean_zhvi,complete_12_months
VA,51193,Westmoreland County,2020,236036.19,12,Zillow ZHVI county,annual_mean_zhvi,complete_12_months
VA,51193,Westmoreland County,2021,257564.68,12,Zillow ZHVI county,annual_mean_zhvi,complete_12_months
VA,51193,Westmoreland County,2022,291348.87,12,Zillow ZHVI county,annual_mean_zhvi,complete_12_months
VA,51193,Westmoreland County,2023,297154.52,12,Zillow ZHVI county,annual_mean_zhvi,complete_12_months
VA,51193,Westmoreland County,2024,308064.32,12,Zillow ZHVI county,annual_mean_zhvi,complete_12_months
VA,51195,Wise County,2015,88871.21,12,Zillow ZHVI county,annual_mean_zhvi,complete_12_months
VA,51195,Wise County,2016,82217.04,12,Zillow ZHVI county,annual_mean_zhvi,complete_12_months
VA,51195,Wise County,2017,84050.82,12,Zillow ZHVI county,annual_mean_zhvi,complete_12_months
VA,51195,Wise County,2018,90337.82,12,Zillow ZHVI county,annual_mean_zhvi,complete_12_months
VA,51195,Wise County,2019,90384.9,12,Zillow ZHVI county,annual_mean_zhvi,complete_12_months
VA,51195,Wise County,2020,91279.1,12,Zillow ZHVI county,annual_mean_zhvi,complete_12_months
VA,51195,Wise County,2021,105049.57,12,Zillow ZHVI county,annual_mean_zhvi,complete_12_months
VA,51195,Wise County,2022,118779.61,12,Zillow ZHVI county,annual_mean_zhvi,complete_12_months
VA,51195,Wise County,2023,125143.13,12,Zillow ZHVI county,annual_mean_zhvi,complete_12_months
VA,51195,Wise County,2024,129798.41,12,Zillow ZHVI county,annual_mean_zhvi,complete_12_months
VA,51197,Wythe County,2015,117419.54,12,Zillow ZHVI county,annual_mean_zhvi,complete_12_months
VA,51197,Wythe County,2016,121978.59,12,Zillow ZHVI county,annual_mean_zhvi,complete_12_months
VA,51197,Wythe County,2017,126597.74,12,Zillow ZHVI county,annual_mean_zhvi,complete_12_months
VA,51197,Wythe County,2018,129876.57,12,Zillow ZHVI county,annual_mean_zhvi,complete_12_months
VA,51197,Wythe County,2019,134949.54,12,Zillow ZHVI county,annual_mean_zhvi,complete_12_months
VA,51197,Wythe County,2020,142407.88,12,Zillow ZHVI county,annual_mean_zhvi,complete_12_months
VA,51197,Wythe County,2021,159449.44,12,Zillow ZHVI county,annual_mean_zhvi,complete_12_months
VA,51197,Wythe County,2022,179979.1,12,Zillow ZHVI county,annual_mean_zhvi,complete_12_months
VA,51197,Wythe County,2023,192331.24,12,Zillow ZHVI county,annual_mean_zhvi,complete_12_months
VA,51197,Wythe County,2024,204210.56,12,Zillow ZHVI county,annual_mean_zhvi,complete_12_months
VA,51199,York County,2015,303595.84,12,Zillow ZHVI county,annual_mean_zhvi,complete_12_months
VA,51199,York County,2016,309874.86,12,Zillow ZHVI county,annual_mean_zhvi,complete_12_months
VA,51199,York County,2017,317691.34,12,Zillow ZHVI county,annual_mean_zhvi,complete_12_months
VA,51199,York County,2018,323314.93,12,Zillow ZHVI county,annual_mean_zhvi,complete_12_months
VA,51199,York County,2019,329014.26,12,Zillow ZHVI county,annual_mean_zhvi,complete_12_months
VA,51199,York County,2020,341920.76,12,Zillow ZHVI county,annual_mean_zhvi,complete_12_months
VA,51199,York County,2021,368096.25,12,Zillow ZHVI county,annual_mean_zhvi,complete_12_months
VA,51199,York County,2022,403301.63,12,Zillow ZHVI county,annual_mean_zhvi,complete_12_months
VA,51199,York County,2023,424630.24,12,Zillow ZHVI county,annual_mean_zhvi,complete_12_months
VA,51199,York County,2024,447781.44,12,Zillow ZHVI county,annual_mean_zhvi,complete_12_months
VA,51510,Alexandria city,2015,478910.96,12,Zillow ZHVI county,annual_mean_zhvi,complete_12_months
VA,51510,Alexandria city,2016,489305.9,12,Zillow ZHVI county,annual_mean_zhvi,complete_12_months
VA,51510,Alexandria city,2017,502554.07,12,Zillow ZHVI county,annual_mean_zhvi,complete_12_months
VA,51510,Alexandria city,2018,519445.82,12,Zillow ZHVI county,annual_mean_zhvi,complete_12_months
VA,51510,Alexandria city,2019,543807.94,12,Zillow ZHVI county,annual_mean_zhvi,complete_12_months
VA,51510,Alexandria city,2020,586125.23,12,Zillow ZHVI county,annual_mean_zhvi,complete_12_months
VA,51510,Alexandria city,2021,622450.98,12,Zillow ZHVI county,annual_mean_zhvi,complete_12_months
VA,51510,Alexandria city,2022,641107.01,12,Zillow ZHVI county,annual_mean_zhvi,complete_12_months
VA,51510,Alexandria city,2023,641535.77,12,Zillow ZHVI county,annual_mean_zhvi,complete_12_months
VA,51510,Alexandria city,2024,665013.41,12,Zillow ZHVI county,annual_mean_zhvi,complete_12_months
VA,51520,Bristol city,2015,93299.17,12,Zillow ZHVI county,annual_mean_zhvi,complete_12_months
VA,51520,Bristol city,2016,92733.23,12,Zillow ZHVI county,annual_mean_zhvi,complete_12_months
VA,51520,Bristol city,2017,96260.59,12,Zillow ZHVI county,annual_mean_zhvi,complete_12_months
VA,51520,Bristol city,2018,100906.45,12,Zillow ZHVI county,annual_mean_zhvi,complete_12_months
VA,51520,Bristol city,2019,106847.42,12,Zillow ZHVI county,annual_mean_zhvi,complete_12_months
VA,51520,Bristol city,2020,113708.01,12,Zillow ZHVI county,annual_mean_zhvi,complete_12_months
VA,51520,Bristol city,2021,131641.64,12,Zillow ZHVI county,annual_mean_zhvi,complete_12_months
VA,51520,Bristol city,2022,154561.67,12,Zillow ZHVI county,annual_mean_zhvi,complete_12_months
VA,51520,Bristol city,2023,170419.26,12,Zillow ZHVI county,annual_mean_zhvi,complete_12_months
VA,51520,Bristol city,2024,185075.77,12,Zillow ZHVI county,annual_mean_zhvi,complete_12_months
VA,51530,Buena Vista city,2015,,0,Zillow ZHVI county,annual_mean_zhvi,source_data_unavailable
VA,51530,Buena Vista city,2016,101968.13,11,Zillow ZHVI county,annual_mean_zhvi,partial_10_11_months
VA,51530,Buena Vista city,2017,98480.96,12,Zillow ZHVI county,annual_mean_zhvi,complete_12_months
VA,51530,Buena Vista city,2018,102800.59,12,Zillow ZHVI county,annual_mean_zhvi,complete_12_months
VA,51530,Buena Vista city,2019,107538.94,12,Zillow ZHVI county,annual_mean_zhvi,complete_12_months
VA,51530,Buena Vista city,2020,115987.27,12,Zillow ZHVI county,annual_mean_zhvi,complete_12_months
VA,51530,Buena Vista city,2021,136941.45,12,Zillow ZHVI county,annual_mean_zhvi,complete_12_months
VA,51530,Buena Vista city,2022,153478.57,12,Zillow ZHVI county,annual_mean_zhvi,complete_12_months
VA,51530,Buena Vista city,2023,160250.07,12,Zillow ZHVI county,annual_mean_zhvi,complete_12_months
VA,51530,Buena Vista city,2024,173783.87,12,Zillow ZHVI county,annual_mean_zhvi,complete_12_months
VA,51540,Charlottesville city,2015,290223.27,12,Zillow ZHVI county,annual_mean_zhvi,complete_12_months
VA,51540,Charlottesville city,2016,305423.34,12,Zillow ZHVI county,annual_mean_zhvi,complete_12_months
VA,51540,Charlottesville city,2017,323696.89,12,Zillow ZHVI county,annual_mean_zhvi,complete_12_months
VA,51540,Charlottesville city,2018,344471.65,12,Zillow ZHVI county,annual_mean_zhvi,complete_12_months
VA,51540,Charlottesville city,2019,365213.95,12,Zillow ZHVI county,annual_mean_zhvi,complete_12_months
VA,51540,Charlottesville city,2020,380193.24,12,Zillow ZHVI county,annual_mean_zhvi,complete_12_months
VA,51540,Charlottesville city,2021,423172.53,12,Zillow ZHVI county,annual_mean_zhvi,complete_12_months
VA,51540,Charlottesville city,2022,462891.68,12,Zillow ZHVI county,annual_mean_zhvi,complete_12_months
VA,51540,Charlottesville city,2023,469531.68,12,Zillow ZHVI county,annual_mean_zhvi,complete_12_months
VA,51540,Charlottesville city,2024,487512.29,12,Zillow ZHVI county,annual_mean_zhvi,complete_12_months
VA,51550,Chesapeake city,2015,255384.89,12,Zillow ZHVI county,annual_mean_zhvi,complete_12_months
VA,51550,Chesapeake city,2016,262972.25,12,Zillow ZHVI county,annual_mean_zhvi,complete_12_months
VA,51550,Chesapeake city,2017,271185.74,12,Zillow ZHVI county,annual_mean_zhvi,complete_12_months
VA,51550,Chesapeake city,2018,276796.53,12,Zillow ZHVI county,annual_mean_zhvi,complete_12_months
VA,51550,Chesapeake city,2019,283614.88,12,Zillow ZHVI county,annual_mean_zhvi,complete_12_months
VA,51550,Chesapeake city,2020,298693.29,12,Zillow ZHVI county,annual_mean_zhvi,complete_12_months
VA,51550,Chesapeake city,2021,334278.1,12,Zillow ZHVI county,annual_mean_zhvi,complete_12_months
VA,51550,Chesapeake city,2022,370066.46,12,Zillow ZHVI county,annual_mean_zhvi,complete_12_months
VA,51550,Chesapeake city,2023,385970.22,12,Zillow ZHVI county,annual_mean_zhvi,complete_12_months
VA,51550,Chesapeake city,2024,403085.42,12,Zillow ZHVI county,annual_mean_zhvi,complete_12_months
VA,51570,Colonial Heights city,2015,142997.57,12,Zillow ZHVI county,annual_mean_zhvi,complete_12_months
VA,51570,Colonial Heights city,2016,148614.43,12,Zillow ZHVI county,annual_mean_zhvi,complete_12_months
VA,51570,Colonial Heights city,2017,158986.1,12,Zillow ZHVI county,annual_mean_zhvi,complete_12_months
VA,51570,Colonial Heights city,2018,168240.47,12,Zillow ZHVI county,annual_mean_zhvi,complete_12_months
VA,51570,Colonial Heights city,2019,177995.24,12,Zillow ZHVI county,annual_mean_zhvi,complete_12_months
VA,51570,Colonial Heights city,2020,189021.35,12,Zillow ZHVI county,annual_mean_zhvi,complete_12_months
VA,51570,Colonial Heights city,2021,215052.07,12,Zillow ZHVI county,annual_mean_zhvi,complete_12_months
VA,51570,Colonial Heights city,2022,253859.23,12,Zillow ZHVI county,annual_mean_zhvi,complete_12_months
VA,51570,Colonial Heights city,2023,276707.78,12,Zillow ZHVI county,annual_mean_zhvi,complete_12_months
VA,51570,Colonial Heights city,2024,282545.95,12,Zillow ZHVI county,annual_mean_zhvi,complete_12_months
VA,51580,Covington city,2015,,0,Zillow ZHVI county,annual_mean_zhvi,source_data_unavailable
VA,51580,Covington city,2016,53409.88,11,Zillow ZHVI county,annual_mean_zhvi,partial_10_11_months
VA,51580,Covington city,2017,54739.51,12,Zillow ZHVI county,annual_mean_zhvi,complete_12_months
VA,51580,Covington city,2018,56731.33,12,Zillow ZHVI county,annual_mean_zhvi,complete_12_months
VA,51580,Covington city,2019,55151.43,12,Zillow ZHVI county,annual_mean_zhvi,complete_12_months
VA,51580,Covington city,2020,61772.84,12,Zillow ZHVI county,annual_mean_zhvi,complete_12_months
VA,51580,Covington city,2021,74049.36,12,Zillow ZHVI county,annual_mean_zhvi,complete_12_months
VA,51580,Covington city,2022,83612.42,12,Zillow ZHVI county,annual_mean_zhvi,complete_12_months
VA,51580,Covington city,2023,88650.32,12,Zillow ZHVI county,annual_mean_zhvi,complete_12_months
VA,51580,Covington city,2024,98503.61,12,Zillow ZHVI county,annual_mean_zhvi,complete_12_months
VA,51590,Danville city,2015,68479.27,12,Zillow ZHVI county,annual_mean_zhvi,complete_12_months
VA,51590,Danville city,2016,67230.18,12,Zillow ZHVI county,annual_mean_zhvi,complete_12_months
VA,51590,Danville city,2017,66955.97,12,Zillow ZHVI county,annual_mean_zhvi,complete_12_months
VA,51590,Danville city,2018,68900.41,12,Zillow ZHVI county,annual_mean_zhvi,complete_12_months
VA,51590,Danville city,2019,72565.13,12,Zillow ZHVI county,annual_mean_zhvi,complete_12_months
VA,51590,Danville city,2020,78127.32,12,Zillow ZHVI county,annual_mean_zhvi,complete_12_months
VA,51590,Danville city,2021,92273.67,12,Zillow ZHVI county,annual_mean_zhvi,complete_12_months
VA,51590,Danville city,2022,109965.02,12,Zillow ZHVI county,annual_mean_zhvi,complete_12_months
VA,51590,Danville city,2023,119784.76,12,Zillow ZHVI county,annual_mean_zhvi,complete_12_months
VA,51590,Danville city,2024,136703.09,12,Zillow ZHVI county,annual_mean_zhvi,complete_12_months
VA,51595,Emporia city,2015,69166.56,12,Zillow ZHVI county,annual_mean_zhvi,complete_12_months
VA,51595,Emporia city,2016,71772.47,12,Zillow ZHVI county,annual_mean_zhvi,complete_12_months
VA,51595,Emporia city,2017,73147.96,12,Zillow ZHVI county,annual_mean_zhvi,complete_12_months
VA,51595,Emporia city,2018,72561.63,12,Zillow ZHVI county,annual_mean_zhvi,complete_12_months
VA,51595,Emporia city,2019,76067.17,12,Zillow ZHVI county,annual_mean_zhvi,complete_12_months
VA,51595,Emporia city,2020,82871.82,12,Zillow ZHVI county,annual_mean_zhvi,complete_12_months
VA,51595,Emporia city,2021,100046.25,12,Zillow ZHVI county,annual_mean_zhvi,complete_12_months
VA,51595,Emporia city,2022,128321.07,12,Zillow ZHVI county,annual_mean_zhvi,complete_12_months
VA,51595,Emporia city,2023,140583.69,12,Zillow ZHVI county,annual_mean_zhvi,complete_12_months
VA,51595,Emporia city,2024,155546.77,12,Zillow ZHVI county,annual_mean_zhvi,complete_12_months
VA,51600,Fairfax city,2015,507438.63,12,Zillow ZHVI county,annual_mean_zhvi,complete_12_months
VA,51600,Fairfax city,2016,520960.59,12,Zillow ZHVI county,annual_mean_zhvi,complete_12_months
VA,51600,Fairfax city,2017,536469.22,12,Zillow ZHVI county,annual_mean_zhvi,complete_12_months
VA,51600,Fairfax city,2018,551995.61,12,Zillow ZHVI county,annual_mean_zhvi,complete_12_months
VA,51600,Fairfax city,2019,564605.2,12,Zillow ZHVI county,annual_mean_zhvi,complete_12_months
VA,51600,Fairfax city,2020,592480.17,12,Zillow ZHVI county,annual_mean_zhvi,complete_12_months
VA,51600,Fairfax city,2021,653108.89,12,Zillow ZHVI county,annual_mean_zhvi,complete_12_months
VA,51600,Fairfax city,2022,691231.26,12,Zillow ZHVI county,annual_mean_zhvi,complete_12_months
VA,51600,Fairfax city,2023,708062.62,12,Zillow ZHVI county,annual_mean_zhvi,complete_12_months
VA,51600,Fairfax city,2024,756070.34,12,Zillow ZHVI county,annual_mean_zhvi,complete_12_months
VA,51610,Falls Church city,2015,754113.46,12,Zillow ZHVI county,annual_mean_zhvi,complete_12_months
VA,51610,Falls Church city,2016,769678.45,12,Zillow ZHVI county,annual_mean_zhvi,complete_12_months
VA,51610,Falls Church city,2017,784537.92,12,Zillow ZHVI county,annual_mean_zhvi,complete_12_months
VA,51610,Falls Church city,2018,805007.29,12,Zillow ZHVI county,annual_mean_zhvi,complete_12_months
VA,51610,Falls Church city,2019,828910.91,12,Zillow ZHVI county,annual_mean_zhvi,complete_12_months
VA,51610,Falls Church city,2020,869265.94,12,Zillow ZHVI county,annual_mean_zhvi,complete_12_months
VA,51610,Falls Church city,2021,952314.01,12,Zillow ZHVI county,annual_mean_zhvi,complete_12_months
VA,51610,Falls Church city,2022,1008748.16,12,Zillow ZHVI county,annual_mean_zhvi,complete_12_months
VA,51610,Falls Church city,2023,1025458.42,12,Zillow ZHVI county,annual_mean_zhvi,complete_12_months
VA,51610,Falls Church city,2024,1080104.66,12,Zillow ZHVI county,annual_mean_zhvi,complete_12_months
VA,51620,Franklin city,2015,125037.96,12,Zillow ZHVI county,annual_mean_zhvi,complete_12_months
VA,51620,Franklin city,2016,128370.33,12,Zillow ZHVI county,annual_mean_zhvi,complete_12_months
VA,51620,Franklin city,2017,128233.98,12,Zillow ZHVI county,annual_mean_zhvi,complete_12_months
VA,51620,Franklin city,2018,132309.45,12,Zillow ZHVI county,annual_mean_zhvi,complete_12_months
VA,51620,Franklin city,2019,138678.94,12,Zillow ZHVI county,annual_mean_zhvi,complete_12_months
VA,51620,Franklin city,2020,146042.07,12,Zillow ZHVI county,annual_mean_zhvi,complete_12_months
VA,51620,Franklin city,2021,171453.36,12,Zillow ZHVI county,annual_mean_zhvi,complete_12_months
VA,51620,Franklin city,2022,198666.03,12,Zillow ZHVI county,annual_mean_zhvi,complete_12_months
VA,51620,Franklin city,2023,210893.37,12,Zillow ZHVI county,annual_mean_zhvi,complete_12_months
VA,51620,Franklin city,2024,219355.63,12,Zillow ZHVI county,annual_mean_zhvi,complete_12_months
VA,51630,Fredericksburg city,2015,295591.05,12,Zillow ZHVI county,annual_mean_zhvi,complete_12_months
VA,51630,Fredericksburg city,2016,300891.65,12,Zillow ZHVI county,annual_mean_zhvi,complete_12_months
VA,51630,Fredericksburg city,2017,314513.0,12,Zillow ZHVI county,annual_mean_zhvi,complete_12_months
VA,51630,Fredericksburg city,2018,324414.3,12,Zillow ZHVI county,annual_mean_zhvi,complete_12_months
VA,51630,Fredericksburg city,2019,336934.73,12,Zillow ZHVI county,annual_mean_zhvi,complete_12_months
VA,51630,Fredericksburg city,2020,352102.99,12,Zillow ZHVI county,annual_mean_zhvi,complete_12_months
VA,51630,Fredericksburg city,2021,398379.38,12,Zillow ZHVI county,annual_mean_zhvi,complete_12_months
VA,51630,Fredericksburg city,2022,433526.71,12,Zillow ZHVI county,annual_mean_zhvi,complete_12_months
VA,51630,Fredericksburg city,2023,440089.1,12,Zillow ZHVI county,annual_mean_zhvi,complete_12_months
VA,51630,Fredericksburg city,2024,461224.76,12,Zillow ZHVI county,annual_mean_zhvi,complete_12_months
VA,51640,Galax city,2015,,0,Zillow ZHVI county,annual_mean_zhvi,source_data_unavailable
VA,51640,Galax city,2016,87881.56,11,Zillow ZHVI county,annual_mean_zhvi,partial_10_11_months
VA,51640,Galax city,2017,93175.92,12,Zillow ZHVI county,annual_mean_zhvi,complete_12_months
VA,51640,Galax city,2018,95815.43,12,Zillow ZHVI county,annual_mean_zhvi,complete_12_months
VA,51640,Galax city,2019,102777.59,12,Zillow ZHVI county,annual_mean_zhvi,complete_12_months
VA,51640,Galax city,2020,109862.37,12,Zillow ZHVI county,annual_mean_zhvi,complete_12_months
VA,51640,Galax city,2021,127289.33,12,Zillow ZHVI county,annual_mean_zhvi,complete_12_months
VA,51640,Galax city,2022,145648.46,12,Zillow ZHVI county,annual_mean_zhvi,complete_12_months
VA,51640,Galax city,2023,153711.79,12,Zillow ZHVI county,annual_mean_zhvi,complete_12_months
VA,51640,Galax city,2024,155611.79,12,Zillow ZHVI county,annual_mean_zhvi,complete_12_months
VA,51650,Hampton city,2015,161875.97,12,Zillow ZHVI county,annual_mean_zhvi,complete_12_months
VA,51650,Hampton city,2016,165109.62,12,Zillow ZHVI county,annual_mean_zhvi,complete_12_months
VA,51650,Hampton city,2017,167545.59,12,Zillow ZHVI county,annual_mean_zhvi,complete_12_months
VA,51650,Hampton city,2018,172470.45,12,Zillow ZHVI county,annual_mean_zhvi,complete_12_months
VA,51650,Hampton city,2019,179318.63,12,Zillow ZHVI county,annual_mean_zhvi,complete_12_months
VA,51650,Hampton city,2020,191997.5,12,Zillow ZHVI county,annual_mean_zhvi,complete_12_months
VA,51650,Hampton city,2021,218965.04,12,Zillow ZHVI county,annual_mean_zhvi,complete_12_months
VA,51650,Hampton city,2022,245961.13,12,Zillow ZHVI county,annual_mean_zhvi,complete_12_months
VA,51650,Hampton city,2023,263095.4,12,Zillow ZHVI county,annual_mean_zhvi,complete_12_months
VA,51650,Hampton city,2024,280596.18,12,Zillow ZHVI county,annual_mean_zhvi,complete_12_months
VA,51660,Harrisonburg city,2015,200824.55,12,Zillow ZHVI county,annual_mean_zhvi,complete_12_months
VA,51660,Harrisonburg city,2016,205688.91,12,Zillow ZHVI county,annual_mean_zhvi,complete_12_months
VA,51660,Harrisonburg city,2017,213811.29,12,Zillow ZHVI county,annual_mean_zhvi,complete_12_months
VA,51660,Harrisonburg city,2018,222085.46,12,Zillow ZHVI county,annual_mean_zhvi,complete_12_months
VA,51660,Harrisonburg city,2019,230563.71,12,Zillow ZHVI county,annual_mean_zhvi,complete_12_months
VA,51660,Harrisonburg city,2020,246049.73,12,Zillow ZHVI county,annual_mean_zhvi,complete_12_months
VA,51660,Harrisonburg city,2021,272700.18,12,Zillow ZHVI county,annual_mean_zhvi,complete_12_months
VA,51660,Harrisonburg city,2022,294322.44,12,Zillow ZHVI county,annual_mean_zhvi,complete_12_months
VA,51660,Harrisonburg city,2023,301006.45,12,Zillow ZHVI county,annual_mean_zhvi,complete_12_months
VA,51660,Harrisonburg city,2024,308881.4,12,Zillow ZHVI county,annual_mean_zhvi,complete_12_months
VA,51670,Hopewell city,2015,91385.08,12,Zillow ZHVI county,annual_mean_zhvi,complete_12_months
VA,51670,Hopewell city,2016,100980.15,12,Zillow ZHVI county,annual_mean_zhvi,complete_12_months
VA,51670,Hopewell city,2017,109280.44,12,Zillow ZHVI county,annual_mean_zhvi,complete_12_months
VA,51670,Hopewell city,2018,117227.43,12,Zillow ZHVI county,annual_mean_zhvi,complete_12_months
VA,51670,Hopewell city,2019,126429.8,12,Zillow ZHVI county,annual_mean_zhvi,complete_12_months
VA,51670,Hopewell city,2020,137172.21,12,Zillow ZHVI county,annual_mean_zhvi,complete_12_months
VA,51670,Hopewell city,2021,159544.12,12,Zillow ZHVI county,annual_mean_zhvi,complete_12_months
VA,51670,Hopewell city,2022,197825.34,12,Zillow ZHVI county,annual_mean_zhvi,complete_12_months
VA,51670,Hopewell city,2023,221824.99,12,Zillow ZHVI county,annual_mean_zhvi,complete_12_months
VA,51670,Hopewell city,2024,215469.8,12,Zillow ZHVI county,annual_mean_zhvi,complete_12_months
VA,51678,Lexington city,2015,215520.89,12,Zillow ZHVI county,annual_mean_zhvi,complete_12_months
VA,51678,Lexington city,2016,214517.7,12,Zillow ZHVI county,annual_mean_zhvi,complete_12_months
VA,51678,Lexington city,2017,216904.29,12,Zillow ZHVI county,annual_mean_zhvi,complete_12_months
VA,51678,Lexington city,2018,220560.27,12,Zillow ZHVI county,annual_mean_zhvi,complete_12_months
VA,51678,Lexington city,2019,226802.29,12,Zillow ZHVI county,annual_mean_zhvi,complete_12_months
VA,51678,Lexington city,2020,241674.36,12,Zillow ZHVI county,annual_mean_zhvi,complete_12_months
VA,51678,Lexington city,2021,276259.31,12,Zillow ZHVI county,annual_mean_zhvi,complete_12_months
VA,51678,Lexington city,2022,307414.11,12,Zillow ZHVI county,annual_mean_zhvi,complete_12_months
VA,51678,Lexington city,2023,311541.53,12,Zillow ZHVI county,annual_mean_zhvi,complete_12_months
VA,51678,Lexington city,2024,328590.79,12,Zillow ZHVI county,annual_mean_zhvi,complete_12_months
VA,51680,Lynchburg city,2015,132191.02,12,Zillow ZHVI county,annual_mean_zhvi,complete_12_months
VA,51680,Lynchburg city,2016,136289.22,12,Zillow ZHVI county,annual_mean_zhvi,complete_12_months
VA,51680,Lynchburg city,2017,141881.28,12,Zillow ZHVI county,annual_mean_zhvi,complete_12_months
VA,51680,Lynchburg city,2018,149288.71,12,Zillow ZHVI county,annual_mean_zhvi,complete_12_months
VA,51680,Lynchburg city,2019,157869.54,12,Zillow ZHVI county,annual_mean_zhvi,complete_12_months
VA,51680,Lynchburg city,2020,168358.89,12,Zillow ZHVI county,annual_mean_zhvi,complete_12_months
VA,51680,Lynchburg city,2021,188228.99,12,Zillow ZHVI county,annual_mean_zhvi,complete_12_months
VA,51680,Lynchburg city,2022,212772.76,12,Zillow ZHVI county,annual_mean_zhvi,complete_12_months
VA,51680,Lynchburg city,2023,232745.4,12,Zillow ZHVI county,annual_mean_zhvi,complete_12_months
VA,51680,Lynchburg city,2024,245583.38,12,Zillow ZHVI county,annual_mean_zhvi,complete_12_months
VA,51683,Manassas city,2015,289149.98,12,Zillow ZHVI county,annual_mean_zhvi,complete_12_months
VA,51683,Manassas city,2016,299622.21,12,Zillow ZHVI county,annual_mean_zhvi,complete_12_months
VA,51683,Manassas city,2017,313216.41,12,Zillow ZHVI county,annual_mean_zhvi,complete_12_months
VA,51683,Manassas city,2018,324869.87,12,Zillow ZHVI county,annual_mean_zhvi,complete_12_months
VA,51683,Manassas city,2019,337735.34,12,Zillow ZHVI county,annual_mean_zhvi,complete_12_months
VA,51683,Manassas city,2020,357394.07,12,Zillow ZHVI county,annual_mean_zhvi,complete_12_months
VA,51683,Manassas city,2021,402813.98,12,Zillow ZHVI county,annual_mean_zhvi,complete_12_months
VA,51683,Manassas city,2022,441740.52,12,Zillow ZHVI county,annual_mean_zhvi,complete_12_months
VA,51683,Manassas city,2023,455610.17,12,Zillow ZHVI county,annual_mean_zhvi,complete_12_months
VA,51683,Manassas city,2024,483893.93,12,Zillow ZHVI county,annual_mean_zhvi,complete_12_months
VA,51685,Manassas Park city,2015,262378.1,12,Zillow ZHVI county,annual_mean_zhvi,complete_12_months
VA,51685,Manassas Park city,2016,273749.18,12,Zillow ZHVI county,annual_mean_zhvi,complete_12_months
VA,51685,Manassas Park city,2017,288286.16,12,Zillow ZHVI county,annual_mean_zhvi,complete_12_months
VA,51685,Manassas Park city,2018,300582.13,12,Zillow ZHVI county,annual_mean_zhvi,complete_12_months
VA,51685,Manassas Park city,2019,313251.14,12,Zillow ZHVI county,annual_mean_zhvi,complete_12_months
VA,51685,Manassas Park city,2020,337111.63,12,Zillow ZHVI county,annual_mean_zhvi,complete_12_months
VA,51685,Manassas Park city,2021,378232.24,12,Zillow ZHVI county,annual_mean_zhvi,complete_12_months
VA,51685,Manassas Park city,2022,412164.46,12,Zillow ZHVI county,annual_mean_zhvi,complete_12_months
VA,51685,Manassas Park city,2023,422094.95,12,Zillow ZHVI county,annual_mean_zhvi,complete_12_months
VA,51685,Manassas Park city,2024,448348.22,12,Zillow ZHVI county,annual_mean_zhvi,complete_12_months
VA,51690,Martinsville city,2015,64967.32,12,Zillow ZHVI county,annual_mean_zhvi,complete_12_months
VA,51690,Martinsville city,2016,64104.73,12,Zillow ZHVI county,annual_mean_zhvi,complete_12_months
VA,51690,Martinsville city,2017,64689.44,12,Zillow ZHVI county,annual_mean_zhvi,complete_12_months
VA,51690,Martinsville city,2018,62162.79,12,Zillow ZHVI county,annual_mean_zhvi,complete_12_months
VA,51690,Martinsville city,2019,62651.49,12,Zillow ZHVI county,annual_mean_zhvi,complete_12_months
VA,51690,Martinsville city,2020,68420.68,12,Zillow ZHVI county,annual_mean_zhvi,complete_12_months
VA,51690,Martinsville city,2021,79916.13,12,Zillow ZHVI county,annual_mean_zhvi,complete_12_months
VA,51690,Martinsville city,2022,96536.41,12,Zillow ZHVI county,annual_mean_zhvi,complete_12_months
VA,51690,Martinsville city,2023,105775.64,12,Zillow ZHVI county,annual_mean_zhvi,complete_12_months
VA,51690,Martinsville city,2024,111706.91,12,Zillow ZHVI county,annual_mean_zhvi,complete_12_months
VA,51700,Newport News city,2015,168877.94,12,Zillow ZHVI county,annual_mean_zhvi,complete_12_months
VA,51700,Newport News city,2016,173185.5,12,Zillow ZHVI county,annual_mean_zhvi,complete_12_months
VA,51700,Newport News city,2017,176619.31,12,Zillow ZHVI county,annual_mean_zhvi,complete_12_months
VA,51700,Newport News city,2018,181406.67,12,Zillow ZHVI county,annual_mean_zhvi,complete_12_months
VA,51700,Newport News city,2019,186549.46,12,Zillow ZHVI county,annual_mean_zhvi,complete_12_months
VA,51700,Newport News city,2020,198050.55,12,Zillow ZHVI county,annual_mean_zhvi,complete_12_months
VA,51700,Newport News city,2021,224871.69,12,Zillow ZHVI county,annual_mean_zhvi,complete_12_months
VA,51700,Newport News city,2022,251070.34,12,Zillow ZHVI county,annual_mean_zhvi,complete_12_months
VA,51700,Newport News city,2023,267896.62,12,Zillow ZHVI county,annual_mean_zhvi,complete_12_months
VA,51700,Newport News city,2024,285786.13,12,Zillow ZHVI county,annual_mean_zhvi,complete_12_months
VA,51710,Norfolk city,2015,192737.58,12,Zillow ZHVI county,annual_mean_zhvi,complete_12_months
VA,51710,Norfolk city,2016,196098.03,12,Zillow ZHVI county,annual_mean_zhvi,complete_12_months
VA,51710,Norfolk city,2017,201172.96,12,Zillow ZHVI county,annual_mean_zhvi,complete_12_months
VA,51710,Norfolk city,2018,207708.86,12,Zillow ZHVI county,annual_mean_zhvi,complete_12_months
VA,51710,Norfolk city,2019,214986.53,12,Zillow ZHVI county,annual_mean_zhvi,complete_12_months
VA,51710,Norfolk city,2020,229249.05,12,Zillow ZHVI county,annual_mean_zhvi,complete_12_months
VA,51710,Norfolk city,2021,259926.0,12,Zillow ZHVI county,annual_mean_zhvi,complete_12_months
VA,51710,Norfolk city,2022,282819.38,12,Zillow ZHVI county,annual_mean_zhvi,complete_12_months
VA,51710,Norfolk city,2023,294728.98,12,Zillow ZHVI county,annual_mean_zhvi,complete_12_months
VA,51710,Norfolk city,2024,310659.71,12,Zillow ZHVI county,annual_mean_zhvi,complete_12_months
VA,51720,Norton city,2015,76145.78,12,Zillow ZHVI county,annual_mean_zhvi,complete_12_months
VA,51720,Norton city,2016,76769.99,12,Zillow ZHVI county,annual_mean_zhvi,complete_12_months
VA,51720,Norton city,2017,77675.95,12,Zillow ZHVI county,annual_mean_zhvi,complete_12_months
VA,51720,Norton city,2018,79541.77,12,Zillow ZHVI county,annual_mean_zhvi,complete_12_months
VA,51720,Norton city,2019,79027.7,12,Zillow ZHVI county,annual_mean_zhvi,complete_12_months
VA,51720,Norton city,2020,86071.6,12,Zillow ZHVI county,annual_mean_zhvi,complete_12_months
VA,51720,Norton city,2021,101714.06,12,Zillow ZHVI county,annual_mean_zhvi,complete_12_months
VA,51720,Norton city,2022,115760.3,12,Zillow ZHVI county,annual_mean_zhvi,complete_12_months
VA,51720,Norton city,2023,116738.82,12,Zillow ZHVI county,annual_mean_zhvi,complete_12_months
VA,51720,Norton city,2024,126982.97,12,Zillow ZHVI county,annual_mean_zhvi,complete_12_months
VA,51730,Petersburg city,2015,49039.45,12,Zillow ZHVI county,annual_mean_zhvi,complete_12_months
VA,51730,Petersburg city,2016,54126.46,12,Zillow ZHVI county,annual_mean_zhvi,complete_12_months
VA,51730,Petersburg city,2017,60094.71,12,Zillow ZHVI county,annual_mean_zhvi,complete_12_months
VA,51730,Petersburg city,2018,71150.78,12,Zillow ZHVI county,annual_mean_zhvi,complete_12_months
VA,51730,Petersburg city,2019,83293.79,12,Zillow ZHVI county,annual_mean_zhvi,complete_12_months
VA,51730,Petersburg city,2020,93339.44,12,Zillow ZHVI county,annual_mean_zhvi,complete_12_months
VA,51730,Petersburg city,2021,118570.65,12,Zillow ZHVI county,annual_mean_zhvi,complete_12_months
VA,51730,Petersburg city,2022,167103.84,12,Zillow ZHVI county,annual_mean_zhvi,complete_12_months
VA,51730,Petersburg city,2023,206066.83,12,Zillow ZHVI county,annual_mean_zhvi,complete_12_months
VA,51730,Petersburg city,2024,200339.55,12,Zillow ZHVI county,annual_mean_zhvi,complete_12_months
VA,51735,Poquoson city,2015,300015.59,12,Zillow ZHVI county,annual_mean_zhvi,complete_12_months
VA,51735,Poquoson city,2016,302444.59,12,Zillow ZHVI county,annual_mean_zhvi,complete_12_months
VA,51735,Poquoson city,2017,310597.04,12,Zillow ZHVI county,annual_mean_zhvi,complete_12_months
VA,51735,Poquoson city,2018,320750.24,12,Zillow ZHVI county,annual_mean_zhvi,complete_12_months
VA,51735,Poquoson city,2019,327921.38,12,Zillow ZHVI county,annual_mean_zhvi,complete_12_months
VA,51735,Poquoson city,2020,343888.95,12,Zillow ZHVI county,annual_mean_zhvi,complete_12_months
VA,51735,Poquoson city,2021,379547.18,12,Zillow ZHVI county,annual_mean_zhvi,complete_12_months
VA,51735,Poquoson city,2022,411183.88,12,Zillow ZHVI county,annual_mean_zhvi,complete_12_months
VA,51735,Poquoson city,2023,429525.63,12,Zillow ZHVI county,annual_mean_zhvi,complete_12_months
VA,51735,Poquoson city,2024,447063.91,12,Zillow ZHVI county,annual_mean_zhvi,complete_12_months
VA,51740,Portsmouth city,2015,151302.75,12,Zillow ZHVI county,annual_mean_zhvi,complete_12_months
VA,51740,Portsmouth city,2016,154540.42,12,Zillow ZHVI county,annual_mean_zhvi,complete_12_months
VA,51740,Portsmouth city,2017,157798.11,12,Zillow ZHVI county,annual_mean_zhvi,complete_12_months
VA,51740,Portsmouth city,2018,163146.72,12,Zillow ZHVI county,annual_mean_zhvi,complete_12_months
VA,51740,Portsmouth city,2019,171815.2,12,Zillow ZHVI county,annual_mean_zhvi,complete_12_months
VA,51740,Portsmouth city,2020,184042.83,12,Zillow ZHVI county,annual_mean_zhvi,complete_12_months
VA,51740,Portsmouth city,2021,209688.33,12,Zillow ZHVI county,annual_mean_zhvi,complete_12_months
VA,51740,Portsmouth city,2022,233181.44,12,Zillow ZHVI county,annual_mean_zhvi,complete_12_months
VA,51740,Portsmouth city,2023,244610.13,12,Zillow ZHVI county,annual_mean_zhvi,complete_12_months
VA,51740,Portsmouth city,2024,262627.37,12,Zillow ZHVI county,annual_mean_zhvi,complete_12_months
VA,51750,Radford city,2015,152266.96,12,Zillow ZHVI county,annual_mean_zhvi,complete_12_months
VA,51750,Radford city,2016,158875.79,12,Zillow ZHVI county,annual_mean_zhvi,complete_12_months
VA,51750,Radford city,2017,160631.94,12,Zillow ZHVI county,annual_mean_zhvi,complete_12_months
VA,51750,Radford city,2018,165952.45,12,Zillow ZHVI county,annual_mean_zhvi,complete_12_months
VA,51750,Radford city,2019,174139.73,12,Zillow ZHVI county,annual_mean_zhvi,complete_12_months
VA,51750,Radford city,2020,187987.72,12,Zillow ZHVI county,annual_mean_zhvi,complete_12_months
VA,51750,Radford city,2021,210856.26,12,Zillow ZHVI county,annual_mean_zhvi,complete_12_months
VA,51750,Radford city,2022,229620.2,12,Zillow ZHVI county,annual_mean_zhvi,complete_12_months
VA,51750,Radford city,2023,242438.01,12,Zillow ZHVI county,annual_mean_zhvi,complete_12_months
VA,51750,Radford city,2024,252053.62,12,Zillow ZHVI county,annual_mean_zhvi,complete_12_months
VA,51760,Richmond city,2015,180214.45,12,Zillow ZHVI county,annual_mean_zhvi,complete_12_months
VA,51760,Richmond city,2016,194056.14,12,Zillow ZHVI county,annual_mean_zhvi,complete_12_months
VA,51760,Richmond city,2017,210210.4,12,Zillow ZHVI county,annual_mean_zhvi,complete_12_months
VA,51760,Richmond city,2018,228656.89,12,Zillow ZHVI county,annual_mean_zhvi,complete_12_months
VA,51760,Richmond city,2019,244309.32,12,Zillow ZHVI county,annual_mean_zhvi,complete_12_months
VA,51760,Richmond city,2020,260646.28,12,Zillow ZHVI county,annual_mean_zhvi,complete_12_months
VA,51760,Richmond city,2021,297878.3,12,Zillow ZHVI county,annual_mean_zhvi,complete_12_months
VA,51760,Richmond city,2022,336567.05,12,Zillow ZHVI county,annual_mean_zhvi,complete_12_months
VA,51760,Richmond city,2023,349044.5,12,Zillow ZHVI county,annual_mean_zhvi,complete_12_months
VA,51760,Richmond city,2024,365699.1,12,Zillow ZHVI county,annual_mean_zhvi,complete_12_months
VA,51770,Roanoke city,2015,110577.38,12,Zillow ZHVI county,annual_mean_zhvi,complete_12_months
VA,51770,Roanoke city,2016,111838.7,12,Zillow ZHVI county,annual_mean_zhvi,complete_12_months
VA,51770,Roanoke city,2017,117386.19,12,Zillow ZHVI county,annual_mean_zhvi,complete_12_months
VA,51770,Roanoke city,2018,122973.31,12,Zillow ZHVI county,annual_mean_zhvi,complete_12_months
VA,51770,Roanoke city,2019,129387.16,12,Zillow ZHVI county,annual_mean_zhvi,complete_12_months
VA,51770,Roanoke city,2020,141423.31,12,Zillow ZHVI county,annual_mean_zhvi,complete_12_months
VA,51770,Roanoke city,2021,161754.47,12,Zillow ZHVI county,annual_mean_zhvi,complete_12_months
VA,51770,Roanoke city,2022,183522.11,12,Zillow ZHVI county,annual_mean_zhvi,complete_12_months
VA,51770,Roanoke city,2023,202085.5,12,Zillow ZHVI county,annual_mean_zhvi,complete_12_months
VA,51770,Roanoke city,2024,218633.98,12,Zillow ZHVI county,annual_mean_zhvi,complete_12_months
VA,51775,Salem city,2015,161617.67,12,Zillow ZHVI county,annual_mean_zhvi,complete_12_months
VA,51775,Salem city,2016,163934.57,12,Zillow ZHVI county,annual_mean_zhvi,complete_12_months
VA,51775,Salem city,2017,167465.01,12,Zillow ZHVI county,annual_mean_zhvi,complete_12_months
VA,51775,Salem city,2018,173807.19,12,Zillow ZHVI county,annual_mean_zhvi,complete_12_months
VA,51775,Salem city,2019,182234.26,12,Zillow ZHVI county,annual_mean_zhvi,complete_12_months
VA,51775,Salem city,2020,194758.89,12,Zillow ZHVI county,annual_mean_zhvi,complete_12_months
VA,51775,Salem city,2021,216721.15,12,Zillow ZHVI county,annual_mean_zhvi,complete_12_months
VA,51775,Salem city,2022,242166.01,12,Zillow ZHVI county,annual_mean_zhvi,complete_12_months
VA,51775,Salem city,2023,261071.75,12,Zillow ZHVI county,annual_mean_zhvi,complete_12_months
VA,51775,Salem city,2024,275469.39,12,Zillow ZHVI county,annual_mean_zhvi,complete_12_months
VA,51790,Staunton city,2015,154248.77,12,Zillow ZHVI county,annual_mean_zhvi,complete_12_months
VA,51790,Staunton city,2016,159206.24,12,Zillow ZHVI county,annual_mean_zhvi,complete_12_months
VA,51790,Staunton city,2017,163758.81,12,Zillow ZHVI county,annual_mean_zhvi,complete_12_months
VA,51790,Staunton city,2018,168065.47,12,Zillow ZHVI county,annual_mean_zhvi,complete_12_months
VA,51790,Staunton city,2019,178306.35,12,Zillow ZHVI county,annual_mean_zhvi,complete_12_months
VA,51790,Staunton city,2020,193411.13,12,Zillow ZHVI county,annual_mean_zhvi,complete_12_months
VA,51790,Staunton city,2021,215643.77,12,Zillow ZHVI county,annual_mean_zhvi,complete_12_months
VA,51790,Staunton city,2022,241757.81,12,Zillow ZHVI county,annual_mean_zhvi,complete_12_months
VA,51790,Staunton city,2023,258153.24,12,Zillow ZHVI county,annual_mean_zhvi,complete_12_months
VA,51790,Staunton city,2024,272301.61,12,Zillow ZHVI county,annual_mean_zhvi,complete_12_months
VA,51800,Suffolk city,2015,228774.34,12,Zillow ZHVI county,annual_mean_zhvi,complete_12_months
VA,51800,Suffolk city,2016,234485.29,12,Zillow ZHVI county,annual_mean_zhvi,complete_12_months
VA,51800,Suffolk city,2017,242872.17,12,Zillow ZHVI county,annual_mean_zhvi,complete_12_months
VA,51800,Suffolk city,2018,251586.83,12,Zillow ZHVI county,annual_mean_zhvi,complete_12_months
VA,51800,Suffolk city,2019,256249.94,12,Zillow ZHVI county,annual_mean_zhvi,complete_12_months
VA,51800,Suffolk city,2020,271006.93,12,Zillow ZHVI county,annual_mean_zhvi,complete_12_months
VA,51800,Suffolk city,2021,306633.81,12,Zillow ZHVI county,annual_mean_zhvi,complete_12_months
VA,51800,Suffolk city,2022,340792.01,12,Zillow ZHVI county,annual_mean_zhvi,complete_12_months
VA,51800,Suffolk city,2023,357791.94,12,Zillow ZHVI county,annual_mean_zhvi,complete_12_months
VA,51800,Suffolk city,2024,376099.38,12,Zillow ZHVI county,annual_mean_zhvi,complete_12_months
VA,51810,Virginia Beach city,2015,263015.25,12,Zillow ZHVI county,annual_mean_zhvi,complete_12_months
VA,51810,Virginia Beach city,2016,268274.56,12,Zillow ZHVI county,annual_mean_zhvi,complete_12_months
VA,51810,Virginia Beach city,2017,274521.48,12,Zillow ZHVI county,annual_mean_zhvi,complete_12_months
VA,51810,Virginia Beach city,2018,280894.17,12,Zillow ZHVI county,annual_mean_zhvi,complete_12_months
VA,51810,Virginia Beach city,2019,289900.56,12,Zillow ZHVI county,annual_mean_zhvi,complete_12_months
VA,51810,Virginia Beach city,2020,305935.8,12,Zillow ZHVI county,annual_mean_zhvi,complete_12_months
VA,51810,Virginia Beach city,2021,342584.79,12,Zillow ZHVI county,annual_mean_zhvi,complete_12_months
VA,51810,Virginia Beach city,2022,371900.9,12,Zillow ZHVI county,annual_mean_zhvi,complete_12_months
VA,51810,Virginia Beach city,2023,390688.16,12,Zillow ZHVI county,annual_mean_zhvi,complete_12_months
VA,51810,Virginia Beach city,2024,411070.19,12,Zillow ZHVI county,annual_mean_zhvi,complete_12_months
VA,51820,Waynesboro city,2015,164120.0,12,Zillow ZHVI county,annual_mean_zhvi,complete_12_months
VA,51820,Waynesboro city,2016,167587.3,12,Zillow ZHVI county,annual_mean_zhvi,complete_12_months
VA,51820,Waynesboro city,2017,174318.6,12,Zillow ZHVI county,annual_mean_zhvi,complete_12_months
VA,51820,Waynesboro city,2018,182340.49,12,Zillow ZHVI county,annual_mean_zhvi,complete_12_months
VA,51820,Waynesboro city,2019,192222.0,12,Zillow ZHVI county,annual_mean_zhvi,complete_12_months
VA,51820,Waynesboro city,2020,205934.67,12,Zillow ZHVI county,annual_mean_zhvi,complete_12_months
VA,51820,Waynesboro city,2021,233827.67,12,Zillow ZHVI county,annual_mean_zhvi,complete_12_months
VA,51820,Waynesboro city,2022,260766.26,12,Zillow ZHVI county,annual_mean_zhvi,complete_12_months
VA,51820,Waynesboro city,2023,274290.8,12,Zillow ZHVI county,annual_mean_zhvi,complete_12_months
VA,51820,Waynesboro city,2024,287293.68,12,Zillow ZHVI county,annual_mean_zhvi,complete_12_months
VA,51830,Williamsburg city,2015,279892.0,12,Zillow ZHVI county,annual_mean_zhvi,complete_12_months
VA,51830,Williamsburg city,2016,285102.33,12,Zillow ZHVI county,annual_mean_zhvi,complete_12_months
VA,51830,Williamsburg city,2017,290589.82,12,Zillow ZHVI county,annual_mean_zhvi,complete_12_months
VA,51830,Williamsburg city,2018,293787.13,12,Zillow ZHVI county,annual_mean_zhvi,complete_12_months
VA,51830,Williamsburg city,2019,295378.3,12,Zillow ZHVI county,annual_mean_zhvi,complete_12_months
VA,51830,Williamsburg city,2020,302786.02,12,Zillow ZHVI county,annual_mean_zhvi,complete_12_months
VA,51830,Williamsburg city,2021,331690.65,12,Zillow ZHVI county,annual_mean_zhvi,complete_12_months
VA,51830,Williamsburg city,2022,364890.94,12,Zillow ZHVI county,annual_mean_zhvi,complete_12_months
VA,51830,Williamsburg city,2023,383504.81,12,Zillow ZHVI county,annual_mean_zhvi,complete_12_months
VA,51830,Williamsburg city,2024,404481.53,12,Zillow ZHVI county,annual_mean_zhvi,complete_12_months
VA,51840,Winchester city,2015,195077.71,12,Zillow ZHVI county,annual_mean_zhvi,complete_12_months
VA,51840,Winchester city,2016,205470.34,12,Zillow ZHVI county,annual_mean_zhvi,complete_12_months
VA,51840,Winchester city,2017,217128.01,12,Zillow ZHVI county,annual_mean_zhvi,complete_12_months
VA,51840,Winchester city,2018,229126.69,12,Zillow ZHVI county,annual_mean_zhvi,complete_12_months
VA,51840,Winchester city,2019,237307.12,12,Zillow ZHVI county,annual_mean_zhvi,complete_12_months
VA,51840,Winchester city,2020,248804.34,12,Zillow ZHVI county,annual_mean_zhvi,complete_12_months
VA,51840,Winchester city,2021,283839.72,12,Zillow ZHVI county,annual_mean_zhvi,complete_12_months
VA,51840,Winchester city,2022,315998.56,12,Zillow ZHVI county,annual_mean_zhvi,complete_12_months
VA,51840,Winchester city,2023,330039.53,12,Zillow ZHVI county,annual_mean_zhvi,complete_12_months
VA,51840,Winchester city,2024,343698.22,12,Zillow ZHVI county,annual_mean_zhvi,complete_12_months
